0.0 0 3 1.0 0.0 0.0 0.0 0.0 0.0 0.0 0.0 0.0 0.0 4.0452 4.0452 4.0452 4.0452
0.001 0 3 1.0 0.0 0.0 0.0 0.0 0.0 0.0 0.0 0.0 0.0 4.0452 4.0452 4.0452 4.0452
0.002 0 3 1.0 0.0 0.0 0.0 0.0 0.0 0.0 0.0 0.0 0.0 4.0452 4.0452 4.0452 4.0452
0.003 0 3 1.0 0.0 0.0 0.0 0.0 0.0 0.0 0.0 0.0 0.0 4.0452 4.0452 4.0452 4.0452
0.004 0 3 1.0 0.0 0.0 0.0 0.0 0.0 0.0 0.0 0.0 0.0 4.0452 4.0452 4.0452 4.0452
0.005 0 3 1.0 0.0 0.0 0.0 0.0 0.0 0.0 0.0 0.0 0.0 4.0452 4.0452 4.0452 4.0452
0.006 0 3 1.0 0.0 0.0 0.0 0.0 0.0 0.0 0.0 0.0 0.0 4.0452 4.0452 4.0452 4.0452
0.007 0 3 1.0 0.0 0.0 0.0 0.0 0.0 0.0 0.0 0.0 0.0 4.0452 4.0452 4.0452 4.0452
0.008 0 3 1.0 0.0 0.0 0.0 0.0 0.0 0.0 0.0 0.0 0.0 4.0452 4.0452 4.0452 4.0452
0.009000000000000001 0 3 1.0 0.0 0.0 0.0 0.0 0.0 0.0 0.0 0.0 0.0 4.0452 4.0452 4.0452 4.0452
0.01 0 3 1.0 0.0 0.0 0.0 0.0 0.0 0.0 0.0 0.0 0.0 4.0452 4.0452 4.0452 4.0452
0.011 0 3 1.0 0.0 0.0 0.0 0.0 0.0 0.0 0.0 0.0 0.0 4.0452 4.0452 4.0452 4.0452
0.012 0 3 1.0 0.0 0.0 0.0 0.0 0.0 0.0 0.0 0.0 0.0 4.0452 4.0452 4.0452 4.0452
0.013000000000000001 0 3 1.0 0.0 0.0 0.0 0.0 0.0 0.0 0.0 0.0 0.0 4.0452 4.0452 4.0452 4.0452
0.014 0 3 1.0 0.0 0.0 0.0 0.0 0.0 0.0 0.0 0.0 0.0 4.0452 4.0452 4.0452 4.0452
0.015 0 3 1.0 0.0 0.0 0.0 0.0 0.0 0.0 0.0 0.0 0.0 4.0452 4.0452 4.0452 4.0452
0.016 0 3 1.0 0.0 0.0 0.0 0.0 0.0 0.0 0.0 0.0 0.0 4.0452 4.0452 4.0452 4.0452
0.017 0 3 1.0 0.0 0.0 0.0 0.0 0.0 0.0 0.0 0.0 0.0 4.0452 4.0452 4.0452 4.0452
0.018000000000000002 0 3 1.0 0.0 0.0 0.0 0.0 0.0 0.0 0.0 0.0 0.0 4.0452 4.0452 4.0452 4.0452
0.019 0 3 1.0 0.0 0.0 0.0 0.0 0.0 0.0 0.0 0.0 0.0 4.0452 4.0452 4.0452 4.0452
0.02 0 3 1.0 0.0 0.0 0.0 0.0 0.0 0.0 0.0 0.0 0.0 4.0452 4.0452 4.0452 4.0452
0.021 0 3 1.0 0.0 0.0 0.0 0.0 0.0 0.0 0.0 0.0 0.0 4.0452 4.0452 4.0452 4.0452
0.022 0 3 1.0 0.0 0.0 0.0 0.0 0.0 0.0 0.0 0.0 0.0 4.0452 4.0452 4.0452 4.0452
0.023 0 3 1.0 0.0 0.0 0.0 0.0 0.0 0.0 0.0 0.0 0.0 4.0452 4.0452 4.0452 4.0452
0.024 0 3 1.0 0.0 0.0 0.0 0.0 0.0 0.0 0.0 0.0 0.0 4.0452 4.0452 4.0452 4.0452
0.025 0 3 1.0 0.0 0.0 0.0 0.0 0.0 0.0 0.0 0.0 0.0 4.0452 4.0452 4.0452 4.0452
0.026000000000000002 0 3 1.0 0.0 0.0 0.0 0.0 0.0 0.0 0.0 0.0 0.0 4.0452 4.0452 4.0452 4.0452
0.027 0 3 1.0 0.0 0.0 0.0 0.0 0.0 0.0 0.0 0.0 0.0 4.0452 4.0452 4.0452 4.0452
0.028 0 3 1.0 0.0 0.0 0.0 0.0 0.0 0.0 0.0 0.0 0.0 4.0452 4.0452 4.0452 4.0452
0.029 0 3 1.0 0.0 0.0 0.0 0.0 0.0 0.0 0.0 0.0 0.0 4.0452 4.0452 4.0452 4.0452
0.03 0 3 1.0 0.0 0.0 0.0 0.0 0.0 0.0 0.0 0.0 0.0 4.0452 4.0452 4.0452 4.0452
0.031 0 3 1.0 0.0 0.0 0.0 0.0 0.0 0.0 0.0 0.0 0.0 4.0452 4.0452 4.0452 4.0452
0.032 0 3 1.0 0.0 0.0 0.0 0.0 0.0 0.0 0.0 0.0 0.0 4.0452 4.0452 4.0452 4.0452
0.033 0 3 1.0 0.0 0.0 0.0 0.0 0.0 0.0 0.0 0.0 0.0 4.0452 4.0452 4.0452 4.0452
0.034 0 3 1.0 0.0 0.0 0.0 0.0 0.0 0.0 0.0 0.0 0.0 4.0452 4.0452 4.0452 4.0452
0.035 0 3 1.0 0.0 0.0 0.0 0.0 0.0 0.0 0.0 0.0 0.0 4.0452 4.0452 4.0452 4.0452
0.036000000000000004 0 3 1.0 0.0 0.0 0.0 0.0 0.0 0.0 0.0 0.0 0.0 4.0452 4.0452 4.0452 4.0452
0.037 0 3 1.0 0.0 0.0 0.0 0.0 0.0 0.0 0.0 0.0 0.0 4.0452 4.0452 4.0452 4.0452
0.038 0 3 1.0 0.0 0.0 0.0 0.0 0.0 0.0 0.0 0.0 0.0 4.0452 4.0452 4.0452 4.0452
0.039 0 3 1.0 0.0 0.0 0.0 0.0 0.0 0.0 0.0 0.0 0.0 4.0452 4.0452 4.0452 4.0452
0.04 0 3 1.0 0.0 0.0 0.0 0.0 0.0 0.0 0.0 0.0 0.0 4.0452 4.0452 4.0452 4.0452
0.041 0 3 1.0 0.0 0.0 0.0 0.0 0.0 0.0 0.0 0.0 0.0 4.0452 4.0452 4.0452 4.0452
0.042 0 3 1.0 0.0 0.0 0.0 0.0 0.0 0.0 0.0 0.0 0.0 4.0452 4.0452 4.0452 4.0452
0.043000000000000003 0 3 1.0 0.0 0.0 0.0 0.0 0.0 0.0 0.0 0.0 0.0 4.0452 4.0452 4.0452 4.0452
0.044 0 3 1.0 0.0 0.0 0.0 0.0 0.0 0.0 0.0 0.0 0.0 4.0452 4.0452 4.0452 4.0452
0.045 0 3 1.0 0.0 0.0 0.0 0.0 0.0 0.0 0.0 0.0 0.0 4.0452 4.0452 4.0452 4.0452
0.046 0 3 1.0 0.0 0.0 0.0 0.0 0.0 0.0 0.0 0.0 0.0 4.0452 4.0452 4.0452 4.0452
0.047 0 3 1.0 0.0 0.0 0.0 0.0 0.0 0.0 0.0 0.0 0.0 4.0452 4.0452 4.0452 4.0452
0.048 0 3 1.0 0.0 0.0 0.0 0.0 0.0 0.0 0.0 0.0 0.0 4.0452 4.0452 4.0452 4.0452
0.049 0 3 1.0 0.0 0.0 0.0 0.0 0.0 0.0 0.0 0.0 0.0 4.0452 4.0452 4.0452 4.0452
0.05 0 3 1.0 0.0 0.0 0.0 0.0 0.0 0.0 0.0 0.0 0.0 4.0452 4.0452 4.0452 4.0452
0.051000000000000004 0 3 1.0 0.0 0.0 0.0 0.0 0.0 0.0 0.0 0.0 0.0 4.0452 4.0452 4.0452 4.0452
0.052000000000000005 0 3 1.0 0.0 0.0 0.0 0.0 0.0 0.0 0.0 0.0 0.0 4.0452 4.0452 4.0452 4.0452
0.053 0 3 1.0 0.0 0.0 0.0 0.0 0.0 0.0 0.0 0.0 0.0 4.0452 4.0452 4.0452 4.0452
0.054 0 3 1.0 0.0 0.0 0.0 0.0 0.0 0.0 0.0 0.0 0.0 4.0452 4.0452 4.0452 4.0452
0.055 0 3 1.0 0.0 0.0 0.0 0.0 0.0 0.0 0.0 0.0 0.0 4.0452 4.0452 4.0452 4.0452
0.056 0 3 1.0 0.0 0.0 0.0 0.0 0.0 0.0 0.0 0.0 0.0 4.0452 4.0452 4.0452 4.0452
0.057 0 3 1.0 0.0 0.0 0.0 0.0 0.0 0.0 0.0 0.0 0.0 4.0452 4.0452 4.0452 4.0452
0.058 0 3 1.0 0.0 0.0 0.0 0.0 0.0 0.0 0.0 0.0 0.0 4.0452 4.0452 4.0452 4.0452
0.059000000000000004 0 3 1.0 0.0 0.0 0.0 0.0 0.0 0.0 0.0 0.0 0.0 4.0452 4.0452 4.0452 4.0452
0.06 0 3 1.0 0.0 0.0 0.0 0.0 0.0 0.0 0.0 0.0 0.0 4.0452 4.0452 4.0452 4.0452
0.061 0 3 1.0 0.0 0.0 0.0 0.0 0.0 0.0 0.0 0.0 0.0 4.0452 4.0452 4.0452 4.0452
0.062 0 3 1.0 0.0 0.0 0.0 0.0 0.0 0.0 0.0 0.0 0.0 4.0452 4.0452 4.0452 4.0452
0.063 0 3 1.0 0.0 0.0 0.0 0.0 0.0 0.0 0.0 0.0 0.0 4.0452 4.0452 4.0452 4.0452
0.064 0 3 1.0 0.0 0.0 0.0 0.0 0.0 0.0 0.0 0.0 0.0 4.0452 4.0452 4.0452 4.0452
0.065 0 3 1.0 0.0 0.0 0.0 0.0 0.0 0.0 0.0 0.0 0.0 4.0452 4.0452 4.0452 4.0452
0.066 0 3 1.0 0.0 0.0 0.0 0.0 0.0 0.0 0.0 0.0 0.0 4.0452 4.0452 4.0452 4.0452
0.067 0 3 1.0 0.0 0.0 0.0 0.0 0.0 0.0 0.0 0.0 0.0 4.0452 4.0452 4.0452 4.0452
0.068 0 3 1.0 0.0 0.0 0.0 0.0 0.0 0.0 0.0 0.0 0.0 4.0452 4.0452 4.0452 4.0452
0.069 0 3 1.0 0.0 0.0 0.0 0.0 0.0 0.0 0.0 0.0 0.0 4.0452 4.0452 4.0452 4.0452
0.07 0 3 1.0 0.0 0.0 0.0 0.0 0.0 0.0 0.0 0.0 0.0 4.0452 4.0452 4.0452 4.0452
0.07100000000000001 0 3 1.0 0.0 0.0 0.0 0.0 0.0 0.0 0.0 0.0 0.0 4.0452 4.0452 4.0452 4.0452
0.07200000000000001 0 3 1.0 0.0 0.0 0.0 0.0 0.0 0.0 0.0 0.0 0.0 4.0452 4.0452 4.0452 4.0452
0.073 0 3 1.0 0.0 0.0 0.0 0.0 0.0 0.0 0.0 0.0 0.0 4.0452 4.0452 4.0452 4.0452
0.074 0 3 1.0 0.0 0.0 0.0 0.0 0.0 0.0 0.0 0.0 0.0 4.0452 4.0452 4.0452 4.0452
0.075 0 3 1.0 0.0 0.0 0.0 0.0 0.0 0.0 0.0 0.0 0.0 4.0452 4.0452 4.0452 4.0452
0.076 0 3 1.0 0.0 0.0 0.0 0.0 0.0 0.0 0.0 0.0 0.0 4.0452 4.0452 4.0452 4.0452
0.077 0 3 1.0 0.0 0.0 0.0 0.0 0.0 0.0 0.0 0.0 0.0 4.0452 4.0452 4.0452 4.0452
0.078 0 3 1.0 0.0 0.0 0.0 0.0 0.0 0.0 0.0 0.0 0.0 4.0452 4.0452 4.0452 4.0452
0.079 0 3 1.0 0.0 0.0 0.0 0.0 0.0 0.0 0.0 0.0 0.0 4.0452 4.0452 4.0452 4.0452
0.08 0 3 1.0 0.0 0.0 0.0 0.0 0.0 0.0 0.0 0.0 0.0 4.0452 4.0452 4.0452 4.0452
0.081 0 3 1.0 0.0 0.0 0.0 0.0 0.0 0.0 0.0 0.0 0.0 4.0452 4.0452 4.0452 4.0452
0.082 0 3 1.0 0.0 0.0 0.0 0.0 0.0 0.0 0.0 0.0 0.0 4.0452 4.0452 4.0452 4.0452
0.083 0 3 1.0 0.0 0.0 0.0 0.0 0.0 0.0 0.0 0.0 0.0 4.0452 4.0452 4.0452 4.0452
0.084 0 3 1.0 0.0 0.0 0.0 0.0 0.0 0.0 0.0 0.0 0.0 4.0452 4.0452 4.0452 4.0452
0.085 0 3 1.0 0.0 0.0 0.0 0.0 0.0 0.0 0.0 0.0 0.0 4.0452 4.0452 4.0452 4.0452
0.08600000000000001 0 3 1.0 0.0 0.0 0.0 0.0 0.0 0.0 0.0 0.0 0.0 4.0452 4.0452 4.0452 4.0452
0.08700000000000001 0 3 1.0 0.0 0.0 0.0 0.0 0.0 0.0 0.0 0.0 0.0 4.0452 4.0452 4.0452 4.0452
0.088 0 3 1.0 0.0 0.0 0.0 0.0 0.0 0.0 0.0 0.0 0.0 4.0452 4.0452 4.0452 4.0452
0.089 0 3 1.0 0.0 0.0 0.0 0.0 0.0 0.0 0.0 0.0 0.0 4.0452 4.0452 4.0452 4.0452
0.09 0 3 1.0 0.0 0.0 0.0 0.0 0.0 0.0 0.0 0.0 0.0 4.0452 4.0452 4.0452 4.0452
0.091 0 3 1.0 0.0 0.0 0.0 0.0 0.0 0.0 0.0 0.0 0.0 4.0452 4.0452 4.0452 4.0452
0.092 0 3 1.0 0.0 0.0 0.0 0.0 0.0 0.0 0.0 0.0 0.0 4.0452 4.0452 4.0452 4.0452
0.093 0 3 1.0 0.0 0.0 0.0 0.0 0.0 0.0 0.0 0.0 0.0 4.0452 4.0452 4.0452 4.0452
0.094 0 3 1.0 0.0 0.0 0.0 0.0 0.0 0.0 0.0 0.0 0.0 4.0452 4.0452 4.0452 4.0452
0.095 0 3 1.0 0.0 0.0 0.0 0.0 0.0 0.0 0.0 0.0 0.0 4.0452 4.0452 4.0452 4.0452
0.096 0 3 1.0 0.0 0.0 0.0 0.0 0.0 0.0 0.0 0.0 0.0 4.0452 4.0452 4.0452 4.0452
0.097 0 3 1.0 0.0 0.0 0.0 0.0 0.0 0.0 0.0 0.0 0.0 4.0452 4.0452 4.0452 4.0452
0.098 0 3 1.0 0.0 0.0 0.0 0.0 0.0 0.0 0.0 0.0 0.0 4.0452 4.0452 4.0452 4.0452
0.099 0 3 1.0 0.0 0.0 0.0 0.0 0.0 0.0 0.0 0.0 0.0 4.0452 4.0452 4.0452 4.0452
0.1 0 3 1.0 0.0 0.0 0.0 0.0 0.0 0.0 0.0 0.0 0.0 4.0452 4.0452 4.0452 4.0452
0.101 0 3 1.0 0.0 0.0 0.0 0.0 0.0 0.0 0.0 0.0 0.0 4.0452 4.0452 4.0452 4.0452
0.10200000000000001 0 3 1.0 0.0 0.0 0.0 0.0 0.0 0.0 0.0 0.0 0.0 4.0452 4.0452 4.0452 4.0452
0.10300000000000001 0 3 1.0 0.0 0.0 0.0 0.0 0.0 0.0 0.0 0.0 0.0 4.0452 4.0452 4.0452 4.0452
0.10400000000000001 0 3 1.0 0.0 0.0 0.0 0.0 0.0 0.0 0.0 0.0 0.0 4.0452 4.0452 4.0452 4.0452
0.105 0 3 1.0 0.0 0.0 0.0 0.0 0.0 0.0 0.0 0.0 0.0 4.0452 4.0452 4.0452 4.0452
0.106 0 3 1.0 0.0 0.0 0.0 0.0 0.0 0.0 0.0 0.0 0.0 4.0452 4.0452 4.0452 4.0452
0.107 0 3 1.0 0.0 0.0 0.0 0.0 0.0 0.0 0.0 0.0 0.0 4.0452 4.0452 4.0452 4.0452
0.108 0 3 1.0 0.0 0.0 0.0 0.0 0.0 0.0 0.0 0.0 0.0 4.0452 4.0452 4.0452 4.0452
0.109 0 3 1.0 0.0 0.0 0.0 0.0 0.0 0.0 0.0 0.0 0.0 4.0452 4.0452 4.0452 4.0452
0.11 0 3 1.0 0.0 0.0 0.0 0.0 0.0 0.0 0.0 0.0 0.0 4.0452 4.0452 4.0452 4.0452
0.111 0 3 1.0 0.0 0.0 0.0 0.0 0.0 0.0 0.0 0.0 0.0 4.0452 4.0452 4.0452 4.0452
0.112 0 3 1.0 0.0 0.0 0.0 0.0 0.0 0.0 0.0 0.0 0.0 4.0452 4.0452 4.0452 4.0452
0.113 0 3 1.0 0.0 0.0 0.0 0.0 0.0 0.0 0.0 0.0 0.0 4.0452 4.0452 4.0452 4.0452
0.114 0 3 1.0 0.0 0.0 0.0 0.0 0.0 0.0 0.0 0.0 0.0 4.0452 4.0452 4.0452 4.0452
0.115 0 3 1.0 0.0 0.0 0.0 0.0 0.0 0.0 0.0 0.0 0.0 4.0452 4.0452 4.0452 4.0452
0.116 0 3 1.0 0.0 0.0 0.0 0.0 0.0 0.0 0.0 0.0 0.0 4.0452 4.0452 4.0452 4.0452
0.117 0 3 1.0 0.0 0.0 0.0 0.0 0.0 0.0 0.0 0.0 0.0 4.0452 4.0452 4.0452 4.0452
0.11800000000000001 0 3 1.0 0.0 0.0 0.0 0.0 0.0 0.0 0.0 0.0 0.0 4.0452 4.0452 4.0452 4.0452
0.11900000000000001 0 3 1.0 0.0 0.0 0.0 0.0 0.0 0.0 0.0 0.0 0.0 4.0452 4.0452 4.0452 4.0452
0.12 0 3 1.0 0.0 0.0 0.0 0.0 0.0 0.0 0.0 0.0 0.0 4.0452 4.0452 4.0452 4.0452
0.121 0 3 1.0 0.0 0.0 0.0 0.0 0.0 0.0 0.0 0.0 0.0 4.0452 4.0452 4.0452 4.0452
0.122 0 3 1.0 0.0 0.0 0.0 0.0 0.0 0.0 0.0 0.0 0.0 4.0452 4.0452 4.0452 4.0452
0.123 0 3 1.0 0.0 0.0 0.0 0.0 0.0 0.0 0.0 0.0 0.0 4.0452 4.0452 4.0452 4.0452
0.124 0 3 1.0 0.0 0.0 0.0 0.0 0.0 0.0 0.0 0.0 0.0 4.0452 4.0452 4.0452 4.0452
0.125 0 3 1.0 0.0 0.0 0.0 0.0 0.0 0.0 0.0 0.0 0.0 4.0452 4.0452 4.0452 4.0452
0.126 0 3 1.0 0.0 0.0 0.0 0.0 0.0 0.0 0.0 0.0 0.0 4.0452 4.0452 4.0452 4.0452
0.127 0 3 1.0 0.0 0.0 0.0 0.0 0.0 0.0 0.0 0.0 0.0 4.0452 4.0452 4.0452 4.0452
0.128 0 3 1.0 0.0 0.0 0.0 0.0 0.0 0.0 0.0 0.0 0.0 4.0452 4.0452 4.0452 4.0452
0.129 0 3 1.0 0.0 0.0 0.0 0.0 0.0 0.0 0.0 0.0 0.0 4.0452 4.0452 4.0452 4.0452
0.13 0 3 1.0 0.0 0.0 0.0 0.0 0.0 0.0 0.0 0.0 0.0 4.0452 4.0452 4.0452 4.0452
0.131 0 3 1.0 0.0 0.0 0.0 0.0 0.0 0.0 0.0 0.0 0.0 4.0452 4.0452 4.0452 4.0452
0.132 0 3 1.0 0.0 0.0 0.0 0.0 0.0 0.0 0.0 0.0 0.0 4.0452 4.0452 4.0452 4.0452
0.133 0 3 1.0 0.0 0.0 0.0 0.0 0.0 0.0 0.0 0.0 0.0 4.0452 4.0452 4.0452 4.0452
0.134 0 3 1.0 0.0 0.0 0.0 0.0 0.0 0.0 0.0 0.0 0.0 4.0452 4.0452 4.0452 4.0452
0.135 0 3 1.0 0.0 0.0 0.0 0.0 0.0 0.0 0.0 0.0 0.0 4.0452 4.0452 4.0452 4.0452
0.136 0 3 1.0 0.0 0.0 0.0 0.0 0.0 0.0 0.0 0.0 0.0 4.0452 4.0452 4.0452 4.0452
0.137 0 3 1.0 0.0 0.0 0.0 0.0 0.0 0.0 0.0 0.0 0.0 4.0452 4.0452 4.0452 4.0452
0.138 0 3 1.0 0.0 0.0 0.0 0.0 0.0 0.0 0.0 0.0 0.0 4.0452 4.0452 4.0452 4.0452
0.139 0 3 1.0 0.0 0.0 0.0 0.0 0.0 0.0 0.0 0.0 0.0 4.0452 4.0452 4.0452 4.0452
0.14 0 3 1.0 0.0 0.0 0.0 0.0 0.0 0.0 0.0 0.0 0.0 4.0452 4.0452 4.0452 4.0452
0.14100000000000001 0 3 1.0 0.0 0.0 0.0 0.0 0.0 0.0 0.0 0.0 0.0 4.0452 4.0452 4.0452 4.0452
0.14200000000000002 0 3 1.0 0.0 0.0 0.0 0.0 0.0 0.0 0.0 0.0 0.0 4.0452 4.0452 4.0452 4.0452
0.14300000000000002 0 3 1.0 0.0 0.0 0.0 0.0 0.0 0.0 0.0 0.0 0.0 4.0452 4.0452 4.0452 4.0452
0.14400000000000002 0 3 1.0 0.0 0.0 0.0 0.0 0.0 0.0 0.0 0.0 0.0 4.0452 4.0452 4.0452 4.0452
0.145 0 3 1.0 0.0 0.0 0.0 0.0 0.0 0.0 0.0 0.0 0.0 4.0452 4.0452 4.0452 4.0452
0.146 0 3 1.0 0.0 0.0 0.0 0.0 0.0 0.0 0.0 0.0 0.0 4.0452 4.0452 4.0452 4.0452
0.147 0 3 1.0 0.0 0.0 0.0 0.0 0.0 0.0 0.0 0.0 0.0 4.0452 4.0452 4.0452 4.0452
0.148 0 3 1.0 0.0 0.0 0.0 0.0 0.0 0.0 0.0 0.0 0.0 4.0452 4.0452 4.0452 4.0452
0.149 0 3 1.0 0.0 0.0 0.0 0.0 0.0 0.0 0.0 0.0 0.0 4.0452 4.0452 4.0452 4.0452
0.15 0 3 1.0 0.0 0.0 0.0 0.0 0.0 0.0 0.0 0.0 0.0 4.0452 4.0452 4.0452 4.0452
0.151 0 3 1.0 0.0 0.0 0.0 0.0 0.0 0.0 0.0 0.0 0.0 4.0452 4.0452 4.0452 4.0452
0.152 0 3 1.0 0.0 0.0 0.0 0.0 0.0 0.0 0.0 0.0 0.0 4.0452 4.0452 4.0452 4.0452
0.153 0 3 1.0 0.0 0.0 0.0 0.0 0.0 0.0 0.0 0.0 0.0 4.0452 4.0452 4.0452 4.0452
0.154 0 3 1.0 0.0 0.0 0.0 0.0 0.0 0.0 0.0 0.0 0.0 4.0452 4.0452 4.0452 4.0452
0.155 0 3 1.0 0.0 0.0 0.0 0.0 0.0 0.0 0.0 0.0 0.0 4.0452 4.0452 4.0452 4.0452
0.156 0 3 1.0 0.0 0.0 0.0 0.0 0.0 0.0 0.0 0.0 0.0 4.0452 4.0452 4.0452 4.0452
0.157 0 3 1.0 0.0 0.0 0.0 0.0 0.0 0.0 0.0 0.0 0.0 4.0452 4.0452 4.0452 4.0452
0.158 0 3 1.0 0.0 0.0 0.0 0.0 0.0 0.0 0.0 0.0 0.0 4.0452 4.0452 4.0452 4.0452
0.159 0 3 1.0 0.0 0.0 0.0 0.0 0.0 0.0 0.0 0.0 0.0 4.0452 4.0452 4.0452 4.0452
0.16 0 3 1.0 0.0 0.0 0.0 0.0 0.0 0.0 0.0 0.0 0.0 4.0452 4.0452 4.0452 4.0452
0.161 0 3 1.0 0.0 0.0 0.0 0.0 0.0 0.0 0.0 0.0 0.0 4.0452 4.0452 4.0452 4.0452
0.162 0 3 1.0 0.0 0.0 0.0 0.0 0.0 0.0 0.0 0.0 0.0 4.0452 4.0452 4.0452 4.0452
0.163 0 3 1.0 0.0 0.0 0.0 0.0 0.0 0.0 0.0 0.0 0.0 4.0452 4.0452 4.0452 4.0452
0.164 0 3 1.0 0.0 0.0 0.0 0.0 0.0 0.0 0.0 0.0 0.0 4.0452 4.0452 4.0452 4.0452
0.165 0 3 1.0 0.0 0.0 0.0 0.0 0.0 0.0 0.0 0.0 0.0 4.0452 4.0452 4.0452 4.0452
0.166 0 3 1.0 0.0 0.0 0.0 0.0 0.0 0.0 0.0 0.0 0.0 4.0452 4.0452 4.0452 4.0452
0.167 0 3 1.0 0.0 0.0 0.0 0.0 0.0 0.0 0.0 0.0 0.0 4.0452 4.0452 4.0452 4.0452
0.168 0 3 1.0 0.0 0.0 0.0 0.0 0.0 0.0 0.0 0.0 0.0 4.0452 4.0452 4.0452 4.0452
0.169 0 3 1.0 0.0 0.0 0.0 0.0 0.0 0.0 0.0 0.0 0.0 4.0452 4.0452 4.0452 4.0452
0.17 0 3 1.0 0.0 0.0 0.0 0.0 0.0 0.0 0.0 0.0 0.0 4.0452 4.0452 4.0452 4.0452
0.171 0 3 1.0 0.0 0.0 0.0 0.0 0.0 0.0 0.0 0.0 0.0 4.0452 4.0452 4.0452 4.0452
0.17200000000000001 0 3 1.0 0.0 0.0 0.0 0.0 0.0 0.0 0.0 0.0 0.0 4.0452 4.0452 4.0452 4.0452
0.17300000000000001 0 3 1.0 0.0 0.0 0.0 0.0 0.0 0.0 0.0 0.0 0.0 4.0452 4.0452 4.0452 4.0452
0.17400000000000002 0 3 1.0 0.0 0.0 0.0 0.0 0.0 0.0 0.0 0.0 0.0 4.0452 4.0452 4.0452 4.0452
0.17500000000000002 0 3 1.0 0.0 0.0 0.0 0.0 0.0 0.0 0.0 0.0 0.0 4.0452 4.0452 4.0452 4.0452
0.176 0 3 1.0 0.0 0.0 0.0 0.0 0.0 0.0 0.0 0.0 0.0 4.0452 4.0452 4.0452 4.0452
0.177 0 3 1.0 0.0 0.0 0.0 0.0 0.0 0.0 0.0 0.0 0.0 4.0452 4.0452 4.0452 4.0452
0.178 0 3 1.0 0.0 0.0 0.0 0.0 0.0 0.0 0.0 0.0 0.0 4.0452 4.0452 4.0452 4.0452
0.179 0 3 1.0 0.0 0.0 0.0 0.0 0.0 0.0 0.0 0.0 0.0 4.0452 4.0452 4.0452 4.0452
0.18 0 3 1.0 0.0 0.0 0.0 0.0 0.0 0.0 0.0 0.0 0.0 4.0452 4.0452 4.0452 4.0452
0.181 0 3 1.0 0.0 0.0 0.0 0.0 0.0 0.0 0.0 0.0 0.0 4.0452 4.0452 4.0452 4.0452
0.182 0 3 1.0 0.0 0.0 0.0 0.0 0.0 0.0 0.0 0.0 0.0 4.0452 4.0452 4.0452 4.0452
0.183 0 3 1.0 0.0 0.0 0.0 0.0 0.0 0.0 0.0 0.0 0.0 4.0452 4.0452 4.0452 4.0452
0.184 0 3 1.0 0.0 0.0 0.0 0.0 0.0 0.0 0.0 0.0 0.0 4.0452 4.0452 4.0452 4.0452
0.185 0 3 1.0 0.0 0.0 0.0 0.0 0.0 0.0 0.0 0.0 0.0 4.0452 4.0452 4.0452 4.0452
0.186 0 3 1.0 0.0 0.0 0.0 0.0 0.0 0.0 0.0 0.0 0.0 4.0452 4.0452 4.0452 4.0452
0.187 0 3 1.0 0.0 0.0 0.0 0.0 0.0 0.0 0.0 0.0 0.0 4.0452 4.0452 4.0452 4.0452
0.188 0 3 1.0 0.0 0.0 0.0 0.0 0.0 0.0 0.0 0.0 0.0 4.0452 4.0452 4.0452 4.0452
0.189 0 3 1.0 0.0 0.0 0.0 0.0 0.0 0.0 0.0 0.0 0.0 4.0452 4.0452 4.0452 4.0452
0.19 0 3 1.0 0.0 0.0 0.0 0.0 0.0 0.0 0.0 0.0 0.0 4.0452 4.0452 4.0452 4.0452
0.191 0 3 1.0 0.0 0.0 0.0 0.0 0.0 0.0 0.0 0.0 0.0 4.0452 4.0452 4.0452 4.0452
0.192 0 3 1.0 0.0 0.0 0.0 0.0 0.0 0.0 0.0 0.0 0.0 4.0452 4.0452 4.0452 4.0452
0.193 0 3 1.0 0.0 0.0 0.0 0.0 0.0 0.0 0.0 0.0 0.0 4.0452 4.0452 4.0452 4.0452
0.194 0 3 1.0 0.0 0.0 0.0 0.0 0.0 0.0 0.0 0.0 0.0 4.0452 4.0452 4.0452 4.0452
0.195 0 3 1.0 0.0 0.0 0.0 0.0 0.0 0.0 0.0 0.0 0.0 4.0452 4.0452 4.0452 4.0452
0.196 0 3 1.0 0.0 0.0 0.0 0.0 0.0 0.0 0.0 0.0 0.0 4.0452 4.0452 4.0452 4.0452
0.197 0 3 1.0 0.0 0.0 0.0 0.0 0.0 0.0 0.0 0.0 0.0 4.0452 4.0452 4.0452 4.0452
0.198 0 3 1.0 0.0 0.0 0.0 0.0 0.0 0.0 0.0 0.0 0.0 4.0452 4.0452 4.0452 4.0452
0.199 0 3 1.0 0.0 0.0 0.0 0.0 0.0 0.0 0.0 0.0 0.0 4.0452 4.0452 4.0452 4.0452
0.2 0 3 1.0 0.0 0.0 0.0 0.0 0.0 0.0 0.0 0.0 0.0 4.0452 4.0452 4.0452 4.0452
0.201 0 3 1.0 0.0 0.0 0.0 0.0 0.0 0.0 0.0 0.0 0.0 4.0452 4.0452 4.0452 4.0452
0.202 0 3 1.0 0.0 0.0 0.0 0.0 0.0 0.0 0.0 0.0 0.0 4.0452 4.0452 4.0452 4.0452
0.203 0 3 1.0 0.0 0.0 0.0 0.0 0.0 0.0 0.0 0.0 0.0 4.0452 4.0452 4.0452 4.0452
0.20400000000000001 0 3 1.0 0.0 0.0 0.0 0.0 0.0 0.0 0.0 0.0 0.0 4.0452 4.0452 4.0452 4.0452
0.20500000000000002 0 3 1.0 0.0 0.0 0.0 0.0 0.0 0.0 0.0 0.0 0.0 4.0452 4.0452 4.0452 4.0452
0.20600000000000002 0 3 1.0 0.0 0.0 0.0 0.0 0.0 0.0 0.0 0.0 0.0 4.0452 4.0452 4.0452 4.0452
0.20700000000000002 0 3 1.0 0.0 0.0 0.0 0.0 0.0 0.0 0.0 0.0 0.0 4.0452 4.0452 4.0452 4.0452
0.20800000000000002 0 3 1.0 0.0 0.0 0.0 0.0 0.0 0.0 0.0 0.0 0.0 4.0452 4.0452 4.0452 4.0452
0.209 0 3 1.0 0.0 0.0 0.0 0.0 0.0 0.0 0.0 0.0 0.0 4.0452 4.0452 4.0452 4.0452
0.21 0 3 1.0 0.0 0.0 0.0 0.0 0.0 0.0 0.0 0.0 0.0 4.0452 4.0452 4.0452 4.0452
0.211 0 3 1.0 0.0 0.0 0.0 0.0 0.0 0.0 0.0 0.0 0.0 4.0452 4.0452 4.0452 4.0452
0.212 0 3 1.0 0.0 0.0 0.0 0.0 0.0 0.0 0.0 0.0 0.0 4.0452 4.0452 4.0452 4.0452
0.213 0 3 1.0 0.0 0.0 0.0 0.0 0.0 0.0 0.0 0.0 0.0 4.0452 4.0452 4.0452 4.0452
0.214 0 3 1.0 0.0 0.0 0.0 0.0 0.0 0.0 0.0 0.0 0.0 4.0452 4.0452 4.0452 4.0452
0.215 0 3 1.0 0.0 0.0 0.0 0.0 0.0 0.0 0.0 0.0 0.0 4.0452 4.0452 4.0452 4.0452
0.216 0 3 1.0 0.0 0.0 0.0 0.0 0.0 0.0 0.0 0.0 0.0 4.0452 4.0452 4.0452 4.0452
0.217 0 3 1.0 0.0 0.0 0.0 0.0 0.0 0.0 0.0 0.0 0.0 4.0452 4.0452 4.0452 4.0452
0.218 0 3 1.0 0.0 0.0 0.0 0.0 0.0 0.0 0.0 0.0 0.0 4.0452 4.0452 4.0452 4.0452
0.219 0 3 1.0 0.0 0.0 0.0 0.0 0.0 0.0 0.0 0.0 0.0 4.0452 4.0452 4.0452 4.0452
0.22 0 3 1.0 0.0 0.0 0.0 0.0 0.0 0.0 0.0 0.0 0.0 4.0452 4.0452 4.0452 4.0452
0.221 0 3 1.0 0.0 0.0 0.0 0.0 0.0 0.0 0.0 0.0 0.0 4.0452 4.0452 4.0452 4.0452
0.222 0 3 1.0 0.0 0.0 0.0 0.0 0.0 0.0 0.0 0.0 0.0 4.0452 4.0452 4.0452 4.0452
0.223 0 3 1.0 0.0 0.0 0.0 0.0 0.0 0.0 0.0 0.0 0.0 4.0452 4.0452 4.0452 4.0452
0.224 0 3 1.0 0.0 0.0 0.0 0.0 0.0 0.0 0.0 0.0 0.0 4.0452 4.0452 4.0452 4.0452
0.225 0 3 1.0 0.0 0.0 0.0 0.0 0.0 0.0 0.0 0.0 0.0 4.0452 4.0452 4.0452 4.0452
0.226 0 3 1.0 0.0 0.0 0.0 0.0 0.0 0.0 0.0 0.0 0.0 4.0452 4.0452 4.0452 4.0452
0.227 0 3 1.0 0.0 0.0 0.0 0.0 0.0 0.0 0.0 0.0 0.0 4.0452 4.0452 4.0452 4.0452
0.228 0 3 1.0 0.0 0.0 0.0 0.0 0.0 0.0 0.0 0.0 0.0 4.0452 4.0452 4.0452 4.0452
0.229 0 3 1.0 0.0 0.0 0.0 0.0 0.0 0.0 0.0 0.0 0.0 4.0452 4.0452 4.0452 4.0452
0.23 0 3 1.0 0.0 0.0 0.0 0.0 0.0 0.0 0.0 0.0 0.0 4.0452 4.0452 4.0452 4.0452
0.231 0 3 1.0 0.0 0.0 0.0 0.0 0.0 0.0 0.0 0.0 0.0 4.0452 4.0452 4.0452 4.0452
0.232 0 3 1.0 0.0 0.0 0.0 0.0 0.0 0.0 0.0 0.0 0.0 4.0452 4.0452 4.0452 4.0452
0.233 0 3 1.0 0.0 0.0 0.0 0.0 0.0 0.0 0.0 0.0 0.0 4.0452 4.0452 4.0452 4.0452
0.234 0 3 1.0 0.0 0.0 0.0 0.0 0.0 0.0 0.0 0.0 0.0 4.0452 4.0452 4.0452 4.0452
0.23500000000000001 0 3 1.0 0.0 0.0 0.0 0.0 0.0 0.0 0.0 0.0 0.0 4.0452 4.0452 4.0452 4.0452
0.23600000000000002 0 3 1.0 0.0 0.0 0.0 0.0 0.0 0.0 0.0 0.0 0.0 4.0452 4.0452 4.0452 4.0452
0.23700000000000002 0 3 1.0 0.0 0.0 0.0 0.0 0.0 0.0 0.0 0.0 0.0 4.0452 4.0452 4.0452 4.0452
0.23800000000000002 0 3 1.0 0.0 0.0 0.0 0.0 0.0 0.0 0.0 0.0 0.0 4.0452 4.0452 4.0452 4.0452
0.23900000000000002 0 3 1.0 0.0 0.0 0.0 0.0 0.0 0.0 0.0 0.0 0.0 4.0452 4.0452 4.0452 4.0452
0.24 0 3 1.0 0.0 0.0 0.0 0.0 0.0 0.0 0.0 0.0 0.0 4.0452 4.0452 4.0452 4.0452
0.241 0 3 1.0 0.0 0.0 0.0 0.0 0.0 0.0 0.0 0.0 0.0 4.0452 4.0452 4.0452 4.0452
0.242 0 3 1.0 0.0 0.0 0.0 0.0 0.0 0.0 0.0 0.0 0.0 4.0452 4.0452 4.0452 4.0452
0.243 0 3 1.0 0.0 0.0 0.0 0.0 0.0 0.0 0.0 0.0 0.0 4.0452 4.0452 4.0452 4.0452
0.244 0 3 1.0 0.0 0.0 0.0 0.0 0.0 0.0 0.0 0.0 0.0 4.0452 4.0452 4.0452 4.0452
0.245 0 3 1.0 0.0 0.0 0.0 0.0 0.0 0.0 0.0 0.0 0.0 4.0452 4.0452 4.0452 4.0452
0.246 0 3 1.0 0.0 0.0 0.0 0.0 0.0 0.0 0.0 0.0 0.0 4.0452 4.0452 4.0452 4.0452
0.247 0 3 1.0 0.0 0.0 0.0 0.0 0.0 0.0 0.0 0.0 0.0 4.0452 4.0452 4.0452 4.0452
0.248 0 3 1.0 0.0 0.0 0.0 0.0 0.0 0.0 0.0 0.0 0.0 4.0452 4.0452 4.0452 4.0452
0.249 0 3 1.0 0.0 0.0 0.0 0.0 0.0 0.0 0.0 0.0 0.0 4.0452 4.0452 4.0452 4.0452
0.25 0 3 1.0 0.0 0.0 0.0 0.0 0.0 0.0 0.0 0.0 0.0 4.0452 4.0452 4.0452 4.0452
0.251 0 3 1.0 0.0 0.0 0.0 0.0 0.0 0.0 0.0 0.0 0.0 4.0452 4.0452 4.0452 4.0452
0.252 0 3 1.0 0.0 0.0 0.0 0.0 0.0 0.0 0.0 0.0 0.0 4.0452 4.0452 4.0452 4.0452
0.253 0 3 1.0 0.0 0.0 0.0 0.0 0.0 0.0 0.0 0.0 0.0 4.0452 4.0452 4.0452 4.0452
0.254 0 3 1.0 0.0 0.0 0.0 0.0 0.0 0.0 0.0 0.0 0.0 4.0452 4.0452 4.0452 4.0452
0.255 0 3 1.0 0.0 0.0 0.0 0.0 0.0 0.0 0.0 0.0 0.0 4.0452 4.0452 4.0452 4.0452
0.256 0 3 1.0 0.0 0.0 0.0 0.0 0.0 0.0 0.0 0.0 0.0 4.0452 4.0452 4.0452 4.0452
0.257 0 3 1.0 0.0 0.0 0.0 0.0 0.0 0.0 0.0 0.0 0.0 4.0452 4.0452 4.0452 4.0452
0.258 0 3 1.0 0.0 0.0 0.0 0.0 0.0 0.0 0.0 0.0 0.0 4.0452 4.0452 4.0452 4.0452
0.259 0 3 1.0 0.0 0.0 0.0 0.0 0.0 0.0 0.0 0.0 0.0 4.0452 4.0452 4.0452 4.0452
0.26 0 3 1.0 0.0 0.0 0.0 0.0 0.0 0.0 0.0 0.0 0.0 4.0452 4.0452 4.0452 4.0452
0.261 0 3 1.0 0.0 0.0 0.0 0.0 0.0 0.0 0.0 0.0 0.0 4.0452 4.0452 4.0452 4.0452
0.262 0 3 1.0 0.0 0.0 0.0 0.0 0.0 0.0 0.0 0.0 0.0 4.0452 4.0452 4.0452 4.0452
0.263 0 3 1.0 0.0 0.0 0.0 0.0 0.0 0.0 0.0 0.0 0.0 4.0452 4.0452 4.0452 4.0452
0.264 0 3 1.0 0.0 0.0 0.0 0.0 0.0 0.0 0.0 0.0 0.0 4.0452 4.0452 4.0452 4.0452
0.265 0 3 1.0 0.0 0.0 0.0 0.0 0.0 0.0 0.0 0.0 0.0 4.0452 4.0452 4.0452 4.0452
0.266 0 3 1.0 0.0 0.0 0.0 0.0 0.0 0.0 0.0 0.0 0.0 4.0452 4.0452 4.0452 4.0452
0.267 0 3 1.0 0.0 0.0 0.0 0.0 0.0 0.0 0.0 0.0 0.0 4.0452 4.0452 4.0452 4.0452
0.268 0 3 1.0 0.0 0.0 0.0 0.0 0.0 0.0 0.0 0.0 0.0 4.0452 4.0452 4.0452 4.0452
0.269 0 3 1.0 0.0 0.0 0.0 0.0 0.0 0.0 0.0 0.0 0.0 4.0452 4.0452 4.0452 4.0452
0.27 0 3 1.0 0.0 0.0 0.0 0.0 0.0 0.0 0.0 0.0 0.0 4.0452 4.0452 4.0452 4.0452
0.271 0 3 1.0 0.0 0.0 0.0 0.0 0.0 0.0 0.0 0.0 0.0 4.0452 4.0452 4.0452 4.0452
0.272 0 3 1.0 0.0 0.0 0.0 0.0 0.0 0.0 0.0 0.0 0.0 4.0452 4.0452 4.0452 4.0452
0.273 0 3 1.0 0.0 0.0 0.0 0.0 0.0 0.0 0.0 0.0 0.0 4.0452 4.0452 4.0452 4.0452
0.274 0 3 1.0 0.0 0.0 0.0 0.0 0.0 0.0 0.0 0.0 0.0 4.0452 4.0452 4.0452 4.0452
0.275 0 3 1.0 0.0 0.0 0.0 0.0 0.0 0.0 0.0 0.0 0.0 4.0452 4.0452 4.0452 4.0452
0.276 0 3 1.0 0.0 0.0 0.0 0.0 0.0 0.0 0.0 0.0 0.0 4.0452 4.0452 4.0452 4.0452
0.277 0 3 1.0 0.0 0.0 0.0 0.0 0.0 0.0 0.0 0.0 0.0 4.0452 4.0452 4.0452 4.0452
0.278 0 3 1.0 0.0 0.0 0.0 0.0 0.0 0.0 0.0 0.0 0.0 4.0452 4.0452 4.0452 4.0452
0.279 0 3 1.0 0.0 0.0 0.0 0.0 0.0 0.0 0.0 0.0 0.0 4.0452 4.0452 4.0452 4.0452
0.28 0 3 1.0 0.0 0.0 0.0 0.0 0.0 0.0 0.0 0.0 0.0 4.0452 4.0452 4.0452 4.0452
0.281 0 3 1.0 0.0 0.0 0.0 0.0 0.0 0.0 0.0 0.0 0.0 4.0452 4.0452 4.0452 4.0452
0.28200000000000003 0 3 1.0 0.0 0.0 0.0 0.0 0.0 0.0 0.0 0.0 0.0 4.0452 4.0452 4.0452 4.0452
0.28300000000000003 0 3 1.0 0.0 0.0 0.0 0.0 0.0 0.0 0.0 0.0 0.0 4.0452 4.0452 4.0452 4.0452
0.28400000000000003 0 3 1.0 0.0 0.0 0.0 0.0 0.0 0.0 0.0 0.0 0.0 4.0452 4.0452 4.0452 4.0452
0.28500000000000003 0 3 1.0 0.0 0.0 0.0 0.0 0.0 0.0 0.0 0.0 0.0 4.0452 4.0452 4.0452 4.0452
0.28600000000000003 0 3 1.0 0.0 0.0 0.0 0.0 0.0 0.0 0.0 0.0 0.0 4.0452 4.0452 4.0452 4.0452
0.28700000000000003 0 3 1.0 0.0 0.0 0.0 0.0 0.0 0.0 0.0 0.0 0.0 4.0452 4.0452 4.0452 4.0452
0.28800000000000003 0 3 1.0 0.0 0.0 0.0 0.0 0.0 0.0 0.0 0.0 0.0 4.0452 4.0452 4.0452 4.0452
0.289 0 3 1.0 0.0 0.0 0.0 0.0 0.0 0.0 0.0 0.0 0.0 4.0452 4.0452 4.0452 4.0452
0.29 0 3 1.0 0.0 0.0 0.0 0.0 0.0 0.0 0.0 0.0 0.0 4.0452 4.0452 4.0452 4.0452
0.291 0 3 1.0 0.0 0.0 0.0 0.0 0.0 0.0 0.0 0.0 0.0 4.0452 4.0452 4.0452 4.0452
0.292 0 3 1.0 0.0 0.0 0.0 0.0 0.0 0.0 0.0 0.0 0.0 4.0452 4.0452 4.0452 4.0452
0.293 0 3 1.0 0.0 0.0 0.0 0.0 0.0 0.0 0.0 0.0 0.0 4.0452 4.0452 4.0452 4.0452
0.294 0 3 1.0 0.0 0.0 0.0 0.0 0.0 0.0 0.0 0.0 0.0 4.0452 4.0452 4.0452 4.0452
0.295 0 3 1.0 0.0 0.0 0.0 0.0 0.0 0.0 0.0 0.0 0.0 4.0452 4.0452 4.0452 4.0452
0.296 0 3 1.0 0.0 0.0 0.0 0.0 0.0 0.0 0.0 0.0 0.0 4.0452 4.0452 4.0452 4.0452
0.297 0 3 1.0 0.0 0.0 0.0 0.0 0.0 0.0 0.0 0.0 0.0 4.0452 4.0452 4.0452 4.0452
0.298 0 3 1.0 0.0 0.0 0.0 0.0 0.0 0.0 0.0 0.0 0.0 4.0452 4.0452 4.0452 4.0452
0.299 0 3 1.0 0.0 0.0 0.0 0.0 0.0 0.0 0.0 0.0 0.0 4.0452 4.0452 4.0452 4.0452
0.3 0 3 1.0 0.0 0.0 0.0 0.0 0.0 0.0 0.0 0.0 0.0 4.0452 4.0452 4.0452 4.0452
0.301 0 3 1.0 0.0 0.0 0.0 0.0 0.0 0.0 0.0 0.0 0.0 4.0452 4.0452 4.0452 4.0452
0.302 0 3 1.0 0.0 0.0 0.0 0.0 0.0 0.0 0.0 0.0 0.0 4.0452 4.0452 4.0452 4.0452
0.303 0 3 1.0 0.0 0.0 0.0 0.0 0.0 0.0 0.0 0.0 0.0 4.0452 4.0452 4.0452 4.0452
0.304 0 3 1.0 0.0 0.0 0.0 0.0 0.0 0.0 0.0 0.0 0.0 4.0452 4.0452 4.0452 4.0452
0.305 0 3 1.0 0.0 0.0 0.0 0.0 0.0 0.0 0.0 0.0 0.0 4.0452 4.0452 4.0452 4.0452
0.306 0 3 1.0 0.0 0.0 0.0 0.0 0.0 0.0 0.0 0.0 0.0 4.0452 4.0452 4.0452 4.0452
0.307 0 3 1.0 0.0 0.0 0.0 0.0 0.0 0.0 0.0 0.0 0.0 4.0452 4.0452 4.0452 4.0452
0.308 0 3 1.0 0.0 0.0 0.0 0.0 0.0 0.0 0.0 0.0 0.0 4.0452 4.0452 4.0452 4.0452
0.309 0 3 1.0 0.0 0.0 0.0 0.0 0.0 0.0 0.0 0.0 0.0 4.0452 4.0452 4.0452 4.0452
0.31 0 3 1.0 0.0 0.0 0.0 0.0 0.0 0.0 0.0 0.0 0.0 4.0452 4.0452 4.0452 4.0452
0.311 0 3 1.0 0.0 0.0 0.0 0.0 0.0 0.0 0.0 0.0 0.0 4.0452 4.0452 4.0452 4.0452
0.312 0 3 1.0 0.0 0.0 0.0 0.0 0.0 0.0 0.0 0.0 0.0 4.0452 4.0452 4.0452 4.0452
0.313 0 3 1.0 0.0 0.0 0.0 0.0 0.0 0.0 0.0 0.0 0.0 4.0452 4.0452 4.0452 4.0452
0.314 0 3 1.0 0.0 0.0 0.0 0.0 0.0 0.0 0.0 0.0 0.0 4.0452 4.0452 4.0452 4.0452
0.315 0 3 1.0 0.0 0.0 0.0 0.0 0.0 0.0 0.0 0.0 0.0 4.0452 4.0452 4.0452 4.0452
0.316 0 3 1.0 0.0 0.0 0.0 0.0 0.0 0.0 0.0 0.0 0.0 4.0452 4.0452 4.0452 4.0452
0.317 0 3 1.0 0.0 0.0 0.0 0.0 0.0 0.0 0.0 0.0 0.0 4.0452 4.0452 4.0452 4.0452
0.318 0 3 1.0 0.0 0.0 0.0 0.0 0.0 0.0 0.0 0.0 0.0 4.0452 4.0452 4.0452 4.0452
0.319 0 3 1.0 0.0 0.0 0.0 0.0 0.0 0.0 0.0 0.0 0.0 4.0452 4.0452 4.0452 4.0452
0.32 0 3 1.0 0.0 0.0 0.0 0.0 0.0 0.0 0.0 0.0 0.0 4.0452 4.0452 4.0452 4.0452
0.321 0 3 1.0 0.0 0.0 0.0 0.0 0.0 0.0 0.0 0.0 0.0 4.0452 4.0452 4.0452 4.0452
0.322 0 3 1.0 0.0 0.0 0.0 0.0 0.0 0.0 0.0 0.0 0.0 4.0452 4.0452 4.0452 4.0452
0.323 0 3 1.0 0.0 0.0 0.0 0.0 0.0 0.0 0.0 0.0 0.0 4.0452 4.0452 4.0452 4.0452
0.324 0 3 1.0 0.0 0.0 0.0 0.0 0.0 0.0 0.0 0.0 0.0 4.0452 4.0452 4.0452 4.0452
0.325 0 3 1.0 0.0 0.0 0.0 0.0 0.0 0.0 0.0 0.0 0.0 4.0452 4.0452 4.0452 4.0452
0.326 0 3 1.0 0.0 0.0 0.0 0.0 0.0 0.0 0.0 0.0 0.0 4.0452 4.0452 4.0452 4.0452
0.327 0 3 1.0 0.0 0.0 0.0 0.0 0.0 0.0 0.0 0.0 0.0 4.0452 4.0452 4.0452 4.0452
0.328 0 3 1.0 0.0 0.0 0.0 0.0 0.0 0.0 0.0 0.0 0.0 4.0452 4.0452 4.0452 4.0452
0.329 0 3 1.0 0.0 0.0 0.0 0.0 0.0 0.0 0.0 0.0 0.0 4.0452 4.0452 4.0452 4.0452
0.33 0 3 1.0 0.0 0.0 0.0 0.0 0.0 0.0 0.0 0.0 0.0 4.0452 4.0452 4.0452 4.0452
0.331 0 3 1.0 0.0 0.0 0.0 0.0 0.0 0.0 0.0 0.0 0.0 4.0452 4.0452 4.0452 4.0452
0.332 0 3 1.0 0.0 0.0 0.0 0.0 0.0 0.0 0.0 0.0 0.0 4.0452 4.0452 4.0452 4.0452
0.333 0 3 1.0 0.0 0.0 0.0 0.0 0.0 0.0 0.0 0.0 0.0 4.0452 4.0452 4.0452 4.0452
0.334 0 3 1.0 0.0 0.0 0.0 0.0 0.0 0.0 0.0 0.0 0.0 4.0452 4.0452 4.0452 4.0452
0.335 0 3 1.0 0.0 0.0 0.0 0.0 0.0 0.0 0.0 0.0 0.0 4.0452 4.0452 4.0452 4.0452
0.336 0 3 1.0 0.0 0.0 0.0 0.0 0.0 0.0 0.0 0.0 0.0 4.0452 4.0452 4.0452 4.0452
0.337 0 3 1.0 0.0 0.0 0.0 0.0 0.0 0.0 0.0 0.0 0.0 4.0452 4.0452 4.0452 4.0452
0.338 0 3 1.0 0.0 0.0 0.0 0.0 0.0 0.0 0.0 0.0 0.0 4.0452 4.0452 4.0452 4.0452
0.339 0 3 1.0 0.0 0.0 0.0 0.0 0.0 0.0 0.0 0.0 0.0 4.0452 4.0452 4.0452 4.0452
0.34 0 3 1.0 0.0 0.0 0.0 0.0 0.0 0.0 0.0 0.0 0.0 4.0452 4.0452 4.0452 4.0452
0.341 0 3 1.0 0.0 0.0 0.0 0.0 0.0 0.0 0.0 0.0 0.0 4.0452 4.0452 4.0452 4.0452
0.342 0 3 1.0 0.0 0.0 0.0 0.0 0.0 0.0 0.0 0.0 0.0 4.0452 4.0452 4.0452 4.0452
0.343 0 3 1.0 0.0 0.0 0.0 0.0 0.0 0.0 0.0 0.0 0.0 4.0452 4.0452 4.0452 4.0452
0.34400000000000003 0 3 1.0 0.0 0.0 0.0 0.0 0.0 0.0 0.0 0.0 0.0 4.0452 4.0452 4.0452 4.0452
0.34500000000000003 0 3 1.0 0.0 0.0 0.0 0.0 0.0 0.0 0.0 0.0 0.0 4.0452 4.0452 4.0452 4.0452
0.34600000000000003 0 3 1.0 0.0 0.0 0.0 0.0 0.0 0.0 0.0 0.0 0.0 4.0452 4.0452 4.0452 4.0452
0.34700000000000003 0 3 1.0 0.0 0.0 0.0 0.0 0.0 0.0 0.0 0.0 0.0 4.0452 4.0452 4.0452 4.0452
0.34800000000000003 0 3 1.0 0.0 0.0 0.0 0.0 0.0 0.0 0.0 0.0 0.0 4.0452 4.0452 4.0452 4.0452
0.34900000000000003 0 3 1.0 0.0 0.0 0.0 0.0 0.0 0.0 0.0 0.0 0.0 4.0452 4.0452 4.0452 4.0452
0.35000000000000003 0 3 1.0 0.0 0.0 0.0 0.0 0.0 0.0 0.0 0.0 0.0 4.0452 4.0452 4.0452 4.0452
0.35100000000000003 0 3 1.0 0.0 0.0 0.0 0.0 0.0 0.0 0.0 0.0 0.0 4.0452 4.0452 4.0452 4.0452
0.352 0 3 1.0 0.0 0.0 0.0 0.0 0.0 0.0 0.0 0.0 0.0 4.0452 4.0452 4.0452 4.0452
0.353 0 3 1.0 0.0 0.0 0.0 0.0 0.0 0.0 0.0 0.0 0.0 4.0452 4.0452 4.0452 4.0452
0.354 0 3 1.0 0.0 0.0 0.0 0.0 0.0 0.0 0.0 0.0 0.0 4.0452 4.0452 4.0452 4.0452
0.355 0 3 1.0 0.0 0.0 0.0 0.0 0.0 0.0 0.0 0.0 0.0 4.0452 4.0452 4.0452 4.0452
0.356 0 3 1.0 0.0 0.0 0.0 0.0 0.0 0.0 0.0 0.0 0.0 4.0452 4.0452 4.0452 4.0452
0.357 0 3 1.0 0.0 0.0 0.0 0.0 0.0 0.0 0.0 0.0 0.0 4.0452 4.0452 4.0452 4.0452
0.358 0 3 1.0 0.0 0.0 0.0 0.0 0.0 0.0 0.0 0.0 0.0 4.0452 4.0452 4.0452 4.0452
0.359 0 3 1.0 0.0 0.0 0.0 0.0 0.0 0.0 0.0 0.0 0.0 4.0452 4.0452 4.0452 4.0452
0.36 0 3 1.0 0.0 0.0 0.0 0.0 0.0 0.0 0.0 0.0 0.0 4.0452 4.0452 4.0452 4.0452
0.361 0 3 1.0 0.0 0.0 0.0 0.0 0.0 0.0 0.0 0.0 0.0 4.0452 4.0452 4.0452 4.0452
0.362 0 3 1.0 0.0 0.0 0.0 0.0 0.0 0.0 0.0 0.0 0.0 4.0452 4.0452 4.0452 4.0452
0.363 0 3 1.0 0.0 0.0 0.0 0.0 0.0 0.0 0.0 0.0 0.0 4.0452 4.0452 4.0452 4.0452
0.364 0 3 1.0 0.0 0.0 0.0 0.0 0.0 0.0 0.0 0.0 0.0 4.0452 4.0452 4.0452 4.0452
0.365 0 3 1.0 0.0 0.0 0.0 0.0 0.0 0.0 0.0 0.0 0.0 4.0452 4.0452 4.0452 4.0452
0.366 0 3 1.0 0.0 0.0 0.0 0.0 0.0 0.0 0.0 0.0 0.0 4.0452 4.0452 4.0452 4.0452
0.367 0 3 1.0 0.0 0.0 0.0 0.0 0.0 0.0 0.0 0.0 0.0 4.0452 4.0452 4.0452 4.0452
0.368 0 3 1.0 0.0 0.0 0.0 0.0 0.0 0.0 0.0 0.0 0.0 4.0452 4.0452 4.0452 4.0452
0.369 0 3 1.0 0.0 0.0 0.0 0.0 0.0 0.0 0.0 0.0 0.0 4.0452 4.0452 4.0452 4.0452
0.37 0 3 1.0 0.0 0.0 0.0 0.0 0.0 0.0 0.0 0.0 0.0 4.0452 4.0452 4.0452 4.0452
0.371 0 3 1.0 0.0 0.0 0.0 0.0 0.0 0.0 0.0 0.0 0.0 4.0452 4.0452 4.0452 4.0452
0.372 0 3 1.0 0.0 0.0 0.0 0.0 0.0 0.0 0.0 0.0 0.0 4.0452 4.0452 4.0452 4.0452
0.373 0 3 1.0 0.0 0.0 0.0 0.0 0.0 0.0 0.0 0.0 0.0 4.0452 4.0452 4.0452 4.0452
0.374 0 3 1.0 0.0 0.0 0.0 0.0 0.0 0.0 0.0 0.0 0.0 4.0452 4.0452 4.0452 4.0452
0.375 0 3 1.0 0.0 0.0 0.0 0.0 0.0 0.0 0.0 0.0 0.0 4.0452 4.0452 4.0452 4.0452
0.376 0 3 1.0 0.0 0.0 0.0 0.0 0.0 0.0 0.0 0.0 0.0 4.0452 4.0452 4.0452 4.0452
0.377 0 3 1.0 0.0 0.0 0.0 0.0 0.0 0.0 0.0 0.0 0.0 4.0452 4.0452 4.0452 4.0452
0.378 0 3 1.0 0.0 0.0 0.0 0.0 0.0 0.0 0.0 0.0 0.0 4.0452 4.0452 4.0452 4.0452
0.379 0 3 1.0 0.0 0.0 0.0 0.0 0.0 0.0 0.0 0.0 0.0 4.0452 4.0452 4.0452 4.0452
0.38 0 3 1.0 0.0 0.0 0.0 0.0 0.0 0.0 0.0 0.0 0.0 4.0452 4.0452 4.0452 4.0452
0.381 0 3 1.0 0.0 0.0 0.0 0.0 0.0 0.0 0.0 0.0 0.0 4.0452 4.0452 4.0452 4.0452
0.382 0 3 1.0 0.0 0.0 0.0 0.0 0.0 0.0 0.0 0.0 0.0 4.0452 4.0452 4.0452 4.0452
0.383 0 3 1.0 0.0 0.0 0.0 0.0 0.0 0.0 0.0 0.0 0.0 4.0452 4.0452 4.0452 4.0452
0.384 0 3 1.0 0.0 0.0 0.0 0.0 0.0 0.0 0.0 0.0 0.0 4.0452 4.0452 4.0452 4.0452
0.385 0 3 1.0 0.0 0.0 0.0 0.0 0.0 0.0 0.0 0.0 0.0 4.0452 4.0452 4.0452 4.0452
0.386 0 3 1.0 0.0 0.0 0.0 0.0 0.0 0.0 0.0 0.0 0.0 4.0452 4.0452 4.0452 4.0452
0.387 0 3 1.0 0.0 0.0 0.0 0.0 0.0 0.0 0.0 0.0 0.0 4.0452 4.0452 4.0452 4.0452
0.388 0 3 1.0 0.0 0.0 0.0 0.0 0.0 0.0 0.0 0.0 0.0 4.0452 4.0452 4.0452 4.0452
0.389 0 3 1.0 0.0 0.0 0.0 0.0 0.0 0.0 0.0 0.0 0.0 4.0452 4.0452 4.0452 4.0452
0.39 0 3 1.0 0.0 0.0 0.0 0.0 0.0 0.0 0.0 0.0 0.0 4.0452 4.0452 4.0452 4.0452
0.391 0 3 1.0 0.0 0.0 0.0 0.0 0.0 0.0 0.0 0.0 0.0 4.0452 4.0452 4.0452 4.0452
0.392 0 3 1.0 0.0 0.0 0.0 0.0 0.0 0.0 0.0 0.0 0.0 4.0452 4.0452 4.0452 4.0452
0.393 0 3 1.0 0.0 0.0 0.0 0.0 0.0 0.0 0.0 0.0 0.0 4.0452 4.0452 4.0452 4.0452
0.394 0 3 1.0 0.0 0.0 0.0 0.0 0.0 0.0 0.0 0.0 0.0 4.0452 4.0452 4.0452 4.0452
0.395 0 3 1.0 0.0 0.0 0.0 0.0 0.0 0.0 0.0 0.0 0.0 4.0452 4.0452 4.0452 4.0452
0.396 0 3 1.0 0.0 0.0 0.0 0.0 0.0 0.0 0.0 0.0 0.0 4.0452 4.0452 4.0452 4.0452
0.397 0 3 1.0 0.0 0.0 0.0 0.0 0.0 0.0 0.0 0.0 0.0 4.0452 4.0452 4.0452 4.0452
0.398 0 3 1.0 0.0 0.0 0.0 0.0 0.0 0.0 0.0 0.0 0.0 4.0452 4.0452 4.0452 4.0452
0.399 0 3 1.0 0.0 0.0 0.0 0.0 0.0 0.0 0.0 0.0 0.0 4.0452 4.0452 4.0452 4.0452
0.4 0 3 1.0 0.0 0.0 0.0 0.0 0.0 0.0 0.0 0.0 0.0 4.0452 4.0452 4.0452 4.0452
0.401 0 3 1.0 0.0 0.0 0.0 0.0 0.0 0.0 0.0 0.0 0.0 4.0452 4.0452 4.0452 4.0452
0.402 0 3 1.0 0.0 0.0 0.0 0.0 0.0 0.0 0.0 0.0 0.0 4.0452 4.0452 4.0452 4.0452
0.403 0 3 1.0 0.0 0.0 0.0 0.0 0.0 0.0 0.0 0.0 0.0 4.0452 4.0452 4.0452 4.0452
0.404 0 3 1.0 0.0 0.0 0.0 0.0 0.0 0.0 0.0 0.0 0.0 4.0452 4.0452 4.0452 4.0452
0.405 0 3 1.0 0.0 0.0 0.0 0.0 0.0 0.0 0.0 0.0 0.0 4.0452 4.0452 4.0452 4.0452
0.406 0 3 1.0 0.0 0.0 0.0 0.0 0.0 0.0 0.0 0.0 0.0 4.0452 4.0452 4.0452 4.0452
0.40700000000000003 0 3 1.0 0.0 0.0 0.0 0.0 0.0 0.0 0.0 0.0 0.0 4.0452 4.0452 4.0452 4.0452
0.40800000000000003 0 3 1.0 0.0 0.0 0.0 0.0 0.0 0.0 0.0 0.0 0.0 4.0452 4.0452 4.0452 4.0452
0.40900000000000003 0 3 1.0 0.0 0.0 0.0 0.0 0.0 0.0 0.0 0.0 0.0 4.0452 4.0452 4.0452 4.0452
0.41000000000000003 0 3 1.0 0.0 0.0 0.0 0.0 0.0 0.0 0.0 0.0 0.0 4.0452 4.0452 4.0452 4.0452
0.41100000000000003 0 3 1.0 0.0 0.0 0.0 0.0 0.0 0.0 0.0 0.0 0.0 4.0452 4.0452 4.0452 4.0452
0.41200000000000003 0 3 1.0 0.0 0.0 0.0 0.0 0.0 0.0 0.0 0.0 0.0 4.0452 4.0452 4.0452 4.0452
0.41300000000000003 0 3 1.0 0.0 0.0 0.0 0.0 0.0 0.0 0.0 0.0 0.0 4.0452 4.0452 4.0452 4.0452
0.41400000000000003 0 3 1.0 0.0 0.0 0.0 0.0 0.0 0.0 0.0 0.0 0.0 4.0452 4.0452 4.0452 4.0452
0.41500000000000004 0 3 1.0 0.0 0.0 0.0 0.0 0.0 0.0 0.0 0.0 0.0 4.0452 4.0452 4.0452 4.0452
0.41600000000000004 0 3 1.0 0.0 0.0 0.0 0.0 0.0 0.0 0.0 0.0 0.0 4.0452 4.0452 4.0452 4.0452
0.417 0 3 1.0 0.0 0.0 0.0 0.0 0.0 0.0 0.0 0.0 0.0 4.0452 4.0452 4.0452 4.0452
0.418 0 3 1.0 0.0 0.0 0.0 0.0 0.0 0.0 0.0 0.0 0.0 4.0452 4.0452 4.0452 4.0452
0.419 0 3 1.0 0.0 0.0 0.0 0.0 0.0 0.0 0.0 0.0 0.0 4.0452 4.0452 4.0452 4.0452
0.42 0 3 1.0 0.0 0.0 0.0 0.0 0.0 0.0 0.0 0.0 0.0 4.0452 4.0452 4.0452 4.0452
0.421 0 3 1.0 0.0 0.0 0.0 0.0 0.0 0.0 0.0 0.0 0.0 4.0452 4.0452 4.0452 4.0452
0.422 0 3 1.0 0.0 0.0 0.0 0.0 0.0 0.0 0.0 0.0 0.0 4.0452 4.0452 4.0452 4.0452
0.423 0 3 1.0 0.0 0.0 0.0 0.0 0.0 0.0 0.0 0.0 0.0 4.0452 4.0452 4.0452 4.0452
0.424 0 3 1.0 0.0 0.0 0.0 0.0 0.0 0.0 0.0 0.0 0.0 4.0452 4.0452 4.0452 4.0452
0.425 0 3 1.0 0.0 0.0 0.0 0.0 0.0 0.0 0.0 0.0 0.0 4.0452 4.0452 4.0452 4.0452
0.426 0 3 1.0 0.0 0.0 0.0 0.0 0.0 0.0 0.0 0.0 0.0 4.0452 4.0452 4.0452 4.0452
0.427 0 3 1.0 0.0 0.0 0.0 0.0 0.0 0.0 0.0 0.0 0.0 4.0452 4.0452 4.0452 4.0452
0.428 0 3 1.0 0.0 0.0 0.0 0.0 0.0 0.0 0.0 0.0 0.0 4.0452 4.0452 4.0452 4.0452
0.429 0 3 1.0 0.0 0.0 0.0 0.0 0.0 0.0 0.0 0.0 0.0 4.0452 4.0452 4.0452 4.0452
0.43 0 3 1.0 0.0 0.0 0.0 0.0 0.0 0.0 0.0 0.0 0.0 4.0452 4.0452 4.0452 4.0452
0.431 0 3 1.0 0.0 0.0 0.0 0.0 0.0 0.0 0.0 0.0 0.0 4.0452 4.0452 4.0452 4.0452
0.432 0 3 1.0 0.0 0.0 0.0 0.0 0.0 0.0 0.0 0.0 0.0 4.0452 4.0452 4.0452 4.0452
0.433 0 3 1.0 0.0 0.0 0.0 0.0 0.0 0.0 0.0 0.0 0.0 4.0452 4.0452 4.0452 4.0452
0.434 0 3 1.0 0.0 0.0 0.0 0.0 0.0 0.0 0.0 0.0 0.0 4.0452 4.0452 4.0452 4.0452
0.435 0 3 1.0 0.0 0.0 0.0 0.0 0.0 0.0 0.0 0.0 0.0 4.0452 4.0452 4.0452 4.0452
0.436 0 3 1.0 0.0 0.0 0.0 0.0 0.0 0.0 0.0 0.0 0.0 4.0452 4.0452 4.0452 4.0452
0.437 0 3 1.0 0.0 0.0 0.0 0.0 0.0 0.0 0.0 0.0 0.0 4.0452 4.0452 4.0452 4.0452
0.438 0 3 1.0 0.0 0.0 0.0 0.0 0.0 0.0 0.0 0.0 0.0 4.0452 4.0452 4.0452 4.0452
0.439 0 3 1.0 0.0 0.0 0.0 0.0 0.0 0.0 0.0 0.0 0.0 4.0452 4.0452 4.0452 4.0452
0.44 0 3 1.0 0.0 0.0 0.0 0.0 0.0 0.0 0.0 0.0 0.0 4.0452 4.0452 4.0452 4.0452
0.441 0 3 1.0 0.0 0.0 0.0 0.0 0.0 0.0 0.0 0.0 0.0 4.0452 4.0452 4.0452 4.0452
0.442 0 3 1.0 0.0 0.0 0.0 0.0 0.0 0.0 0.0 0.0 0.0 4.0452 4.0452 4.0452 4.0452
0.443 0 3 1.0 0.0 0.0 0.0 0.0 0.0 0.0 0.0 0.0 0.0 4.0452 4.0452 4.0452 4.0452
0.444 0 3 1.0 0.0 0.0 0.0 0.0 0.0 0.0 0.0 0.0 0.0 4.0452 4.0452 4.0452 4.0452
0.445 0 3 1.0 0.0 0.0 0.0 0.0 0.0 0.0 0.0 0.0 0.0 4.0452 4.0452 4.0452 4.0452
0.446 0 3 1.0 0.0 0.0 0.0 0.0 0.0 0.0 0.0 0.0 0.0 4.0452 4.0452 4.0452 4.0452
0.447 0 3 1.0 0.0 0.0 0.0 0.0 0.0 0.0 0.0 0.0 0.0 4.0452 4.0452 4.0452 4.0452
0.448 0 3 1.0 0.0 0.0 0.0 0.0 0.0 0.0 0.0 0.0 0.0 4.0452 4.0452 4.0452 4.0452
0.449 0 3 1.0 0.0 0.0 0.0 0.0 0.0 0.0 0.0 0.0 0.0 4.0452 4.0452 4.0452 4.0452
0.45 0 3 1.0 0.0 0.0 0.0 0.0 0.0 0.0 0.0 0.0 0.0 4.0452 4.0452 4.0452 4.0452
0.451 0 3 1.0 0.0 0.0 0.0 0.0 0.0 0.0 0.0 0.0 0.0 4.0452 4.0452 4.0452 4.0452
0.452 0 3 1.0 0.0 0.0 0.0 0.0 0.0 0.0 0.0 0.0 0.0 4.0452 4.0452 4.0452 4.0452
0.453 0 3 1.0 0.0 0.0 0.0 0.0 0.0 0.0 0.0 0.0 0.0 4.0452 4.0452 4.0452 4.0452
0.454 0 3 1.0 0.0 0.0 0.0 0.0 0.0 0.0 0.0 0.0 0.0 4.0452 4.0452 4.0452 4.0452
0.455 0 3 1.0 0.0 0.0 0.0 0.0 0.0 0.0 0.0 0.0 0.0 4.0452 4.0452 4.0452 4.0452
0.456 0 3 1.0 0.0 0.0 0.0 0.0 0.0 0.0 0.0 0.0 0.0 4.0452 4.0452 4.0452 4.0452
0.457 0 3 1.0 0.0 0.0 0.0 0.0 0.0 0.0 0.0 0.0 0.0 4.0452 4.0452 4.0452 4.0452
0.458 0 3 1.0 0.0 0.0 0.0 0.0 0.0 0.0 0.0 0.0 0.0 4.0452 4.0452 4.0452 4.0452
0.459 0 3 1.0 0.0 0.0 0.0 0.0 0.0 0.0 0.0 0.0 0.0 4.0452 4.0452 4.0452 4.0452
0.46 0 3 1.0 0.0 0.0 0.0 0.0 0.0 0.0 0.0 0.0 0.0 4.0452 4.0452 4.0452 4.0452
0.461 0 3 1.0 0.0 0.0 0.0 0.0 0.0 0.0 0.0 0.0 0.0 4.0452 4.0452 4.0452 4.0452
0.462 0 3 1.0 0.0 0.0 0.0 0.0 0.0 0.0 0.0 0.0 0.0 4.0452 4.0452 4.0452 4.0452
0.463 0 3 1.0 0.0 0.0 0.0 0.0 0.0 0.0 0.0 0.0 0.0 4.0452 4.0452 4.0452 4.0452
0.464 0 3 1.0 0.0 0.0 0.0 0.0 0.0 0.0 0.0 0.0 0.0 4.0452 4.0452 4.0452 4.0452
0.465 0 3 1.0 0.0 0.0 0.0 0.0 0.0 0.0 0.0 0.0 0.0 4.0452 4.0452 4.0452 4.0452
0.466 0 3 1.0 0.0 0.0 0.0 0.0 0.0 0.0 0.0 0.0 0.0 4.0452 4.0452 4.0452 4.0452
0.467 0 3 1.0 0.0 0.0 0.0 0.0 0.0 0.0 0.0 0.0 0.0 4.0452 4.0452 4.0452 4.0452
0.468 0 3 1.0 0.0 0.0 0.0 0.0 0.0 0.0 0.0 0.0 0.0 4.0452 4.0452 4.0452 4.0452
0.46900000000000003 0 3 1.0 0.0 0.0 0.0 0.0 0.0 0.0 0.0 0.0 0.0 4.0452 4.0452 4.0452 4.0452
0.47000000000000003 0 3 1.0 0.0 0.0 0.0 0.0 0.0 0.0 0.0 0.0 0.0 4.0452 4.0452 4.0452 4.0452
0.47100000000000003 0 3 1.0 0.0 0.0 0.0 0.0 0.0 0.0 0.0 0.0 0.0 4.0452 4.0452 4.0452 4.0452
0.47200000000000003 0 3 1.0 0.0 0.0 0.0 0.0 0.0 0.0 0.0 0.0 0.0 4.0452 4.0452 4.0452 4.0452
0.47300000000000003 0 3 1.0 0.0 0.0 0.0 0.0 0.0 0.0 0.0 0.0 0.0 4.0452 4.0452 4.0452 4.0452
0.47400000000000003 0 3 1.0 0.0 0.0 0.0 0.0 0.0 0.0 0.0 0.0 0.0 4.0452 4.0452 4.0452 4.0452
0.47500000000000003 0 3 1.0 0.0 0.0 0.0 0.0 0.0 0.0 0.0 0.0 0.0 4.0452 4.0452 4.0452 4.0452
0.47600000000000003 0 3 1.0 0.0 0.0 0.0 0.0 0.0 0.0 0.0 0.0 0.0 4.0452 4.0452 4.0452 4.0452
0.47700000000000004 0 3 1.0 0.0 0.0 0.0 0.0 0.0 0.0 0.0 0.0 0.0 4.0452 4.0452 4.0452 4.0452
0.47800000000000004 0 3 1.0 0.0 0.0 0.0 0.0 0.0 0.0 0.0 0.0 0.0 4.0452 4.0452 4.0452 4.0452
0.47900000000000004 0 3 1.0 0.0 0.0 0.0 0.0 0.0 0.0 0.0 0.0 0.0 4.0452 4.0452 4.0452 4.0452
0.48 0 3 1.0 0.0 0.0 0.0 0.0 0.0 0.0 0.0 0.0 0.0 4.0452 4.0452 4.0452 4.0452
0.481 0 3 1.0 0.0 0.0 0.0 0.0 0.0 0.0 0.0 0.0 0.0 4.0452 4.0452 4.0452 4.0452
0.482 0 3 1.0 0.0 0.0 0.0 0.0 0.0 0.0 0.0 0.0 0.0 4.0452 4.0452 4.0452 4.0452
0.483 0 3 1.0 0.0 0.0 0.0 0.0 0.0 0.0 0.0 0.0 0.0 4.0452 4.0452 4.0452 4.0452
0.484 0 3 1.0 0.0 0.0 0.0 0.0 0.0 0.0 0.0 0.0 0.0 4.0452 4.0452 4.0452 4.0452
0.485 0 3 1.0 0.0 0.0 0.0 0.0 0.0 0.0 0.0 0.0 0.0 4.0452 4.0452 4.0452 4.0452
0.486 0 3 1.0 0.0 0.0 0.0 0.0 0.0 0.0 0.0 0.0 0.0 4.0452 4.0452 4.0452 4.0452
0.487 0 3 1.0 0.0 0.0 0.0 0.0 0.0 0.0 0.0 0.0 0.0 4.0452 4.0452 4.0452 4.0452
0.488 0 3 1.0 0.0 0.0 0.0 0.0 0.0 0.0 0.0 0.0 0.0 4.0452 4.0452 4.0452 4.0452
0.489 0 3 1.0 0.0 0.0 0.0 0.0 0.0 0.0 0.0 0.0 0.0 4.0452 4.0452 4.0452 4.0452
0.49 0 3 1.0 0.0 0.0 0.0 0.0 0.0 0.0 0.0 0.0 0.0 4.0452 4.0452 4.0452 4.0452
0.491 0 3 1.0 0.0 0.0 0.0 0.0 0.0 0.0 0.0 0.0 0.0 4.0452 4.0452 4.0452 4.0452
0.492 0 3 1.0 0.0 0.0 0.0 0.0 0.0 0.0 0.0 0.0 0.0 4.0452 4.0452 4.0452 4.0452
0.493 0 3 1.0 0.0 0.0 0.0 0.0 0.0 0.0 0.0 0.0 0.0 4.0452 4.0452 4.0452 4.0452
0.494 0 3 1.0 0.0 0.0 0.0 0.0 0.0 0.0 0.0 0.0 0.0 4.0452 4.0452 4.0452 4.0452
0.495 0 3 1.0 0.0 0.0 0.0 0.0 0.0 0.0 0.0 0.0 0.0 4.0452 4.0452 4.0452 4.0452
0.496 0 3 1.0 0.0 0.0 0.0 0.0 0.0 0.0 0.0 0.0 0.0 4.0452 4.0452 4.0452 4.0452
0.497 0 3 1.0 0.0 0.0 0.0 0.0 0.0 0.0 0.0 0.0 0.0 4.0452 4.0452 4.0452 4.0452
0.498 0 3 1.0 0.0 0.0 0.0 0.0 0.0 0.0 0.0 0.0 0.0 4.0452 4.0452 4.0452 4.0452
0.499 0 3 1.0 0.0 0.0 0.0 0.0 0.0 0.0 0.0 0.0 0.0 4.0452 4.0452 4.0452 4.0452
0.5 0 3 1.0 0.0 0.0 0.0 0.0 0.0 0.0 0.0 0.0 0.0 4.0452 4.0452 4.0452 4.0452
0.501 0 3 1.0 0.0 0.0 0.0 0.0 0.0 0.0 0.0 0.0 0.0 4.0452 4.0452 4.0452 4.0452
0.502 0 3 1.0 0.0 0.0 0.0 0.0 0.0 0.0 0.0 0.0 0.0 4.0452 4.0452 4.0452 4.0452
0.503 0 3 1.0 0.0 0.0 0.0 0.0 0.0 0.0 0.0 0.0 0.0 4.0452 4.0452 4.0452 4.0452
0.504 0 3 1.0 0.0 0.0 0.0 0.0 0.0 0.0 0.0 0.0 0.0 4.0452 4.0452 4.0452 4.0452
0.505 0 3 1.0 0.0 0.0 0.0 0.0 0.0 0.0 0.0 0.0 0.0 4.0452 4.0452 4.0452 4.0452
0.506 0 3 1.0 0.0 0.0 0.0 0.0 0.0 0.0 0.0 0.0 0.0 4.0452 4.0452 4.0452 4.0452
0.507 0 3 1.0 0.0 0.0 0.0 0.0 0.0 0.0 0.0 0.0 0.0 4.0452 4.0452 4.0452 4.0452
0.508 0 3 1.0 0.0 0.0 0.0 0.0 0.0 0.0 0.0 0.0 0.0 4.0452 4.0452 4.0452 4.0452
0.509 0 3 1.0 0.0 0.0 0.0 0.0 0.0 0.0 0.0 0.0 0.0 4.0452 4.0452 4.0452 4.0452
0.51 0 3 1.0 0.0 0.0 0.0 0.0 0.0 0.0 0.0 0.0 0.0 4.0452 4.0452 4.0452 4.0452
0.511 0 3 1.0 0.0 0.0 0.0 0.0 0.0 0.0 0.0 0.0 0.0 4.0452 4.0452 4.0452 4.0452
0.512 0 3 1.0 0.0 0.0 0.0 0.0 0.0 0.0 0.0 0.0 0.0 4.0452 4.0452 4.0452 4.0452
0.513 0 3 1.0 0.0 0.0 0.0 0.0 0.0 0.0 0.0 0.0 0.0 4.0452 4.0452 4.0452 4.0452
0.514 0 3 1.0 0.0 0.0 0.0 0.0 0.0 0.0 0.0 0.0 0.0 4.0452 4.0452 4.0452 4.0452
0.515 0 3 1.0 0.0 0.0 0.0 0.0 0.0 0.0 0.0 0.0 0.0 4.0452 4.0452 4.0452 4.0452
0.516 0 3 1.0 0.0 0.0 0.0 0.0 0.0 0.0 0.0 0.0 0.0 4.0452 4.0452 4.0452 4.0452
0.517 0 3 1.0 0.0 0.0 0.0 0.0 0.0 0.0 0.0 0.0 0.0 4.0452 4.0452 4.0452 4.0452
0.518 0 3 1.0 0.0 0.0 0.0 0.0 0.0 0.0 0.0 0.0 0.0 4.0452 4.0452 4.0452 4.0452
0.519 0 3 1.0 0.0 0.0 0.0 0.0 0.0 0.0 0.0 0.0 0.0 4.0452 4.0452 4.0452 4.0452
0.52 0 3 1.0 0.0 0.0 0.0 0.0 0.0 0.0 0.0 0.0 0.0 4.0452 4.0452 4.0452 4.0452
0.521 0 3 1.0 0.0 0.0 0.0 0.0 0.0 0.0 0.0 0.0 0.0 4.0452 4.0452 4.0452 4.0452
0.522 0 3 1.0 0.0 0.0 0.0 0.0 0.0 0.0 0.0 0.0 0.0 4.0452 4.0452 4.0452 4.0452
0.523 0 3 1.0 0.0 0.0 0.0 0.0 0.0 0.0 0.0 0.0 0.0 4.0452 4.0452 4.0452 4.0452
0.524 0 3 1.0 0.0 0.0 0.0 0.0 0.0 0.0 0.0 0.0 0.0 4.0452 4.0452 4.0452 4.0452
0.525 0 3 1.0 0.0 0.0 0.0 0.0 0.0 0.0 0.0 0.0 0.0 4.0452 4.0452 4.0452 4.0452
0.526 0 3 1.0 0.0 0.0 0.0 0.0 0.0 0.0 0.0 0.0 0.0 4.0452 4.0452 4.0452 4.0452
0.527 0 3 1.0 0.0 0.0 0.0 0.0 0.0 0.0 0.0 0.0 0.0 4.0452 4.0452 4.0452 4.0452
0.528 0 3 1.0 0.0 0.0 0.0 0.0 0.0 0.0 0.0 0.0 0.0 4.0452 4.0452 4.0452 4.0452
0.529 0 3 1.0 0.0 0.0 0.0 0.0 0.0 0.0 0.0 0.0 0.0 4.0452 4.0452 4.0452 4.0452
0.53 0 3 1.0 0.0 0.0 0.0 0.0 0.0 0.0 0.0 0.0 0.0 4.0452 4.0452 4.0452 4.0452
0.531 0 3 1.0 0.0 0.0 0.0 0.0 0.0 0.0 0.0 0.0 0.0 4.0452 4.0452 4.0452 4.0452
0.532 0 3 1.0 0.0 0.0 0.0 0.0 0.0 0.0 0.0 0.0 0.0 4.0452 4.0452 4.0452 4.0452
0.533 0 3 1.0 0.0 0.0 0.0 0.0 0.0 0.0 0.0 0.0 0.0 4.0452 4.0452 4.0452 4.0452
0.534 0 3 1.0 0.0 0.0 0.0 0.0 0.0 0.0 0.0 0.0 0.0 4.0452 4.0452 4.0452 4.0452
0.535 0 3 1.0 0.0 0.0 0.0 0.0 0.0 0.0 0.0 0.0 0.0 4.0452 4.0452 4.0452 4.0452
0.536 0 3 1.0 0.0 0.0 0.0 0.0 0.0 0.0 0.0 0.0 0.0 4.0452 4.0452 4.0452 4.0452
0.537 0 3 1.0 0.0 0.0 0.0 0.0 0.0 0.0 0.0 0.0 0.0 4.0452 4.0452 4.0452 4.0452
0.538 0 3 1.0 0.0 0.0 0.0 0.0 0.0 0.0 0.0 0.0 0.0 4.0452 4.0452 4.0452 4.0452
0.539 0 3 1.0 0.0 0.0 0.0 0.0 0.0 0.0 0.0 0.0 0.0 4.0452 4.0452 4.0452 4.0452
0.54 0 3 1.0 0.0 0.0 0.0 0.0 0.0 0.0 0.0 0.0 0.0 4.0452 4.0452 4.0452 4.0452
0.541 0 3 1.0 0.0 0.0 0.0 0.0 0.0 0.0 0.0 0.0 0.0 4.0452 4.0452 4.0452 4.0452
0.542 0 3 1.0 0.0 0.0 0.0 0.0 0.0 0.0 0.0 0.0 0.0 4.0452 4.0452 4.0452 4.0452
0.543 0 3 1.0 0.0 0.0 0.0 0.0 0.0 0.0 0.0 0.0 0.0 4.0452 4.0452 4.0452 4.0452
0.544 0 3 1.0 0.0 0.0 0.0 0.0 0.0 0.0 0.0 0.0 0.0 4.0452 4.0452 4.0452 4.0452
0.545 0 3 1.0 0.0 0.0 0.0 0.0 0.0 0.0 0.0 0.0 0.0 4.0452 4.0452 4.0452 4.0452
0.546 0 3 1.0 0.0 0.0 0.0 0.0 0.0 0.0 0.0 0.0 0.0 4.0452 4.0452 4.0452 4.0452
0.547 0 3 1.0 0.0 0.0 0.0 0.0 0.0 0.0 0.0 0.0 0.0 4.0452 4.0452 4.0452 4.0452
0.548 0 3 1.0 0.0 0.0 0.0 0.0 0.0 0.0 0.0 0.0 0.0 4.0452 4.0452 4.0452 4.0452
0.549 0 3 1.0 0.0 0.0 0.0 0.0 0.0 0.0 0.0 0.0 0.0 4.0452 4.0452 4.0452 4.0452
0.55 0 3 1.0 0.0 0.0 0.0 0.0 0.0 0.0 0.0 0.0 0.0 4.0452 4.0452 4.0452 4.0452
0.551 0 3 1.0 0.0 0.0 0.0 0.0 0.0 0.0 0.0 0.0 0.0 4.0452 4.0452 4.0452 4.0452
0.552 0 3 1.0 0.0 0.0 0.0 0.0 0.0 0.0 0.0 0.0 0.0 4.0452 4.0452 4.0452 4.0452
0.553 0 3 1.0 0.0 0.0 0.0 0.0 0.0 0.0 0.0 0.0 0.0 4.0452 4.0452 4.0452 4.0452
0.554 0 3 1.0 0.0 0.0 0.0 0.0 0.0 0.0 0.0 0.0 0.0 4.0452 4.0452 4.0452 4.0452
0.555 0 3 1.0 0.0 0.0 0.0 0.0 0.0 0.0 0.0 0.0 0.0 4.0452 4.0452 4.0452 4.0452
0.556 0 3 1.0 0.0 0.0 0.0 0.0 0.0 0.0 0.0 0.0 0.0 4.0452 4.0452 4.0452 4.0452
0.557 0 3 1.0 0.0 0.0 0.0 0.0 0.0 0.0 0.0 0.0 0.0 4.0452 4.0452 4.0452 4.0452
0.558 0 3 1.0 0.0 0.0 0.0 0.0 0.0 0.0 0.0 0.0 0.0 4.0452 4.0452 4.0452 4.0452
0.559 0 3 1.0 0.0 0.0 0.0 0.0 0.0 0.0 0.0 0.0 0.0 4.0452 4.0452 4.0452 4.0452
0.56 0 3 1.0 0.0 0.0 0.0 0.0 0.0 0.0 0.0 0.0 0.0 4.0452 4.0452 4.0452 4.0452
0.561 0 3 1.0 0.0 0.0 0.0 0.0 0.0 0.0 0.0 0.0 0.0 4.0452 4.0452 4.0452 4.0452
0.562 0 3 1.0 0.0 0.0 0.0 0.0 0.0 0.0 0.0 0.0 0.0 4.0452 4.0452 4.0452 4.0452
0.5630000000000001 0 3 1.0 0.0 0.0 0.0 0.0 0.0 0.0 0.0 0.0 0.0 4.0452 4.0452 4.0452 4.0452
0.5640000000000001 0 3 1.0 0.0 0.0 0.0 0.0 0.0 0.0 0.0 0.0 0.0 4.0452 4.0452 4.0452 4.0452
0.5650000000000001 0 3 1.0 0.0 0.0 0.0 0.0 0.0 0.0 0.0 0.0 0.0 4.0452 4.0452 4.0452 4.0452
0.5660000000000001 0 3 1.0 0.0 0.0 0.0 0.0 0.0 0.0 0.0 0.0 0.0 4.0452 4.0452 4.0452 4.0452
0.5670000000000001 0 3 1.0 0.0 0.0 0.0 0.0 0.0 0.0 0.0 0.0 0.0 4.0452 4.0452 4.0452 4.0452
0.5680000000000001 0 3 1.0 0.0 0.0 0.0 0.0 0.0 0.0 0.0 0.0 0.0 4.0452 4.0452 4.0452 4.0452
0.5690000000000001 0 3 1.0 0.0 0.0 0.0 0.0 0.0 0.0 0.0 0.0 0.0 4.0452 4.0452 4.0452 4.0452
0.5700000000000001 0 3 1.0 0.0 0.0 0.0 0.0 0.0 0.0 0.0 0.0 0.0 4.0452 4.0452 4.0452 4.0452
0.5710000000000001 0 3 1.0 0.0 0.0 0.0 0.0 0.0 0.0 0.0 0.0 0.0 4.0452 4.0452 4.0452 4.0452
0.5720000000000001 0 3 1.0 0.0 0.0 0.0 0.0 0.0 0.0 0.0 0.0 0.0 4.0452 4.0452 4.0452 4.0452
0.5730000000000001 0 3 1.0 0.0 0.0 0.0 0.0 0.0 0.0 0.0 0.0 0.0 4.0452 4.0452 4.0452 4.0452
0.5740000000000001 0 3 1.0 0.0 0.0 0.0 0.0 0.0 0.0 0.0 0.0 0.0 4.0452 4.0452 4.0452 4.0452
0.5750000000000001 0 3 1.0 0.0 0.0 0.0 0.0 0.0 0.0 0.0 0.0 0.0 4.0452 4.0452 4.0452 4.0452
0.5760000000000001 0 3 1.0 0.0 0.0 0.0 0.0 0.0 0.0 0.0 0.0 0.0 4.0452 4.0452 4.0452 4.0452
0.577 0 3 1.0 0.0 0.0 0.0 0.0 0.0 0.0 0.0 0.0 0.0 4.0452 4.0452 4.0452 4.0452
0.578 0 3 1.0 0.0 0.0 0.0 0.0 0.0 0.0 0.0 0.0 0.0 4.0452 4.0452 4.0452 4.0452
0.579 0 3 1.0 0.0 0.0 0.0 0.0 0.0 0.0 0.0 0.0 0.0 4.0452 4.0452 4.0452 4.0452
0.58 0 3 1.0 0.0 0.0 0.0 0.0 0.0 0.0 0.0 0.0 0.0 4.0452 4.0452 4.0452 4.0452
0.581 0 3 1.0 0.0 0.0 0.0 0.0 0.0 0.0 0.0 0.0 0.0 4.0452 4.0452 4.0452 4.0452
0.582 0 3 1.0 0.0 0.0 0.0 0.0 0.0 0.0 0.0 0.0 0.0 4.0452 4.0452 4.0452 4.0452
0.583 0 3 1.0 0.0 0.0 0.0 0.0 0.0 0.0 0.0 0.0 0.0 4.0452 4.0452 4.0452 4.0452
0.584 0 3 1.0 0.0 0.0 0.0 0.0 0.0 0.0 0.0 0.0 0.0 4.0452 4.0452 4.0452 4.0452
0.585 0 3 1.0 0.0 0.0 0.0 0.0 0.0 0.0 0.0 0.0 0.0 4.0452 4.0452 4.0452 4.0452
0.586 0 3 1.0 0.0 0.0 0.0 0.0 0.0 0.0 0.0 0.0 0.0 4.0452 4.0452 4.0452 4.0452
0.587 0 3 1.0 0.0 0.0 0.0 0.0 0.0 0.0 0.0 0.0 0.0 4.0452 4.0452 4.0452 4.0452
0.588 0 3 1.0 0.0 0.0 0.0 0.0 0.0 0.0 0.0 0.0 0.0 4.0452 4.0452 4.0452 4.0452
0.589 0 3 1.0 0.0 0.0 0.0 0.0 0.0 0.0 0.0 0.0 0.0 4.0452 4.0452 4.0452 4.0452
0.59 0 3 1.0 0.0 0.0 0.0 0.0 0.0 0.0 0.0 0.0 0.0 4.0452 4.0452 4.0452 4.0452
0.591 0 3 1.0 0.0 0.0 0.0 0.0 0.0 0.0 0.0 0.0 0.0 4.0452 4.0452 4.0452 4.0452
0.592 0 3 1.0 0.0 0.0 0.0 0.0 0.0 0.0 0.0 0.0 0.0 4.0452 4.0452 4.0452 4.0452
0.593 0 3 1.0 0.0 0.0 0.0 0.0 0.0 0.0 0.0 0.0 0.0 4.0452 4.0452 4.0452 4.0452
0.594 0 3 1.0 0.0 0.0 0.0 0.0 0.0 0.0 0.0 0.0 0.0 4.0452 4.0452 4.0452 4.0452
0.595 0 3 1.0 0.0 0.0 0.0 0.0 0.0 0.0 0.0 0.0 0.0 4.0452 4.0452 4.0452 4.0452
0.596 0 3 1.0 0.0 0.0 0.0 0.0 0.0 0.0 0.0 0.0 0.0 4.0452 4.0452 4.0452 4.0452
0.597 0 3 1.0 0.0 0.0 0.0 0.0 0.0 0.0 0.0 0.0 0.0 4.0452 4.0452 4.0452 4.0452
0.598 0 3 1.0 0.0 0.0 0.0 0.0 0.0 0.0 0.0 0.0 0.0 4.0452 4.0452 4.0452 4.0452
0.599 0 3 1.0 0.0 0.0 0.0 0.0 0.0 0.0 0.0 0.0 0.0 4.0452 4.0452 4.0452 4.0452
0.6 0 3 1.0 0.0 0.0 0.0 0.0 0.0 0.0 0.0 0.0 0.0 4.0452 4.0452 4.0452 4.0452
0.601 0 3 1.0 0.0 0.0 0.0 0.0 0.0 0.0 0.0 0.0 0.0 4.0452 4.0452 4.0452 4.0452
0.602 0 3 1.0 0.0 0.0 0.0 0.0 0.0 0.0 0.0 0.0 0.0 4.0452 4.0452 4.0452 4.0452
0.603 0 3 1.0 0.0 0.0 0.0 0.0 0.0 0.0 0.0 0.0 0.0 4.0452 4.0452 4.0452 4.0452
0.604 0 3 1.0 0.0 0.0 0.0 0.0 0.0 0.0 0.0 0.0 0.0 4.0452 4.0452 4.0452 4.0452
0.605 0 3 1.0 0.0 0.0 0.0 0.0 0.0 0.0 0.0 0.0 0.0 4.0452 4.0452 4.0452 4.0452
0.606 0 3 1.0 0.0 0.0 0.0 0.0 0.0 0.0 0.0 0.0 0.0 4.0452 4.0452 4.0452 4.0452
0.607 0 3 1.0 0.0 0.0 0.0 0.0 0.0 0.0 0.0 0.0 0.0 4.0452 4.0452 4.0452 4.0452
0.608 0 3 1.0 0.0 0.0 0.0 0.0 0.0 0.0 0.0 0.0 0.0 4.0452 4.0452 4.0452 4.0452
0.609 0 3 1.0 0.0 0.0 0.0 0.0 0.0 0.0 0.0 0.0 0.0 4.0452 4.0452 4.0452 4.0452
0.61 0 3 1.0 0.0 0.0 0.0 0.0 0.0 0.0 0.0 0.0 0.0 4.0452 4.0452 4.0452 4.0452
0.611 0 3 1.0 0.0 0.0 0.0 0.0 0.0 0.0 0.0 0.0 0.0 4.0452 4.0452 4.0452 4.0452
0.612 0 3 1.0 0.0 0.0 0.0 0.0 0.0 0.0 0.0 0.0 0.0 4.0452 4.0452 4.0452 4.0452
0.613 0 3 1.0 0.0 0.0 0.0 0.0 0.0 0.0 0.0 0.0 0.0 4.0452 4.0452 4.0452 4.0452
0.614 0 3 1.0 0.0 0.0 0.0 0.0 0.0 0.0 0.0 0.0 0.0 4.0452 4.0452 4.0452 4.0452
0.615 0 3 1.0 0.0 0.0 0.0 0.0 0.0 0.0 0.0 0.0 0.0 4.0452 4.0452 4.0452 4.0452
0.616 0 3 1.0 0.0 0.0 0.0 0.0 0.0 0.0 0.0 0.0 0.0 4.0452 4.0452 4.0452 4.0452
0.617 0 3 1.0 0.0 0.0 0.0 0.0 0.0 0.0 0.0 0.0 0.0 4.0452 4.0452 4.0452 4.0452
0.618 0 3 1.0 0.0 0.0 0.0 0.0 0.0 0.0 0.0 0.0 0.0 4.0452 4.0452 4.0452 4.0452
0.619 0 3 1.0 0.0 0.0 0.0 0.0 0.0 0.0 0.0 0.0 0.0 4.0452 4.0452 4.0452 4.0452
0.62 0 3 1.0 0.0 0.0 0.0 0.0 0.0 0.0 0.0 0.0 0.0 4.0452 4.0452 4.0452 4.0452
0.621 0 3 1.0 0.0 0.0 0.0 0.0 0.0 0.0 0.0 0.0 0.0 4.0452 4.0452 4.0452 4.0452
0.622 0 3 1.0 0.0 0.0 0.0 0.0 0.0 0.0 0.0 0.0 0.0 4.0452 4.0452 4.0452 4.0452
0.623 0 3 1.0 0.0 0.0 0.0 0.0 0.0 0.0 0.0 0.0 0.0 4.0452 4.0452 4.0452 4.0452
0.624 0 3 1.0 0.0 0.0 0.0 0.0 0.0 0.0 0.0 0.0 0.0 4.0452 4.0452 4.0452 4.0452
0.625 0 3 1.0 0.0 0.0 0.0 0.0 0.0 0.0 0.0 0.0 0.0 4.0452 4.0452 4.0452 4.0452
0.626 0 3 1.0 0.0 0.0 0.0 0.0 0.0 0.0 0.0 0.0 0.0 4.0452 4.0452 4.0452 4.0452
0.627 0 3 1.0 0.0 0.0 0.0 0.0 0.0 0.0 0.0 0.0 0.0 4.0452 4.0452 4.0452 4.0452
0.628 0 3 1.0 0.0 0.0 0.0 0.0 0.0 0.0 0.0 0.0 0.0 4.0452 4.0452 4.0452 4.0452
0.629 0 3 1.0 0.0 0.0 0.0 0.0 0.0 0.0 0.0 0.0 0.0 4.0452 4.0452 4.0452 4.0452
0.63 0 3 1.0 0.0 0.0 0.0 0.0 0.0 0.0 0.0 0.0 0.0 4.0452 4.0452 4.0452 4.0452
0.631 0 3 1.0 0.0 0.0 0.0 0.0 0.0 0.0 0.0 0.0 0.0 4.0452 4.0452 4.0452 4.0452
0.632 0 3 1.0 0.0 0.0 0.0 0.0 0.0 0.0 0.0 0.0 0.0 4.0452 4.0452 4.0452 4.0452
0.633 0 3 1.0 0.0 0.0 0.0 0.0 0.0 0.0 0.0 0.0 0.0 4.0452 4.0452 4.0452 4.0452
0.634 0 3 1.0 0.0 0.0 0.0 0.0 0.0 0.0 0.0 0.0 0.0 4.0452 4.0452 4.0452 4.0452
0.635 0 3 1.0 0.0 0.0 0.0 0.0 0.0 0.0 0.0 0.0 0.0 4.0452 4.0452 4.0452 4.0452
0.636 0 3 1.0 0.0 0.0 0.0 0.0 0.0 0.0 0.0 0.0 0.0 4.0452 4.0452 4.0452 4.0452
0.637 0 3 1.0 0.0 0.0 0.0 0.0 0.0 0.0 0.0 0.0 0.0 4.0452 4.0452 4.0452 4.0452
0.638 0 3 1.0 0.0 0.0 0.0 0.0 0.0 0.0 0.0 0.0 0.0 4.0452 4.0452 4.0452 4.0452
0.639 0 3 1.0 0.0 0.0 0.0 0.0 0.0 0.0 0.0 0.0 0.0 4.0452 4.0452 4.0452 4.0452
0.64 0 3 1.0 0.0 0.0 0.0 0.0 0.0 0.0 0.0 0.0 0.0 4.0452 4.0452 4.0452 4.0452
0.641 0 3 1.0 0.0 0.0 0.0 0.0 0.0 0.0 0.0 0.0 0.0 4.0452 4.0452 4.0452 4.0452
0.642 0 3 1.0 0.0 0.0 0.0 0.0 0.0 0.0 0.0 0.0 0.0 4.0452 4.0452 4.0452 4.0452
0.643 0 3 1.0 0.0 0.0 0.0 0.0 0.0 0.0 0.0 0.0 0.0 4.0452 4.0452 4.0452 4.0452
0.644 0 3 1.0 0.0 0.0 0.0 0.0 0.0 0.0 0.0 0.0 0.0 4.0452 4.0452 4.0452 4.0452
0.645 0 3 1.0 0.0 0.0 0.0 0.0 0.0 0.0 0.0 0.0 0.0 4.0452 4.0452 4.0452 4.0452
0.646 0 3 1.0 0.0 0.0 0.0 0.0 0.0 0.0 0.0 0.0 0.0 4.0452 4.0452 4.0452 4.0452
0.647 0 3 1.0 0.0 0.0 0.0 0.0 0.0 0.0 0.0 0.0 0.0 4.0452 4.0452 4.0452 4.0452
0.648 0 3 1.0 0.0 0.0 0.0 0.0 0.0 0.0 0.0 0.0 0.0 4.0452 4.0452 4.0452 4.0452
0.649 0 3 1.0 0.0 0.0 0.0 0.0 0.0 0.0 0.0 0.0 0.0 4.0452 4.0452 4.0452 4.0452
0.65 0 3 1.0 0.0 0.0 0.0 0.0 0.0 0.0 0.0 0.0 0.0 4.0452 4.0452 4.0452 4.0452
0.651 0 3 1.0 0.0 0.0 0.0 0.0 0.0 0.0 0.0 0.0 0.0 4.0452 4.0452 4.0452 4.0452
0.652 0 3 1.0 0.0 0.0 0.0 0.0 0.0 0.0 0.0 0.0 0.0 4.0452 4.0452 4.0452 4.0452
0.653 0 3 1.0 0.0 0.0 0.0 0.0 0.0 0.0 0.0 0.0 0.0 4.0452 4.0452 4.0452 4.0452
0.654 0 3 1.0 0.0 0.0 0.0 0.0 0.0 0.0 0.0 0.0 0.0 4.0452 4.0452 4.0452 4.0452
0.655 0 3 1.0 0.0 0.0 0.0 0.0 0.0 0.0 0.0 0.0 0.0 4.0452 4.0452 4.0452 4.0452
0.656 0 3 1.0 0.0 0.0 0.0 0.0 0.0 0.0 0.0 0.0 0.0 4.0452 4.0452 4.0452 4.0452
0.657 0 3 1.0 0.0 0.0 0.0 0.0 0.0 0.0 0.0 0.0 0.0 4.0452 4.0452 4.0452 4.0452
0.658 0 3 1.0 0.0 0.0 0.0 0.0 0.0 0.0 0.0 0.0 0.0 4.0452 4.0452 4.0452 4.0452
0.659 0 3 1.0 0.0 0.0 0.0 0.0 0.0 0.0 0.0 0.0 0.0 4.0452 4.0452 4.0452 4.0452
0.66 0 3 1.0 0.0 0.0 0.0 0.0 0.0 0.0 0.0 0.0 0.0 4.0452 4.0452 4.0452 4.0452
0.661 0 3 1.0 0.0 0.0 0.0 0.0 0.0 0.0 0.0 0.0 0.0 4.0452 4.0452 4.0452 4.0452
0.662 0 3 1.0 0.0 0.0 0.0 0.0 0.0 0.0 0.0 0.0 0.0 4.0452 4.0452 4.0452 4.0452
0.663 0 3 1.0 0.0 0.0 0.0 0.0 0.0 0.0 0.0 0.0 0.0 4.0452 4.0452 4.0452 4.0452
0.664 0 3 1.0 0.0 0.0 0.0 0.0 0.0 0.0 0.0 0.0 0.0 4.0452 4.0452 4.0452 4.0452
0.665 0 3 1.0 0.0 0.0 0.0 0.0 0.0 0.0 0.0 0.0 0.0 4.0452 4.0452 4.0452 4.0452
0.666 0 3 1.0 0.0 0.0 0.0 0.0 0.0 0.0 0.0 0.0 0.0 4.0452 4.0452 4.0452 4.0452
0.667 0 3 1.0 0.0 0.0 0.0 0.0 0.0 0.0 0.0 0.0 0.0 4.0452 4.0452 4.0452 4.0452
0.668 0 3 1.0 0.0 0.0 0.0 0.0 0.0 0.0 0.0 0.0 0.0 4.0452 4.0452 4.0452 4.0452
0.669 0 3 1.0 0.0 0.0 0.0 0.0 0.0 0.0 0.0 0.0 0.0 4.0452 4.0452 4.0452 4.0452
0.67 0 3 1.0 0.0 0.0 0.0 0.0 0.0 0.0 0.0 0.0 0.0 4.0452 4.0452 4.0452 4.0452
0.671 0 3 1.0 0.0 0.0 0.0 0.0 0.0 0.0 0.0 0.0 0.0 4.0452 4.0452 4.0452 4.0452
0.672 0 3 1.0 0.0 0.0 0.0 0.0 0.0 0.0 0.0 0.0 0.0 4.0452 4.0452 4.0452 4.0452
0.673 0 3 1.0 0.0 0.0 0.0 0.0 0.0 0.0 0.0 0.0 0.0 4.0452 4.0452 4.0452 4.0452
0.674 0 3 1.0 0.0 0.0 0.0 0.0 0.0 0.0 0.0 0.0 0.0 4.0452 4.0452 4.0452 4.0452
0.675 0 3 1.0 0.0 0.0 0.0 0.0 0.0 0.0 0.0 0.0 0.0 4.0452 4.0452 4.0452 4.0452
0.676 0 3 1.0 0.0 0.0 0.0 0.0 0.0 0.0 0.0 0.0 0.0 4.0452 4.0452 4.0452 4.0452
0.677 0 3 1.0 0.0 0.0 0.0 0.0 0.0 0.0 0.0 0.0 0.0 4.0452 4.0452 4.0452 4.0452
0.678 0 3 1.0 0.0 0.0 0.0 0.0 0.0 0.0 0.0 0.0 0.0 4.0452 4.0452 4.0452 4.0452
0.679 0 3 1.0 0.0 0.0 0.0 0.0 0.0 0.0 0.0 0.0 0.0 4.0452 4.0452 4.0452 4.0452
0.68 0 3 1.0 0.0 0.0 0.0 0.0 0.0 0.0 0.0 0.0 0.0 4.0452 4.0452 4.0452 4.0452
0.681 0 3 1.0 0.0 0.0 0.0 0.0 0.0 0.0 0.0 0.0 0.0 4.0452 4.0452 4.0452 4.0452
0.682 0 3 1.0 0.0 0.0 0.0 0.0 0.0 0.0 0.0 0.0 0.0 4.0452 4.0452 4.0452 4.0452
0.683 0 3 1.0 0.0 0.0 0.0 0.0 0.0 0.0 0.0 0.0 0.0 4.0452 4.0452 4.0452 4.0452
0.684 0 3 1.0 0.0 0.0 0.0 0.0 0.0 0.0 0.0 0.0 0.0 4.0452 4.0452 4.0452 4.0452
0.685 0 3 1.0 0.0 0.0 0.0 0.0 0.0 0.0 0.0 0.0 0.0 4.0452 4.0452 4.0452 4.0452
0.686 0 3 1.0 0.0 0.0 0.0 0.0 0.0 0.0 0.0 0.0 0.0 4.0452 4.0452 4.0452 4.0452
0.687 0 3 1.0 0.0 0.0 0.0 0.0 0.0 0.0 0.0 0.0 0.0 4.0452 4.0452 4.0452 4.0452
0.6880000000000001 0 3 1.0 0.0 0.0 0.0 0.0 0.0 0.0 0.0 0.0 0.0 4.0452 4.0452 4.0452 4.0452
0.6890000000000001 0 3 1.0 0.0 0.0 0.0 0.0 0.0 0.0 0.0 0.0 0.0 4.0452 4.0452 4.0452 4.0452
0.6900000000000001 0 3 1.0 0.0 0.0 0.0 0.0 0.0 0.0 0.0 0.0 0.0 4.0452 4.0452 4.0452 4.0452
0.6910000000000001 0 3 1.0 0.0 0.0 0.0 0.0 0.0 0.0 0.0 0.0 0.0 4.0452 4.0452 4.0452 4.0452
0.6920000000000001 0 3 1.0 0.0 0.0 0.0 0.0 0.0 0.0 0.0 0.0 0.0 4.0452 4.0452 4.0452 4.0452
0.6930000000000001 0 3 1.0 0.0 0.0 0.0 0.0 0.0 0.0 0.0 0.0 0.0 4.0452 4.0452 4.0452 4.0452
0.6940000000000001 0 3 1.0 0.0 0.0 0.0 0.0 0.0 0.0 0.0 0.0 0.0 4.0452 4.0452 4.0452 4.0452
0.6950000000000001 0 3 1.0 0.0 0.0 0.0 0.0 0.0 0.0 0.0 0.0 0.0 4.0452 4.0452 4.0452 4.0452
0.6960000000000001 0 3 1.0 0.0 0.0 0.0 0.0 0.0 0.0 0.0 0.0 0.0 4.0452 4.0452 4.0452 4.0452
0.6970000000000001 0 3 1.0 0.0 0.0 0.0 0.0 0.0 0.0 0.0 0.0 0.0 4.0452 4.0452 4.0452 4.0452
0.6980000000000001 0 3 1.0 0.0 0.0 0.0 0.0 0.0 0.0 0.0 0.0 0.0 4.0452 4.0452 4.0452 4.0452
0.6990000000000001 0 3 1.0 0.0 0.0 0.0 0.0 0.0 0.0 0.0 0.0 0.0 4.0452 4.0452 4.0452 4.0452
0.7000000000000001 0 3 1.0 0.0 0.0 0.0 0.0 0.0 0.0 0.0 0.0 0.0 4.0452 4.0452 4.0452 4.0452
0.7010000000000001 0 3 1.0 0.0 0.0 0.0 0.0 0.0 0.0 0.0 0.0 0.0 4.0452 4.0452 4.0452 4.0452
0.7020000000000001 0 3 1.0 0.0 0.0 0.0 0.0 0.0 0.0 0.0 0.0 0.0 4.0452 4.0452 4.0452 4.0452
0.7030000000000001 0 3 1.0 0.0 0.0 0.0 0.0 0.0 0.0 0.0 0.0 0.0 4.0452 4.0452 4.0452 4.0452
0.704 0 3 1.0 0.0 0.0 0.0 0.0 0.0 0.0 0.0 0.0 0.0 4.0452 4.0452 4.0452 4.0452
0.705 0 3 1.0 0.0 0.0 0.0 0.0 0.0 0.0 0.0 0.0 0.0 4.0452 4.0452 4.0452 4.0452
0.706 0 3 1.0 0.0 0.0 0.0 0.0 0.0 0.0 0.0 0.0 0.0 4.0452 4.0452 4.0452 4.0452
0.707 0 3 1.0 0.0 0.0 0.0 0.0 0.0 0.0 0.0 0.0 0.0 4.0452 4.0452 4.0452 4.0452
0.708 0 3 1.0 0.0 0.0 0.0 0.0 0.0 0.0 0.0 0.0 0.0 4.0452 4.0452 4.0452 4.0452
0.709 0 3 1.0 0.0 0.0 0.0 0.0 0.0 0.0 0.0 0.0 0.0 4.0452 4.0452 4.0452 4.0452
0.71 0 3 1.0 0.0 0.0 0.0 0.0 0.0 0.0 0.0 0.0 0.0 4.0452 4.0452 4.0452 4.0452
0.711 0 3 1.0 0.0 0.0 0.0 0.0 0.0 0.0 0.0 0.0 0.0 4.0452 4.0452 4.0452 4.0452
0.712 0 3 1.0 0.0 0.0 0.0 0.0 0.0 0.0 0.0 0.0 0.0 4.0452 4.0452 4.0452 4.0452
0.713 0 3 1.0 0.0 0.0 0.0 0.0 0.0 0.0 0.0 0.0 0.0 4.0452 4.0452 4.0452 4.0452
0.714 0 3 1.0 0.0 0.0 0.0 0.0 0.0 0.0 0.0 0.0 0.0 4.0452 4.0452 4.0452 4.0452
0.715 0 3 1.0 0.0 0.0 0.0 0.0 0.0 0.0 0.0 0.0 0.0 4.0452 4.0452 4.0452 4.0452
0.716 0 3 1.0 0.0 0.0 0.0 0.0 0.0 0.0 0.0 0.0 0.0 4.0452 4.0452 4.0452 4.0452
0.717 0 3 1.0 0.0 0.0 0.0 0.0 0.0 0.0 0.0 0.0 0.0 4.0452 4.0452 4.0452 4.0452
0.718 0 3 1.0 0.0 0.0 0.0 0.0 0.0 0.0 0.0 0.0 0.0 4.0452 4.0452 4.0452 4.0452
0.719 0 3 1.0 0.0 0.0 0.0 0.0 0.0 0.0 0.0 0.0 0.0 4.0452 4.0452 4.0452 4.0452
0.72 0 3 1.0 0.0 0.0 0.0 0.0 0.0 0.0 0.0 0.0 0.0 4.0452 4.0452 4.0452 4.0452
0.721 0 3 1.0 0.0 0.0 0.0 0.0 0.0 0.0 0.0 0.0 0.0 4.0452 4.0452 4.0452 4.0452
0.722 0 3 1.0 0.0 0.0 0.0 0.0 0.0 0.0 0.0 0.0 0.0 4.0452 4.0452 4.0452 4.0452
0.723 0 3 1.0 0.0 0.0 0.0 0.0 0.0 0.0 0.0 0.0 0.0 4.0452 4.0452 4.0452 4.0452
0.724 0 3 1.0 0.0 0.0 0.0 0.0 0.0 0.0 0.0 0.0 0.0 4.0452 4.0452 4.0452 4.0452
0.725 0 3 1.0 0.0 0.0 0.0 0.0 0.0 0.0 0.0 0.0 0.0 4.0452 4.0452 4.0452 4.0452
0.726 0 3 1.0 0.0 0.0 0.0 0.0 0.0 0.0 0.0 0.0 0.0 4.0452 4.0452 4.0452 4.0452
0.727 0 3 1.0 0.0 0.0 0.0 0.0 0.0 0.0 0.0 0.0 0.0 4.0452 4.0452 4.0452 4.0452
0.728 0 3 1.0 0.0 0.0 0.0 0.0 0.0 0.0 0.0 0.0 0.0 4.0452 4.0452 4.0452 4.0452
0.729 0 3 1.0 0.0 0.0 0.0 0.0 0.0 0.0 0.0 0.0 0.0 4.0452 4.0452 4.0452 4.0452
0.73 0 3 1.0 0.0 0.0 0.0 0.0 0.0 0.0 0.0 0.0 0.0 4.0452 4.0452 4.0452 4.0452
0.731 0 3 1.0 0.0 0.0 0.0 0.0 0.0 0.0 0.0 0.0 0.0 4.0452 4.0452 4.0452 4.0452
0.732 0 3 1.0 0.0 0.0 0.0 0.0 0.0 0.0 0.0 0.0 0.0 4.0452 4.0452 4.0452 4.0452
0.733 0 3 1.0 0.0 0.0 0.0 0.0 0.0 0.0 0.0 0.0 0.0 4.0452 4.0452 4.0452 4.0452
0.734 0 3 1.0 0.0 0.0 0.0 0.0 0.0 0.0 0.0 0.0 0.0 4.0452 4.0452 4.0452 4.0452
0.735 0 3 1.0 0.0 0.0 0.0 0.0 0.0 0.0 0.0 0.0 0.0 4.0452 4.0452 4.0452 4.0452
0.736 0 3 1.0 0.0 0.0 0.0 0.0 0.0 0.0 0.0 0.0 0.0 4.0452 4.0452 4.0452 4.0452
0.737 0 3 1.0 0.0 0.0 0.0 0.0 0.0 0.0 0.0 0.0 0.0 4.0452 4.0452 4.0452 4.0452
0.738 0 3 1.0 0.0 0.0 0.0 0.0 0.0 0.0 0.0 0.0 0.0 4.0452 4.0452 4.0452 4.0452
0.739 0 3 1.0 0.0 0.0 0.0 0.0 0.0 0.0 0.0 0.0 0.0 4.0452 4.0452 4.0452 4.0452
0.74 0 3 1.0 0.0 0.0 0.0 0.0 0.0 0.0 0.0 0.0 0.0 4.0452 4.0452 4.0452 4.0452
0.741 0 3 1.0 0.0 0.0 0.0 0.0 0.0 0.0 0.0 0.0 0.0 4.0452 4.0452 4.0452 4.0452
0.742 0 3 1.0 0.0 0.0 0.0 0.0 0.0 0.0 0.0 0.0 0.0 4.0452 4.0452 4.0452 4.0452
0.743 0 3 1.0 0.0 0.0 0.0 0.0 0.0 0.0 0.0 0.0 0.0 4.0452 4.0452 4.0452 4.0452
0.744 0 3 1.0 0.0 0.0 0.0 0.0 0.0 0.0 0.0 0.0 0.0 4.0452 4.0452 4.0452 4.0452
0.745 0 3 1.0 0.0 0.0 0.0 0.0 0.0 0.0 0.0 0.0 0.0 4.0452 4.0452 4.0452 4.0452
0.746 0 3 1.0 0.0 0.0 0.0 0.0 0.0 0.0 0.0 0.0 0.0 4.0452 4.0452 4.0452 4.0452
0.747 0 3 1.0 0.0 0.0 0.0 0.0 0.0 0.0 0.0 0.0 0.0 4.0452 4.0452 4.0452 4.0452
0.748 0 3 1.0 0.0 0.0 0.0 0.0 0.0 0.0 0.0 0.0 0.0 4.0452 4.0452 4.0452 4.0452
0.749 0 3 1.0 0.0 0.0 0.0 0.0 0.0 0.0 0.0 0.0 0.0 4.0452 4.0452 4.0452 4.0452
0.75 0 3 1.0 0.0 0.0 0.0 0.0 0.0 0.0 0.0 0.0 0.0 4.0452 4.0452 4.0452 4.0452
0.751 0 3 1.0 0.0 0.0 0.0 0.0 0.0 0.0 0.0 0.0 0.0 4.0452 4.0452 4.0452 4.0452
0.752 0 3 1.0 0.0 0.0 0.0 0.0 0.0 0.0 0.0 0.0 0.0 4.0452 4.0452 4.0452 4.0452
0.753 0 3 1.0 0.0 0.0 0.0 0.0 0.0 0.0 0.0 0.0 0.0 4.0452 4.0452 4.0452 4.0452
0.754 0 3 1.0 0.0 0.0 0.0 0.0 0.0 0.0 0.0 0.0 0.0 4.0452 4.0452 4.0452 4.0452
0.755 0 3 1.0 0.0 0.0 0.0 0.0 0.0 0.0 0.0 0.0 0.0 4.0452 4.0452 4.0452 4.0452
0.756 0 3 1.0 0.0 0.0 0.0 0.0 0.0 0.0 0.0 0.0 0.0 4.0452 4.0452 4.0452 4.0452
0.757 0 3 1.0 0.0 0.0 0.0 0.0 0.0 0.0 0.0 0.0 0.0 4.0452 4.0452 4.0452 4.0452
0.758 0 3 1.0 0.0 0.0 0.0 0.0 0.0 0.0 0.0 0.0 0.0 4.0452 4.0452 4.0452 4.0452
0.759 0 3 1.0 0.0 0.0 0.0 0.0 0.0 0.0 0.0 0.0 0.0 4.0452 4.0452 4.0452 4.0452
0.76 0 3 1.0 0.0 0.0 0.0 0.0 0.0 0.0 0.0 0.0 0.0 4.0452 4.0452 4.0452 4.0452
0.761 0 3 1.0 0.0 0.0 0.0 0.0 0.0 0.0 0.0 0.0 0.0 4.0452 4.0452 4.0452 4.0452
0.762 0 3 1.0 0.0 0.0 0.0 0.0 0.0 0.0 0.0 0.0 0.0 4.0452 4.0452 4.0452 4.0452
0.763 0 3 1.0 0.0 0.0 0.0 0.0 0.0 0.0 0.0 0.0 0.0 4.0452 4.0452 4.0452 4.0452
0.764 0 3 1.0 0.0 0.0 0.0 0.0 0.0 0.0 0.0 0.0 0.0 4.0452 4.0452 4.0452 4.0452
0.765 0 3 1.0 0.0 0.0 0.0 0.0 0.0 0.0 0.0 0.0 0.0 4.0452 4.0452 4.0452 4.0452
0.766 0 3 1.0 0.0 0.0 0.0 0.0 0.0 0.0 0.0 0.0 0.0 4.0452 4.0452 4.0452 4.0452
0.767 0 3 1.0 0.0 0.0 0.0 0.0 0.0 0.0 0.0 0.0 0.0 4.0452 4.0452 4.0452 4.0452
0.768 0 3 1.0 0.0 0.0 0.0 0.0 0.0 0.0 0.0 0.0 0.0 4.0452 4.0452 4.0452 4.0452
0.769 0 3 1.0 0.0 0.0 0.0 0.0 0.0 0.0 0.0 0.0 0.0 4.0452 4.0452 4.0452 4.0452
0.77 0 3 1.0 0.0 0.0 0.0 0.0 0.0 0.0 0.0 0.0 0.0 4.0452 4.0452 4.0452 4.0452
0.771 0 3 1.0 0.0 0.0 0.0 0.0 0.0 0.0 0.0 0.0 0.0 4.0452 4.0452 4.0452 4.0452
0.772 0 3 1.0 0.0 0.0 0.0 0.0 0.0 0.0 0.0 0.0 0.0 4.0452 4.0452 4.0452 4.0452
0.773 0 3 1.0 0.0 0.0 0.0 0.0 0.0 0.0 0.0 0.0 0.0 4.0452 4.0452 4.0452 4.0452
0.774 0 3 1.0 0.0 0.0 0.0 0.0 0.0 0.0 0.0 0.0 0.0 4.0452 4.0452 4.0452 4.0452
0.775 0 3 1.0 0.0 0.0 0.0 0.0 0.0 0.0 0.0 0.0 0.0 4.0452 4.0452 4.0452 4.0452
0.776 0 3 1.0 0.0 0.0 0.0 0.0 0.0 0.0 0.0 0.0 0.0 4.0452 4.0452 4.0452 4.0452
0.777 0 3 1.0 0.0 0.0 0.0 0.0 0.0 0.0 0.0 0.0 0.0 4.0452 4.0452 4.0452 4.0452
0.778 0 3 1.0 0.0 0.0 0.0 0.0 0.0 0.0 0.0 0.0 0.0 4.0452 4.0452 4.0452 4.0452
0.779 0 3 1.0 0.0 0.0 0.0 0.0 0.0 0.0 0.0 0.0 0.0 4.0452 4.0452 4.0452 4.0452
0.78 0 3 1.0 0.0 0.0 0.0 0.0 0.0 0.0 0.0 0.0 0.0 4.0452 4.0452 4.0452 4.0452
0.781 0 3 1.0 0.0 0.0 0.0 0.0 0.0 0.0 0.0 0.0 0.0 4.0452 4.0452 4.0452 4.0452
0.782 0 3 1.0 0.0 0.0 0.0 0.0 0.0 0.0 0.0 0.0 0.0 4.0452 4.0452 4.0452 4.0452
0.783 0 3 1.0 0.0 0.0 0.0 0.0 0.0 0.0 0.0 0.0 0.0 4.0452 4.0452 4.0452 4.0452
0.784 0 3 1.0 0.0 0.0 0.0 0.0 0.0 0.0 0.0 0.0 0.0 4.0452 4.0452 4.0452 4.0452
0.785 0 3 1.0 0.0 0.0 0.0 0.0 0.0 0.0 0.0 0.0 0.0 4.0452 4.0452 4.0452 4.0452
0.786 0 3 1.0 0.0 0.0 0.0 0.0 0.0 0.0 0.0 0.0 0.0 4.0452 4.0452 4.0452 4.0452
0.787 0 3 1.0 0.0 0.0 0.0 0.0 0.0 0.0 0.0 0.0 0.0 4.0452 4.0452 4.0452 4.0452
0.788 0 3 1.0 0.0 0.0 0.0 0.0 0.0 0.0 0.0 0.0 0.0 4.0452 4.0452 4.0452 4.0452
0.789 0 3 1.0 0.0 0.0 0.0 0.0 0.0 0.0 0.0 0.0 0.0 4.0452 4.0452 4.0452 4.0452
0.79 0 3 1.0 0.0 0.0 0.0 0.0 0.0 0.0 0.0 0.0 0.0 4.0452 4.0452 4.0452 4.0452
0.791 0 3 1.0 0.0 0.0 0.0 0.0 0.0 0.0 0.0 0.0 0.0 4.0452 4.0452 4.0452 4.0452
0.792 0 3 1.0 0.0 0.0 0.0 0.0 0.0 0.0 0.0 0.0 0.0 4.0452 4.0452 4.0452 4.0452
0.793 0 3 1.0 0.0 0.0 0.0 0.0 0.0 0.0 0.0 0.0 0.0 4.0452 4.0452 4.0452 4.0452
0.794 0 3 1.0 0.0 0.0 0.0 0.0 0.0 0.0 0.0 0.0 0.0 4.0452 4.0452 4.0452 4.0452
0.795 0 3 1.0 0.0 0.0 0.0 0.0 0.0 0.0 0.0 0.0 0.0 4.0452 4.0452 4.0452 4.0452
0.796 0 3 1.0 0.0 0.0 0.0 0.0 0.0 0.0 0.0 0.0 0.0 4.0452 4.0452 4.0452 4.0452
0.797 0 3 1.0 0.0 0.0 0.0 0.0 0.0 0.0 0.0 0.0 0.0 4.0452 4.0452 4.0452 4.0452
0.798 0 3 1.0 0.0 0.0 0.0 0.0 0.0 0.0 0.0 0.0 0.0 4.0452 4.0452 4.0452 4.0452
0.799 0 3 1.0 0.0 0.0 0.0 0.0 0.0 0.0 0.0 0.0 0.0 4.0452 4.0452 4.0452 4.0452
0.8 0 3 1.0 0.0 0.0 0.0 0.0 0.0 0.0 0.0 0.0 0.0 4.0452 4.0452 4.0452 4.0452
0.801 0 3 1.0 0.0 0.0 0.0 0.0 0.0 0.0 0.0 0.0 0.0 4.0452 4.0452 4.0452 4.0452
0.802 0 3 1.0 0.0 0.0 0.0 0.0 0.0 0.0 0.0 0.0 0.0 4.0452 4.0452 4.0452 4.0452
0.803 0 3 1.0 0.0 0.0 0.0 0.0 0.0 0.0 0.0 0.0 0.0 4.0452 4.0452 4.0452 4.0452
0.804 0 3 1.0 0.0 0.0 0.0 0.0 0.0 0.0 0.0 0.0 0.0 4.0452 4.0452 4.0452 4.0452
0.805 0 3 1.0 0.0 0.0 0.0 0.0 0.0 0.0 0.0 0.0 0.0 4.0452 4.0452 4.0452 4.0452
0.806 0 3 1.0 0.0 0.0 0.0 0.0 0.0 0.0 0.0 0.0 0.0 4.0452 4.0452 4.0452 4.0452
0.807 0 3 1.0 0.0 0.0 0.0 0.0 0.0 0.0 0.0 0.0 0.0 4.0452 4.0452 4.0452 4.0452
0.808 0 3 1.0 0.0 0.0 0.0 0.0 0.0 0.0 0.0 0.0 0.0 4.0452 4.0452 4.0452 4.0452
0.809 0 3 1.0 0.0 0.0 0.0 0.0 0.0 0.0 0.0 0.0 0.0 4.0452 4.0452 4.0452 4.0452
0.81 0 3 1.0 0.0 0.0 0.0 0.0 0.0 0.0 0.0 0.0 0.0 4.0452 4.0452 4.0452 4.0452
0.811 0 3 1.0 0.0 0.0 0.0 0.0 0.0 0.0 0.0 0.0 0.0 4.0452 4.0452 4.0452 4.0452
0.812 0 3 1.0 0.0 0.0 0.0 0.0 0.0 0.0 0.0 0.0 0.0 4.0452 4.0452 4.0452 4.0452
0.8130000000000001 0 3 1.0 0.0 0.0 0.0 0.0 0.0 0.0 0.0 0.0 0.0 4.0452 4.0452 4.0452 4.0452
0.8140000000000001 0 3 1.0 0.0 0.0 0.0 0.0 0.0 0.0 0.0 0.0 0.0 4.0452 4.0452 4.0452 4.0452
0.8150000000000001 0 3 1.0 0.0 0.0 0.0 0.0 0.0 0.0 0.0 0.0 0.0 4.0452 4.0452 4.0452 4.0452
0.8160000000000001 0 3 1.0 0.0 0.0 0.0 0.0 0.0 0.0 0.0 0.0 0.0 4.0452 4.0452 4.0452 4.0452
0.8170000000000001 0 3 1.0 0.0 0.0 0.0 0.0 0.0 0.0 0.0 0.0 0.0 4.0452 4.0452 4.0452 4.0452
0.8180000000000001 0 3 1.0 0.0 0.0 0.0 0.0 0.0 0.0 0.0 0.0 0.0 4.0452 4.0452 4.0452 4.0452
0.8190000000000001 0 3 1.0 0.0 0.0 0.0 0.0 0.0 0.0 0.0 0.0 0.0 4.0452 4.0452 4.0452 4.0452
0.8200000000000001 0 3 1.0 0.0 0.0 0.0 0.0 0.0 0.0 0.0 0.0 0.0 4.0452 4.0452 4.0452 4.0452
0.8210000000000001 0 3 1.0 0.0 0.0 0.0 0.0 0.0 0.0 0.0 0.0 0.0 4.0452 4.0452 4.0452 4.0452
0.8220000000000001 0 3 1.0 0.0 0.0 0.0 0.0 0.0 0.0 0.0 0.0 0.0 4.0452 4.0452 4.0452 4.0452
0.8230000000000001 0 3 1.0 0.0 0.0 0.0 0.0 0.0 0.0 0.0 0.0 0.0 4.0452 4.0452 4.0452 4.0452
0.8240000000000001 0 3 1.0 0.0 0.0 0.0 0.0 0.0 0.0 0.0 0.0 0.0 4.0452 4.0452 4.0452 4.0452
0.8250000000000001 0 3 1.0 0.0 0.0 0.0 0.0 0.0 0.0 0.0 0.0 0.0 4.0452 4.0452 4.0452 4.0452
0.8260000000000001 0 3 1.0 0.0 0.0 0.0 0.0 0.0 0.0 0.0 0.0 0.0 4.0452 4.0452 4.0452 4.0452
0.8270000000000001 0 3 1.0 0.0 0.0 0.0 0.0 0.0 0.0 0.0 0.0 0.0 4.0452 4.0452 4.0452 4.0452
0.8280000000000001 0 3 1.0 0.0 0.0 0.0 0.0 0.0 0.0 0.0 0.0 0.0 4.0452 4.0452 4.0452 4.0452
0.8290000000000001 0 3 1.0 0.0 0.0 0.0 0.0 0.0 0.0 0.0 0.0 0.0 4.0452 4.0452 4.0452 4.0452
0.8300000000000001 0 3 1.0 0.0 0.0 0.0 0.0 0.0 0.0 0.0 0.0 0.0 4.0452 4.0452 4.0452 4.0452
0.8310000000000001 0 3 1.0 0.0 0.0 0.0 0.0 0.0 0.0 0.0 0.0 0.0 4.0452 4.0452 4.0452 4.0452
0.8320000000000001 0 3 1.0 0.0 0.0 0.0 0.0 0.0 0.0 0.0 0.0 0.0 4.0452 4.0452 4.0452 4.0452
0.833 0 3 1.0 0.0 0.0 0.0 0.0 0.0 0.0 0.0 0.0 0.0 4.0452 4.0452 4.0452 4.0452
0.834 0 3 1.0 0.0 0.0 0.0 0.0 0.0 0.0 0.0 0.0 0.0 4.0452 4.0452 4.0452 4.0452
0.835 0 3 1.0 0.0 0.0 0.0 0.0 0.0 0.0 0.0 0.0 0.0 4.0452 4.0452 4.0452 4.0452
0.836 0 3 1.0 0.0 0.0 0.0 0.0 0.0 0.0 0.0 0.0 0.0 4.0452 4.0452 4.0452 4.0452
0.837 0 3 1.0 0.0 0.0 0.0 0.0 0.0 0.0 0.0 0.0 0.0 4.0452 4.0452 4.0452 4.0452
0.838 0 3 1.0 0.0 0.0 0.0 0.0 0.0 0.0 0.0 0.0 0.0 4.0452 4.0452 4.0452 4.0452
0.839 0 3 1.0 0.0 0.0 0.0 0.0 0.0 0.0 0.0 0.0 0.0 4.0452 4.0452 4.0452 4.0452
0.84 0 3 1.0 0.0 0.0 0.0 0.0 0.0 0.0 0.0 0.0 0.0 4.0452 4.0452 4.0452 4.0452
0.841 0 3 1.0 0.0 0.0 0.0 0.0 0.0 0.0 0.0 0.0 0.0 4.0452 4.0452 4.0452 4.0452
0.842 0 3 1.0 0.0 0.0 0.0 0.0 0.0 0.0 0.0 0.0 0.0 4.0452 4.0452 4.0452 4.0452
0.843 0 3 1.0 0.0 0.0 0.0 0.0 0.0 0.0 0.0 0.0 0.0 4.0452 4.0452 4.0452 4.0452
0.844 0 3 1.0 0.0 0.0 0.0 0.0 0.0 0.0 0.0 0.0 0.0 4.0452 4.0452 4.0452 4.0452
0.845 0 3 1.0 0.0 0.0 0.0 0.0 0.0 0.0 0.0 0.0 0.0 4.0452 4.0452 4.0452 4.0452
0.846 0 3 1.0 0.0 0.0 0.0 0.0 0.0 0.0 0.0 0.0 0.0 4.0452 4.0452 4.0452 4.0452
0.847 0 3 1.0 0.0 0.0 0.0 0.0 0.0 0.0 0.0 0.0 0.0 4.0452 4.0452 4.0452 4.0452
0.848 0 3 1.0 0.0 0.0 0.0 0.0 0.0 0.0 0.0 0.0 0.0 4.0452 4.0452 4.0452 4.0452
0.849 0 3 1.0 0.0 0.0 0.0 0.0 0.0 0.0 0.0 0.0 0.0 4.0452 4.0452 4.0452 4.0452
0.85 0 3 1.0 0.0 0.0 0.0 0.0 0.0 0.0 0.0 0.0 0.0 4.0452 4.0452 4.0452 4.0452
0.851 0 3 1.0 0.0 0.0 0.0 0.0 0.0 0.0 0.0 0.0 0.0 4.0452 4.0452 4.0452 4.0452
0.852 0 3 1.0 0.0 0.0 0.0 0.0 0.0 0.0 0.0 0.0 0.0 4.0452 4.0452 4.0452 4.0452
0.853 0 3 1.0 0.0 0.0 0.0 0.0 0.0 0.0 0.0 0.0 0.0 4.0452 4.0452 4.0452 4.0452
0.854 0 3 1.0 0.0 0.0 0.0 0.0 0.0 0.0 0.0 0.0 0.0 4.0452 4.0452 4.0452 4.0452
0.855 0 3 1.0 0.0 0.0 0.0 0.0 0.0 0.0 0.0 0.0 0.0 4.0452 4.0452 4.0452 4.0452
0.856 0 3 1.0 0.0 0.0 0.0 0.0 0.0 0.0 0.0 0.0 0.0 4.0452 4.0452 4.0452 4.0452
0.857 0 3 1.0 0.0 0.0 0.0 0.0 0.0 0.0 0.0 0.0 0.0 4.0452 4.0452 4.0452 4.0452
0.858 0 3 1.0 0.0 0.0 0.0 0.0 0.0 0.0 0.0 0.0 0.0 4.0452 4.0452 4.0452 4.0452
0.859 0 3 1.0 0.0 0.0 0.0 0.0 0.0 0.0 0.0 0.0 0.0 4.0452 4.0452 4.0452 4.0452
0.86 0 3 1.0 0.0 0.0 0.0 0.0 0.0 0.0 0.0 0.0 0.0 4.0452 4.0452 4.0452 4.0452
0.861 0 3 1.0 0.0 0.0 0.0 0.0 0.0 0.0 0.0 0.0 0.0 4.0452 4.0452 4.0452 4.0452
0.862 0 3 1.0 0.0 0.0 0.0 0.0 0.0 0.0 0.0 0.0 0.0 4.0452 4.0452 4.0452 4.0452
0.863 0 3 1.0 0.0 0.0 0.0 0.0 0.0 0.0 0.0 0.0 0.0 4.0452 4.0452 4.0452 4.0452
0.864 0 3 1.0 0.0 0.0 0.0 0.0 0.0 0.0 0.0 0.0 0.0 4.0452 4.0452 4.0452 4.0452
0.865 0 3 1.0 0.0 0.0 0.0 0.0 0.0 0.0 0.0 0.0 0.0 4.0452 4.0452 4.0452 4.0452
0.866 0 3 1.0 0.0 0.0 0.0 0.0 0.0 0.0 0.0 0.0 0.0 4.0452 4.0452 4.0452 4.0452
0.867 0 3 1.0 0.0 0.0 0.0 0.0 0.0 0.0 0.0 0.0 0.0 4.0452 4.0452 4.0452 4.0452
0.868 0 3 1.0 0.0 0.0 0.0 0.0 0.0 0.0 0.0 0.0 0.0 4.0452 4.0452 4.0452 4.0452
0.869 0 3 1.0 0.0 0.0 0.0 0.0 0.0 0.0 0.0 0.0 0.0 4.0452 4.0452 4.0452 4.0452
0.87 0 3 1.0 0.0 0.0 0.0 0.0 0.0 0.0 0.0 0.0 0.0 4.0452 4.0452 4.0452 4.0452
0.871 0 3 1.0 0.0 0.0 0.0 0.0 0.0 0.0 0.0 0.0 0.0 4.0452 4.0452 4.0452 4.0452
0.872 0 3 1.0 0.0 0.0 0.0 0.0 0.0 0.0 0.0 0.0 0.0 4.0452 4.0452 4.0452 4.0452
0.873 0 3 1.0 0.0 0.0 0.0 0.0 0.0 0.0 0.0 0.0 0.0 4.0452 4.0452 4.0452 4.0452
0.874 0 3 1.0 0.0 0.0 0.0 0.0 0.0 0.0 0.0 0.0 0.0 4.0452 4.0452 4.0452 4.0452
0.875 0 3 1.0 0.0 0.0 0.0 0.0 0.0 0.0 0.0 0.0 0.0 4.0452 4.0452 4.0452 4.0452
0.876 0 3 1.0 0.0 0.0 0.0 0.0 0.0 0.0 0.0 0.0 0.0 4.0452 4.0452 4.0452 4.0452
0.877 0 3 1.0 0.0 0.0 0.0 0.0 0.0 0.0 0.0 0.0 0.0 4.0452 4.0452 4.0452 4.0452
0.878 0 3 1.0 0.0 0.0 0.0 0.0 0.0 0.0 0.0 0.0 0.0 4.0452 4.0452 4.0452 4.0452
0.879 0 3 1.0 0.0 0.0 0.0 0.0 0.0 0.0 0.0 0.0 0.0 4.0452 4.0452 4.0452 4.0452
0.88 0 3 1.0 0.0 0.0 0.0 0.0 0.0 0.0 0.0 0.0 0.0 4.0452 4.0452 4.0452 4.0452
0.881 0 3 1.0 0.0 0.0 0.0 0.0 0.0 0.0 0.0 0.0 0.0 4.0452 4.0452 4.0452 4.0452
0.882 0 3 1.0 0.0 0.0 0.0 0.0 0.0 0.0 0.0 0.0 0.0 4.0452 4.0452 4.0452 4.0452
0.883 0 3 1.0 0.0 0.0 0.0 0.0 0.0 0.0 0.0 0.0 0.0 4.0452 4.0452 4.0452 4.0452
0.884 0 3 1.0 0.0 0.0 0.0 0.0 0.0 0.0 0.0 0.0 0.0 4.0452 4.0452 4.0452 4.0452
0.885 0 3 1.0 0.0 0.0 0.0 0.0 0.0 0.0 0.0 0.0 0.0 4.0452 4.0452 4.0452 4.0452
0.886 0 3 1.0 0.0 0.0 0.0 0.0 0.0 0.0 0.0 0.0 0.0 4.0452 4.0452 4.0452 4.0452
0.887 0 3 1.0 0.0 0.0 0.0 0.0 0.0 0.0 0.0 0.0 0.0 4.0452 4.0452 4.0452 4.0452
0.888 0 3 1.0 0.0 0.0 0.0 0.0 0.0 0.0 0.0 0.0 0.0 4.0452 4.0452 4.0452 4.0452
0.889 0 3 1.0 0.0 0.0 0.0 0.0 0.0 0.0 0.0 0.0 0.0 4.0452 4.0452 4.0452 4.0452
0.89 0 3 1.0 0.0 0.0 0.0 0.0 0.0 0.0 0.0 0.0 0.0 4.0452 4.0452 4.0452 4.0452
0.891 0 3 1.0 0.0 0.0 0.0 0.0 0.0 0.0 0.0 0.0 0.0 4.0452 4.0452 4.0452 4.0452
0.892 0 3 1.0 0.0 0.0 0.0 0.0 0.0 0.0 0.0 0.0 0.0 4.0452 4.0452 4.0452 4.0452
0.893 0 3 1.0 0.0 0.0 0.0 0.0 0.0 0.0 0.0 0.0 0.0 4.0452 4.0452 4.0452 4.0452
0.894 0 3 1.0 0.0 0.0 0.0 0.0 0.0 0.0 0.0 0.0 0.0 4.0452 4.0452 4.0452 4.0452
0.895 0 3 1.0 0.0 0.0 0.0 0.0 0.0 0.0 0.0 0.0 0.0 4.0452 4.0452 4.0452 4.0452
0.896 0 3 1.0 0.0 0.0 0.0 0.0 0.0 0.0 0.0 0.0 0.0 4.0452 4.0452 4.0452 4.0452
0.897 0 3 1.0 0.0 0.0 0.0 0.0 0.0 0.0 0.0 0.0 0.0 4.0452 4.0452 4.0452 4.0452
0.898 0 3 1.0 0.0 0.0 0.0 0.0 0.0 0.0 0.0 0.0 0.0 4.0452 4.0452 4.0452 4.0452
0.899 0 3 1.0 0.0 0.0 0.0 0.0 0.0 0.0 0.0 0.0 0.0 4.0452 4.0452 4.0452 4.0452
0.9 0 3 1.0 0.0 0.0 0.0 0.0 0.0 0.0 0.0 0.0 0.0 4.0452 4.0452 4.0452 4.0452
0.901 0 3 1.0 0.0 0.0 0.0 0.0 0.0 0.0 0.0 0.0 0.0 4.0452 4.0452 4.0452 4.0452
0.902 0 3 1.0 0.0 0.0 0.0 0.0 0.0 0.0 0.0 0.0 0.0 4.0452 4.0452 4.0452 4.0452
0.903 0 3 1.0 0.0 0.0 0.0 0.0 0.0 0.0 0.0 0.0 0.0 4.0452 4.0452 4.0452 4.0452
0.904 0 3 1.0 0.0 0.0 0.0 0.0 0.0 0.0 0.0 0.0 0.0 4.0452 4.0452 4.0452 4.0452
0.905 0 3 1.0 0.0 0.0 0.0 0.0 0.0 0.0 0.0 0.0 0.0 4.0452 4.0452 4.0452 4.0452
0.906 0 3 1.0 0.0 0.0 0.0 0.0 0.0 0.0 0.0 0.0 0.0 4.0452 4.0452 4.0452 4.0452
0.907 0 3 1.0 0.0 0.0 0.0 0.0 0.0 0.0 0.0 0.0 0.0 4.0452 4.0452 4.0452 4.0452
0.908 0 3 1.0 0.0 0.0 0.0 0.0 0.0 0.0 0.0 0.0 0.0 4.0452 4.0452 4.0452 4.0452
0.909 0 3 1.0 0.0 0.0 0.0 0.0 0.0 0.0 0.0 0.0 0.0 4.0452 4.0452 4.0452 4.0452
0.91 0 3 1.0 0.0 0.0 0.0 0.0 0.0 0.0 0.0 0.0 0.0 4.0452 4.0452 4.0452 4.0452
0.911 0 3 1.0 0.0 0.0 0.0 0.0 0.0 0.0 0.0 0.0 0.0 4.0452 4.0452 4.0452 4.0452
0.912 0 3 1.0 0.0 0.0 0.0 0.0 0.0 0.0 0.0 0.0 0.0 4.0452 4.0452 4.0452 4.0452
0.913 0 3 1.0 0.0 0.0 0.0 0.0 0.0 0.0 0.0 0.0 0.0 4.0452 4.0452 4.0452 4.0452
0.914 0 3 1.0 0.0 0.0 0.0 0.0 0.0 0.0 0.0 0.0 0.0 4.0452 4.0452 4.0452 4.0452
0.915 0 3 1.0 0.0 0.0 0.0 0.0 0.0 0.0 0.0 0.0 0.0 4.0452 4.0452 4.0452 4.0452
0.916 0 3 1.0 0.0 0.0 0.0 0.0 0.0 0.0 0.0 0.0 0.0 4.0452 4.0452 4.0452 4.0452
0.917 0 3 1.0 0.0 0.0 0.0 0.0 0.0 0.0 0.0 0.0 0.0 4.0452 4.0452 4.0452 4.0452
0.918 0 3 1.0 0.0 0.0 0.0 0.0 0.0 0.0 0.0 0.0 0.0 4.0452 4.0452 4.0452 4.0452
0.919 0 3 1.0 0.0 0.0 0.0 0.0 0.0 0.0 0.0 0.0 0.0 4.0452 4.0452 4.0452 4.0452
0.92 0 3 1.0 0.0 0.0 0.0 0.0 0.0 0.0 0.0 0.0 0.0 4.0452 4.0452 4.0452 4.0452
0.921 0 3 1.0 0.0 0.0 0.0 0.0 0.0 0.0 0.0 0.0 0.0 4.0452 4.0452 4.0452 4.0452
0.922 0 3 1.0 0.0 0.0 0.0 0.0 0.0 0.0 0.0 0.0 0.0 4.0452 4.0452 4.0452 4.0452
0.923 0 3 1.0 0.0 0.0 0.0 0.0 0.0 0.0 0.0 0.0 0.0 4.0452 4.0452 4.0452 4.0452
0.924 0 3 1.0 0.0 0.0 0.0 0.0 0.0 0.0 0.0 0.0 0.0 4.0452 4.0452 4.0452 4.0452
0.925 0 3 1.0 0.0 0.0 0.0 0.0 0.0 0.0 0.0 0.0 0.0 4.0452 4.0452 4.0452 4.0452
0.926 0 3 1.0 0.0 0.0 0.0 0.0 0.0 0.0 0.0 0.0 0.0 4.0452 4.0452 4.0452 4.0452
0.927 0 3 1.0 0.0 0.0 0.0 0.0 0.0 0.0 0.0 0.0 0.0 4.0452 4.0452 4.0452 4.0452
0.928 0 3 1.0 0.0 0.0 0.0 0.0 0.0 0.0 0.0 0.0 0.0 4.0452 4.0452 4.0452 4.0452
0.929 0 3 1.0 0.0 0.0 0.0 0.0 0.0 0.0 0.0 0.0 0.0 4.0452 4.0452 4.0452 4.0452
0.93 0 3 1.0 0.0 0.0 0.0 0.0 0.0 0.0 0.0 0.0 0.0 4.0452 4.0452 4.0452 4.0452
0.931 0 3 1.0 0.0 0.0 0.0 0.0 0.0 0.0 0.0 0.0 0.0 4.0452 4.0452 4.0452 4.0452
0.932 0 3 1.0 0.0 0.0 0.0 0.0 0.0 0.0 0.0 0.0 0.0 4.0452 4.0452 4.0452 4.0452
0.933 0 3 1.0 0.0 0.0 0.0 0.0 0.0 0.0 0.0 0.0 0.0 4.0452 4.0452 4.0452 4.0452
0.934 0 3 1.0 0.0 0.0 0.0 0.0 0.0 0.0 0.0 0.0 0.0 4.0452 4.0452 4.0452 4.0452
0.935 0 3 1.0 0.0 0.0 0.0 0.0 0.0 0.0 0.0 0.0 0.0 4.0452 4.0452 4.0452 4.0452
0.936 0 3 1.0 0.0 0.0 0.0 0.0 0.0 0.0 0.0 0.0 0.0 4.0452 4.0452 4.0452 4.0452
0.937 0 3 1.0 0.0 0.0 0.0 0.0 0.0 0.0 0.0 0.0 0.0 4.0452 4.0452 4.0452 4.0452
0.9380000000000001 0 3 1.0 0.0 0.0 0.0 0.0 0.0 0.0 0.0 0.0 0.0 4.0452 4.0452 4.0452 4.0452
0.9390000000000001 0 3 1.0 0.0 0.0 0.0 0.0 0.0 0.0 0.0 0.0 0.0 4.0452 4.0452 4.0452 4.0452
0.9400000000000001 0 3 1.0 0.0 0.0 0.0 0.0 0.0 0.0 0.0 0.0 0.0 4.0452 4.0452 4.0452 4.0452
0.9410000000000001 0 3 1.0 0.0 0.0 0.0 0.0 0.0 0.0 0.0 0.0 0.0 4.0452 4.0452 4.0452 4.0452
0.9420000000000001 0 3 1.0 0.0 0.0 0.0 0.0 0.0 0.0 0.0 0.0 0.0 4.0452 4.0452 4.0452 4.0452
0.9430000000000001 0 3 1.0 0.0 0.0 0.0 0.0 0.0 0.0 0.0 0.0 0.0 4.0452 4.0452 4.0452 4.0452
0.9440000000000001 0 3 1.0 0.0 0.0 0.0 0.0 0.0 0.0 0.0 0.0 0.0 4.0452 4.0452 4.0452 4.0452
0.9450000000000001 0 3 1.0 0.0 0.0 0.0 0.0 0.0 0.0 0.0 0.0 0.0 4.0452 4.0452 4.0452 4.0452
0.9460000000000001 0 3 1.0 0.0 0.0 0.0 0.0 0.0 0.0 0.0 0.0 0.0 4.0452 4.0452 4.0452 4.0452
0.9470000000000001 0 3 1.0 0.0 0.0 0.0 0.0 0.0 0.0 0.0 0.0 0.0 4.0452 4.0452 4.0452 4.0452
0.9480000000000001 0 3 1.0 0.0 0.0 0.0 0.0 0.0 0.0 0.0 0.0 0.0 4.0452 4.0452 4.0452 4.0452
0.9490000000000001 0 3 1.0 0.0 0.0 0.0 0.0 0.0 0.0 0.0 0.0 0.0 4.0452 4.0452 4.0452 4.0452
0.9500000000000001 0 3 1.0 0.0 0.0 0.0 0.0 0.0 0.0 0.0 0.0 0.0 4.0452 4.0452 4.0452 4.0452
0.9510000000000001 0 3 1.0 0.0 0.0 0.0 0.0 0.0 0.0 0.0 0.0 0.0 4.0452 4.0452 4.0452 4.0452
0.9520000000000001 0 3 1.0 0.0 0.0 0.0 0.0 0.0 0.0 0.0 0.0 0.0 4.0452 4.0452 4.0452 4.0452
0.9530000000000001 0 3 1.0 0.0 0.0 0.0 0.0 0.0 0.0 0.0 0.0 0.0 4.0452 4.0452 4.0452 4.0452
0.9540000000000001 0 3 1.0 0.0 0.0 0.0 0.0 0.0 0.0 0.0 0.0 0.0 4.0452 4.0452 4.0452 4.0452
0.9550000000000001 0 3 1.0 0.0 0.0 0.0 0.0 0.0 0.0 0.0 0.0 0.0 4.0452 4.0452 4.0452 4.0452
0.9560000000000001 0 3 1.0 0.0 0.0 0.0 0.0 0.0 0.0 0.0 0.0 0.0 4.0452 4.0452 4.0452 4.0452
0.9570000000000001 0 3 1.0 0.0 0.0 0.0 0.0 0.0 0.0 0.0 0.0 0.0 4.0452 4.0452 4.0452 4.0452
0.9580000000000001 0 3 1.0 0.0 0.0 0.0 0.0 0.0 0.0 0.0 0.0 0.0 4.0452 4.0452 4.0452 4.0452
0.9590000000000001 0 3 1.0 0.0 0.0 0.0 0.0 0.0 0.0 0.0 0.0 0.0 4.0452 4.0452 4.0452 4.0452
0.96 0 3 1.0 0.0 0.0 0.0 0.0 0.0 0.0 0.0 0.0 0.0 4.0452 4.0452 4.0452 4.0452
0.961 0 3 1.0 0.0 0.0 0.0 0.0 0.0 0.0 0.0 0.0 0.0 4.0452 4.0452 4.0452 4.0452
0.962 0 3 1.0 0.0 0.0 0.0 0.0 0.0 0.0 0.0 0.0 0.0 4.0452 4.0452 4.0452 4.0452
0.963 0 3 1.0 0.0 0.0 0.0 0.0 0.0 0.0 0.0 0.0 0.0 4.0452 4.0452 4.0452 4.0452
0.964 0 3 1.0 0.0 0.0 0.0 0.0 0.0 0.0 0.0 0.0 0.0 4.0452 4.0452 4.0452 4.0452
0.965 0 3 1.0 0.0 0.0 0.0 0.0 0.0 0.0 0.0 0.0 0.0 4.0452 4.0452 4.0452 4.0452
0.966 0 3 1.0 0.0 0.0 0.0 0.0 0.0 0.0 0.0 0.0 0.0 4.0452 4.0452 4.0452 4.0452
0.967 0 3 1.0 0.0 0.0 0.0 0.0 0.0 0.0 0.0 0.0 0.0 4.0452 4.0452 4.0452 4.0452
0.968 0 3 1.0 0.0 0.0 0.0 0.0 0.0 0.0 0.0 0.0 0.0 4.0452 4.0452 4.0452 4.0452
0.969 0 3 1.0 0.0 0.0 0.0 0.0 0.0 0.0 0.0 0.0 0.0 4.0452 4.0452 4.0452 4.0452
0.97 0 3 1.0 0.0 0.0 0.0 0.0 0.0 0.0 0.0 0.0 0.0 4.0452 4.0452 4.0452 4.0452
0.971 0 3 1.0 0.0 0.0 0.0 0.0 0.0 0.0 0.0 0.0 0.0 4.0452 4.0452 4.0452 4.0452
0.972 0 3 1.0 0.0 0.0 0.0 0.0 0.0 0.0 0.0 0.0 0.0 4.0452 4.0452 4.0452 4.0452
0.973 0 3 1.0 0.0 0.0 0.0 0.0 0.0 0.0 0.0 0.0 0.0 4.0452 4.0452 4.0452 4.0452
0.974 0 3 1.0 0.0 0.0 0.0 0.0 0.0 0.0 0.0 0.0 0.0 4.0452 4.0452 4.0452 4.0452
0.975 0 3 1.0 0.0 0.0 0.0 0.0 0.0 0.0 0.0 0.0 0.0 4.0452 4.0452 4.0452 4.0452
0.976 0 3 1.0 0.0 0.0 0.0 0.0 0.0 0.0 0.0 0.0 0.0 4.0452 4.0452 4.0452 4.0452
0.977 0 3 1.0 0.0 0.0 0.0 0.0 0.0 0.0 0.0 0.0 0.0 4.0452 4.0452 4.0452 4.0452
0.978 0 3 1.0 0.0 0.0 0.0 0.0 0.0 0.0 0.0 0.0 0.0 4.0452 4.0452 4.0452 4.0452
0.979 0 3 1.0 0.0 0.0 0.0 0.0 0.0 0.0 0.0 0.0 0.0 4.0452 4.0452 4.0452 4.0452
0.98 0 3 1.0 0.0 0.0 0.0 0.0 0.0 0.0 0.0 0.0 0.0 4.0452 4.0452 4.0452 4.0452
0.981 0 3 1.0 0.0 0.0 0.0 0.0 0.0 0.0 0.0 0.0 0.0 4.0452 4.0452 4.0452 4.0452
0.982 0 3 1.0 0.0 0.0 0.0 0.0 0.0 0.0 0.0 0.0 0.0 4.0452 4.0452 4.0452 4.0452
0.983 0 3 1.0 0.0 0.0 0.0 0.0 0.0 0.0 0.0 0.0 0.0 4.0452 4.0452 4.0452 4.0452
0.984 0 3 1.0 0.0 0.0 0.0 0.0 0.0 0.0 0.0 0.0 0.0 4.0452 4.0452 4.0452 4.0452
0.985 0 3 1.0 0.0 0.0 0.0 0.0 0.0 0.0 0.0 0.0 0.0 4.0452 4.0452 4.0452 4.0452
0.986 0 3 1.0 0.0 0.0 0.0 0.0 0.0 0.0 0.0 0.0 0.0 4.0452 4.0452 4.0452 4.0452
0.987 0 3 1.0 0.0 0.0 0.0 0.0 0.0 0.0 0.0 0.0 0.0 4.0452 4.0452 4.0452 4.0452
0.988 0 3 1.0 0.0 0.0 0.0 0.0 0.0 0.0 0.0 0.0 0.0 4.0452 4.0452 4.0452 4.0452
0.989 0 3 1.0 0.0 0.0 0.0 0.0 0.0 0.0 0.0 0.0 0.0 4.0452 4.0452 4.0452 4.0452
0.99 0 3 1.0 0.0 0.0 0.0 0.0 0.0 0.0 0.0 0.0 0.0 4.0452 4.0452 4.0452 4.0452
0.991 0 3 1.0 0.0 0.0 0.0 0.0 0.0 0.0 0.0 0.0 0.0 4.0452 4.0452 4.0452 4.0452
0.992 0 3 1.0 0.0 0.0 0.0 0.0 0.0 0.0 0.0 0.0 0.0 4.0452 4.0452 4.0452 4.0452
0.993 0 3 1.0 0.0 0.0 0.0 0.0 0.0 0.0 0.0 0.0 0.0 4.0452 4.0452 4.0452 4.0452
0.994 0 3 1.0 0.0 0.0 0.0 0.0 0.0 0.0 0.0 0.0 0.0 4.0452 4.0452 4.0452 4.0452
0.995 0 3 1.0 0.0 0.0 0.0 0.0 0.0 0.0 0.0 0.0 0.0 4.0452 4.0452 4.0452 4.0452
0.996 0 3 1.0 0.0 0.0 0.0 0.0 0.0 0.0 0.0 0.0 0.0 4.0452 4.0452 4.0452 4.0452
0.997 0 3 1.0 0.0 0.0 0.0 0.0 0.0 0.0 0.0 0.0 0.0 4.0452 4.0452 4.0452 4.0452
0.998 0 3 1.0 0.0 0.0 0.0 0.0 0.0 0.0 0.0 0.0 0.0 4.0452 4.0452 4.0452 4.0452
0.999 0 3 1.0 0.0 0.0 0.0 0.0 0.0 0.0 0.0 0.0 0.0 4.0452 4.0452 4.0452 4.0452
1.0 0 3 1.0 0.0 0.0 0.0 0.0 0.0 0.0 0.0 0.0 0.0 4.0452 4.0452 4.0452 4.0452
1.0010000000000001 0 3 1.0 0.0 0.0 0.0 0.0 0.0 0.0 0.0 0.0 0.0 4.0452 4.0452 4.0452 4.0452
1.002 0 3 1.0 0.0 0.0 0.0 0.0 0.0 0.0 0.0 0.0 0.0 4.0452 4.0452 4.0452 4.0452
1.0030000000000001 0 3 1.0 0.0 0.0 0.0 0.0 0.0 0.0 0.0 0.0 0.0 4.0452 4.0452 4.0452 4.0452
1.004 0 3 1.0 0.0 0.0 0.0 0.0 0.0 0.0 0.0 0.0 0.0 4.0452 4.0452 4.0452 4.0452
1.0050000000000001 0 3 1.0 0.0 0.0 0.0 0.0 0.0 0.0 0.0 0.0 0.0 4.0452 4.0452 4.0452 4.0452
1.006 0 3 1.0 0.0 0.0 0.0 0.0 0.0 0.0 0.0 0.0 0.0 4.0452 4.0452 4.0452 4.0452
1.0070000000000001 0 3 1.0 0.0 0.0 0.0 0.0 0.0 0.0 0.0 0.0 0.0 4.0452 4.0452 4.0452 4.0452
1.008 0 3 1.0 0.0 0.0 0.0 0.0 0.0 0.0 0.0 0.0 0.0 4.0452 4.0452 4.0452 4.0452
1.0090000000000001 0 3 1.0 0.0 0.0 0.0 0.0 0.0 0.0 0.0 0.0 0.0 4.0452 4.0452 4.0452 4.0452
1.01 0 3 1.0 0.0 0.0 0.0 0.0 0.0 0.0 0.0 0.0 0.0 4.0452 4.0452 4.0452 4.0452
1.0110000000000001 0 3 1.0 0.0 0.0 0.0 0.0 0.0 0.0 0.0 0.0 0.0 4.0452 4.0452 4.0452 4.0452
1.012 0 3 1.0 0.0 0.0 0.0 0.0 0.0 0.0 0.0 0.0 0.0 4.0452 4.0452 4.0452 4.0452
1.0130000000000001 0 3 1.0 0.0 0.0 0.0 0.0 0.0 0.0 0.0 0.0 0.0 4.0452 4.0452 4.0452 4.0452
1.014 0 3 1.0 0.0 0.0 0.0 0.0 0.0 0.0 0.0 0.0 0.0 4.0452 4.0452 4.0452 4.0452
1.0150000000000001 0 3 1.0 0.0 0.0 0.0 0.0 0.0 0.0 0.0 0.0 0.0 4.0452 4.0452 4.0452 4.0452
1.016 0 3 1.0 0.0 0.0 0.0 0.0 0.0 0.0 0.0 0.0 0.0 4.0452 4.0452 4.0452 4.0452
1.0170000000000001 0 3 1.0 0.0 0.0 0.0 0.0 0.0 0.0 0.0 0.0 0.0 4.0452 4.0452 4.0452 4.0452
1.018 0 3 1.0 0.0 0.0 0.0 0.0 0.0 0.0 0.0 0.0 0.0 4.0452 4.0452 4.0452 4.0452
1.0190000000000001 0 3 1.0 0.0 0.0 0.0 0.0 0.0 0.0 0.0 0.0 0.0 4.0452 4.0452 4.0452 4.0452
1.02 0 3 1.0 0.0 0.0 0.0 0.0 0.0 0.0 0.0 0.0 0.0 4.0452 4.0452 4.0452 4.0452
1.0210000000000001 0 3 1.0 0.0 0.0 0.0 0.0 0.0 0.0 0.0 0.0 0.0 4.0452 4.0452 4.0452 4.0452
1.022 0 3 1.0 0.0 0.0 0.0 0.0 0.0 0.0 0.0 0.0 0.0 4.0452 4.0452 4.0452 4.0452
1.0230000000000001 0 3 1.0 0.0 0.0 0.0 0.0 0.0 0.0 0.0 0.0 0.0 4.0452 4.0452 4.0452 4.0452
1.024 0 3 1.0 0.0 0.0 0.0 0.0 0.0 0.0 0.0 0.0 0.0 4.0452 4.0452 4.0452 4.0452
1.025 0 3 1.0 0.0 0.0 0.0 0.0 0.0 0.0 0.0 0.0 0.0 4.0452 4.0452 4.0452 4.0452
1.026 0 3 1.0 0.0 0.0 0.0 0.0 0.0 0.0 0.0 0.0 0.0 4.0452 4.0452 4.0452 4.0452
1.027 0 3 1.0 0.0 0.0 0.0 0.0 0.0 0.0 0.0 0.0 0.0 4.0452 4.0452 4.0452 4.0452
1.028 0 3 1.0 0.0 0.0 0.0 0.0 0.0 0.0 0.0 0.0 0.0 4.0452 4.0452 4.0452 4.0452
1.029 0 3 1.0 0.0 0.0 0.0 0.0 0.0 0.0 0.0 0.0 0.0 4.0452 4.0452 4.0452 4.0452
1.03 0 3 1.0 0.0 0.0 0.0 0.0 0.0 0.0 0.0 0.0 0.0 4.0452 4.0452 4.0452 4.0452
1.031 0 3 1.0 0.0 0.0 0.0 0.0 0.0 0.0 0.0 0.0 0.0 4.0452 4.0452 4.0452 4.0452
1.032 0 3 1.0 0.0 0.0 0.0 0.0 0.0 0.0 0.0 0.0 0.0 4.0452 4.0452 4.0452 4.0452
1.033 0 3 1.0 0.0 0.0 0.0 0.0 0.0 0.0 0.0 0.0 0.0 4.0452 4.0452 4.0452 4.0452
1.034 0 3 1.0 0.0 0.0 0.0 0.0 0.0 0.0 0.0 0.0 0.0 4.0452 4.0452 4.0452 4.0452
1.035 0 3 1.0 0.0 0.0 0.0 0.0 0.0 0.0 0.0 0.0 0.0 4.0452 4.0452 4.0452 4.0452
1.036 0 3 1.0 0.0 0.0 0.0 0.0 0.0 0.0 0.0 0.0 0.0 4.0452 4.0452 4.0452 4.0452
1.037 0 3 1.0 0.0 0.0 0.0 0.0 0.0 0.0 0.0 0.0 0.0 4.0452 4.0452 4.0452 4.0452
1.038 0 3 1.0 0.0 0.0 0.0 0.0 0.0 0.0 0.0 0.0 0.0 4.0452 4.0452 4.0452 4.0452
1.039 0 3 1.0 0.0 0.0 0.0 0.0 0.0 0.0 0.0 0.0 0.0 4.0452 4.0452 4.0452 4.0452
1.04 0 3 1.0 0.0 0.0 0.0 0.0 0.0 0.0 0.0 0.0 0.0 4.0452 4.0452 4.0452 4.0452
1.041 0 3 1.0 0.0 0.0 0.0 0.0 0.0 0.0 0.0 0.0 0.0 4.0452 4.0452 4.0452 4.0452
1.042 0 3 1.0 0.0 0.0 0.0 0.0 0.0 0.0 0.0 0.0 0.0 4.0452 4.0452 4.0452 4.0452
1.043 0 3 1.0 0.0 0.0 0.0 0.0 0.0 0.0 0.0 0.0 0.0 4.0452 4.0452 4.0452 4.0452
1.044 0 3 1.0 0.0 0.0 0.0 0.0 0.0 0.0 0.0 0.0 0.0 4.0452 4.0452 4.0452 4.0452
1.045 0 3 1.0 0.0 0.0 0.0 0.0 0.0 0.0 0.0 0.0 0.0 4.0452 4.0452 4.0452 4.0452
1.046 0 3 1.0 0.0 0.0 0.0 0.0 0.0 0.0 0.0 0.0 0.0 4.0452 4.0452 4.0452 4.0452
1.047 0 3 1.0 0.0 0.0 0.0 0.0 0.0 0.0 0.0 0.0 0.0 4.0452 4.0452 4.0452 4.0452
1.048 0 3 1.0 0.0 0.0 0.0 0.0 0.0 0.0 0.0 0.0 0.0 4.0452 4.0452 4.0452 4.0452
1.049 0 3 1.0 0.0 0.0 0.0 0.0 0.0 0.0 0.0 0.0 0.0 4.0452 4.0452 4.0452 4.0452
1.05 0 3 1.0 0.0 0.0 0.0 0.0 0.0 0.0 0.0 0.0 0.0 4.0452 4.0452 4.0452 4.0452
1.051 0 3 1.0 0.0 0.0 0.0 0.0 0.0 0.0 0.0 0.0 0.0 4.0452 4.0452 4.0452 4.0452
1.052 0 3 1.0 0.0 0.0 0.0 0.0 0.0 0.0 0.0 0.0 0.0 4.0452 4.0452 4.0452 4.0452
1.053 0 3 1.0 0.0 0.0 0.0 0.0 0.0 0.0 0.0 0.0 0.0 4.0452 4.0452 4.0452 4.0452
1.054 0 3 1.0 0.0 0.0 0.0 0.0 0.0 0.0 0.0 0.0 0.0 4.0452 4.0452 4.0452 4.0452
1.055 0 3 1.0 0.0 0.0 0.0 0.0 0.0 0.0 0.0 0.0 0.0 4.0452 4.0452 4.0452 4.0452
1.056 0 3 1.0 0.0 0.0 0.0 0.0 0.0 0.0 0.0 0.0 0.0 4.0452 4.0452 4.0452 4.0452
1.057 0 3 1.0 0.0 0.0 0.0 0.0 0.0 0.0 0.0 0.0 0.0 4.0452 4.0452 4.0452 4.0452
1.058 0 3 1.0 0.0 0.0 0.0 0.0 0.0 0.0 0.0 0.0 0.0 4.0452 4.0452 4.0452 4.0452
1.059 0 3 1.0 0.0 0.0 0.0 0.0 0.0 0.0 0.0 0.0 0.0 4.0452 4.0452 4.0452 4.0452
1.06 0 3 1.0 0.0 0.0 0.0 0.0 0.0 0.0 0.0 0.0 0.0 4.0452 4.0452 4.0452 4.0452
1.061 0 3 1.0 0.0 0.0 0.0 0.0 0.0 0.0 0.0 0.0 0.0 4.0452 4.0452 4.0452 4.0452
1.062 0 3 1.0 0.0 0.0 0.0 0.0 0.0 0.0 0.0 0.0 0.0 4.0452 4.0452 4.0452 4.0452
1.063 0 3 1.0 0.0 0.0 0.0 0.0 0.0 0.0 0.0 0.0 0.0 4.0452 4.0452 4.0452 4.0452
1.064 0 3 1.0 0.0 0.0 0.0 0.0 0.0 0.0 0.0 0.0 0.0 4.0452 4.0452 4.0452 4.0452
1.065 0 3 1.0 0.0 0.0 0.0 0.0 0.0 0.0 0.0 0.0 0.0 4.0452 4.0452 4.0452 4.0452
1.066 0 3 1.0 0.0 0.0 0.0 0.0 0.0 0.0 0.0 0.0 0.0 4.0452 4.0452 4.0452 4.0452
1.067 0 3 1.0 0.0 0.0 0.0 0.0 0.0 0.0 0.0 0.0 0.0 4.0452 4.0452 4.0452 4.0452
1.068 0 3 1.0 0.0 0.0 0.0 0.0 0.0 0.0 0.0 0.0 0.0 4.0452 4.0452 4.0452 4.0452
1.069 0 3 1.0 0.0 0.0 0.0 0.0 0.0 0.0 0.0 0.0 0.0 4.0452 4.0452 4.0452 4.0452
1.07 0 3 1.0 0.0 0.0 0.0 0.0 0.0 0.0 0.0 0.0 0.0 4.0452 4.0452 4.0452 4.0452
1.071 0 3 1.0 0.0 0.0 0.0 0.0 0.0 0.0 0.0 0.0 0.0 4.0452 4.0452 4.0452 4.0452
1.072 0 3 1.0 0.0 0.0 0.0 0.0 0.0 0.0 0.0 0.0 0.0 4.0452 4.0452 4.0452 4.0452
1.073 0 3 1.0 0.0 0.0 0.0 0.0 0.0 0.0 0.0 0.0 0.0 4.0452 4.0452 4.0452 4.0452
1.074 0 3 1.0 0.0 0.0 0.0 0.0 0.0 0.0 0.0 0.0 0.0 4.0452 4.0452 4.0452 4.0452
1.075 0 3 1.0 0.0 0.0 0.0 0.0 0.0 0.0 0.0 0.0 0.0 4.0452 4.0452 4.0452 4.0452
1.076 0 3 1.0 0.0 0.0 0.0 0.0 0.0 0.0 0.0 0.0 0.0 4.0452 4.0452 4.0452 4.0452
1.077 0 3 1.0 0.0 0.0 0.0 0.0 0.0 0.0 0.0 0.0 0.0 4.0452 4.0452 4.0452 4.0452
1.078 0 3 1.0 0.0 0.0 0.0 0.0 0.0 0.0 0.0 0.0 0.0 4.0452 4.0452 4.0452 4.0452
1.079 0 3 1.0 0.0 0.0 0.0 0.0 0.0 0.0 0.0 0.0 0.0 4.0452 4.0452 4.0452 4.0452
1.08 0 3 1.0 0.0 0.0 0.0 0.0 0.0 0.0 0.0 0.0 0.0 4.0452 4.0452 4.0452 4.0452
1.081 0 3 1.0 0.0 0.0 0.0 0.0 0.0 0.0 0.0 0.0 0.0 4.0452 4.0452 4.0452 4.0452
1.082 0 3 1.0 0.0 0.0 0.0 0.0 0.0 0.0 0.0 0.0 0.0 4.0452 4.0452 4.0452 4.0452
1.083 0 3 1.0 0.0 0.0 0.0 0.0 0.0 0.0 0.0 0.0 0.0 4.0452 4.0452 4.0452 4.0452
1.084 0 3 1.0 0.0 0.0 0.0 0.0 0.0 0.0 0.0 0.0 0.0 4.0452 4.0452 4.0452 4.0452
1.085 0 3 1.0 0.0 0.0 0.0 0.0 0.0 0.0 0.0 0.0 0.0 4.0452 4.0452 4.0452 4.0452
1.086 0 3 1.0 0.0 0.0 0.0 0.0 0.0 0.0 0.0 0.0 0.0 4.0452 4.0452 4.0452 4.0452
1.087 0 3 1.0 0.0 0.0 0.0 0.0 0.0 0.0 0.0 0.0 0.0 4.0452 4.0452 4.0452 4.0452
1.088 0 3 1.0 0.0 0.0 0.0 0.0 0.0 0.0 0.0 0.0 0.0 4.0452 4.0452 4.0452 4.0452
1.089 0 3 1.0 0.0 0.0 0.0 0.0 0.0 0.0 0.0 0.0 0.0 4.0452 4.0452 4.0452 4.0452
1.09 0 3 1.0 0.0 0.0 0.0 0.0 0.0 0.0 0.0 0.0 0.0 4.0452 4.0452 4.0452 4.0452
1.091 0 3 1.0 0.0 0.0 0.0 0.0 0.0 0.0 0.0 0.0 0.0 4.0452 4.0452 4.0452 4.0452
1.092 0 3 1.0 0.0 0.0 0.0 0.0 0.0 0.0 0.0 0.0 0.0 4.0452 4.0452 4.0452 4.0452
1.093 0 3 1.0 0.0 0.0 0.0 0.0 0.0 0.0 0.0 0.0 0.0 4.0452 4.0452 4.0452 4.0452
1.094 0 3 1.0 0.0 0.0 0.0 0.0 0.0 0.0 0.0 0.0 0.0 4.0452 4.0452 4.0452 4.0452
1.095 0 3 1.0 0.0 0.0 0.0 0.0 0.0 0.0 0.0 0.0 0.0 4.0452 4.0452 4.0452 4.0452
1.096 0 3 1.0 0.0 0.0 0.0 0.0 0.0 0.0 0.0 0.0 0.0 4.0452 4.0452 4.0452 4.0452
1.097 0 3 1.0 0.0 0.0 0.0 0.0 0.0 0.0 0.0 0.0 0.0 4.0452 4.0452 4.0452 4.0452
1.098 0 3 1.0 0.0 0.0 0.0 0.0 0.0 0.0 0.0 0.0 0.0 4.0452 4.0452 4.0452 4.0452
1.099 0 3 1.0 0.0 0.0 0.0 0.0 0.0 0.0 0.0 0.0 0.0 4.0452 4.0452 4.0452 4.0452
1.1 0 3 1.0 0.0 0.0 0.0 0.0 0.0 0.0 0.0 0.0 0.0 4.0452 4.0452 4.0452 4.0452
1.101 0 3 1.0 0.0 0.0 0.0 0.0 0.0 0.0 0.0 0.0 0.0 4.0452 4.0452 4.0452 4.0452
1.102 0 3 1.0 0.0 0.0 0.0 0.0 0.0 0.0 0.0 0.0 0.0 4.0452 4.0452 4.0452 4.0452
1.103 0 3 1.0 0.0 0.0 0.0 0.0 0.0 0.0 0.0 0.0 0.0 4.0452 4.0452 4.0452 4.0452
1.104 0 3 1.0 0.0 0.0 0.0 0.0 0.0 0.0 0.0 0.0 0.0 4.0452 4.0452 4.0452 4.0452
1.105 0 3 1.0 0.0 0.0 0.0 0.0 0.0 0.0 0.0 0.0 0.0 4.0452 4.0452 4.0452 4.0452
1.106 0 3 1.0 0.0 0.0 0.0 0.0 0.0 0.0 0.0 0.0 0.0 4.0452 4.0452 4.0452 4.0452
1.107 0 3 1.0 0.0 0.0 0.0 0.0 0.0 0.0 0.0 0.0 0.0 4.0452 4.0452 4.0452 4.0452
1.108 0 3 1.0 0.0 0.0 0.0 0.0 0.0 0.0 0.0 0.0 0.0 4.0452 4.0452 4.0452 4.0452
1.109 0 3 1.0 0.0 0.0 0.0 0.0 0.0 0.0 0.0 0.0 0.0 4.0452 4.0452 4.0452 4.0452
1.11 0 3 1.0 0.0 0.0 0.0 0.0 0.0 0.0 0.0 0.0 0.0 4.0452 4.0452 4.0452 4.0452
1.111 0 3 1.0 0.0 0.0 0.0 0.0 0.0 0.0 0.0 0.0 0.0 4.0452 4.0452 4.0452 4.0452
1.112 0 3 1.0 0.0 0.0 0.0 0.0 0.0 0.0 0.0 0.0 0.0 4.0452 4.0452 4.0452 4.0452
1.113 0 3 1.0 0.0 0.0 0.0 0.0 0.0 0.0 0.0 0.0 0.0 4.0452 4.0452 4.0452 4.0452
1.114 0 3 1.0 0.0 0.0 0.0 0.0 0.0 0.0 0.0 0.0 0.0 4.0452 4.0452 4.0452 4.0452
1.115 0 3 1.0 0.0 0.0 0.0 0.0 0.0 0.0 0.0 0.0 0.0 4.0452 4.0452 4.0452 4.0452
1.116 0 3 1.0 0.0 0.0 0.0 0.0 0.0 0.0 0.0 0.0 0.0 4.0452 4.0452 4.0452 4.0452
1.117 0 3 1.0 0.0 0.0 0.0 0.0 0.0 0.0 0.0 0.0 0.0 4.0452 4.0452 4.0452 4.0452
1.118 0 3 1.0 0.0 0.0 0.0 0.0 0.0 0.0 0.0 0.0 0.0 4.0452 4.0452 4.0452 4.0452
1.119 0 3 1.0 0.0 0.0 0.0 0.0 0.0 0.0 0.0 0.0 0.0 4.0452 4.0452 4.0452 4.0452
1.12 0 3 1.0 0.0 0.0 0.0 0.0 0.0 0.0 0.0 0.0 0.0 4.0452 4.0452 4.0452 4.0452
1.121 0 3 1.0 0.0 0.0 0.0 0.0 0.0 0.0 0.0 0.0 0.0 4.0452 4.0452 4.0452 4.0452
1.122 0 3 1.0 0.0 0.0 0.0 0.0 0.0 0.0 0.0 0.0 0.0 4.0452 4.0452 4.0452 4.0452
1.123 0 3 1.0 0.0 0.0 0.0 0.0 0.0 0.0 0.0 0.0 0.0 4.0452 4.0452 4.0452 4.0452
1.124 0 3 1.0 0.0 0.0 0.0 0.0 0.0 0.0 0.0 0.0 0.0 4.0452 4.0452 4.0452 4.0452
1.125 0 3 1.0 0.0 0.0 0.0 0.0 0.0 0.0 0.0 0.0 0.0 4.0452 4.0452 4.0452 4.0452
1.1260000000000001 0 3 1.0 0.0 0.0 0.0 0.0 0.0 0.0 0.0 0.0 0.0 4.0452 4.0452 4.0452 4.0452
1.127 0 3 1.0 0.0 0.0 0.0 0.0 0.0 0.0 0.0 0.0 0.0 4.0452 4.0452 4.0452 4.0452
1.1280000000000001 0 3 1.0 0.0 0.0 0.0 0.0 0.0 0.0 0.0 0.0 0.0 4.0452 4.0452 4.0452 4.0452
1.129 0 3 1.0 0.0 0.0 0.0 0.0 0.0 0.0 0.0 0.0 0.0 4.0452 4.0452 4.0452 4.0452
1.1300000000000001 0 3 1.0 0.0 0.0 0.0 0.0 0.0 0.0 0.0 0.0 0.0 4.0452 4.0452 4.0452 4.0452
1.131 0 3 1.0 0.0 0.0 0.0 0.0 0.0 0.0 0.0 0.0 0.0 4.0452 4.0452 4.0452 4.0452
1.1320000000000001 0 3 1.0 0.0 0.0 0.0 0.0 0.0 0.0 0.0 0.0 0.0 4.0452 4.0452 4.0452 4.0452
1.133 0 3 1.0 0.0 0.0 0.0 0.0 0.0 0.0 0.0 0.0 0.0 4.0452 4.0452 4.0452 4.0452
1.1340000000000001 0 3 1.0 0.0 0.0 0.0 0.0 0.0 0.0 0.0 0.0 0.0 4.0452 4.0452 4.0452 4.0452
1.135 0 3 1.0 0.0 0.0 0.0 0.0 0.0 0.0 0.0 0.0 0.0 4.0452 4.0452 4.0452 4.0452
1.1360000000000001 0 3 1.0 0.0 0.0 0.0 0.0 0.0 0.0 0.0 0.0 0.0 4.0452 4.0452 4.0452 4.0452
1.137 0 3 1.0 0.0 0.0 0.0 0.0 0.0 0.0 0.0 0.0 0.0 4.0452 4.0452 4.0452 4.0452
1.1380000000000001 0 3 1.0 0.0 0.0 0.0 0.0 0.0 0.0 0.0 0.0 0.0 4.0452 4.0452 4.0452 4.0452
1.139 0 3 1.0 0.0 0.0 0.0 0.0 0.0 0.0 0.0 0.0 0.0 4.0452 4.0452 4.0452 4.0452
1.1400000000000001 0 3 1.0 0.0 0.0 0.0 0.0 0.0 0.0 0.0 0.0 0.0 4.0452 4.0452 4.0452 4.0452
1.141 0 3 1.0 0.0 0.0 0.0 0.0 0.0 0.0 0.0 0.0 0.0 4.0452 4.0452 4.0452 4.0452
1.1420000000000001 0 3 1.0 0.0 0.0 0.0 0.0 0.0 0.0 0.0 0.0 0.0 4.0452 4.0452 4.0452 4.0452
1.143 0 3 1.0 0.0 0.0 0.0 0.0 0.0 0.0 0.0 0.0 0.0 4.0452 4.0452 4.0452 4.0452
1.1440000000000001 0 3 1.0 0.0 0.0 0.0 0.0 0.0 0.0 0.0 0.0 0.0 4.0452 4.0452 4.0452 4.0452
1.145 0 3 1.0 0.0 0.0 0.0 0.0 0.0 0.0 0.0 0.0 0.0 4.0452 4.0452 4.0452 4.0452
1.1460000000000001 0 3 1.0 0.0 0.0 0.0 0.0 0.0 0.0 0.0 0.0 0.0 4.0452 4.0452 4.0452 4.0452
1.147 0 3 1.0 0.0 0.0 0.0 0.0 0.0 0.0 0.0 0.0 0.0 4.0452 4.0452 4.0452 4.0452
1.1480000000000001 0 3 1.0 0.0 0.0 0.0 0.0 0.0 0.0 0.0 0.0 0.0 4.0452 4.0452 4.0452 4.0452
1.149 0 3 1.0 0.0 0.0 0.0 0.0 0.0 0.0 0.0 0.0 0.0 4.0452 4.0452 4.0452 4.0452
1.1500000000000001 0 3 1.0 0.0 0.0 0.0 0.0 0.0 0.0 0.0 0.0 0.0 4.0452 4.0452 4.0452 4.0452
1.151 0 3 1.0 0.0 0.0 0.0 0.0 0.0 0.0 0.0 0.0 0.0 4.0452 4.0452 4.0452 4.0452
1.1520000000000001 0 3 1.0 0.0 0.0 0.0 0.0 0.0 0.0 0.0 0.0 0.0 4.0452 4.0452 4.0452 4.0452
1.153 0 3 1.0 0.0 0.0 0.0 0.0 0.0 0.0 0.0 0.0 0.0 4.0452 4.0452 4.0452 4.0452
1.154 0 3 1.0 0.0 0.0 0.0 0.0 0.0 0.0 0.0 0.0 0.0 4.0452 4.0452 4.0452 4.0452
1.155 0 3 1.0 0.0 0.0 0.0 0.0 0.0 0.0 0.0 0.0 0.0 4.0452 4.0452 4.0452 4.0452
1.156 0 3 1.0 0.0 0.0 0.0 0.0 0.0 0.0 0.0 0.0 0.0 4.0452 4.0452 4.0452 4.0452
1.157 0 3 1.0 0.0 0.0 0.0 0.0 0.0 0.0 0.0 0.0 0.0 4.0452 4.0452 4.0452 4.0452
1.158 0 3 1.0 0.0 0.0 0.0 0.0 0.0 0.0 0.0 0.0 0.0 4.0452 4.0452 4.0452 4.0452
1.159 0 3 1.0 0.0 0.0 0.0 0.0 0.0 0.0 0.0 0.0 0.0 4.0452 4.0452 4.0452 4.0452
1.16 0 3 1.0 0.0 0.0 0.0 0.0 0.0 0.0 0.0 0.0 0.0 4.0452 4.0452 4.0452 4.0452
1.161 0 3 1.0 0.0 0.0 0.0 0.0 0.0 0.0 0.0 0.0 0.0 4.0452 4.0452 4.0452 4.0452
1.162 0 3 1.0 0.0 0.0 0.0 0.0 0.0 0.0 0.0 0.0 0.0 4.0452 4.0452 4.0452 4.0452
1.163 0 3 1.0 0.0 0.0 0.0 0.0 0.0 0.0 0.0 0.0 0.0 4.0452 4.0452 4.0452 4.0452
1.164 0 3 1.0 0.0 0.0 0.0 0.0 0.0 0.0 0.0 0.0 0.0 4.0452 4.0452 4.0452 4.0452
1.165 0 3 1.0 0.0 0.0 0.0 0.0 0.0 0.0 0.0 0.0 0.0 4.0452 4.0452 4.0452 4.0452
1.166 0 3 1.0 0.0 0.0 0.0 0.0 0.0 0.0 0.0 0.0 0.0 4.0452 4.0452 4.0452 4.0452
1.167 0 3 1.0 0.0 0.0 0.0 0.0 0.0 0.0 0.0 0.0 0.0 4.0452 4.0452 4.0452 4.0452
1.168 0 3 1.0 0.0 0.0 0.0 0.0 0.0 0.0 0.0 0.0 0.0 4.0452 4.0452 4.0452 4.0452
1.169 0 3 1.0 0.0 0.0 0.0 0.0 0.0 0.0 0.0 0.0 0.0 4.0452 4.0452 4.0452 4.0452
1.17 0 3 1.0 0.0 0.0 0.0 0.0 0.0 0.0 0.0 0.0 0.0 4.0452 4.0452 4.0452 4.0452
1.171 0 3 1.0 0.0 0.0 0.0 0.0 0.0 0.0 0.0 0.0 0.0 4.0452 4.0452 4.0452 4.0452
1.172 0 3 1.0 0.0 0.0 0.0 0.0 0.0 0.0 0.0 0.0 0.0 4.0452 4.0452 4.0452 4.0452
1.173 0 3 1.0 0.0 0.0 0.0 0.0 0.0 0.0 0.0 0.0 0.0 4.0452 4.0452 4.0452 4.0452
1.174 0 3 1.0 0.0 0.0 0.0 0.0 0.0 0.0 0.0 0.0 0.0 4.0452 4.0452 4.0452 4.0452
1.175 0 3 1.0 0.0 0.0 0.0 0.0 0.0 0.0 0.0 0.0 0.0 4.0452 4.0452 4.0452 4.0452
1.176 0 3 1.0 0.0 0.0 0.0 0.0 0.0 0.0 0.0 0.0 0.0 4.0452 4.0452 4.0452 4.0452
1.177 0 3 1.0 0.0 0.0 0.0 0.0 0.0 0.0 0.0 0.0 0.0 4.0452 4.0452 4.0452 4.0452
1.178 0 3 1.0 0.0 0.0 0.0 0.0 0.0 0.0 0.0 0.0 0.0 4.0452 4.0452 4.0452 4.0452
1.179 0 3 1.0 0.0 0.0 0.0 0.0 0.0 0.0 0.0 0.0 0.0 4.0452 4.0452 4.0452 4.0452
1.18 0 3 1.0 0.0 0.0 0.0 0.0 0.0 0.0 0.0 0.0 0.0 4.0452 4.0452 4.0452 4.0452
1.181 0 3 1.0 0.0 0.0 0.0 0.0 0.0 0.0 0.0 0.0 0.0 4.0452 4.0452 4.0452 4.0452
1.182 0 3 1.0 0.0 0.0 0.0 0.0 0.0 0.0 0.0 0.0 0.0 4.0452 4.0452 4.0452 4.0452
1.183 0 3 1.0 0.0 0.0 0.0 0.0 0.0 0.0 0.0 0.0 0.0 4.0452 4.0452 4.0452 4.0452
1.184 0 3 1.0 0.0 0.0 0.0 0.0 0.0 0.0 0.0 0.0 0.0 4.0452 4.0452 4.0452 4.0452
1.185 0 3 1.0 0.0 0.0 0.0 0.0 0.0 0.0 0.0 0.0 0.0 4.0452 4.0452 4.0452 4.0452
1.186 0 3 1.0 0.0 0.0 0.0 0.0 0.0 0.0 0.0 0.0 0.0 4.0452 4.0452 4.0452 4.0452
1.187 0 3 1.0 0.0 0.0 0.0 0.0 0.0 0.0 0.0 0.0 0.0 4.0452 4.0452 4.0452 4.0452
1.188 0 3 1.0 0.0 0.0 0.0 0.0 0.0 0.0 0.0 0.0 0.0 4.0452 4.0452 4.0452 4.0452
1.189 0 3 1.0 0.0 0.0 0.0 0.0 0.0 0.0 0.0 0.0 0.0 4.0452 4.0452 4.0452 4.0452
1.19 0 3 1.0 0.0 0.0 0.0 0.0 0.0 0.0 0.0 0.0 0.0 4.0452 4.0452 4.0452 4.0452
1.191 0 3 1.0 0.0 0.0 0.0 0.0 0.0 0.0 0.0 0.0 0.0 4.0452 4.0452 4.0452 4.0452
1.192 0 3 1.0 0.0 0.0 0.0 0.0 0.0 0.0 0.0 0.0 0.0 4.0452 4.0452 4.0452 4.0452
1.193 0 3 1.0 0.0 0.0 0.0 0.0 0.0 0.0 0.0 0.0 0.0 4.0452 4.0452 4.0452 4.0452
1.194 0 3 1.0 0.0 0.0 0.0 0.0 0.0 0.0 0.0 0.0 0.0 4.0452 4.0452 4.0452 4.0452
1.195 0 3 1.0 0.0 0.0 0.0 0.0 0.0 0.0 0.0 0.0 0.0 4.0452 4.0452 4.0452 4.0452
1.196 0 3 1.0 0.0 0.0 0.0 0.0 0.0 0.0 0.0 0.0 0.0 4.0452 4.0452 4.0452 4.0452
1.197 0 3 1.0 0.0 0.0 0.0 0.0 0.0 0.0 0.0 0.0 0.0 4.0452 4.0452 4.0452 4.0452
1.198 0 3 1.0 0.0 0.0 0.0 0.0 0.0 0.0 0.0 0.0 0.0 4.0452 4.0452 4.0452 4.0452
1.199 0 3 1.0 0.0 0.0 0.0 0.0 0.0 0.0 0.0 0.0 0.0 4.0452 4.0452 4.0452 4.0452
1.2 0 3 1.0 0.0 0.0 0.0 0.0 0.0 0.0 0.0 0.0 0.0 4.0452 4.0452 4.0452 4.0452
1.201 0 3 1.0 0.0 0.0 0.0 0.0 0.0 0.0 0.0 0.0 0.0 4.0452 4.0452 4.0452 4.0452
1.202 0 3 1.0 0.0 0.0 0.0 0.0 0.0 0.0 0.0 0.0 0.0 4.0452 4.0452 4.0452 4.0452
1.203 0 3 1.0 0.0 0.0 0.0 0.0 0.0 0.0 0.0 0.0 0.0 4.0452 4.0452 4.0452 4.0452
1.204 0 3 1.0 0.0 0.0 0.0 0.0 0.0 0.0 0.0 0.0 0.0 4.0452 4.0452 4.0452 4.0452
1.205 0 3 1.0 0.0 0.0 0.0 0.0 0.0 0.0 0.0 0.0 0.0 4.0452 4.0452 4.0452 4.0452
1.206 0 3 1.0 0.0 0.0 0.0 0.0 0.0 0.0 0.0 0.0 0.0 4.0452 4.0452 4.0452 4.0452
1.207 0 3 1.0 0.0 0.0 0.0 0.0 0.0 0.0 0.0 0.0 0.0 4.0452 4.0452 4.0452 4.0452
1.208 0 3 1.0 0.0 0.0 0.0 0.0 0.0 0.0 0.0 0.0 0.0 4.0452 4.0452 4.0452 4.0452
1.209 0 3 1.0 0.0 0.0 0.0 0.0 0.0 0.0 0.0 0.0 0.0 4.0452 4.0452 4.0452 4.0452
1.21 0 3 1.0 0.0 0.0 0.0 0.0 0.0 0.0 0.0 0.0 0.0 4.0452 4.0452 4.0452 4.0452
1.211 0 3 1.0 0.0 0.0 0.0 0.0 0.0 0.0 0.0 0.0 0.0 4.0452 4.0452 4.0452 4.0452
1.212 0 3 1.0 0.0 0.0 0.0 0.0 0.0 0.0 0.0 0.0 0.0 4.0452 4.0452 4.0452 4.0452
1.213 0 3 1.0 0.0 0.0 0.0 0.0 0.0 0.0 0.0 0.0 0.0 4.0452 4.0452 4.0452 4.0452
1.214 0 3 1.0 0.0 0.0 0.0 0.0 0.0 0.0 0.0 0.0 0.0 4.0452 4.0452 4.0452 4.0452
1.215 0 3 1.0 0.0 0.0 0.0 0.0 0.0 0.0 0.0 0.0 0.0 4.0452 4.0452 4.0452 4.0452
1.216 0 3 1.0 0.0 0.0 0.0 0.0 0.0 0.0 0.0 0.0 0.0 4.0452 4.0452 4.0452 4.0452
1.217 0 3 1.0 0.0 0.0 0.0 0.0 0.0 0.0 0.0 0.0 0.0 4.0452 4.0452 4.0452 4.0452
1.218 0 3 1.0 0.0 0.0 0.0 0.0 0.0 0.0 0.0 0.0 0.0 4.0452 4.0452 4.0452 4.0452
1.219 0 3 1.0 0.0 0.0 0.0 0.0 0.0 0.0 0.0 0.0 0.0 4.0452 4.0452 4.0452 4.0452
1.22 0 3 1.0 0.0 0.0 0.0 0.0 0.0 0.0 0.0 0.0 0.0 4.0452 4.0452 4.0452 4.0452
1.221 0 3 1.0 0.0 0.0 0.0 0.0 0.0 0.0 0.0 0.0 0.0 4.0452 4.0452 4.0452 4.0452
1.222 0 3 1.0 0.0 0.0 0.0 0.0 0.0 0.0 0.0 0.0 0.0 4.0452 4.0452 4.0452 4.0452
1.223 0 3 1.0 0.0 0.0 0.0 0.0 0.0 0.0 0.0 0.0 0.0 4.0452 4.0452 4.0452 4.0452
1.224 0 3 1.0 0.0 0.0 0.0 0.0 0.0 0.0 0.0 0.0 0.0 4.0452 4.0452 4.0452 4.0452
1.225 0 3 1.0 0.0 0.0 0.0 0.0 0.0 0.0 0.0 0.0 0.0 4.0452 4.0452 4.0452 4.0452
1.226 0 3 1.0 0.0 0.0 0.0 0.0 0.0 0.0 0.0 0.0 0.0 4.0452 4.0452 4.0452 4.0452
1.227 0 3 1.0 0.0 0.0 0.0 0.0 0.0 0.0 0.0 0.0 0.0 4.0452 4.0452 4.0452 4.0452
1.228 0 3 1.0 0.0 0.0 0.0 0.0 0.0 0.0 0.0 0.0 0.0 4.0452 4.0452 4.0452 4.0452
1.229 0 3 1.0 0.0 0.0 0.0 0.0 0.0 0.0 0.0 0.0 0.0 4.0452 4.0452 4.0452 4.0452
1.23 0 3 1.0 0.0 0.0 0.0 0.0 0.0 0.0 0.0 0.0 0.0 4.0452 4.0452 4.0452 4.0452
1.231 0 3 1.0 0.0 0.0 0.0 0.0 0.0 0.0 0.0 0.0 0.0 4.0452 4.0452 4.0452 4.0452
1.232 0 3 1.0 0.0 0.0 0.0 0.0 0.0 0.0 0.0 0.0 0.0 4.0452 4.0452 4.0452 4.0452
1.233 0 3 1.0 0.0 0.0 0.0 0.0 0.0 0.0 0.0 0.0 0.0 4.0452 4.0452 4.0452 4.0452
1.234 0 3 1.0 0.0 0.0 0.0 0.0 0.0 0.0 0.0 0.0 0.0 4.0452 4.0452 4.0452 4.0452
1.235 0 3 1.0 0.0 0.0 0.0 0.0 0.0 0.0 0.0 0.0 0.0 4.0452 4.0452 4.0452 4.0452
1.236 0 3 1.0 0.0 0.0 0.0 0.0 0.0 0.0 0.0 0.0 0.0 4.0452 4.0452 4.0452 4.0452
1.237 0 3 1.0 0.0 0.0 0.0 0.0 0.0 0.0 0.0 0.0 0.0 4.0452 4.0452 4.0452 4.0452
1.238 0 3 1.0 0.0 0.0 0.0 0.0 0.0 0.0 0.0 0.0 0.0 4.0452 4.0452 4.0452 4.0452
1.239 0 3 1.0 0.0 0.0 0.0 0.0 0.0 0.0 0.0 0.0 0.0 4.0452 4.0452 4.0452 4.0452
1.24 0 3 1.0 0.0 0.0 0.0 0.0 0.0 0.0 0.0 0.0 0.0 4.0452 4.0452 4.0452 4.0452
1.241 0 3 1.0 0.0 0.0 0.0 0.0 0.0 0.0 0.0 0.0 0.0 4.0452 4.0452 4.0452 4.0452
1.242 0 3 1.0 0.0 0.0 0.0 0.0 0.0 0.0 0.0 0.0 0.0 4.0452 4.0452 4.0452 4.0452
1.243 0 3 1.0 0.0 0.0 0.0 0.0 0.0 0.0 0.0 0.0 0.0 4.0452 4.0452 4.0452 4.0452
1.244 0 3 1.0 0.0 0.0 0.0 0.0 0.0 0.0 0.0 0.0 0.0 4.0452 4.0452 4.0452 4.0452
1.245 0 3 1.0 0.0 0.0 0.0 0.0 0.0 0.0 0.0 0.0 0.0 4.0452 4.0452 4.0452 4.0452
1.246 0 3 1.0 0.0 0.0 0.0 0.0 0.0 0.0 0.0 0.0 0.0 4.0452 4.0452 4.0452 4.0452
1.247 0 3 1.0 0.0 0.0 0.0 0.0 0.0 0.0 0.0 0.0 0.0 4.0452 4.0452 4.0452 4.0452
1.248 0 3 1.0 0.0 0.0 0.0 0.0 0.0 0.0 0.0 0.0 0.0 4.0452 4.0452 4.0452 4.0452
1.249 0 3 1.0 0.0 0.0 0.0 0.0 0.0 0.0 0.0 0.0 0.0 4.0452 4.0452 4.0452 4.0452
1.25 0 3 1.0 0.0 0.0 0.0 0.0 0.0 0.0 0.0 0.0 0.0 4.0452 4.0452 4.0452 4.0452
1.2510000000000001 0 3 1.0 0.0 0.0 0.0 0.0 0.0 0.0 0.0 0.0 0.0 4.0452 4.0452 4.0452 4.0452
1.252 0 3 1.0 0.0 0.0 0.0 0.0 0.0 0.0 0.0 0.0 0.0 4.0452 4.0452 4.0452 4.0452
1.2530000000000001 0 3 1.0 0.0 0.0 0.0 0.0 0.0 0.0 0.0 0.0 0.0 4.0452 4.0452 4.0452 4.0452
1.254 0 3 1.0 0.0 0.0 0.0 0.0 0.0 0.0 0.0 0.0 0.0 4.0452 4.0452 4.0452 4.0452
1.2550000000000001 0 3 1.0 0.0 0.0 0.0 0.0 0.0 0.0 0.0 0.0 0.0 4.0452 4.0452 4.0452 4.0452
1.256 0 3 1.0 0.0 0.0 0.0 0.0 0.0 0.0 0.0 0.0 0.0 4.0452 4.0452 4.0452 4.0452
1.2570000000000001 0 3 1.0 0.0 0.0 0.0 0.0 0.0 0.0 0.0 0.0 0.0 4.0452 4.0452 4.0452 4.0452
1.258 0 3 1.0 0.0 0.0 0.0 0.0 0.0 0.0 0.0 0.0 0.0 4.0452 4.0452 4.0452 4.0452
1.2590000000000001 0 3 1.0 0.0 0.0 0.0 0.0 0.0 0.0 0.0 0.0 0.0 4.0452 4.0452 4.0452 4.0452
1.26 0 3 1.0 0.0 0.0 0.0 0.0 0.0 0.0 0.0 0.0 0.0 4.0452 4.0452 4.0452 4.0452
1.2610000000000001 0 3 1.0 0.0 0.0 0.0 0.0 0.0 0.0 0.0 0.0 0.0 4.0452 4.0452 4.0452 4.0452
1.262 0 3 1.0 0.0 0.0 0.0 0.0 0.0 0.0 0.0 0.0 0.0 4.0452 4.0452 4.0452 4.0452
1.2630000000000001 0 3 1.0 0.0 0.0 0.0 0.0 0.0 0.0 0.0 0.0 0.0 4.0452 4.0452 4.0452 4.0452
1.264 0 3 1.0 0.0 0.0 0.0 0.0 0.0 0.0 0.0 0.0 0.0 4.0452 4.0452 4.0452 4.0452
1.2650000000000001 0 3 1.0 0.0 0.0 0.0 0.0 0.0 0.0 0.0 0.0 0.0 4.0452 4.0452 4.0452 4.0452
1.266 0 3 1.0 0.0 0.0 0.0 0.0 0.0 0.0 0.0 0.0 0.0 4.0452 4.0452 4.0452 4.0452
1.2670000000000001 0 3 1.0 0.0 0.0 0.0 0.0 0.0 0.0 0.0 0.0 0.0 4.0452 4.0452 4.0452 4.0452
1.268 0 3 1.0 0.0 0.0 0.0 0.0 0.0 0.0 0.0 0.0 0.0 4.0452 4.0452 4.0452 4.0452
1.2690000000000001 0 3 1.0 0.0 0.0 0.0 0.0 0.0 0.0 0.0 0.0 0.0 4.0452 4.0452 4.0452 4.0452
1.27 0 3 1.0 0.0 0.0 0.0 0.0 0.0 0.0 0.0 0.0 0.0 4.0452 4.0452 4.0452 4.0452
1.2710000000000001 0 3 1.0 0.0 0.0 0.0 0.0 0.0 0.0 0.0 0.0 0.0 4.0452 4.0452 4.0452 4.0452
1.272 0 3 1.0 0.0 0.0 0.0 0.0 0.0 0.0 0.0 0.0 0.0 4.0452 4.0452 4.0452 4.0452
1.2730000000000001 0 3 1.0 0.0 0.0 0.0 0.0 0.0 0.0 0.0 0.0 0.0 4.0452 4.0452 4.0452 4.0452
1.274 0 3 1.0 0.0 0.0 0.0 0.0 0.0 0.0 0.0 0.0 0.0 4.0452 4.0452 4.0452 4.0452
1.2750000000000001 0 3 1.0 0.0 0.0 0.0 0.0 0.0 0.0 0.0 0.0 0.0 4.0452 4.0452 4.0452 4.0452
1.276 0 3 1.0 0.0 0.0 0.0 0.0 0.0 0.0 0.0 0.0 0.0 4.0452 4.0452 4.0452 4.0452
1.2770000000000001 0 3 1.0 0.0 0.0 0.0 0.0 0.0 0.0 0.0 0.0 0.0 4.0452 4.0452 4.0452 4.0452
1.278 0 3 1.0 0.0 0.0 0.0 0.0 0.0 0.0 0.0 0.0 0.0 4.0452 4.0452 4.0452 4.0452
1.2790000000000001 0 3 1.0 0.0 0.0 0.0 0.0 0.0 0.0 0.0 0.0 0.0 4.0452 4.0452 4.0452 4.0452
1.28 0 3 1.0 0.0 0.0 0.0 0.0 0.0 0.0 0.0 0.0 0.0 4.0452 4.0452 4.0452 4.0452
1.281 0 3 1.0 0.0 0.0 0.0 0.0 0.0 0.0 0.0 0.0 0.0 4.0452 4.0452 4.0452 4.0452
1.282 0 3 1.0 0.0 0.0 0.0 0.0 0.0 0.0 0.0 0.0 0.0 4.0452 4.0452 4.0452 4.0452
1.283 0 3 1.0 0.0 0.0 0.0 0.0 0.0 0.0 0.0 0.0 0.0 4.0452 4.0452 4.0452 4.0452
1.284 0 3 1.0 0.0 0.0 0.0 0.0 0.0 0.0 0.0 0.0 0.0 4.0452 4.0452 4.0452 4.0452
1.285 0 3 1.0 0.0 0.0 0.0 0.0 0.0 0.0 0.0 0.0 0.0 4.0452 4.0452 4.0452 4.0452
1.286 0 3 1.0 0.0 0.0 0.0 0.0 0.0 0.0 0.0 0.0 0.0 4.0452 4.0452 4.0452 4.0452
1.287 0 3 1.0 0.0 0.0 0.0 0.0 0.0 0.0 0.0 0.0 0.0 4.0452 4.0452 4.0452 4.0452
1.288 0 3 1.0 0.0 0.0 0.0 0.0 0.0 0.0 0.0 0.0 0.0 4.0452 4.0452 4.0452 4.0452
1.289 0 3 1.0 0.0 0.0 0.0 0.0 0.0 0.0 0.0 0.0 0.0 4.0452 4.0452 4.0452 4.0452
1.29 0 3 1.0 0.0 0.0 0.0 0.0 0.0 0.0 0.0 0.0 0.0 4.0452 4.0452 4.0452 4.0452
1.291 0 3 1.0 0.0 0.0 0.0 0.0 0.0 0.0 0.0 0.0 0.0 4.0452 4.0452 4.0452 4.0452
1.292 0 3 1.0 0.0 0.0 0.0 0.0 0.0 0.0 0.0 0.0 0.0 4.0452 4.0452 4.0452 4.0452
1.293 0 3 1.0 0.0 0.0 0.0 0.0 0.0 0.0 0.0 0.0 0.0 4.0452 4.0452 4.0452 4.0452
1.294 0 3 1.0 0.0 0.0 0.0 0.0 0.0 0.0 0.0 0.0 0.0 4.0452 4.0452 4.0452 4.0452
1.295 0 3 1.0 0.0 0.0 0.0 0.0 0.0 0.0 0.0 0.0 0.0 4.0452 4.0452 4.0452 4.0452
1.296 0 3 1.0 0.0 0.0 0.0 0.0 0.0 0.0 0.0 0.0 0.0 4.0452 4.0452 4.0452 4.0452
1.297 0 3 1.0 0.0 0.0 0.0 0.0 0.0 0.0 0.0 0.0 0.0 4.0452 4.0452 4.0452 4.0452
1.298 0 3 1.0 0.0 0.0 0.0 0.0 0.0 0.0 0.0 0.0 0.0 4.0452 4.0452 4.0452 4.0452
1.299 0 3 1.0 0.0 0.0 0.0 0.0 0.0 0.0 0.0 0.0 0.0 4.0452 4.0452 4.0452 4.0452
1.3 0 3 1.0 0.0 0.0 0.0 0.0 0.0 0.0 0.0 0.0 0.0 4.0452 4.0452 4.0452 4.0452
1.301 0 3 1.0 0.0 0.0 0.0 0.0 0.0 0.0 0.0 0.0 0.0 4.0452 4.0452 4.0452 4.0452
1.302 0 3 1.0 0.0 0.0 0.0 0.0 0.0 0.0 0.0 0.0 0.0 4.0452 4.0452 4.0452 4.0452
1.303 0 3 1.0 0.0 0.0 0.0 0.0 0.0 0.0 0.0 0.0 0.0 4.0452 4.0452 4.0452 4.0452
1.304 0 3 1.0 0.0 0.0 0.0 0.0 0.0 0.0 0.0 0.0 0.0 4.0452 4.0452 4.0452 4.0452
1.305 0 3 1.0 0.0 0.0 0.0 0.0 0.0 0.0 0.0 0.0 0.0 4.0452 4.0452 4.0452 4.0452
1.306 0 3 1.0 0.0 0.0 0.0 0.0 0.0 0.0 0.0 0.0 0.0 4.0452 4.0452 4.0452 4.0452
1.307 0 3 1.0 0.0 0.0 0.0 0.0 0.0 0.0 0.0 0.0 0.0 4.0452 4.0452 4.0452 4.0452
1.308 0 3 1.0 0.0 0.0 0.0 0.0 0.0 0.0 0.0 0.0 0.0 4.0452 4.0452 4.0452 4.0452
1.309 0 3 1.0 0.0 0.0 0.0 0.0 0.0 0.0 0.0 0.0 0.0 4.0452 4.0452 4.0452 4.0452
1.31 0 3 1.0 0.0 0.0 0.0 0.0 0.0 0.0 0.0 0.0 0.0 4.0452 4.0452 4.0452 4.0452
1.311 0 3 1.0 0.0 0.0 0.0 0.0 0.0 0.0 0.0 0.0 0.0 4.0452 4.0452 4.0452 4.0452
1.312 0 3 1.0 0.0 0.0 0.0 0.0 0.0 0.0 0.0 0.0 0.0 4.0452 4.0452 4.0452 4.0452
1.313 0 3 1.0 0.0 0.0 0.0 0.0 0.0 0.0 0.0 0.0 0.0 4.0452 4.0452 4.0452 4.0452
1.314 0 3 1.0 0.0 0.0 0.0 0.0 0.0 0.0 0.0 0.0 0.0 4.0452 4.0452 4.0452 4.0452
1.315 0 3 1.0 0.0 0.0 0.0 0.0 0.0 0.0 0.0 0.0 0.0 4.0452 4.0452 4.0452 4.0452
1.316 0 3 1.0 0.0 0.0 0.0 0.0 0.0 0.0 0.0 0.0 0.0 4.0452 4.0452 4.0452 4.0452
1.317 0 3 1.0 0.0 0.0 0.0 0.0 0.0 0.0 0.0 0.0 0.0 4.0452 4.0452 4.0452 4.0452
1.318 0 3 1.0 0.0 0.0 0.0 0.0 0.0 0.0 0.0 0.0 0.0 4.0452 4.0452 4.0452 4.0452
1.319 0 3 1.0 0.0 0.0 0.0 0.0 0.0 0.0 0.0 0.0 0.0 4.0452 4.0452 4.0452 4.0452
1.32 0 3 1.0 0.0 0.0 0.0 0.0 0.0 0.0 0.0 0.0 0.0 4.0452 4.0452 4.0452 4.0452
1.321 0 3 1.0 0.0 0.0 0.0 0.0 0.0 0.0 0.0 0.0 0.0 4.0452 4.0452 4.0452 4.0452
1.322 0 3 1.0 0.0 0.0 0.0 0.0 0.0 0.0 0.0 0.0 0.0 4.0452 4.0452 4.0452 4.0452
1.323 0 3 1.0 0.0 0.0 0.0 0.0 0.0 0.0 0.0 0.0 0.0 4.0452 4.0452 4.0452 4.0452
1.324 0 3 1.0 0.0 0.0 0.0 0.0 0.0 0.0 0.0 0.0 0.0 4.0452 4.0452 4.0452 4.0452
1.325 0 3 1.0 0.0 0.0 0.0 0.0 0.0 0.0 0.0 0.0 0.0 4.0452 4.0452 4.0452 4.0452
1.326 0 3 1.0 0.0 0.0 0.0 0.0 0.0 0.0 0.0 0.0 0.0 4.0452 4.0452 4.0452 4.0452
1.327 0 3 1.0 0.0 0.0 0.0 0.0 0.0 0.0 0.0 0.0 0.0 4.0452 4.0452 4.0452 4.0452
1.328 0 3 1.0 0.0 0.0 0.0 0.0 0.0 0.0 0.0 0.0 0.0 4.0452 4.0452 4.0452 4.0452
1.329 0 3 1.0 0.0 0.0 0.0 0.0 0.0 0.0 0.0 0.0 0.0 4.0452 4.0452 4.0452 4.0452
1.33 0 3 1.0 0.0 0.0 0.0 0.0 0.0 0.0 0.0 0.0 0.0 4.0452 4.0452 4.0452 4.0452
1.331 0 3 1.0 0.0 0.0 0.0 0.0 0.0 0.0 0.0 0.0 0.0 4.0452 4.0452 4.0452 4.0452
1.332 0 3 1.0 0.0 0.0 0.0 0.0 0.0 0.0 0.0 0.0 0.0 4.0452 4.0452 4.0452 4.0452
1.333 0 3 1.0 0.0 0.0 0.0 0.0 0.0 0.0 0.0 0.0 0.0 4.0452 4.0452 4.0452 4.0452
1.334 0 3 1.0 0.0 0.0 0.0 0.0 0.0 0.0 0.0 0.0 0.0 4.0452 4.0452 4.0452 4.0452
1.335 0 3 1.0 0.0 0.0 0.0 0.0 0.0 0.0 0.0 0.0 0.0 4.0452 4.0452 4.0452 4.0452
1.336 0 3 1.0 0.0 0.0 0.0 0.0 0.0 0.0 0.0 0.0 0.0 4.0452 4.0452 4.0452 4.0452
1.337 0 3 1.0 0.0 0.0 0.0 0.0 0.0 0.0 0.0 0.0 0.0 4.0452 4.0452 4.0452 4.0452
1.338 0 3 1.0 0.0 0.0 0.0 0.0 0.0 0.0 0.0 0.0 0.0 4.0452 4.0452 4.0452 4.0452
1.339 0 3 1.0 0.0 0.0 0.0 0.0 0.0 0.0 0.0 0.0 0.0 4.0452 4.0452 4.0452 4.0452
1.34 0 3 1.0 0.0 0.0 0.0 0.0 0.0 0.0 0.0 0.0 0.0 4.0452 4.0452 4.0452 4.0452
1.341 0 3 1.0 0.0 0.0 0.0 0.0 0.0 0.0 0.0 0.0 0.0 4.0452 4.0452 4.0452 4.0452
1.342 0 3 1.0 0.0 0.0 0.0 0.0 0.0 0.0 0.0 0.0 0.0 4.0452 4.0452 4.0452 4.0452
1.343 0 3 1.0 0.0 0.0 0.0 0.0 0.0 0.0 0.0 0.0 0.0 4.0452 4.0452 4.0452 4.0452
1.344 0 3 1.0 0.0 0.0 0.0 0.0 0.0 0.0 0.0 0.0 0.0 4.0452 4.0452 4.0452 4.0452
1.345 0 3 1.0 0.0 0.0 0.0 0.0 0.0 0.0 0.0 0.0 0.0 4.0452 4.0452 4.0452 4.0452
1.346 0 3 1.0 0.0 0.0 0.0 0.0 0.0 0.0 0.0 0.0 0.0 4.0452 4.0452 4.0452 4.0452
1.347 0 3 1.0 0.0 0.0 0.0 0.0 0.0 0.0 0.0 0.0 0.0 4.0452 4.0452 4.0452 4.0452
1.348 0 3 1.0 0.0 0.0 0.0 0.0 0.0 0.0 0.0 0.0 0.0 4.0452 4.0452 4.0452 4.0452
1.349 0 3 1.0 0.0 0.0 0.0 0.0 0.0 0.0 0.0 0.0 0.0 4.0452 4.0452 4.0452 4.0452
1.35 0 3 1.0 0.0 0.0 0.0 0.0 0.0 0.0 0.0 0.0 0.0 4.0452 4.0452 4.0452 4.0452
1.351 0 3 1.0 0.0 0.0 0.0 0.0 0.0 0.0 0.0 0.0 0.0 4.0452 4.0452 4.0452 4.0452
1.352 0 3 1.0 0.0 0.0 0.0 0.0 0.0 0.0 0.0 0.0 0.0 4.0452 4.0452 4.0452 4.0452
1.353 0 3 1.0 0.0 0.0 0.0 0.0 0.0 0.0 0.0 0.0 0.0 4.0452 4.0452 4.0452 4.0452
1.354 0 3 1.0 0.0 0.0 0.0 0.0 0.0 0.0 0.0 0.0 0.0 4.0452 4.0452 4.0452 4.0452
1.355 0 3 1.0 0.0 0.0 0.0 0.0 0.0 0.0 0.0 0.0 0.0 4.0452 4.0452 4.0452 4.0452
1.356 0 3 1.0 0.0 0.0 0.0 0.0 0.0 0.0 0.0 0.0 0.0 4.0452 4.0452 4.0452 4.0452
1.357 0 3 1.0 0.0 0.0 0.0 0.0 0.0 0.0 0.0 0.0 0.0 4.0452 4.0452 4.0452 4.0452
1.358 0 3 1.0 0.0 0.0 0.0 0.0 0.0 0.0 0.0 0.0 0.0 4.0452 4.0452 4.0452 4.0452
1.359 0 3 1.0 0.0 0.0 0.0 0.0 0.0 0.0 0.0 0.0 0.0 4.0452 4.0452 4.0452 4.0452
1.36 0 3 1.0 0.0 0.0 0.0 0.0 0.0 0.0 0.0 0.0 0.0 4.0452 4.0452 4.0452 4.0452
1.361 0 3 1.0 0.0 0.0 0.0 0.0 0.0 0.0 0.0 0.0 0.0 4.0452 4.0452 4.0452 4.0452
1.362 0 3 1.0 0.0 0.0 0.0 0.0 0.0 0.0 0.0 0.0 0.0 4.0452 4.0452 4.0452 4.0452
1.363 0 3 1.0 0.0 0.0 0.0 0.0 0.0 0.0 0.0 0.0 0.0 4.0452 4.0452 4.0452 4.0452
1.364 0 3 1.0 0.0 0.0 0.0 0.0 0.0 0.0 0.0 0.0 0.0 4.0452 4.0452 4.0452 4.0452
1.365 0 3 1.0 0.0 0.0 0.0 0.0 0.0 0.0 0.0 0.0 0.0 4.0452 4.0452 4.0452 4.0452
1.366 0 3 1.0 0.0 0.0 0.0 0.0 0.0 0.0 0.0 0.0 0.0 4.0452 4.0452 4.0452 4.0452
1.367 0 3 1.0 0.0 0.0 0.0 0.0 0.0 0.0 0.0 0.0 0.0 4.0452 4.0452 4.0452 4.0452
1.368 0 3 1.0 0.0 0.0 0.0 0.0 0.0 0.0 0.0 0.0 0.0 4.0452 4.0452 4.0452 4.0452
1.369 0 3 1.0 0.0 0.0 0.0 0.0 0.0 0.0 0.0 0.0 0.0 4.0452 4.0452 4.0452 4.0452
1.37 0 3 1.0 0.0 0.0 0.0 0.0 0.0 0.0 0.0 0.0 0.0 4.0452 4.0452 4.0452 4.0452
1.371 0 3 1.0 0.0 0.0 0.0 0.0 0.0 0.0 0.0 0.0 0.0 4.0452 4.0452 4.0452 4.0452
1.372 0 3 1.0 0.0 0.0 0.0 0.0 0.0 0.0 0.0 0.0 0.0 4.0452 4.0452 4.0452 4.0452
1.373 0 3 1.0 0.0 0.0 0.0 0.0 0.0 0.0 0.0 0.0 0.0 4.0452 4.0452 4.0452 4.0452
1.374 0 3 1.0 0.0 0.0 0.0 0.0 0.0 0.0 0.0 0.0 0.0 4.0452 4.0452 4.0452 4.0452
1.375 0 3 1.0 0.0 0.0 0.0 0.0 0.0 0.0 0.0 0.0 0.0 4.0452 4.0452 4.0452 4.0452
1.3760000000000001 0 3 1.0 0.0 0.0 0.0 0.0 0.0 0.0 0.0 0.0 0.0 4.0452 4.0452 4.0452 4.0452
1.377 0 3 1.0 0.0 0.0 0.0 0.0 0.0 0.0 0.0 0.0 0.0 4.0452 4.0452 4.0452 4.0452
1.3780000000000001 0 3 1.0 0.0 0.0 0.0 0.0 0.0 0.0 0.0 0.0 0.0 4.0452 4.0452 4.0452 4.0452
1.379 0 3 1.0 0.0 0.0 0.0 0.0 0.0 0.0 0.0 0.0 0.0 4.0452 4.0452 4.0452 4.0452
1.3800000000000001 0 3 1.0 0.0 0.0 0.0 0.0 0.0 0.0 0.0 0.0 0.0 4.0452 4.0452 4.0452 4.0452
1.381 0 3 1.0 0.0 0.0 0.0 0.0 0.0 0.0 0.0 0.0 0.0 4.0452 4.0452 4.0452 4.0452
1.3820000000000001 0 3 1.0 0.0 0.0 0.0 0.0 0.0 0.0 0.0 0.0 0.0 4.0452 4.0452 4.0452 4.0452
1.383 0 3 1.0 0.0 0.0 0.0 0.0 0.0 0.0 0.0 0.0 0.0 4.0452 4.0452 4.0452 4.0452
1.3840000000000001 0 3 1.0 0.0 0.0 0.0 0.0 0.0 0.0 0.0 0.0 0.0 4.0452 4.0452 4.0452 4.0452
1.385 0 3 1.0 0.0 0.0 0.0 0.0 0.0 0.0 0.0 0.0 0.0 4.0452 4.0452 4.0452 4.0452
1.3860000000000001 0 3 1.0 0.0 0.0 0.0 0.0 0.0 0.0 0.0 0.0 0.0 4.0452 4.0452 4.0452 4.0452
1.387 0 3 1.0 0.0 0.0 0.0 0.0 0.0 0.0 0.0 0.0 0.0 4.0452 4.0452 4.0452 4.0452
1.3880000000000001 0 3 1.0 0.0 0.0 0.0 0.0 0.0 0.0 0.0 0.0 0.0 4.0452 4.0452 4.0452 4.0452
1.389 0 3 1.0 0.0 0.0 0.0 0.0 0.0 0.0 0.0 0.0 0.0 4.0452 4.0452 4.0452 4.0452
1.3900000000000001 0 3 1.0 0.0 0.0 0.0 0.0 0.0 0.0 0.0 0.0 0.0 4.0452 4.0452 4.0452 4.0452
1.391 0 3 1.0 0.0 0.0 0.0 0.0 0.0 0.0 0.0 0.0 0.0 4.0452 4.0452 4.0452 4.0452
1.3920000000000001 0 3 1.0 0.0 0.0 0.0 0.0 0.0 0.0 0.0 0.0 0.0 4.0452 4.0452 4.0452 4.0452
1.393 0 3 1.0 0.0 0.0 0.0 0.0 0.0 0.0 0.0 0.0 0.0 4.0452 4.0452 4.0452 4.0452
1.3940000000000001 0 3 1.0 0.0 0.0 0.0 0.0 0.0 0.0 0.0 0.0 0.0 4.0452 4.0452 4.0452 4.0452
1.395 0 3 1.0 0.0 0.0 0.0 0.0 0.0 0.0 0.0 0.0 0.0 4.0452 4.0452 4.0452 4.0452
1.3960000000000001 0 3 1.0 0.0 0.0 0.0 0.0 0.0 0.0 0.0 0.0 0.0 4.0452 4.0452 4.0452 4.0452
1.397 0 3 1.0 0.0 0.0 0.0 0.0 0.0 0.0 0.0 0.0 0.0 4.0452 4.0452 4.0452 4.0452
1.3980000000000001 0 3 1.0 0.0 0.0 0.0 0.0 0.0 0.0 0.0 0.0 0.0 4.0452 4.0452 4.0452 4.0452
1.399 0 3 1.0 0.0 0.0 0.0 0.0 0.0 0.0 0.0 0.0 0.0 4.0452 4.0452 4.0452 4.0452
1.4000000000000001 0 3 1.0 0.0 0.0 0.0 0.0 0.0 0.0 0.0 0.0 0.0 4.0452 4.0452 4.0452 4.0452
1.401 0 3 1.0 0.0 0.0 0.0 0.0 0.0 0.0 0.0 0.0 0.0 4.0452 4.0452 4.0452 4.0452
1.4020000000000001 0 3 1.0 0.0 0.0 0.0 0.0 0.0 0.0 0.0 0.0 0.0 4.0452 4.0452 4.0452 4.0452
1.403 0 3 1.0 0.0 0.0 0.0 0.0 0.0 0.0 0.0 0.0 0.0 4.0452 4.0452 4.0452 4.0452
1.4040000000000001 0 3 1.0 0.0 0.0 0.0 0.0 0.0 0.0 0.0 0.0 0.0 4.0452 4.0452 4.0452 4.0452
1.405 0 3 1.0 0.0 0.0 0.0 0.0 0.0 0.0 0.0 0.0 0.0 4.0452 4.0452 4.0452 4.0452
1.4060000000000001 0 3 1.0 0.0 0.0 0.0 0.0 0.0 0.0 0.0 0.0 0.0 4.0452 4.0452 4.0452 4.0452
1.407 0 3 1.0 0.0 0.0 0.0 0.0 0.0 0.0 0.0 0.0 0.0 4.0452 4.0452 4.0452 4.0452
1.408 0 3 1.0 0.0 0.0 0.0 0.0 0.0 0.0 0.0 0.0 0.0 4.0452 4.0452 4.0452 4.0452
1.409 0 3 1.0 0.0 0.0 0.0 0.0 0.0 0.0 0.0 0.0 0.0 4.0452 4.0452 4.0452 4.0452
1.41 0 3 1.0 0.0 0.0 0.0 0.0 0.0 0.0 0.0 0.0 0.0 4.0452 4.0452 4.0452 4.0452
1.411 0 3 1.0 0.0 0.0 0.0 0.0 0.0 0.0 0.0 0.0 0.0 4.0452 4.0452 4.0452 4.0452
1.412 0 3 1.0 0.0 0.0 0.0 0.0 0.0 0.0 0.0 0.0 0.0 4.0452 4.0452 4.0452 4.0452
1.413 0 3 1.0 0.0 0.0 0.0 0.0 0.0 0.0 0.0 0.0 0.0 4.0452 4.0452 4.0452 4.0452
1.414 0 3 1.0 0.0 0.0 0.0 0.0 0.0 0.0 0.0 0.0 0.0 4.0452 4.0452 4.0452 4.0452
1.415 0 3 1.0 0.0 0.0 0.0 0.0 0.0 0.0 0.0 0.0 0.0 4.0452 4.0452 4.0452 4.0452
1.416 0 3 1.0 0.0 0.0 0.0 0.0 0.0 0.0 0.0 0.0 0.0 4.0452 4.0452 4.0452 4.0452
1.417 0 3 1.0 0.0 0.0 0.0 0.0 0.0 0.0 0.0 0.0 0.0 4.0452 4.0452 4.0452 4.0452
1.418 0 3 1.0 0.0 0.0 0.0 0.0 0.0 0.0 0.0 0.0 0.0 4.0452 4.0452 4.0452 4.0452
1.419 0 3 1.0 0.0 0.0 0.0 0.0 0.0 0.0 0.0 0.0 0.0 4.0452 4.0452 4.0452 4.0452
1.42 0 3 1.0 0.0 0.0 0.0 0.0 0.0 0.0 0.0 0.0 0.0 4.0452 4.0452 4.0452 4.0452
1.421 0 3 1.0 0.0 0.0 0.0 0.0 0.0 0.0 0.0 0.0 0.0 4.0452 4.0452 4.0452 4.0452
1.422 0 3 1.0 0.0 0.0 0.0 0.0 0.0 0.0 0.0 0.0 0.0 4.0452 4.0452 4.0452 4.0452
1.423 0 3 1.0 0.0 0.0 0.0 0.0 0.0 0.0 0.0 0.0 0.0 4.0452 4.0452 4.0452 4.0452
1.424 0 3 1.0 0.0 0.0 0.0 0.0 0.0 0.0 0.0 0.0 0.0 4.0452 4.0452 4.0452 4.0452
1.425 0 3 1.0 0.0 0.0 0.0 0.0 0.0 0.0 0.0 0.0 0.0 4.0452 4.0452 4.0452 4.0452
1.426 0 3 1.0 0.0 0.0 0.0 0.0 0.0 0.0 0.0 0.0 0.0 4.0452 4.0452 4.0452 4.0452
1.427 0 3 1.0 0.0 0.0 0.0 0.0 0.0 0.0 0.0 0.0 0.0 4.0452 4.0452 4.0452 4.0452
1.428 0 3 1.0 0.0 0.0 0.0 0.0 0.0 0.0 0.0 0.0 0.0 4.0452 4.0452 4.0452 4.0452
1.429 0 3 1.0 0.0 0.0 0.0 0.0 0.0 0.0 0.0 0.0 0.0 4.0452 4.0452 4.0452 4.0452
1.43 0 3 1.0 0.0 0.0 0.0 0.0 0.0 0.0 0.0 0.0 0.0 4.0452 4.0452 4.0452 4.0452
1.431 0 3 1.0 0.0 0.0 0.0 0.0 0.0 0.0 0.0 0.0 0.0 4.0452 4.0452 4.0452 4.0452
1.432 0 3 1.0 0.0 0.0 0.0 0.0 0.0 0.0 0.0 0.0 0.0 4.0452 4.0452 4.0452 4.0452
1.433 0 3 1.0 0.0 0.0 0.0 0.0 0.0 0.0 0.0 0.0 0.0 4.0452 4.0452 4.0452 4.0452
1.434 0 3 1.0 0.0 0.0 0.0 0.0 0.0 0.0 0.0 0.0 0.0 4.0452 4.0452 4.0452 4.0452
1.435 0 3 1.0 0.0 0.0 0.0 0.0 0.0 0.0 0.0 0.0 0.0 4.0452 4.0452 4.0452 4.0452
1.436 0 3 1.0 0.0 0.0 0.0 0.0 0.0 0.0 0.0 0.0 0.0 4.0452 4.0452 4.0452 4.0452
1.437 0 3 1.0 0.0 0.0 0.0 0.0 0.0 0.0 0.0 0.0 0.0 4.0452 4.0452 4.0452 4.0452
1.438 0 3 1.0 0.0 0.0 0.0 0.0 0.0 0.0 0.0 0.0 0.0 4.0452 4.0452 4.0452 4.0452
1.439 0 3 1.0 0.0 0.0 0.0 0.0 0.0 0.0 0.0 0.0 0.0 4.0452 4.0452 4.0452 4.0452
1.44 0 3 1.0 0.0 0.0 0.0 0.0 0.0 0.0 0.0 0.0 0.0 4.0452 4.0452 4.0452 4.0452
1.441 0 3 1.0 0.0 0.0 0.0 0.0 0.0 0.0 0.0 0.0 0.0 4.0452 4.0452 4.0452 4.0452
1.442 0 3 1.0 0.0 0.0 0.0 0.0 0.0 0.0 0.0 0.0 0.0 4.0452 4.0452 4.0452 4.0452
1.443 0 3 1.0 0.0 0.0 0.0 0.0 0.0 0.0 0.0 0.0 0.0 4.0452 4.0452 4.0452 4.0452
1.444 0 3 1.0 0.0 0.0 0.0 0.0 0.0 0.0 0.0 0.0 0.0 4.0452 4.0452 4.0452 4.0452
1.445 0 3 1.0 0.0 0.0 0.0 0.0 0.0 0.0 0.0 0.0 0.0 4.0452 4.0452 4.0452 4.0452
1.446 0 3 1.0 0.0 0.0 0.0 0.0 0.0 0.0 0.0 0.0 0.0 4.0452 4.0452 4.0452 4.0452
1.447 0 3 1.0 0.0 0.0 0.0 0.0 0.0 0.0 0.0 0.0 0.0 4.0452 4.0452 4.0452 4.0452
1.448 0 3 1.0 0.0 0.0 0.0 0.0 0.0 0.0 0.0 0.0 0.0 4.0452 4.0452 4.0452 4.0452
1.449 0 3 1.0 0.0 0.0 0.0 0.0 0.0 0.0 0.0 0.0 0.0 4.0452 4.0452 4.0452 4.0452
1.45 0 3 1.0 0.0 0.0 0.0 0.0 0.0 0.0 0.0 0.0 0.0 4.0452 4.0452 4.0452 4.0452
1.451 0 3 1.0 0.0 0.0 0.0 0.0 0.0 0.0 0.0 0.0 0.0 4.0452 4.0452 4.0452 4.0452
1.452 0 3 1.0 0.0 0.0 0.0 0.0 0.0 0.0 0.0 0.0 0.0 4.0452 4.0452 4.0452 4.0452
1.453 0 3 1.0 0.0 0.0 0.0 0.0 0.0 0.0 0.0 0.0 0.0 4.0452 4.0452 4.0452 4.0452
1.454 0 3 1.0 0.0 0.0 0.0 0.0 0.0 0.0 0.0 0.0 0.0 4.0452 4.0452 4.0452 4.0452
1.455 0 3 1.0 0.0 0.0 0.0 0.0 0.0 0.0 0.0 0.0 0.0 4.0452 4.0452 4.0452 4.0452
1.456 0 3 1.0 0.0 0.0 0.0 0.0 0.0 0.0 0.0 0.0 0.0 4.0452 4.0452 4.0452 4.0452
1.457 0 3 1.0 0.0 0.0 0.0 0.0 0.0 0.0 0.0 0.0 0.0 4.0452 4.0452 4.0452 4.0452
1.458 0 3 1.0 0.0 0.0 0.0 0.0 0.0 0.0 0.0 0.0 0.0 4.0452 4.0452 4.0452 4.0452
1.459 0 3 1.0 0.0 0.0 0.0 0.0 0.0 0.0 0.0 0.0 0.0 4.0452 4.0452 4.0452 4.0452
1.46 0 3 1.0 0.0 0.0 0.0 0.0 0.0 0.0 0.0 0.0 0.0 4.0452 4.0452 4.0452 4.0452
1.461 0 3 1.0 0.0 0.0 0.0 0.0 0.0 0.0 0.0 0.0 0.0 4.0452 4.0452 4.0452 4.0452
1.462 0 3 1.0 0.0 0.0 0.0 0.0 0.0 0.0 0.0 0.0 0.0 4.0452 4.0452 4.0452 4.0452
1.463 0 3 1.0 0.0 0.0 0.0 0.0 0.0 0.0 0.0 0.0 0.0 4.0452 4.0452 4.0452 4.0452
1.464 0 3 1.0 0.0 0.0 0.0 0.0 0.0 0.0 0.0 0.0 0.0 4.0452 4.0452 4.0452 4.0452
1.465 0 3 1.0 0.0 0.0 0.0 0.0 0.0 0.0 0.0 0.0 0.0 4.0452 4.0452 4.0452 4.0452
1.466 0 3 1.0 0.0 0.0 0.0 0.0 0.0 0.0 0.0 0.0 0.0 4.0452 4.0452 4.0452 4.0452
1.467 0 3 1.0 0.0 0.0 0.0 0.0 0.0 0.0 0.0 0.0 0.0 4.0452 4.0452 4.0452 4.0452
1.468 0 3 1.0 0.0 0.0 0.0 0.0 0.0 0.0 0.0 0.0 0.0 4.0452 4.0452 4.0452 4.0452
1.469 0 3 1.0 0.0 0.0 0.0 0.0 0.0 0.0 0.0 0.0 0.0 4.0452 4.0452 4.0452 4.0452
1.47 0 3 1.0 0.0 0.0 0.0 0.0 0.0 0.0 0.0 0.0 0.0 4.0452 4.0452 4.0452 4.0452
1.471 0 3 1.0 0.0 0.0 0.0 0.0 0.0 0.0 0.0 0.0 0.0 4.0452 4.0452 4.0452 4.0452
1.472 0 3 1.0 0.0 0.0 0.0 0.0 0.0 0.0 0.0 0.0 0.0 4.0452 4.0452 4.0452 4.0452
1.473 0 3 1.0 0.0 0.0 0.0 0.0 0.0 0.0 0.0 0.0 0.0 4.0452 4.0452 4.0452 4.0452
1.474 0 3 1.0 0.0 0.0 0.0 0.0 0.0 0.0 0.0 0.0 0.0 4.0452 4.0452 4.0452 4.0452
1.475 0 3 1.0 0.0 0.0 0.0 0.0 0.0 0.0 0.0 0.0 0.0 4.0452 4.0452 4.0452 4.0452
1.476 0 3 1.0 0.0 0.0 0.0 0.0 0.0 0.0 0.0 0.0 0.0 4.0452 4.0452 4.0452 4.0452
1.477 0 3 1.0 0.0 0.0 0.0 0.0 0.0 0.0 0.0 0.0 0.0 4.0452 4.0452 4.0452 4.0452
1.478 0 3 1.0 0.0 0.0 0.0 0.0 0.0 0.0 0.0 0.0 0.0 4.0452 4.0452 4.0452 4.0452
1.479 0 3 1.0 0.0 0.0 0.0 0.0 0.0 0.0 0.0 0.0 0.0 4.0452 4.0452 4.0452 4.0452
1.48 0 3 1.0 0.0 0.0 0.0 0.0 0.0 0.0 0.0 0.0 0.0 4.0452 4.0452 4.0452 4.0452
1.481 0 3 1.0 0.0 0.0 0.0 0.0 0.0 0.0 0.0 0.0 0.0 4.0452 4.0452 4.0452 4.0452
1.482 0 3 1.0 0.0 0.0 0.0 0.0 0.0 0.0 0.0 0.0 0.0 4.0452 4.0452 4.0452 4.0452
1.483 0 3 1.0 0.0 0.0 0.0 0.0 0.0 0.0 0.0 0.0 0.0 4.0452 4.0452 4.0452 4.0452
1.484 0 3 1.0 0.0 0.0 0.0 0.0 0.0 0.0 0.0 0.0 0.0 4.0452 4.0452 4.0452 4.0452
1.485 0 3 1.0 0.0 0.0 0.0 0.0 0.0 0.0 0.0 0.0 0.0 4.0452 4.0452 4.0452 4.0452
1.486 0 3 1.0 0.0 0.0 0.0 0.0 0.0 0.0 0.0 0.0 0.0 4.0452 4.0452 4.0452 4.0452
1.487 0 3 1.0 0.0 0.0 0.0 0.0 0.0 0.0 0.0 0.0 0.0 4.0452 4.0452 4.0452 4.0452
1.488 0 3 1.0 0.0 0.0 0.0 0.0 0.0 0.0 0.0 0.0 0.0 4.0452 4.0452 4.0452 4.0452
1.489 0 3 1.0 0.0 0.0 0.0 0.0 0.0 0.0 0.0 0.0 0.0 4.0452 4.0452 4.0452 4.0452
1.49 0 3 1.0 0.0 0.0 0.0 0.0 0.0 0.0 0.0 0.0 0.0 4.0452 4.0452 4.0452 4.0452
1.491 0 3 1.0 0.0 0.0 0.0 0.0 0.0 0.0 0.0 0.0 0.0 4.0452 4.0452 4.0452 4.0452
1.492 0 3 1.0 0.0 0.0 0.0 0.0 0.0 0.0 0.0 0.0 0.0 4.0452 4.0452 4.0452 4.0452
1.493 0 3 1.0 0.0 0.0 0.0 0.0 0.0 0.0 0.0 0.0 0.0 4.0452 4.0452 4.0452 4.0452
1.494 0 3 1.0 0.0 0.0 0.0 0.0 0.0 0.0 0.0 0.0 0.0 4.0452 4.0452 4.0452 4.0452
1.495 0 3 1.0 0.0 0.0 0.0 0.0 0.0 0.0 0.0 0.0 0.0 4.0452 4.0452 4.0452 4.0452
1.496 0 3 1.0 0.0 0.0 0.0 0.0 0.0 0.0 0.0 0.0 0.0 4.0452 4.0452 4.0452 4.0452
1.497 0 3 1.0 0.0 0.0 0.0 0.0 0.0 0.0 0.0 0.0 0.0 4.0452 4.0452 4.0452 4.0452
1.498 0 3 1.0 0.0 0.0 0.0 0.0 0.0 0.0 0.0 0.0 0.0 4.0452 4.0452 4.0452 4.0452
1.499 0 3 1.0 0.0 0.0 0.0 0.0 0.0 0.0 0.0 0.0 0.0 4.0452 4.0452 4.0452 4.0452
1.5 0 3 1.0 0.0 0.0 0.0 0.0 0.0 0.0 0.0 0.0 0.0 4.0452 4.0452 4.0452 4.0452
1.5010000000000001 0 3 1.0 0.0 0.0 0.0 0.0 0.0 0.0 0.0 0.0 0.0 4.0452 4.0452 4.0452 4.0452
1.502 0 3 1.0 0.0 0.0 0.0 0.0 0.0 0.0 0.0 0.0 0.0 4.0452 4.0452 4.0452 4.0452
1.5030000000000001 0 3 1.0 0.0 0.0 0.0 0.0 0.0 0.0 0.0 0.0 0.0 4.0452 4.0452 4.0452 4.0452
1.504 0 3 1.0 0.0 0.0 0.0 0.0 0.0 0.0 0.0 0.0 0.0 4.0452 4.0452 4.0452 4.0452
1.5050000000000001 0 3 1.0 0.0 0.0 0.0 0.0 0.0 0.0 0.0 0.0 0.0 4.0452 4.0452 4.0452 4.0452
1.506 0 3 1.0 0.0 0.0 0.0 0.0 0.0 0.0 0.0 0.0 0.0 4.0452 4.0452 4.0452 4.0452
1.5070000000000001 0 3 1.0 0.0 0.0 0.0 0.0 0.0 0.0 0.0 0.0 0.0 4.0452 4.0452 4.0452 4.0452
1.508 0 3 1.0 0.0 0.0 0.0 0.0 0.0 0.0 0.0 0.0 0.0 4.0452 4.0452 4.0452 4.0452
1.5090000000000001 0 3 1.0 0.0 0.0 0.0 0.0 0.0 0.0 0.0 0.0 0.0 4.0452 4.0452 4.0452 4.0452
1.51 0 3 1.0 0.0 0.0 0.0 0.0 0.0 0.0 0.0 0.0 0.0 4.0452 4.0452 4.0452 4.0452
1.5110000000000001 0 3 1.0 0.0 0.0 0.0 0.0 0.0 0.0 0.0 0.0 0.0 4.0452 4.0452 4.0452 4.0452
1.512 0 3 1.0 0.0 0.0 0.0 0.0 0.0 0.0 0.0 0.0 0.0 4.0452 4.0452 4.0452 4.0452
1.5130000000000001 0 3 1.0 0.0 0.0 0.0 0.0 0.0 0.0 0.0 0.0 0.0 4.0452 4.0452 4.0452 4.0452
1.514 0 3 1.0 0.0 0.0 0.0 0.0 0.0 0.0 0.0 0.0 0.0 4.0452 4.0452 4.0452 4.0452
1.5150000000000001 0 3 1.0 0.0 0.0 0.0 0.0 0.0 0.0 0.0 0.0 0.0 4.0452 4.0452 4.0452 4.0452
1.516 0 3 1.0 0.0 0.0 0.0 0.0 0.0 0.0 0.0 0.0 0.0 4.0452 4.0452 4.0452 4.0452
1.5170000000000001 0 3 1.0 0.0 0.0 0.0 0.0 0.0 0.0 0.0 0.0 0.0 4.0452 4.0452 4.0452 4.0452
1.518 0 3 1.0 0.0 0.0 0.0 0.0 0.0 0.0 0.0 0.0 0.0 4.0452 4.0452 4.0452 4.0452
1.5190000000000001 0 3 1.0 0.0 0.0 0.0 0.0 0.0 0.0 0.0 0.0 0.0 4.0452 4.0452 4.0452 4.0452
1.52 0 3 1.0 0.0 0.0 0.0 0.0 0.0 0.0 0.0 0.0 0.0 4.0452 4.0452 4.0452 4.0452
1.5210000000000001 0 3 1.0 0.0 0.0 0.0 0.0 0.0 0.0 0.0 0.0 0.0 4.0452 4.0452 4.0452 4.0452
1.522 0 3 1.0 0.0 0.0 0.0 0.0 0.0 0.0 0.0 0.0 0.0 4.0452 4.0452 4.0452 4.0452
1.5230000000000001 0 3 1.0 0.0 0.0 0.0 0.0 0.0 0.0 0.0 0.0 0.0 4.0452 4.0452 4.0452 4.0452
1.524 0 3 1.0 0.0 0.0 0.0 0.0 0.0 0.0 0.0 0.0 0.0 4.0452 4.0452 4.0452 4.0452
1.5250000000000001 0 3 1.0 0.0 0.0 0.0 0.0 0.0 0.0 0.0 0.0 0.0 4.0452 4.0452 4.0452 4.0452
1.526 0 3 1.0 0.0 0.0 0.0 0.0 0.0 0.0 0.0 0.0 0.0 4.0452 4.0452 4.0452 4.0452
1.5270000000000001 0 3 1.0 0.0 0.0 0.0 0.0 0.0 0.0 0.0 0.0 0.0 4.0452 4.0452 4.0452 4.0452
1.528 0 3 1.0 0.0 0.0 0.0 0.0 0.0 0.0 0.0 0.0 0.0 4.0452 4.0452 4.0452 4.0452
1.5290000000000001 0 3 1.0 0.0 0.0 0.0 0.0 0.0 0.0 0.0 0.0 0.0 4.0452 4.0452 4.0452 4.0452
1.53 0 3 1.0 0.0 0.0 0.0 0.0 0.0 0.0 0.0 0.0 0.0 4.0452 4.0452 4.0452 4.0452
1.5310000000000001 0 3 1.0 0.0 0.0 0.0 0.0 0.0 0.0 0.0 0.0 0.0 4.0452 4.0452 4.0452 4.0452
1.532 0 3 1.0 0.0 0.0 0.0 0.0 0.0 0.0 0.0 0.0 0.0 4.0452 4.0452 4.0452 4.0452
1.5330000000000001 0 3 1.0 0.0 0.0 0.0 0.0 0.0 0.0 0.0 0.0 0.0 4.0452 4.0452 4.0452 4.0452
1.534 0 3 1.0 0.0 0.0 0.0 0.0 0.0 0.0 0.0 0.0 0.0 4.0452 4.0452 4.0452 4.0452
1.5350000000000001 0 3 1.0 0.0 0.0 0.0 0.0 0.0 0.0 0.0 0.0 0.0 4.0452 4.0452 4.0452 4.0452
1.536 0 3 1.0 0.0 0.0 0.0 0.0 0.0 0.0 0.0 0.0 0.0 4.0452 4.0452 4.0452 4.0452
1.537 0 3 1.0 0.0 0.0 0.0 0.0 0.0 0.0 0.0 0.0 0.0 4.0452 4.0452 4.0452 4.0452
1.538 0 3 1.0 0.0 0.0 0.0 0.0 0.0 0.0 0.0 0.0 0.0 4.0452 4.0452 4.0452 4.0452
1.539 0 3 1.0 0.0 0.0 0.0 0.0 0.0 0.0 0.0 0.0 0.0 4.0452 4.0452 4.0452 4.0452
1.54 0 3 1.0 0.0 0.0 0.0 0.0 0.0 0.0 0.0 0.0 0.0 4.0452 4.0452 4.0452 4.0452
1.541 0 3 1.0 0.0 0.0 0.0 0.0 0.0 0.0 0.0 0.0 0.0 4.0452 4.0452 4.0452 4.0452
1.542 0 3 1.0 0.0 0.0 0.0 0.0 0.0 0.0 0.0 0.0 0.0 4.0452 4.0452 4.0452 4.0452
1.543 0 3 1.0 0.0 0.0 0.0 0.0 0.0 0.0 0.0 0.0 0.0 4.0452 4.0452 4.0452 4.0452
1.544 0 3 1.0 0.0 0.0 0.0 0.0 0.0 0.0 0.0 0.0 0.0 4.0452 4.0452 4.0452 4.0452
1.545 0 3 1.0 0.0 0.0 0.0 0.0 0.0 0.0 0.0 0.0 0.0 4.0452 4.0452 4.0452 4.0452
1.546 0 3 1.0 0.0 0.0 0.0 0.0 0.0 0.0 0.0 0.0 0.0 4.0452 4.0452 4.0452 4.0452
1.547 0 3 1.0 0.0 0.0 0.0 0.0 0.0 0.0 0.0 0.0 0.0 4.0452 4.0452 4.0452 4.0452
1.548 0 3 1.0 0.0 0.0 0.0 0.0 0.0 0.0 0.0 0.0 0.0 4.0452 4.0452 4.0452 4.0452
1.549 0 3 1.0 0.0 0.0 0.0 0.0 0.0 0.0 0.0 0.0 0.0 4.0452 4.0452 4.0452 4.0452
1.55 0 3 1.0 0.0 0.0 0.0 0.0 0.0 0.0 0.0 0.0 0.0 4.0452 4.0452 4.0452 4.0452
1.551 0 3 1.0 0.0 0.0 0.0 0.0 0.0 0.0 0.0 0.0 0.0 4.0452 4.0452 4.0452 4.0452
1.552 0 3 1.0 0.0 0.0 0.0 0.0 0.0 0.0 0.0 0.0 0.0 4.0452 4.0452 4.0452 4.0452
1.553 0 3 1.0 0.0 0.0 0.0 0.0 0.0 0.0 0.0 0.0 0.0 4.0452 4.0452 4.0452 4.0452
1.554 0 3 1.0 0.0 0.0 0.0 0.0 0.0 0.0 0.0 0.0 0.0 4.0452 4.0452 4.0452 4.0452
1.555 0 3 1.0 0.0 0.0 0.0 0.0 0.0 0.0 0.0 0.0 0.0 4.0452 4.0452 4.0452 4.0452
1.556 0 3 1.0 0.0 0.0 0.0 0.0 0.0 0.0 0.0 0.0 0.0 4.0452 4.0452 4.0452 4.0452
1.557 0 3 1.0 0.0 0.0 0.0 0.0 0.0 0.0 0.0 0.0 0.0 4.0452 4.0452 4.0452 4.0452
1.558 0 3 1.0 0.0 0.0 0.0 0.0 0.0 0.0 0.0 0.0 0.0 4.0452 4.0452 4.0452 4.0452
1.559 0 3 1.0 0.0 0.0 0.0 0.0 0.0 0.0 0.0 0.0 0.0 4.0452 4.0452 4.0452 4.0452
1.56 0 3 1.0 0.0 0.0 0.0 0.0 0.0 0.0 0.0 0.0 0.0 4.0452 4.0452 4.0452 4.0452
1.561 0 3 1.0 0.0 0.0 0.0 0.0 0.0 0.0 0.0 0.0 0.0 4.0452 4.0452 4.0452 4.0452
1.562 0 3 1.0 0.0 0.0 0.0 0.0 0.0 0.0 0.0 0.0 0.0 4.0452 4.0452 4.0452 4.0452
1.563 0 3 1.0 0.0 0.0 0.0 0.0 0.0 0.0 0.0 0.0 0.0 4.0452 4.0452 4.0452 4.0452
1.564 0 3 1.0 0.0 0.0 0.0 0.0 0.0 0.0 0.0 0.0 0.0 4.0452 4.0452 4.0452 4.0452
1.565 0 3 1.0 0.0 0.0 0.0 0.0 0.0 0.0 0.0 0.0 0.0 4.0452 4.0452 4.0452 4.0452
1.566 0 3 1.0 0.0 0.0 0.0 0.0 0.0 0.0 0.0 0.0 0.0 4.0452 4.0452 4.0452 4.0452
1.567 0 3 1.0 0.0 0.0 0.0 0.0 0.0 0.0 0.0 0.0 0.0 4.0452 4.0452 4.0452 4.0452
1.568 0 3 1.0 0.0 0.0 0.0 0.0 0.0 0.0 0.0 0.0 0.0 4.0452 4.0452 4.0452 4.0452
1.569 0 3 1.0 0.0 0.0 0.0 0.0 0.0 0.0 0.0 0.0 0.0 4.0452 4.0452 4.0452 4.0452
1.57 0 3 1.0 0.0 0.0 0.0 0.0 0.0 0.0 0.0 0.0 0.0 4.0452 4.0452 4.0452 4.0452
1.571 0 3 1.0 0.0 0.0 0.0 0.0 0.0 0.0 0.0 0.0 0.0 4.0452 4.0452 4.0452 4.0452
1.572 0 3 1.0 0.0 0.0 0.0 0.0 0.0 0.0 0.0 0.0 0.0 4.0452 4.0452 4.0452 4.0452
1.573 0 3 1.0 0.0 0.0 0.0 0.0 0.0 0.0 0.0 0.0 0.0 4.0452 4.0452 4.0452 4.0452
1.574 0 3 1.0 0.0 0.0 0.0 0.0 0.0 0.0 0.0 0.0 0.0 4.0452 4.0452 4.0452 4.0452
1.575 0 3 1.0 0.0 0.0 0.0 0.0 0.0 0.0 0.0 0.0 0.0 4.0452 4.0452 4.0452 4.0452
1.576 0 3 1.0 0.0 0.0 0.0 0.0 0.0 0.0 0.0 0.0 0.0 4.0452 4.0452 4.0452 4.0452
1.577 0 3 1.0 0.0 0.0 0.0 0.0 0.0 0.0 0.0 0.0 0.0 4.0452 4.0452 4.0452 4.0452
1.578 0 3 1.0 0.0 0.0 0.0 0.0 0.0 0.0 0.0 0.0 0.0 4.0452 4.0452 4.0452 4.0452
1.579 0 3 1.0 0.0 0.0 0.0 0.0 0.0 0.0 0.0 0.0 0.0 4.0452 4.0452 4.0452 4.0452
1.58 0 3 1.0 0.0 0.0 0.0 0.0 0.0 0.0 0.0 0.0 0.0 4.0452 4.0452 4.0452 4.0452
1.581 0 3 1.0 0.0 0.0 0.0 0.0 0.0 0.0 0.0 0.0 0.0 4.0452 4.0452 4.0452 4.0452
1.582 0 3 1.0 0.0 0.0 0.0 0.0 0.0 0.0 0.0 0.0 0.0 4.0452 4.0452 4.0452 4.0452
1.583 0 3 1.0 0.0 0.0 0.0 0.0 0.0 0.0 0.0 0.0 0.0 4.0452 4.0452 4.0452 4.0452
1.584 0 3 1.0 0.0 0.0 0.0 0.0 0.0 0.0 0.0 0.0 0.0 4.0452 4.0452 4.0452 4.0452
1.585 0 3 1.0 0.0 0.0 0.0 0.0 0.0 0.0 0.0 0.0 0.0 4.0452 4.0452 4.0452 4.0452
1.586 0 3 1.0 0.0 0.0 0.0 0.0 0.0 0.0 0.0 0.0 0.0 4.0452 4.0452 4.0452 4.0452
1.587 0 3 1.0 0.0 0.0 0.0 0.0 0.0 0.0 0.0 0.0 0.0 4.0452 4.0452 4.0452 4.0452
1.588 0 3 1.0 0.0 0.0 0.0 0.0 0.0 0.0 0.0 0.0 0.0 4.0452 4.0452 4.0452 4.0452
1.589 0 3 1.0 0.0 0.0 0.0 0.0 0.0 0.0 0.0 0.0 0.0 4.0452 4.0452 4.0452 4.0452
1.59 0 3 1.0 0.0 0.0 0.0 0.0 0.0 0.0 0.0 0.0 0.0 4.0452 4.0452 4.0452 4.0452
1.591 0 3 1.0 0.0 0.0 0.0 0.0 0.0 0.0 0.0 0.0 0.0 4.0452 4.0452 4.0452 4.0452
1.592 0 3 1.0 0.0 0.0 0.0 0.0 0.0 0.0 0.0 0.0 0.0 4.0452 4.0452 4.0452 4.0452
1.593 0 3 1.0 0.0 0.0 0.0 0.0 0.0 0.0 0.0 0.0 0.0 4.0452 4.0452 4.0452 4.0452
1.594 0 3 1.0 0.0 0.0 0.0 0.0 0.0 0.0 0.0 0.0 0.0 4.0452 4.0452 4.0452 4.0452
1.595 0 3 1.0 0.0 0.0 0.0 0.0 0.0 0.0 0.0 0.0 0.0 4.0452 4.0452 4.0452 4.0452
1.596 0 3 1.0 0.0 0.0 0.0 0.0 0.0 0.0 0.0 0.0 0.0 4.0452 4.0452 4.0452 4.0452
1.597 0 3 1.0 0.0 0.0 0.0 0.0 0.0 0.0 0.0 0.0 0.0 4.0452 4.0452 4.0452 4.0452
1.598 0 3 1.0 0.0 0.0 0.0 0.0 0.0 0.0 0.0 0.0 0.0 4.0452 4.0452 4.0452 4.0452
1.599 0 3 1.0 0.0 0.0 0.0 0.0 0.0 0.0 0.0 0.0 0.0 4.0452 4.0452 4.0452 4.0452
1.6 0 3 1.0 0.0 0.0 0.0 0.0 0.0 0.0 0.0 0.0 0.0 4.0452 4.0452 4.0452 4.0452
1.601 0 3 1.0 0.0 0.0 0.0 0.0 0.0 0.0 0.0 0.0 0.0 4.0452 4.0452 4.0452 4.0452
1.602 0 3 1.0 0.0 0.0 0.0 0.0 0.0 0.0 0.0 0.0 0.0 4.0452 4.0452 4.0452 4.0452
1.603 0 3 1.0 0.0 0.0 0.0 0.0 0.0 0.0 0.0 0.0 0.0 4.0452 4.0452 4.0452 4.0452
1.604 0 3 1.0 0.0 0.0 0.0 0.0 0.0 0.0 0.0 0.0 0.0 4.0452 4.0452 4.0452 4.0452
1.605 0 3 1.0 0.0 0.0 0.0 0.0 0.0 0.0 0.0 0.0 0.0 4.0452 4.0452 4.0452 4.0452
1.606 0 3 1.0 0.0 0.0 0.0 0.0 0.0 0.0 0.0 0.0 0.0 4.0452 4.0452 4.0452 4.0452
1.607 0 3 1.0 0.0 0.0 0.0 0.0 0.0 0.0 0.0 0.0 0.0 4.0452 4.0452 4.0452 4.0452
1.608 0 3 1.0 0.0 0.0 0.0 0.0 0.0 0.0 0.0 0.0 0.0 4.0452 4.0452 4.0452 4.0452
1.609 0 3 1.0 0.0 0.0 0.0 0.0 0.0 0.0 0.0 0.0 0.0 4.0452 4.0452 4.0452 4.0452
1.61 0 3 1.0 0.0 0.0 0.0 0.0 0.0 0.0 0.0 0.0 0.0 4.0452 4.0452 4.0452 4.0452
1.611 0 3 1.0 0.0 0.0 0.0 0.0 0.0 0.0 0.0 0.0 0.0 4.0452 4.0452 4.0452 4.0452
1.612 0 3 1.0 0.0 0.0 0.0 0.0 0.0 0.0 0.0 0.0 0.0 4.0452 4.0452 4.0452 4.0452
1.613 0 3 1.0 0.0 0.0 0.0 0.0 0.0 0.0 0.0 0.0 0.0 4.0452 4.0452 4.0452 4.0452
1.614 0 3 1.0 0.0 0.0 0.0 0.0 0.0 0.0 0.0 0.0 0.0 4.0452 4.0452 4.0452 4.0452
1.615 0 3 1.0 0.0 0.0 0.0 0.0 0.0 0.0 0.0 0.0 0.0 4.0452 4.0452 4.0452 4.0452
1.616 0 3 1.0 0.0 0.0 0.0 0.0 0.0 0.0 0.0 0.0 0.0 4.0452 4.0452 4.0452 4.0452
1.617 0 3 1.0 0.0 0.0 0.0 0.0 0.0 0.0 0.0 0.0 0.0 4.0452 4.0452 4.0452 4.0452
1.618 0 3 1.0 0.0 0.0 0.0 0.0 0.0 0.0 0.0 0.0 0.0 4.0452 4.0452 4.0452 4.0452
1.619 0 3 1.0 0.0 0.0 0.0 0.0 0.0 0.0 0.0 0.0 0.0 4.0452 4.0452 4.0452 4.0452
1.62 0 3 1.0 0.0 0.0 0.0 0.0 0.0 0.0 0.0 0.0 0.0 4.0452 4.0452 4.0452 4.0452
1.621 0 3 1.0 0.0 0.0 0.0 0.0 0.0 0.0 0.0 0.0 0.0 4.0452 4.0452 4.0452 4.0452
1.622 0 3 1.0 0.0 0.0 0.0 0.0 0.0 0.0 0.0 0.0 0.0 4.0452 4.0452 4.0452 4.0452
1.623 0 3 1.0 0.0 0.0 0.0 0.0 0.0 0.0 0.0 0.0 0.0 4.0452 4.0452 4.0452 4.0452
1.624 0 3 1.0 0.0 0.0 0.0 0.0 0.0 0.0 0.0 0.0 0.0 4.0452 4.0452 4.0452 4.0452
1.625 0 3 1.0 0.0 0.0 0.0 0.0 0.0 0.0 0.0 0.0 0.0 4.0452 4.0452 4.0452 4.0452
1.6260000000000001 0 3 1.0 0.0 0.0 0.0 0.0 0.0 0.0 0.0 0.0 0.0 4.0452 4.0452 4.0452 4.0452
1.627 0 3 1.0 0.0 0.0 0.0 0.0 0.0 0.0 0.0 0.0 0.0 4.0452 4.0452 4.0452 4.0452
1.6280000000000001 0 3 1.0 0.0 0.0 0.0 0.0 0.0 0.0 0.0 0.0 0.0 4.0452 4.0452 4.0452 4.0452
1.629 0 3 1.0 0.0 0.0 0.0 0.0 0.0 0.0 0.0 0.0 0.0 4.0452 4.0452 4.0452 4.0452
1.6300000000000001 0 3 1.0 0.0 0.0 0.0 0.0 0.0 0.0 0.0 0.0 0.0 4.0452 4.0452 4.0452 4.0452
1.631 0 3 1.0 0.0 0.0 0.0 0.0 0.0 0.0 0.0 0.0 0.0 4.0452 4.0452 4.0452 4.0452
1.6320000000000001 0 3 1.0 0.0 0.0 0.0 0.0 0.0 0.0 0.0 0.0 0.0 4.0452 4.0452 4.0452 4.0452
1.633 0 3 1.0 0.0 0.0 0.0 0.0 0.0 0.0 0.0 0.0 0.0 4.0452 4.0452 4.0452 4.0452
1.6340000000000001 0 3 1.0 0.0 0.0 0.0 0.0 0.0 0.0 0.0 0.0 0.0 4.0452 4.0452 4.0452 4.0452
1.635 0 3 1.0 0.0 0.0 0.0 0.0 0.0 0.0 0.0 0.0 0.0 4.0452 4.0452 4.0452 4.0452
1.6360000000000001 0 3 1.0 0.0 0.0 0.0 0.0 0.0 0.0 0.0 0.0 0.0 4.0452 4.0452 4.0452 4.0452
1.637 0 3 1.0 0.0 0.0 0.0 0.0 0.0 0.0 0.0 0.0 0.0 4.0452 4.0452 4.0452 4.0452
1.6380000000000001 0 3 1.0 0.0 0.0 0.0 0.0 0.0 0.0 0.0 0.0 0.0 4.0452 4.0452 4.0452 4.0452
1.639 0 3 1.0 0.0 0.0 0.0 0.0 0.0 0.0 0.0 0.0 0.0 4.0452 4.0452 4.0452 4.0452
1.6400000000000001 0 3 1.0 0.0 0.0 0.0 0.0 0.0 0.0 0.0 0.0 0.0 4.0452 4.0452 4.0452 4.0452
1.641 0 3 1.0 0.0 0.0 0.0 0.0 0.0 0.0 0.0 0.0 0.0 4.0452 4.0452 4.0452 4.0452
1.6420000000000001 0 3 1.0 0.0 0.0 0.0 0.0 0.0 0.0 0.0 0.0 0.0 4.0452 4.0452 4.0452 4.0452
1.643 0 3 1.0 0.0 0.0 0.0 0.0 0.0 0.0 0.0 0.0 0.0 4.0452 4.0452 4.0452 4.0452
1.6440000000000001 0 3 1.0 0.0 0.0 0.0 0.0 0.0 0.0 0.0 0.0 0.0 4.0452 4.0452 4.0452 4.0452
1.645 0 3 1.0 0.0 0.0 0.0 0.0 0.0 0.0 0.0 0.0 0.0 4.0452 4.0452 4.0452 4.0452
1.6460000000000001 0 3 1.0 0.0 0.0 0.0 0.0 0.0 0.0 0.0 0.0 0.0 4.0452 4.0452 4.0452 4.0452
1.647 0 3 1.0 0.0 0.0 0.0 0.0 0.0 0.0 0.0 0.0 0.0 4.0452 4.0452 4.0452 4.0452
1.6480000000000001 0 3 1.0 0.0 0.0 0.0 0.0 0.0 0.0 0.0 0.0 0.0 4.0452 4.0452 4.0452 4.0452
1.649 0 3 1.0 0.0 0.0 0.0 0.0 0.0 0.0 0.0 0.0 0.0 4.0452 4.0452 4.0452 4.0452
1.6500000000000001 0 3 1.0 0.0 0.0 0.0 0.0 0.0 0.0 0.0 0.0 0.0 4.0452 4.0452 4.0452 4.0452
1.651 0 3 1.0 0.0 0.0 0.0 0.0 0.0 0.0 0.0 0.0 0.0 4.0452 4.0452 4.0452 4.0452
1.6520000000000001 0 3 1.0 0.0 0.0 0.0 0.0 0.0 0.0 0.0 0.0 0.0 4.0452 4.0452 4.0452 4.0452
1.653 0 3 1.0 0.0 0.0 0.0 0.0 0.0 0.0 0.0 0.0 0.0 4.0452 4.0452 4.0452 4.0452
1.6540000000000001 0 3 1.0 0.0 0.0 0.0 0.0 0.0 0.0 0.0 0.0 0.0 4.0452 4.0452 4.0452 4.0452
1.655 0 3 1.0 0.0 0.0 0.0 0.0 0.0 0.0 0.0 0.0 0.0 4.0452 4.0452 4.0452 4.0452
1.6560000000000001 0 3 1.0 0.0 0.0 0.0 0.0 0.0 0.0 0.0 0.0 0.0 4.0452 4.0452 4.0452 4.0452
1.657 0 3 1.0 0.0 0.0 0.0 0.0 0.0 0.0 0.0 0.0 0.0 4.0452 4.0452 4.0452 4.0452
1.6580000000000001 0 3 1.0 0.0 0.0 0.0 0.0 0.0 0.0 0.0 0.0 0.0 4.0452 4.0452 4.0452 4.0452
1.659 0 3 1.0 0.0 0.0 0.0 0.0 0.0 0.0 0.0 0.0 0.0 4.0452 4.0452 4.0452 4.0452
1.6600000000000001 0 3 1.0 0.0 0.0 0.0 0.0 0.0 0.0 0.0 0.0 0.0 4.0452 4.0452 4.0452 4.0452
1.661 0 3 1.0 0.0 0.0 0.0 0.0 0.0 0.0 0.0 0.0 0.0 4.0452 4.0452 4.0452 4.0452
1.6620000000000001 0 3 1.0 0.0 0.0 0.0 0.0 0.0 0.0 0.0 0.0 0.0 4.0452 4.0452 4.0452 4.0452
1.663 0 3 1.0 0.0 0.0 0.0 0.0 0.0 0.0 0.0 0.0 0.0 4.0452 4.0452 4.0452 4.0452
1.6640000000000001 0 3 1.0 0.0 0.0 0.0 0.0 0.0 0.0 0.0 0.0 0.0 4.0452 4.0452 4.0452 4.0452
1.665 0 3 1.0 0.0 0.0 0.0 0.0 0.0 0.0 0.0 0.0 0.0 4.0452 4.0452 4.0452 4.0452
1.666 0 3 1.0 0.0 0.0 0.0 0.0 0.0 0.0 0.0 0.0 0.0 4.0452 4.0452 4.0452 4.0452
1.667 0 3 1.0 0.0 0.0 0.0 0.0 0.0 0.0 0.0 0.0 0.0 4.0452 4.0452 4.0452 4.0452
1.668 0 3 1.0 0.0 0.0 0.0 0.0 0.0 0.0 0.0 0.0 0.0 4.0452 4.0452 4.0452 4.0452
1.669 0 3 1.0 0.0 0.0 0.0 0.0 0.0 0.0 0.0 0.0 0.0 4.0452 4.0452 4.0452 4.0452
1.67 0 3 1.0 0.0 0.0 0.0 0.0 0.0 0.0 0.0 0.0 0.0 4.0452 4.0452 4.0452 4.0452
1.671 0 3 1.0 0.0 0.0 0.0 0.0 0.0 0.0 0.0 0.0 0.0 4.0452 4.0452 4.0452 4.0452
1.672 0 3 1.0 0.0 0.0 0.0 0.0 0.0 0.0 0.0 0.0 0.0 4.0452 4.0452 4.0452 4.0452
1.673 0 3 1.0 0.0 0.0 0.0 0.0 0.0 0.0 0.0 0.0 0.0 4.0452 4.0452 4.0452 4.0452
1.674 0 3 1.0 0.0 0.0 0.0 0.0 0.0 0.0 0.0 0.0 0.0 4.0452 4.0452 4.0452 4.0452
1.675 0 3 1.0 0.0 0.0 0.0 0.0 0.0 0.0 0.0 0.0 0.0 4.0452 4.0452 4.0452 4.0452
1.676 0 3 1.0 0.0 0.0 0.0 0.0 0.0 0.0 0.0 0.0 0.0 4.0452 4.0452 4.0452 4.0452
1.677 0 3 1.0 0.0 0.0 0.0 0.0 0.0 0.0 0.0 0.0 0.0 4.0452 4.0452 4.0452 4.0452
1.678 0 3 1.0 0.0 0.0 0.0 0.0 0.0 0.0 0.0 0.0 0.0 4.0452 4.0452 4.0452 4.0452
1.679 0 3 1.0 0.0 0.0 0.0 0.0 0.0 0.0 0.0 0.0 0.0 4.0452 4.0452 4.0452 4.0452
1.68 0 3 1.0 0.0 0.0 0.0 0.0 0.0 0.0 0.0 0.0 0.0 4.0452 4.0452 4.0452 4.0452
1.681 0 3 1.0 0.0 0.0 0.0 0.0 0.0 0.0 0.0 0.0 0.0 4.0452 4.0452 4.0452 4.0452
1.682 0 3 1.0 0.0 0.0 0.0 0.0 0.0 0.0 0.0 0.0 0.0 4.0452 4.0452 4.0452 4.0452
1.683 0 3 1.0 0.0 0.0 0.0 0.0 0.0 0.0 0.0 0.0 0.0 4.0452 4.0452 4.0452 4.0452
1.684 0 3 1.0 0.0 0.0 0.0 0.0 0.0 0.0 0.0 0.0 0.0 4.0452 4.0452 4.0452 4.0452
1.685 0 3 1.0 0.0 0.0 0.0 0.0 0.0 0.0 0.0 0.0 0.0 4.0452 4.0452 4.0452 4.0452
1.686 0 3 1.0 0.0 0.0 0.0 0.0 0.0 0.0 0.0 0.0 0.0 4.0452 4.0452 4.0452 4.0452
1.687 0 3 1.0 0.0 0.0 0.0 0.0 0.0 0.0 0.0 0.0 0.0 4.0452 4.0452 4.0452 4.0452
1.688 0 3 1.0 0.0 0.0 0.0 0.0 0.0 0.0 0.0 0.0 0.0 4.0452 4.0452 4.0452 4.0452
1.689 0 3 1.0 0.0 0.0 0.0 0.0 0.0 0.0 0.0 0.0 0.0 4.0452 4.0452 4.0452 4.0452
1.69 0 3 1.0 0.0 0.0 0.0 0.0 0.0 0.0 0.0 0.0 0.0 4.0452 4.0452 4.0452 4.0452
1.691 0 3 1.0 0.0 0.0 0.0 0.0 0.0 0.0 0.0 0.0 0.0 4.0452 4.0452 4.0452 4.0452
1.692 0 3 1.0 0.0 0.0 0.0 0.0 0.0 0.0 0.0 0.0 0.0 4.0452 4.0452 4.0452 4.0452
1.693 0 3 1.0 0.0 0.0 0.0 0.0 0.0 0.0 0.0 0.0 0.0 4.0452 4.0452 4.0452 4.0452
1.694 0 3 1.0 0.0 0.0 0.0 0.0 0.0 0.0 0.0 0.0 0.0 4.0452 4.0452 4.0452 4.0452
1.695 0 3 1.0 0.0 0.0 0.0 0.0 0.0 0.0 0.0 0.0 0.0 4.0452 4.0452 4.0452 4.0452
1.696 0 3 1.0 0.0 0.0 0.0 0.0 0.0 0.0 0.0 0.0 0.0 4.0452 4.0452 4.0452 4.0452
1.697 0 3 1.0 0.0 0.0 0.0 0.0 0.0 0.0 0.0 0.0 0.0 4.0452 4.0452 4.0452 4.0452
1.698 0 3 1.0 0.0 0.0 0.0 0.0 0.0 0.0 0.0 0.0 0.0 4.0452 4.0452 4.0452 4.0452
1.699 0 3 1.0 0.0 0.0 0.0 0.0 0.0 0.0 0.0 0.0 0.0 4.0452 4.0452 4.0452 4.0452
1.7 0 3 1.0 0.0 0.0 0.0 0.0 0.0 0.0 0.0 0.0 0.0 4.0452 4.0452 4.0452 4.0452
1.701 0 3 1.0 0.0 0.0 0.0 0.0 0.0 0.0 0.0 0.0 0.0 4.0452 4.0452 4.0452 4.0452
1.702 0 3 1.0 0.0 0.0 0.0 0.0 0.0 0.0 0.0 0.0 0.0 4.0452 4.0452 4.0452 4.0452
1.703 0 3 1.0 0.0 0.0 0.0 0.0 0.0 0.0 0.0 0.0 0.0 4.0452 4.0452 4.0452 4.0452
1.704 0 3 1.0 0.0 0.0 0.0 0.0 0.0 0.0 0.0 0.0 0.0 4.0452 4.0452 4.0452 4.0452
1.705 0 3 1.0 0.0 0.0 0.0 0.0 0.0 0.0 0.0 0.0 0.0 4.0452 4.0452 4.0452 4.0452
1.706 0 3 1.0 0.0 0.0 0.0 0.0 0.0 0.0 0.0 0.0 0.0 4.0452 4.0452 4.0452 4.0452
1.707 0 3 1.0 0.0 0.0 0.0 0.0 0.0 0.0 0.0 0.0 0.0 4.0452 4.0452 4.0452 4.0452
1.708 0 3 1.0 0.0 0.0 0.0 0.0 0.0 0.0 0.0 0.0 0.0 4.0452 4.0452 4.0452 4.0452
1.709 0 3 1.0 0.0 0.0 0.0 0.0 0.0 0.0 0.0 0.0 0.0 4.0452 4.0452 4.0452 4.0452
1.71 0 3 1.0 0.0 0.0 0.0 0.0 0.0 0.0 0.0 0.0 0.0 4.0452 4.0452 4.0452 4.0452
1.711 0 3 1.0 0.0 0.0 0.0 0.0 0.0 0.0 0.0 0.0 0.0 4.0452 4.0452 4.0452 4.0452
1.712 0 3 1.0 0.0 0.0 0.0 0.0 0.0 0.0 0.0 0.0 0.0 4.0452 4.0452 4.0452 4.0452
1.713 0 3 1.0 0.0 0.0 0.0 0.0 0.0 0.0 0.0 0.0 0.0 4.0452 4.0452 4.0452 4.0452
1.714 0 3 1.0 0.0 0.0 0.0 0.0 0.0 0.0 0.0 0.0 0.0 4.0452 4.0452 4.0452 4.0452
1.715 0 3 1.0 0.0 0.0 0.0 0.0 0.0 0.0 0.0 0.0 0.0 4.0452 4.0452 4.0452 4.0452
1.716 0 3 1.0 0.0 0.0 0.0 0.0 0.0 0.0 0.0 0.0 0.0 4.0452 4.0452 4.0452 4.0452
1.717 0 3 1.0 0.0 0.0 0.0 0.0 0.0 0.0 0.0 0.0 0.0 4.0452 4.0452 4.0452 4.0452
1.718 0 3 1.0 0.0 0.0 0.0 0.0 0.0 0.0 0.0 0.0 0.0 4.0452 4.0452 4.0452 4.0452
1.719 0 3 1.0 0.0 0.0 0.0 0.0 0.0 0.0 0.0 0.0 0.0 4.0452 4.0452 4.0452 4.0452
1.72 0 3 1.0 0.0 0.0 0.0 0.0 0.0 0.0 0.0 0.0 0.0 4.0452 4.0452 4.0452 4.0452
1.721 0 3 1.0 0.0 0.0 0.0 0.0 0.0 0.0 0.0 0.0 0.0 4.0452 4.0452 4.0452 4.0452
1.722 0 3 1.0 0.0 0.0 0.0 0.0 0.0 0.0 0.0 0.0 0.0 4.0452 4.0452 4.0452 4.0452
1.723 0 3 1.0 0.0 0.0 0.0 0.0 0.0 0.0 0.0 0.0 0.0 4.0452 4.0452 4.0452 4.0452
1.724 0 3 1.0 0.0 0.0 0.0 0.0 0.0 0.0 0.0 0.0 0.0 4.0452 4.0452 4.0452 4.0452
1.725 0 3 1.0 0.0 0.0 0.0 0.0 0.0 0.0 0.0 0.0 0.0 4.0452 4.0452 4.0452 4.0452
1.726 0 3 1.0 0.0 0.0 0.0 0.0 0.0 0.0 0.0 0.0 0.0 4.0452 4.0452 4.0452 4.0452
1.727 0 3 1.0 0.0 0.0 0.0 0.0 0.0 0.0 0.0 0.0 0.0 4.0452 4.0452 4.0452 4.0452
1.728 0 3 1.0 0.0 0.0 0.0 0.0 0.0 0.0 0.0 0.0 0.0 4.0452 4.0452 4.0452 4.0452
1.729 0 3 1.0 0.0 0.0 0.0 0.0 0.0 0.0 0.0 0.0 0.0 4.0452 4.0452 4.0452 4.0452
1.73 0 3 1.0 0.0 0.0 0.0 0.0 0.0 0.0 0.0 0.0 0.0 4.0452 4.0452 4.0452 4.0452
1.731 0 3 1.0 0.0 0.0 0.0 0.0 0.0 0.0 0.0 0.0 0.0 4.0452 4.0452 4.0452 4.0452
1.732 0 3 1.0 0.0 0.0 0.0 0.0 0.0 0.0 0.0 0.0 0.0 4.0452 4.0452 4.0452 4.0452
1.733 0 3 1.0 0.0 0.0 0.0 0.0 0.0 0.0 0.0 0.0 0.0 4.0452 4.0452 4.0452 4.0452
1.734 0 3 1.0 0.0 0.0 0.0 0.0 0.0 0.0 0.0 0.0 0.0 4.0452 4.0452 4.0452 4.0452
1.735 0 3 1.0 0.0 0.0 0.0 0.0 0.0 0.0 0.0 0.0 0.0 4.0452 4.0452 4.0452 4.0452
1.736 0 3 1.0 0.0 0.0 0.0 0.0 0.0 0.0 0.0 0.0 0.0 4.0452 4.0452 4.0452 4.0452
1.737 0 3 1.0 0.0 0.0 0.0 0.0 0.0 0.0 0.0 0.0 0.0 4.0452 4.0452 4.0452 4.0452
1.738 0 3 1.0 0.0 0.0 0.0 0.0 0.0 0.0 0.0 0.0 0.0 4.0452 4.0452 4.0452 4.0452
1.739 0 3 1.0 0.0 0.0 0.0 0.0 0.0 0.0 0.0 0.0 0.0 4.0452 4.0452 4.0452 4.0452
1.74 0 3 1.0 0.0 0.0 0.0 0.0 0.0 0.0 0.0 0.0 0.0 4.0452 4.0452 4.0452 4.0452
1.741 0 3 1.0 0.0 0.0 0.0 0.0 0.0 0.0 0.0 0.0 0.0 4.0452 4.0452 4.0452 4.0452
1.742 0 3 1.0 0.0 0.0 0.0 0.0 0.0 0.0 0.0 0.0 0.0 4.0452 4.0452 4.0452 4.0452
1.743 0 3 1.0 0.0 0.0 0.0 0.0 0.0 0.0 0.0 0.0 0.0 4.0452 4.0452 4.0452 4.0452
1.744 0 3 1.0 0.0 0.0 0.0 0.0 0.0 0.0 0.0 0.0 0.0 4.0452 4.0452 4.0452 4.0452
1.745 0 3 1.0 0.0 0.0 0.0 0.0 0.0 0.0 0.0 0.0 0.0 4.0452 4.0452 4.0452 4.0452
1.746 0 3 1.0 0.0 0.0 0.0 0.0 0.0 0.0 0.0 0.0 0.0 4.0452 4.0452 4.0452 4.0452
1.747 0 3 1.0 0.0 0.0 0.0 0.0 0.0 0.0 0.0 0.0 0.0 4.0452 4.0452 4.0452 4.0452
1.748 0 3 1.0 0.0 0.0 0.0 0.0 0.0 0.0 0.0 0.0 0.0 4.0452 4.0452 4.0452 4.0452
1.749 0 3 1.0 0.0 0.0 0.0 0.0 0.0 0.0 0.0 0.0 0.0 4.0452 4.0452 4.0452 4.0452
1.75 0 3 1.0 0.0 0.0 0.0 0.0 0.0 0.0 0.0 0.0 0.0 4.0452 4.0452 4.0452 4.0452
1.7510000000000001 0 3 1.0 0.0 0.0 0.0 0.0 0.0 0.0 0.0 0.0 0.0 4.0452 4.0452 4.0452 4.0452
1.752 0 3 1.0 0.0 0.0 0.0 0.0 0.0 0.0 0.0 0.0 0.0 4.0452 4.0452 4.0452 4.0452
1.7530000000000001 0 3 1.0 0.0 0.0 0.0 0.0 0.0 0.0 0.0 0.0 0.0 4.0452 4.0452 4.0452 4.0452
1.754 0 3 1.0 0.0 0.0 0.0 0.0 0.0 0.0 0.0 0.0 0.0 4.0452 4.0452 4.0452 4.0452
1.7550000000000001 0 3 1.0 0.0 0.0 0.0 0.0 0.0 0.0 0.0 0.0 0.0 4.0452 4.0452 4.0452 4.0452
1.756 0 3 1.0 0.0 0.0 0.0 0.0 0.0 0.0 0.0 0.0 0.0 4.0452 4.0452 4.0452 4.0452
1.7570000000000001 0 3 1.0 0.0 0.0 0.0 0.0 0.0 0.0 0.0 0.0 0.0 4.0452 4.0452 4.0452 4.0452
1.758 0 3 1.0 0.0 0.0 0.0 0.0 0.0 0.0 0.0 0.0 0.0 4.0452 4.0452 4.0452 4.0452
1.7590000000000001 0 3 1.0 0.0 0.0 0.0 0.0 0.0 0.0 0.0 0.0 0.0 4.0452 4.0452 4.0452 4.0452
1.76 0 3 1.0 0.0 0.0 0.0 0.0 0.0 0.0 0.0 0.0 0.0 4.0452 4.0452 4.0452 4.0452
1.7610000000000001 0 3 1.0 0.0 0.0 0.0 0.0 0.0 0.0 0.0 0.0 0.0 4.0452 4.0452 4.0452 4.0452
1.762 0 3 1.0 0.0 0.0 0.0 0.0 0.0 0.0 0.0 0.0 0.0 4.0452 4.0452 4.0452 4.0452
1.7630000000000001 0 3 1.0 0.0 0.0 0.0 0.0 0.0 0.0 0.0 0.0 0.0 4.0452 4.0452 4.0452 4.0452
1.764 0 3 1.0 0.0 0.0 0.0 0.0 0.0 0.0 0.0 0.0 0.0 4.0452 4.0452 4.0452 4.0452
1.7650000000000001 0 3 1.0 0.0 0.0 0.0 0.0 0.0 0.0 0.0 0.0 0.0 4.0452 4.0452 4.0452 4.0452
1.766 0 3 1.0 0.0 0.0 0.0 0.0 0.0 0.0 0.0 0.0 0.0 4.0452 4.0452 4.0452 4.0452
1.7670000000000001 0 3 1.0 0.0 0.0 0.0 0.0 0.0 0.0 0.0 0.0 0.0 4.0452 4.0452 4.0452 4.0452
1.768 0 3 1.0 0.0 0.0 0.0 0.0 0.0 0.0 0.0 0.0 0.0 4.0452 4.0452 4.0452 4.0452
1.7690000000000001 0 3 1.0 0.0 0.0 0.0 0.0 0.0 0.0 0.0 0.0 0.0 4.0452 4.0452 4.0452 4.0452
1.77 0 3 1.0 0.0 0.0 0.0 0.0 0.0 0.0 0.0 0.0 0.0 4.0452 4.0452 4.0452 4.0452
1.7710000000000001 0 3 1.0 0.0 0.0 0.0 0.0 0.0 0.0 0.0 0.0 0.0 4.0452 4.0452 4.0452 4.0452
1.772 0 3 1.0 0.0 0.0 0.0 0.0 0.0 0.0 0.0 0.0 0.0 4.0452 4.0452 4.0452 4.0452
1.7730000000000001 0 3 1.0 0.0 0.0 0.0 0.0 0.0 0.0 0.0 0.0 0.0 4.0452 4.0452 4.0452 4.0452
1.774 0 3 1.0 0.0 0.0 0.0 0.0 0.0 0.0 0.0 0.0 0.0 4.0452 4.0452 4.0452 4.0452
1.7750000000000001 0 3 1.0 0.0 0.0 0.0 0.0 0.0 0.0 0.0 0.0 0.0 4.0452 4.0452 4.0452 4.0452
1.776 0 3 1.0 0.0 0.0 0.0 0.0 0.0 0.0 0.0 0.0 0.0 4.0452 4.0452 4.0452 4.0452
1.7770000000000001 0 3 1.0 0.0 0.0 0.0 0.0 0.0 0.0 0.0 0.0 0.0 4.0452 4.0452 4.0452 4.0452
1.778 0 3 1.0 0.0 0.0 0.0 0.0 0.0 0.0 0.0 0.0 0.0 4.0452 4.0452 4.0452 4.0452
1.7790000000000001 0 3 1.0 0.0 0.0 0.0 0.0 0.0 0.0 0.0 0.0 0.0 4.0452 4.0452 4.0452 4.0452
1.78 0 3 1.0 0.0 0.0 0.0 0.0 0.0 0.0 0.0 0.0 0.0 4.0452 4.0452 4.0452 4.0452
1.7810000000000001 0 3 1.0 0.0 0.0 0.0 0.0 0.0 0.0 0.0 0.0 0.0 4.0452 4.0452 4.0452 4.0452
1.782 0 3 1.0 0.0 0.0 0.0 0.0 0.0 0.0 0.0 0.0 0.0 4.0452 4.0452 4.0452 4.0452
1.7830000000000001 0 3 1.0 0.0 0.0 0.0 0.0 0.0 0.0 0.0 0.0 0.0 4.0452 4.0452 4.0452 4.0452
1.784 0 3 1.0 0.0 0.0 0.0 0.0 0.0 0.0 0.0 0.0 0.0 4.0452 4.0452 4.0452 4.0452
1.7850000000000001 0 3 1.0 0.0 0.0 0.0 0.0 0.0 0.0 0.0 0.0 0.0 4.0452 4.0452 4.0452 4.0452
1.786 0 3 1.0 0.0 0.0 0.0 0.0 0.0 0.0 0.0 0.0 0.0 4.0452 4.0452 4.0452 4.0452
1.7870000000000001 0 3 1.0 0.0 0.0 0.0 0.0 0.0 0.0 0.0 0.0 0.0 4.0452 4.0452 4.0452 4.0452
1.788 0 3 1.0 0.0 0.0 0.0 0.0 0.0 0.0 0.0 0.0 0.0 4.0452 4.0452 4.0452 4.0452
1.7890000000000001 0 3 1.0 0.0 0.0 0.0 0.0 0.0 0.0 0.0 0.0 0.0 4.0452 4.0452 4.0452 4.0452
1.79 0 3 1.0 0.0 0.0 0.0 0.0 0.0 0.0 0.0 0.0 0.0 4.0452 4.0452 4.0452 4.0452
1.7910000000000001 0 3 1.0 0.0 0.0 0.0 0.0 0.0 0.0 0.0 0.0 0.0 4.0452 4.0452 4.0452 4.0452
1.792 0 3 1.0 0.0 0.0 0.0 0.0 0.0 0.0 0.0 0.0 0.0 4.0452 4.0452 4.0452 4.0452
1.793 0 3 1.0 0.0 0.0 0.0 0.0 0.0 0.0 0.0 0.0 0.0 4.0452 4.0452 4.0452 4.0452
1.794 0 3 1.0 0.0 0.0 0.0 0.0 0.0 0.0 0.0 0.0 0.0 4.0452 4.0452 4.0452 4.0452
1.795 0 3 1.0 0.0 0.0 0.0 0.0 0.0 0.0 0.0 0.0 0.0 4.0452 4.0452 4.0452 4.0452
1.796 0 3 1.0 0.0 0.0 0.0 0.0 0.0 0.0 0.0 0.0 0.0 4.0452 4.0452 4.0452 4.0452
1.797 0 3 1.0 0.0 0.0 0.0 0.0 0.0 0.0 0.0 0.0 0.0 4.0452 4.0452 4.0452 4.0452
1.798 0 3 1.0 0.0 0.0 0.0 0.0 0.0 0.0 0.0 0.0 0.0 4.0452 4.0452 4.0452 4.0452
1.799 0 3 1.0 0.0 0.0 0.0 0.0 0.0 0.0 0.0 0.0 0.0 4.0452 4.0452 4.0452 4.0452
1.8 0 3 1.0 0.0 0.0 0.0 0.0 0.0 0.0 0.0 0.0 0.0 4.0452 4.0452 4.0452 4.0452
1.801 0 3 1.0 0.0 0.0 0.0 0.0 0.0 0.0 0.0 0.0 0.0 4.0452 4.0452 4.0452 4.0452
1.802 0 3 1.0 0.0 0.0 0.0 0.0 0.0 0.0 0.0 0.0 0.0 4.0452 4.0452 4.0452 4.0452
1.803 0 3 1.0 0.0 0.0 0.0 0.0 0.0 0.0 0.0 0.0 0.0 4.0452 4.0452 4.0452 4.0452
1.804 0 3 1.0 0.0 0.0 0.0 0.0 0.0 0.0 0.0 0.0 0.0 4.0452 4.0452 4.0452 4.0452
1.805 0 3 1.0 0.0 0.0 0.0 0.0 0.0 0.0 0.0 0.0 0.0 4.0452 4.0452 4.0452 4.0452
1.806 0 3 1.0 0.0 0.0 0.0 0.0 0.0 0.0 0.0 0.0 0.0 4.0452 4.0452 4.0452 4.0452
1.807 0 3 1.0 0.0 0.0 0.0 0.0 0.0 0.0 0.0 0.0 0.0 4.0452 4.0452 4.0452 4.0452
1.808 0 3 1.0 0.0 0.0 0.0 0.0 0.0 0.0 0.0 0.0 0.0 4.0452 4.0452 4.0452 4.0452
1.809 0 3 1.0 0.0 0.0 0.0 0.0 0.0 0.0 0.0 0.0 0.0 4.0452 4.0452 4.0452 4.0452
1.81 0 3 1.0 0.0 0.0 0.0 0.0 0.0 0.0 0.0 0.0 0.0 4.0452 4.0452 4.0452 4.0452
1.811 0 3 1.0 0.0 0.0 0.0 0.0 0.0 0.0 0.0 0.0 0.0 4.0452 4.0452 4.0452 4.0452
1.812 0 3 1.0 0.0 0.0 0.0 0.0 0.0 0.0 0.0 0.0 0.0 4.0452 4.0452 4.0452 4.0452
1.813 0 3 1.0 0.0 0.0 0.0 0.0 0.0 0.0 0.0 0.0 0.0 4.0452 4.0452 4.0452 4.0452
1.814 0 3 1.0 0.0 0.0 0.0 0.0 0.0 0.0 0.0 0.0 0.0 4.0452 4.0452 4.0452 4.0452
1.815 0 3 1.0 0.0 0.0 0.0 0.0 0.0 0.0 0.0 0.0 0.0 4.0452 4.0452 4.0452 4.0452
1.816 0 3 1.0 0.0 0.0 0.0 0.0 0.0 0.0 0.0 0.0 0.0 4.0452 4.0452 4.0452 4.0452
1.817 0 3 1.0 0.0 0.0 0.0 0.0 0.0 0.0 0.0 0.0 0.0 4.0452 4.0452 4.0452 4.0452
1.818 0 3 1.0 0.0 0.0 0.0 0.0 0.0 0.0 0.0 0.0 0.0 4.0452 4.0452 4.0452 4.0452
1.819 0 3 1.0 0.0 0.0 0.0 0.0 0.0 0.0 0.0 0.0 0.0 4.0452 4.0452 4.0452 4.0452
1.82 0 3 1.0 0.0 0.0 0.0 0.0 0.0 0.0 0.0 0.0 0.0 4.0452 4.0452 4.0452 4.0452
1.821 0 3 1.0 0.0 0.0 0.0 0.0 0.0 0.0 0.0 0.0 0.0 4.0452 4.0452 4.0452 4.0452
1.822 0 3 1.0 0.0 0.0 0.0 0.0 0.0 0.0 0.0 0.0 0.0 4.0452 4.0452 4.0452 4.0452
1.823 0 3 1.0 0.0 0.0 0.0 0.0 0.0 0.0 0.0 0.0 0.0 4.0452 4.0452 4.0452 4.0452
1.824 0 3 1.0 0.0 0.0 0.0 0.0 0.0 0.0 0.0 0.0 0.0 4.0452 4.0452 4.0452 4.0452
1.825 0 3 1.0 0.0 0.0 0.0 0.0 0.0 0.0 0.0 0.0 0.0 4.0452 4.0452 4.0452 4.0452
1.826 0 3 1.0 0.0 0.0 0.0 0.0 0.0 0.0 0.0 0.0 0.0 4.0452 4.0452 4.0452 4.0452
1.827 0 3 1.0 0.0 0.0 0.0 0.0 0.0 0.0 0.0 0.0 0.0 4.0452 4.0452 4.0452 4.0452
1.828 0 3 1.0 0.0 0.0 0.0 0.0 0.0 0.0 0.0 0.0 0.0 4.0452 4.0452 4.0452 4.0452
1.829 0 3 1.0 0.0 0.0 0.0 0.0 0.0 0.0 0.0 0.0 0.0 4.0452 4.0452 4.0452 4.0452
1.83 0 3 1.0 0.0 0.0 0.0 0.0 0.0 0.0 0.0 0.0 0.0 4.0452 4.0452 4.0452 4.0452
1.831 0 3 1.0 0.0 0.0 0.0 0.0 0.0 0.0 0.0 0.0 0.0 4.0452 4.0452 4.0452 4.0452
1.832 0 3 1.0 0.0 0.0 0.0 0.0 0.0 0.0 0.0 0.0 0.0 4.0452 4.0452 4.0452 4.0452
1.833 0 3 1.0 0.0 0.0 0.0 0.0 0.0 0.0 0.0 0.0 0.0 4.0452 4.0452 4.0452 4.0452
1.834 0 3 1.0 0.0 0.0 0.0 0.0 0.0 0.0 0.0 0.0 0.0 4.0452 4.0452 4.0452 4.0452
1.835 0 3 1.0 0.0 0.0 0.0 0.0 0.0 0.0 0.0 0.0 0.0 4.0452 4.0452 4.0452 4.0452
1.836 0 3 1.0 0.0 0.0 0.0 0.0 0.0 0.0 0.0 0.0 0.0 4.0452 4.0452 4.0452 4.0452
1.837 0 3 1.0 0.0 0.0 0.0 0.0 0.0 0.0 0.0 0.0 0.0 4.0452 4.0452 4.0452 4.0452
1.838 0 3 1.0 0.0 0.0 0.0 0.0 0.0 0.0 0.0 0.0 0.0 4.0452 4.0452 4.0452 4.0452
1.839 0 3 1.0 0.0 0.0 0.0 0.0 0.0 0.0 0.0 0.0 0.0 4.0452 4.0452 4.0452 4.0452
1.84 0 3 1.0 0.0 0.0 0.0 0.0 0.0 0.0 0.0 0.0 0.0 4.0452 4.0452 4.0452 4.0452
1.841 0 3 1.0 0.0 0.0 0.0 0.0 0.0 0.0 0.0 0.0 0.0 4.0452 4.0452 4.0452 4.0452
1.842 0 3 1.0 0.0 0.0 0.0 0.0 0.0 0.0 0.0 0.0 0.0 4.0452 4.0452 4.0452 4.0452
1.843 0 3 1.0 0.0 0.0 0.0 0.0 0.0 0.0 0.0 0.0 0.0 4.0452 4.0452 4.0452 4.0452
1.844 0 3 1.0 0.0 0.0 0.0 0.0 0.0 0.0 0.0 0.0 0.0 4.0452 4.0452 4.0452 4.0452
1.845 0 3 1.0 0.0 0.0 0.0 0.0 0.0 0.0 0.0 0.0 0.0 4.0452 4.0452 4.0452 4.0452
1.846 0 3 1.0 0.0 0.0 0.0 0.0 0.0 0.0 0.0 0.0 0.0 4.0452 4.0452 4.0452 4.0452
1.847 0 3 1.0 0.0 0.0 0.0 0.0 0.0 0.0 0.0 0.0 0.0 4.0452 4.0452 4.0452 4.0452
1.848 0 3 1.0 0.0 0.0 0.0 0.0 0.0 0.0 0.0 0.0 0.0 4.0452 4.0452 4.0452 4.0452
1.849 0 3 1.0 0.0 0.0 0.0 0.0 0.0 0.0 0.0 0.0 0.0 4.0452 4.0452 4.0452 4.0452
1.85 0 3 1.0 0.0 0.0 0.0 0.0 0.0 0.0 0.0 0.0 0.0 4.0452 4.0452 4.0452 4.0452
1.851 0 3 1.0 0.0 0.0 0.0 0.0 0.0 0.0 0.0 0.0 0.0 4.0452 4.0452 4.0452 4.0452
1.852 0 3 1.0 0.0 0.0 0.0 0.0 0.0 0.0 0.0 0.0 0.0 4.0452 4.0452 4.0452 4.0452
1.853 0 3 1.0 0.0 0.0 0.0 0.0 0.0 0.0 0.0 0.0 0.0 4.0452 4.0452 4.0452 4.0452
1.854 0 3 1.0 0.0 0.0 0.0 0.0 0.0 0.0 0.0 0.0 0.0 4.0452 4.0452 4.0452 4.0452
1.855 0 3 1.0 0.0 0.0 0.0 0.0 0.0 0.0 0.0 0.0 0.0 4.0452 4.0452 4.0452 4.0452
1.856 0 3 1.0 0.0 0.0 0.0 0.0 0.0 0.0 0.0 0.0 0.0 4.0452 4.0452 4.0452 4.0452
1.857 0 3 1.0 0.0 0.0 0.0 0.0 0.0 0.0 0.0 0.0 0.0 4.0452 4.0452 4.0452 4.0452
1.858 0 3 1.0 0.0 0.0 0.0 0.0 0.0 0.0 0.0 0.0 0.0 4.0452 4.0452 4.0452 4.0452
1.859 0 3 1.0 0.0 0.0 0.0 0.0 0.0 0.0 0.0 0.0 0.0 4.0452 4.0452 4.0452 4.0452
1.86 0 3 1.0 0.0 0.0 0.0 0.0 0.0 0.0 0.0 0.0 0.0 4.0452 4.0452 4.0452 4.0452
1.861 0 3 1.0 0.0 0.0 0.0 0.0 0.0 0.0 0.0 0.0 0.0 4.0452 4.0452 4.0452 4.0452
1.862 0 3 1.0 0.0 0.0 0.0 0.0 0.0 0.0 0.0 0.0 0.0 4.0452 4.0452 4.0452 4.0452
1.863 0 3 1.0 0.0 0.0 0.0 0.0 0.0 0.0 0.0 0.0 0.0 4.0452 4.0452 4.0452 4.0452
1.864 0 3 1.0 0.0 0.0 0.0 0.0 0.0 0.0 0.0 0.0 0.0 4.0452 4.0452 4.0452 4.0452
1.865 0 3 1.0 0.0 0.0 0.0 0.0 0.0 0.0 0.0 0.0 0.0 4.0452 4.0452 4.0452 4.0452
1.866 0 3 1.0 0.0 0.0 0.0 0.0 0.0 0.0 0.0 0.0 0.0 4.0452 4.0452 4.0452 4.0452
1.867 0 3 1.0 0.0 0.0 0.0 0.0 0.0 0.0 0.0 0.0 0.0 4.0452 4.0452 4.0452 4.0452
1.868 0 3 1.0 0.0 0.0 0.0 0.0 0.0 0.0 0.0 0.0 0.0 4.0452 4.0452 4.0452 4.0452
1.869 0 3 1.0 0.0 0.0 0.0 0.0 0.0 0.0 0.0 0.0 0.0 4.0452 4.0452 4.0452 4.0452
1.87 0 3 1.0 0.0 0.0 0.0 0.0 0.0 0.0 0.0 0.0 0.0 4.0452 4.0452 4.0452 4.0452
1.871 0 3 1.0 0.0 0.0 0.0 0.0 0.0 0.0 0.0 0.0 0.0 4.0452 4.0452 4.0452 4.0452
1.872 0 3 1.0 0.0 0.0 0.0 0.0 0.0 0.0 0.0 0.0 0.0 4.0452 4.0452 4.0452 4.0452
1.873 0 3 1.0 0.0 0.0 0.0 0.0 0.0 0.0 0.0 0.0 0.0 4.0452 4.0452 4.0452 4.0452
1.874 0 3 1.0 0.0 0.0 0.0 0.0 0.0 0.0 0.0 0.0 0.0 4.0452 4.0452 4.0452 4.0452
1.875 0 3 1.0 0.0 0.0 0.0 0.0 0.0 0.0 0.0 0.0 0.0 4.0452 4.0452 4.0452 4.0452
1.8760000000000001 0 3 1.0 0.0 0.0 0.0 0.0 0.0 0.0 0.0 0.0 0.0 4.0452 4.0452 4.0452 4.0452
1.877 0 3 1.0 0.0 0.0 0.0 0.0 0.0 0.0 0.0 0.0 0.0 4.0452 4.0452 4.0452 4.0452
1.8780000000000001 0 3 1.0 0.0 0.0 0.0 0.0 0.0 0.0 0.0 0.0 0.0 4.0452 4.0452 4.0452 4.0452
1.879 0 3 1.0 0.0 0.0 0.0 0.0 0.0 0.0 0.0 0.0 0.0 4.0452 4.0452 4.0452 4.0452
1.8800000000000001 0 3 1.0 0.0 0.0 0.0 0.0 0.0 0.0 0.0 0.0 0.0 4.0452 4.0452 4.0452 4.0452
1.881 0 3 1.0 0.0 0.0 0.0 0.0 0.0 0.0 0.0 0.0 0.0 4.0452 4.0452 4.0452 4.0452
1.8820000000000001 0 3 1.0 0.0 0.0 0.0 0.0 0.0 0.0 0.0 0.0 0.0 4.0452 4.0452 4.0452 4.0452
1.883 0 3 1.0 0.0 0.0 0.0 0.0 0.0 0.0 0.0 0.0 0.0 4.0452 4.0452 4.0452 4.0452
1.8840000000000001 0 3 1.0 0.0 0.0 0.0 0.0 0.0 0.0 0.0 0.0 0.0 4.0452 4.0452 4.0452 4.0452
1.885 0 3 1.0 0.0 0.0 0.0 0.0 0.0 0.0 0.0 0.0 0.0 4.0452 4.0452 4.0452 4.0452
1.8860000000000001 0 3 1.0 0.0 0.0 0.0 0.0 0.0 0.0 0.0 0.0 0.0 4.0452 4.0452 4.0452 4.0452
1.887 0 3 1.0 0.0 0.0 0.0 0.0 0.0 0.0 0.0 0.0 0.0 4.0452 4.0452 4.0452 4.0452
1.8880000000000001 0 3 1.0 0.0 0.0 0.0 0.0 0.0 0.0 0.0 0.0 0.0 4.0452 4.0452 4.0452 4.0452
1.889 0 3 1.0 0.0 0.0 0.0 0.0 0.0 0.0 0.0 0.0 0.0 4.0452 4.0452 4.0452 4.0452
1.8900000000000001 0 3 1.0 0.0 0.0 0.0 0.0 0.0 0.0 0.0 0.0 0.0 4.0452 4.0452 4.0452 4.0452
1.891 0 3 1.0 0.0 0.0 0.0 0.0 0.0 0.0 0.0 0.0 0.0 4.0452 4.0452 4.0452 4.0452
1.8920000000000001 0 3 1.0 0.0 0.0 0.0 0.0 0.0 0.0 0.0 0.0 0.0 4.0452 4.0452 4.0452 4.0452
1.893 0 3 1.0 0.0 0.0 0.0 0.0 0.0 0.0 0.0 0.0 0.0 4.0452 4.0452 4.0452 4.0452
1.8940000000000001 0 3 1.0 0.0 0.0 0.0 0.0 0.0 0.0 0.0 0.0 0.0 4.0452 4.0452 4.0452 4.0452
1.895 0 3 1.0 0.0 0.0 0.0 0.0 0.0 0.0 0.0 0.0 0.0 4.0452 4.0452 4.0452 4.0452
1.8960000000000001 0 3 1.0 0.0 0.0 0.0 0.0 0.0 0.0 0.0 0.0 0.0 4.0452 4.0452 4.0452 4.0452
1.897 0 3 1.0 0.0 0.0 0.0 0.0 0.0 0.0 0.0 0.0 0.0 4.0452 4.0452 4.0452 4.0452
1.8980000000000001 0 3 1.0 0.0 0.0 0.0 0.0 0.0 0.0 0.0 0.0 0.0 4.0452 4.0452 4.0452 4.0452
1.899 0 3 1.0 0.0 0.0 0.0 0.0 0.0 0.0 0.0 0.0 0.0 4.0452 4.0452 4.0452 4.0452
1.9000000000000001 0 3 1.0 0.0 0.0 0.0 0.0 0.0 0.0 0.0 0.0 0.0 4.0452 4.0452 4.0452 4.0452
1.901 0 3 1.0 0.0 0.0 0.0 0.0 0.0 0.0 0.0 0.0 0.0 4.0452 4.0452 4.0452 4.0452
1.9020000000000001 0 3 1.0 0.0 0.0 0.0 0.0 0.0 0.0 0.0 0.0 0.0 4.0452 4.0452 4.0452 4.0452
1.903 0 3 1.0 0.0 0.0 0.0 0.0 0.0 0.0 0.0 0.0 0.0 4.0452 4.0452 4.0452 4.0452
1.9040000000000001 0 3 1.0 0.0 0.0 0.0 0.0 0.0 0.0 0.0 0.0 0.0 4.0452 4.0452 4.0452 4.0452
1.905 0 3 1.0 0.0 0.0 0.0 0.0 0.0 0.0 0.0 0.0 0.0 4.0452 4.0452 4.0452 4.0452
1.9060000000000001 0 3 1.0 0.0 0.0 0.0 0.0 0.0 0.0 0.0 0.0 0.0 4.0452 4.0452 4.0452 4.0452
1.907 0 3 1.0 0.0 0.0 0.0 0.0 0.0 0.0 0.0 0.0 0.0 4.0452 4.0452 4.0452 4.0452
1.9080000000000001 0 3 1.0 0.0 0.0 0.0 0.0 0.0 0.0 0.0 0.0 0.0 4.0452 4.0452 4.0452 4.0452
1.909 0 3 1.0 0.0 0.0 0.0 0.0 0.0 0.0 0.0 0.0 0.0 4.0452 4.0452 4.0452 4.0452
1.9100000000000001 0 3 1.0 0.0 0.0 0.0 0.0 0.0 0.0 0.0 0.0 0.0 4.0452 4.0452 4.0452 4.0452
1.911 0 3 1.0 0.0 0.0 0.0 0.0 0.0 0.0 0.0 0.0 0.0 4.0452 4.0452 4.0452 4.0452
1.9120000000000001 0 3 1.0 0.0 0.0 0.0 0.0 0.0 0.0 0.0 0.0 0.0 4.0452 4.0452 4.0452 4.0452
1.913 0 3 1.0 0.0 0.0 0.0 0.0 0.0 0.0 0.0 0.0 0.0 4.0452 4.0452 4.0452 4.0452
1.9140000000000001 0 3 1.0 0.0 0.0 0.0 0.0 0.0 0.0 0.0 0.0 0.0 4.0452 4.0452 4.0452 4.0452
1.915 0 3 1.0 0.0 0.0 0.0 0.0 0.0 0.0 0.0 0.0 0.0 4.0452 4.0452 4.0452 4.0452
1.9160000000000001 0 3 1.0 0.0 0.0 0.0 0.0 0.0 0.0 0.0 0.0 0.0 4.0452 4.0452 4.0452 4.0452
1.917 0 3 1.0 0.0 0.0 0.0 0.0 0.0 0.0 0.0 0.0 0.0 4.0452 4.0452 4.0452 4.0452
1.9180000000000001 0 3 1.0 0.0 0.0 0.0 0.0 0.0 0.0 0.0 0.0 0.0 4.0452 4.0452 4.0452 4.0452
1.919 0 3 1.0 0.0 0.0 0.0 0.0 0.0 0.0 0.0 0.0 0.0 4.0452 4.0452 4.0452 4.0452
1.92 0 3 1.0 0.0 0.0 0.0 0.0 0.0 0.0 0.0 0.0 0.0 4.0452 4.0452 4.0452 4.0452
1.921 0 3 1.0 0.0 0.0 0.0 0.0 0.0 0.0 0.0 0.0 0.0 4.0452 4.0452 4.0452 4.0452
1.922 0 3 1.0 0.0 0.0 0.0 0.0 0.0 0.0 0.0 0.0 0.0 4.0452 4.0452 4.0452 4.0452
1.923 0 3 1.0 0.0 0.0 0.0 0.0 0.0 0.0 0.0 0.0 0.0 4.0452 4.0452 4.0452 4.0452
1.924 0 3 1.0 0.0 0.0 0.0 0.0 0.0 0.0 0.0 0.0 0.0 4.0452 4.0452 4.0452 4.0452
1.925 0 3 1.0 0.0 0.0 0.0 0.0 0.0 0.0 0.0 0.0 0.0 4.0452 4.0452 4.0452 4.0452
1.926 0 3 1.0 0.0 0.0 0.0 0.0 0.0 0.0 0.0 0.0 0.0 4.0452 4.0452 4.0452 4.0452
1.927 0 3 1.0 0.0 0.0 0.0 0.0 0.0 0.0 0.0 0.0 0.0 4.0452 4.0452 4.0452 4.0452
1.928 0 3 1.0 0.0 0.0 0.0 0.0 0.0 0.0 0.0 0.0 0.0 4.0452 4.0452 4.0452 4.0452
1.929 0 3 1.0 0.0 0.0 0.0 0.0 0.0 0.0 0.0 0.0 0.0 4.0452 4.0452 4.0452 4.0452
1.93 0 3 1.0 0.0 0.0 0.0 0.0 0.0 0.0 0.0 0.0 0.0 4.0452 4.0452 4.0452 4.0452
1.931 0 3 1.0 0.0 0.0 0.0 0.0 0.0 0.0 0.0 0.0 0.0 4.0452 4.0452 4.0452 4.0452
1.932 0 3 1.0 0.0 0.0 0.0 0.0 0.0 0.0 0.0 0.0 0.0 4.0452 4.0452 4.0452 4.0452
1.933 0 3 1.0 0.0 0.0 0.0 0.0 0.0 0.0 0.0 0.0 0.0 4.0452 4.0452 4.0452 4.0452
1.934 0 3 1.0 0.0 0.0 0.0 0.0 0.0 0.0 0.0 0.0 0.0 4.0452 4.0452 4.0452 4.0452
1.935 0 3 1.0 0.0 0.0 0.0 0.0 0.0 0.0 0.0 0.0 0.0 4.0452 4.0452 4.0452 4.0452
1.936 0 3 1.0 0.0 0.0 0.0 0.0 0.0 0.0 0.0 0.0 0.0 4.0452 4.0452 4.0452 4.0452
1.937 0 3 1.0 0.0 0.0 0.0 0.0 0.0 0.0 0.0 0.0 0.0 4.0452 4.0452 4.0452 4.0452
1.938 0 3 1.0 0.0 0.0 0.0 0.0 0.0 0.0 0.0 0.0 0.0 4.0452 4.0452 4.0452 4.0452
1.939 0 3 1.0 0.0 0.0 0.0 0.0 0.0 0.0 0.0 0.0 0.0 4.0452 4.0452 4.0452 4.0452
1.94 0 3 1.0 0.0 0.0 0.0 0.0 0.0 0.0 0.0 0.0 0.0 4.0452 4.0452 4.0452 4.0452
1.941 0 3 1.0 0.0 0.0 0.0 0.0 0.0 0.0 0.0 0.0 0.0 4.0452 4.0452 4.0452 4.0452
1.942 0 3 1.0 0.0 0.0 0.0 0.0 0.0 0.0 0.0 0.0 0.0 4.0452 4.0452 4.0452 4.0452
1.943 0 3 1.0 0.0 0.0 0.0 0.0 0.0 0.0 0.0 0.0 0.0 4.0452 4.0452 4.0452 4.0452
1.944 0 3 1.0 0.0 0.0 0.0 0.0 0.0 0.0 0.0 0.0 0.0 4.0452 4.0452 4.0452 4.0452
1.945 0 3 1.0 0.0 0.0 0.0 0.0 0.0 0.0 0.0 0.0 0.0 4.0452 4.0452 4.0452 4.0452
1.946 0 3 1.0 0.0 0.0 0.0 0.0 0.0 0.0 0.0 0.0 0.0 4.0452 4.0452 4.0452 4.0452
1.947 0 3 1.0 0.0 0.0 0.0 0.0 0.0 0.0 0.0 0.0 0.0 4.0452 4.0452 4.0452 4.0452
1.948 0 3 1.0 0.0 0.0 0.0 0.0 0.0 0.0 0.0 0.0 0.0 4.0452 4.0452 4.0452 4.0452
1.949 0 3 1.0 0.0 0.0 0.0 0.0 0.0 0.0 0.0 0.0 0.0 4.0452 4.0452 4.0452 4.0452
1.95 0 3 1.0 0.0 0.0 0.0 0.0 0.0 0.0 0.0 0.0 0.0 4.0452 4.0452 4.0452 4.0452
1.951 0 3 1.0 0.0 0.0 0.0 0.0 0.0 0.0 0.0 0.0 0.0 4.0452 4.0452 4.0452 4.0452
1.952 0 3 1.0 0.0 0.0 0.0 0.0 0.0 0.0 0.0 0.0 0.0 4.0452 4.0452 4.0452 4.0452
1.953 0 3 1.0 0.0 0.0 0.0 0.0 0.0 0.0 0.0 0.0 0.0 4.0452 4.0452 4.0452 4.0452
1.954 0 3 1.0 0.0 0.0 0.0 0.0 0.0 0.0 0.0 0.0 0.0 4.0452 4.0452 4.0452 4.0452
1.955 0 3 1.0 0.0 0.0 0.0 0.0 0.0 0.0 0.0 0.0 0.0 4.0452 4.0452 4.0452 4.0452
1.956 0 3 1.0 0.0 0.0 0.0 0.0 0.0 0.0 0.0 0.0 0.0 4.0452 4.0452 4.0452 4.0452
1.957 0 3 1.0 0.0 0.0 0.0 0.0 0.0 0.0 0.0 0.0 0.0 4.0452 4.0452 4.0452 4.0452
1.958 0 3 1.0 0.0 0.0 0.0 0.0 0.0 0.0 0.0 0.0 0.0 4.0452 4.0452 4.0452 4.0452
1.959 0 3 1.0 0.0 0.0 0.0 0.0 0.0 0.0 0.0 0.0 0.0 4.0452 4.0452 4.0452 4.0452
1.96 0 3 1.0 0.0 0.0 0.0 0.0 0.0 0.0 0.0 0.0 0.0 4.0452 4.0452 4.0452 4.0452
1.961 0 3 1.0 0.0 0.0 0.0 0.0 0.0 0.0 0.0 0.0 0.0 4.0452 4.0452 4.0452 4.0452
1.962 0 3 1.0 0.0 0.0 0.0 0.0 0.0 0.0 0.0 0.0 0.0 4.0452 4.0452 4.0452 4.0452
1.963 0 3 1.0 0.0 0.0 0.0 0.0 0.0 0.0 0.0 0.0 0.0 4.0452 4.0452 4.0452 4.0452
1.964 0 3 1.0 0.0 0.0 0.0 0.0 0.0 0.0 0.0 0.0 0.0 4.0452 4.0452 4.0452 4.0452
1.965 0 3 1.0 0.0 0.0 0.0 0.0 0.0 0.0 0.0 0.0 0.0 4.0452 4.0452 4.0452 4.0452
1.966 0 3 1.0 0.0 0.0 0.0 0.0 0.0 0.0 0.0 0.0 0.0 4.0452 4.0452 4.0452 4.0452
1.967 0 3 1.0 0.0 0.0 0.0 0.0 0.0 0.0 0.0 0.0 0.0 4.0452 4.0452 4.0452 4.0452
1.968 0 3 1.0 0.0 0.0 0.0 0.0 0.0 0.0 0.0 0.0 0.0 4.0452 4.0452 4.0452 4.0452
1.969 0 3 1.0 0.0 0.0 0.0 0.0 0.0 0.0 0.0 0.0 0.0 4.0452 4.0452 4.0452 4.0452
1.97 0 3 1.0 0.0 0.0 0.0 0.0 0.0 0.0 0.0 0.0 0.0 4.0452 4.0452 4.0452 4.0452
1.971 0 3 1.0 0.0 0.0 0.0 0.0 0.0 0.0 0.0 0.0 0.0 4.0452 4.0452 4.0452 4.0452
1.972 0 3 1.0 0.0 0.0 0.0 0.0 0.0 0.0 0.0 0.0 0.0 4.0452 4.0452 4.0452 4.0452
1.973 0 3 1.0 0.0 0.0 0.0 0.0 0.0 0.0 0.0 0.0 0.0 4.0452 4.0452 4.0452 4.0452
1.974 0 3 1.0 0.0 0.0 0.0 0.0 0.0 0.0 0.0 0.0 0.0 4.0452 4.0452 4.0452 4.0452
1.975 0 3 1.0 0.0 0.0 0.0 0.0 0.0 0.0 0.0 0.0 0.0 4.0452 4.0452 4.0452 4.0452
1.976 0 3 1.0 0.0 0.0 0.0 0.0 0.0 0.0 0.0 0.0 0.0 4.0452 4.0452 4.0452 4.0452
1.977 0 3 1.0 0.0 0.0 0.0 0.0 0.0 0.0 0.0 0.0 0.0 4.0452 4.0452 4.0452 4.0452
1.978 0 3 1.0 0.0 0.0 0.0 0.0 0.0 0.0 0.0 0.0 0.0 4.0452 4.0452 4.0452 4.0452
1.979 0 3 1.0 0.0 0.0 0.0 0.0 0.0 0.0 0.0 0.0 0.0 4.0452 4.0452 4.0452 4.0452
1.98 0 3 1.0 0.0 0.0 0.0 0.0 0.0 0.0 0.0 0.0 0.0 4.0452 4.0452 4.0452 4.0452
1.981 0 3 1.0 0.0 0.0 0.0 0.0 0.0 0.0 0.0 0.0 0.0 4.0452 4.0452 4.0452 4.0452
1.982 0 3 1.0 0.0 0.0 0.0 0.0 0.0 0.0 0.0 0.0 0.0 4.0452 4.0452 4.0452 4.0452
1.983 0 3 1.0 0.0 0.0 0.0 0.0 0.0 0.0 0.0 0.0 0.0 4.0452 4.0452 4.0452 4.0452
1.984 0 3 1.0 0.0 0.0 0.0 0.0 0.0 0.0 0.0 0.0 0.0 4.0452 4.0452 4.0452 4.0452
1.985 0 3 1.0 0.0 0.0 0.0 0.0 0.0 0.0 0.0 0.0 0.0 4.0452 4.0452 4.0452 4.0452
1.986 0 3 1.0 0.0 0.0 0.0 0.0 0.0 0.0 0.0 0.0 0.0 4.0452 4.0452 4.0452 4.0452
1.987 0 3 1.0 0.0 0.0 0.0 0.0 0.0 0.0 0.0 0.0 0.0 4.0452 4.0452 4.0452 4.0452
1.988 0 3 1.0 0.0 0.0 0.0 0.0 0.0 0.0 0.0 0.0 0.0 4.0452 4.0452 4.0452 4.0452
1.989 0 3 1.0 0.0 0.0 0.0 0.0 0.0 0.0 0.0 0.0 0.0 4.0452 4.0452 4.0452 4.0452
1.99 0 3 1.0 0.0 0.0 0.0 0.0 0.0 0.0 0.0 0.0 0.0 4.0452 4.0452 4.0452 4.0452
1.991 0 3 1.0 0.0 0.0 0.0 0.0 0.0 0.0 0.0 0.0 0.0 4.0452 4.0452 4.0452 4.0452
1.992 0 3 1.0 0.0 0.0 0.0 0.0 0.0 0.0 0.0 0.0 0.0 4.0452 4.0452 4.0452 4.0452
1.993 0 3 1.0 0.0 0.0 0.0 0.0 0.0 0.0 0.0 0.0 0.0 4.0452 4.0452 4.0452 4.0452
1.994 0 3 1.0 0.0 0.0 0.0 0.0 0.0 0.0 0.0 0.0 0.0 4.0452 4.0452 4.0452 4.0452
1.995 0 3 1.0 0.0 0.0 0.0 0.0 0.0 0.0 0.0 0.0 0.0 4.0452 4.0452 4.0452 4.0452
1.996 0 3 1.0 0.0 0.0 0.0 0.0 0.0 0.0 0.0 0.0 0.0 4.0452 4.0452 4.0452 4.0452
1.997 0 3 1.0 0.0 0.0 0.0 0.0 0.0 0.0 0.0 0.0 0.0 4.0452 4.0452 4.0452 4.0452
1.998 0 3 1.0 0.0 0.0 0.0 0.0 0.0 0.0 0.0 0.0 0.0 4.0452 4.0452 4.0452 4.0452
1.999 0 3 1.0 0.0 0.0 0.0 0.0 0.0 0.0 0.0 0.0 0.0 4.0452 4.0452 4.0452 4.0452
2.0 0 3 1.0 0.0 0.0 0.0 0.0 0.0 0.0 0.0 0.0 0.0 4.0452 4.0452 4.0452 4.0452
2.001 0 3 1.0 0.0 0.0 0.0 0.0 0.0 0.0 0.0 0.0 0.0 4.0452 4.0452 4.0452 4.0452
2.0020000000000002 0 3 1.0 0.0 0.0 0.0 0.0 0.0 0.0 0.0 0.0 0.0 4.0452 4.0452 4.0452 4.0452
2.003 0 3 1.0 0.0 0.0 0.0 0.0 0.0 0.0 0.0 0.0 0.0 4.0452 4.0452 4.0452 4.0452
2.004 0 3 1.0 0.0 0.0 0.0 0.0 0.0 0.0 0.0 0.0 0.0 4.0452 4.0452 4.0452 4.0452
2.005 0 3 1.0 0.0 0.0 0.0 0.0 0.0 0.0 0.0 0.0 0.0 4.0452 4.0452 4.0452 4.0452
2.0060000000000002 0 3 1.0 0.0 0.0 0.0 0.0 0.0 0.0 0.0 0.0 0.0 4.0452 4.0452 4.0452 4.0452
2.007 0 3 1.0 0.0 0.0 0.0 0.0 0.0 0.0 0.0 0.0 0.0 4.0452 4.0452 4.0452 4.0452
2.008 0 3 1.0 0.0 0.0 0.0 0.0 0.0 0.0 0.0 0.0 0.0 4.0452 4.0452 4.0452 4.0452
2.009 0 3 1.0 0.0 0.0 0.0 0.0 0.0 0.0 0.0 0.0 0.0 4.0452 4.0452 4.0452 4.0452
2.0100000000000002 0 3 1.0 0.0 0.0 0.0 0.0 0.0 0.0 0.0 0.0 0.0 4.0452 4.0452 4.0452 4.0452
2.011 0 3 1.0 0.0 0.0 0.0 0.0 0.0 0.0 0.0 0.0 0.0 4.0452 4.0452 4.0452 4.0452
2.012 0 3 1.0 0.0 0.0 0.0 0.0 0.0 0.0 0.0 0.0 0.0 4.0452 4.0452 4.0452 4.0452
2.013 0 3 1.0 0.0 0.0 0.0 0.0 0.0 0.0 0.0 0.0 0.0 4.0452 4.0452 4.0452 4.0452
2.0140000000000002 0 3 1.0 0.0 0.0 0.0 0.0 0.0 0.0 0.0 0.0 0.0 4.0452 4.0452 4.0452 4.0452
2.015 0 3 1.0 0.0 0.0 0.0 0.0 0.0 0.0 0.0 0.0 0.0 4.0452 4.0452 4.0452 4.0452
2.016 0 3 1.0 0.0 0.0 0.0 0.0 0.0 0.0 0.0 0.0 0.0 4.0452 4.0452 4.0452 4.0452
2.017 0 3 1.0 0.0 0.0 0.0 0.0 0.0 0.0 0.0 0.0 0.0 4.0452 4.0452 4.0452 4.0452
2.0180000000000002 0 3 1.0 0.0 0.0 0.0 0.0 0.0 0.0 0.0 0.0 0.0 4.0452 4.0452 4.0452 4.0452
2.019 0 3 1.0 0.0 0.0 0.0 0.0 0.0 0.0 0.0 0.0 0.0 4.0452 4.0452 4.0452 4.0452
2.02 0 3 1.0 0.0 0.0 0.0 0.0 0.0 0.0 0.0 0.0 0.0 4.0452 4.0452 4.0452 4.0452
2.021 0 3 1.0 0.0 0.0 0.0 0.0 0.0 0.0 0.0 0.0 0.0 4.0452 4.0452 4.0452 4.0452
2.0220000000000002 0 3 1.0 0.0 0.0 0.0 0.0 0.0 0.0 0.0 0.0 0.0 4.0452 4.0452 4.0452 4.0452
2.023 0 3 1.0 0.0 0.0 0.0 0.0 0.0 0.0 0.0 0.0 0.0 4.0452 4.0452 4.0452 4.0452
2.024 0 3 1.0 0.0 0.0 0.0 0.0 0.0 0.0 0.0 0.0 0.0 4.0452 4.0452 4.0452 4.0452
2.025 0 3 1.0 0.0 0.0 0.0 0.0 0.0 0.0 0.0 0.0 0.0 4.0452 4.0452 4.0452 4.0452
2.0260000000000002 0 3 1.0 0.0 0.0 0.0 0.0 0.0 0.0 0.0 0.0 0.0 4.0452 4.0452 4.0452 4.0452
2.027 0 3 1.0 0.0 0.0 0.0 0.0 0.0 0.0 0.0 0.0 0.0 4.0452 4.0452 4.0452 4.0452
2.028 0 3 1.0 0.0 0.0 0.0 0.0 0.0 0.0 0.0 0.0 0.0 4.0452 4.0452 4.0452 4.0452
2.029 0 3 1.0 0.0 0.0 0.0 0.0 0.0 0.0 0.0 0.0 0.0 4.0452 4.0452 4.0452 4.0452
2.0300000000000002 0 3 1.0 0.0 0.0 0.0 0.0 0.0 0.0 0.0 0.0 0.0 4.0452 4.0452 4.0452 4.0452
2.031 0 3 1.0 0.0 0.0 0.0 0.0 0.0 0.0 0.0 0.0 0.0 4.0452 4.0452 4.0452 4.0452
2.032 0 3 1.0 0.0 0.0 0.0 0.0 0.0 0.0 0.0 0.0 0.0 4.0452 4.0452 4.0452 4.0452
2.033 0 3 1.0 0.0 0.0 0.0 0.0 0.0 0.0 0.0 0.0 0.0 4.0452 4.0452 4.0452 4.0452
2.0340000000000003 0 3 1.0 0.0 0.0 0.0 0.0 0.0 0.0 0.0 0.0 0.0 4.0452 4.0452 4.0452 4.0452
2.035 0 3 1.0 0.0 0.0 0.0 0.0 0.0 0.0 0.0 0.0 0.0 4.0452 4.0452 4.0452 4.0452
2.036 0 3 1.0 0.0 0.0 0.0 0.0 0.0 0.0 0.0 0.0 0.0 4.0452 4.0452 4.0452 4.0452
2.037 0 3 1.0 0.0 0.0 0.0 0.0 0.0 0.0 0.0 0.0 0.0 4.0452 4.0452 4.0452 4.0452
2.0380000000000003 0 3 1.0 0.0 0.0 0.0 0.0 0.0 0.0 0.0 0.0 0.0 4.0452 4.0452 4.0452 4.0452
2.039 0 3 1.0 0.0 0.0 0.0 0.0 0.0 0.0 0.0 0.0 0.0 4.0452 4.0452 4.0452 4.0452
2.04 0 3 1.0 0.0 0.0 0.0 0.0 0.0 0.0 0.0 0.0 0.0 4.0452 4.0452 4.0452 4.0452
2.041 0 3 1.0 0.0 0.0 0.0 0.0 0.0 0.0 0.0 0.0 0.0 4.0452 4.0452 4.0452 4.0452
2.0420000000000003 0 3 1.0 0.0 0.0 0.0 0.0 0.0 0.0 0.0 0.0 0.0 4.0452 4.0452 4.0452 4.0452
2.043 0 3 1.0 0.0 0.0 0.0 0.0 0.0 0.0 0.0 0.0 0.0 4.0452 4.0452 4.0452 4.0452
2.044 0 3 1.0 0.0 0.0 0.0 0.0 0.0 0.0 0.0 0.0 0.0 4.0452 4.0452 4.0452 4.0452
2.045 0 3 1.0 0.0 0.0 0.0 0.0 0.0 0.0 0.0 0.0 0.0 4.0452 4.0452 4.0452 4.0452
2.0460000000000003 0 3 1.0 0.0 0.0 0.0 0.0 0.0 0.0 0.0 0.0 0.0 4.0452 4.0452 4.0452 4.0452
2.047 0 3 1.0 0.0 0.0 0.0 0.0 0.0 0.0 0.0 0.0 0.0 4.0452 4.0452 4.0452 4.0452
2.048 0 3 1.0 0.0 0.0 0.0 0.0 0.0 0.0 0.0 0.0 0.0 4.0452 4.0452 4.0452 4.0452
2.049 0 3 1.0 0.0 0.0 0.0 0.0 0.0 0.0 0.0 0.0 0.0 4.0452 4.0452 4.0452 4.0452
2.05 0 3 1.0 0.0 0.0 0.0 0.0 0.0 0.0 0.0 0.0 0.0 4.0452 4.0452 4.0452 4.0452
2.051 0 3 1.0 0.0 0.0 0.0 0.0 0.0 0.0 0.0 0.0 0.0 4.0452 4.0452 4.0452 4.0452
2.052 0 3 1.0 0.0 0.0 0.0 0.0 0.0 0.0 0.0 0.0 0.0 4.0452 4.0452 4.0452 4.0452
2.053 0 3 1.0 0.0 0.0 0.0 0.0 0.0 0.0 0.0 0.0 0.0 4.0452 4.0452 4.0452 4.0452
2.054 0 3 1.0 0.0 0.0 0.0 0.0 0.0 0.0 0.0 0.0 0.0 4.0452 4.0452 4.0452 4.0452
2.055 0 3 1.0 0.0 0.0 0.0 0.0 0.0 0.0 0.0 0.0 0.0 4.0452 4.0452 4.0452 4.0452
2.056 0 3 1.0 0.0 0.0 0.0 0.0 0.0 0.0 0.0 0.0 0.0 4.0452 4.0452 4.0452 4.0452
2.057 0 3 1.0 0.0 0.0 0.0 0.0 0.0 0.0 0.0 0.0 0.0 4.0452 4.0452 4.0452 4.0452
2.058 0 3 1.0 0.0 0.0 0.0 0.0 0.0 0.0 0.0 0.0 0.0 4.0452 4.0452 4.0452 4.0452
2.059 0 3 1.0 0.0 0.0 0.0 0.0 0.0 0.0 0.0 0.0 0.0 4.0452 4.0452 4.0452 4.0452
2.06 0 3 1.0 0.0 0.0 0.0 0.0 0.0 0.0 0.0 0.0 0.0 4.0452 4.0452 4.0452 4.0452
2.061 0 3 1.0 0.0 0.0 0.0 0.0 0.0 0.0 0.0 0.0 0.0 4.0452 4.0452 4.0452 4.0452
2.062 0 3 1.0 0.0 0.0 0.0 0.0 0.0 0.0 0.0 0.0 0.0 4.0452 4.0452 4.0452 4.0452
2.063 0 3 1.0 0.0 0.0 0.0 0.0 0.0 0.0 0.0 0.0 0.0 4.0452 4.0452 4.0452 4.0452
2.064 0 3 1.0 0.0 0.0 0.0 0.0 0.0 0.0 0.0 0.0 0.0 4.0452 4.0452 4.0452 4.0452
2.065 0 3 1.0 0.0 0.0 0.0 0.0 0.0 0.0 0.0 0.0 0.0 4.0452 4.0452 4.0452 4.0452
2.066 0 3 1.0 0.0 0.0 0.0 0.0 0.0 0.0 0.0 0.0 0.0 4.0452 4.0452 4.0452 4.0452
2.067 0 3 1.0 0.0 0.0 0.0 0.0 0.0 0.0 0.0 0.0 0.0 4.0452 4.0452 4.0452 4.0452
2.068 0 3 1.0 0.0 0.0 0.0 0.0 0.0 0.0 0.0 0.0 0.0 4.0452 4.0452 4.0452 4.0452
2.069 0 3 1.0 0.0 0.0 0.0 0.0 0.0 0.0 0.0 0.0 0.0 4.0452 4.0452 4.0452 4.0452
2.07 0 3 1.0 0.0 0.0 0.0 0.0 0.0 0.0 0.0 0.0 0.0 4.0452 4.0452 4.0452 4.0452
2.071 0 3 1.0 0.0 0.0 0.0 0.0 0.0 0.0 0.0 0.0 0.0 4.0452 4.0452 4.0452 4.0452
2.072 0 3 1.0 0.0 0.0 0.0 0.0 0.0 0.0 0.0 0.0 0.0 4.0452 4.0452 4.0452 4.0452
2.073 0 3 1.0 0.0 0.0 0.0 0.0 0.0 0.0 0.0 0.0 0.0 4.0452 4.0452 4.0452 4.0452
2.074 0 3 1.0 0.0 0.0 0.0 0.0 0.0 0.0 0.0 0.0 0.0 4.0452 4.0452 4.0452 4.0452
2.075 0 3 1.0 0.0 0.0 0.0 0.0 0.0 0.0 0.0 0.0 0.0 4.0452 4.0452 4.0452 4.0452
2.076 0 3 1.0 0.0 0.0 0.0 0.0 0.0 0.0 0.0 0.0 0.0 4.0452 4.0452 4.0452 4.0452
2.077 0 3 1.0 0.0 0.0 0.0 0.0 0.0 0.0 0.0 0.0 0.0 4.0452 4.0452 4.0452 4.0452
2.078 0 3 1.0 0.0 0.0 0.0 0.0 0.0 0.0 0.0 0.0 0.0 4.0452 4.0452 4.0452 4.0452
2.079 0 3 1.0 0.0 0.0 0.0 0.0 0.0 0.0 0.0 0.0 0.0 4.0452 4.0452 4.0452 4.0452
2.08 0 3 1.0 0.0 0.0 0.0 0.0 0.0 0.0 0.0 0.0 0.0 4.0452 4.0452 4.0452 4.0452
2.081 0 3 1.0 0.0 0.0 0.0 0.0 0.0 0.0 0.0 0.0 0.0 4.0452 4.0452 4.0452 4.0452
2.082 0 3 1.0 0.0 0.0 0.0 0.0 0.0 0.0 0.0 0.0 0.0 4.0452 4.0452 4.0452 4.0452
2.083 0 3 1.0 0.0 0.0 0.0 0.0 0.0 0.0 0.0 0.0 0.0 4.0452 4.0452 4.0452 4.0452
2.084 0 3 1.0 0.0 0.0 0.0 0.0 0.0 0.0 0.0 0.0 0.0 4.0452 4.0452 4.0452 4.0452
2.085 0 3 1.0 0.0 0.0 0.0 0.0 0.0 0.0 0.0 0.0 0.0 4.0452 4.0452 4.0452 4.0452
2.086 0 3 1.0 0.0 0.0 0.0 0.0 0.0 0.0 0.0 0.0 0.0 4.0452 4.0452 4.0452 4.0452
2.087 0 3 1.0 0.0 0.0 0.0 0.0 0.0 0.0 0.0 0.0 0.0 4.0452 4.0452 4.0452 4.0452
2.088 0 3 1.0 0.0 0.0 0.0 0.0 0.0 0.0 0.0 0.0 0.0 4.0452 4.0452 4.0452 4.0452
2.089 0 3 1.0 0.0 0.0 0.0 0.0 0.0 0.0 0.0 0.0 0.0 4.0452 4.0452 4.0452 4.0452
2.09 0 3 1.0 0.0 0.0 0.0 0.0 0.0 0.0 0.0 0.0 0.0 4.0452 4.0452 4.0452 4.0452
2.091 0 3 1.0 0.0 0.0 0.0 0.0 0.0 0.0 0.0 0.0 0.0 4.0452 4.0452 4.0452 4.0452
2.092 0 3 1.0 0.0 0.0 0.0 0.0 0.0 0.0 0.0 0.0 0.0 4.0452 4.0452 4.0452 4.0452
2.093 0 3 1.0 0.0 0.0 0.0 0.0 0.0 0.0 0.0 0.0 0.0 4.0452 4.0452 4.0452 4.0452
2.094 0 3 1.0 0.0 0.0 0.0 0.0 0.0 0.0 0.0 0.0 0.0 4.0452 4.0452 4.0452 4.0452
2.095 0 3 1.0 0.0 0.0 0.0 0.0 0.0 0.0 0.0 0.0 0.0 4.0452 4.0452 4.0452 4.0452
2.096 0 3 1.0 0.0 0.0 0.0 0.0 0.0 0.0 0.0 0.0 0.0 4.0452 4.0452 4.0452 4.0452
2.097 0 3 1.0 0.0 0.0 0.0 0.0 0.0 0.0 0.0 0.0 0.0 4.0452 4.0452 4.0452 4.0452
2.098 0 3 1.0 0.0 0.0 0.0 0.0 0.0 0.0 0.0 0.0 0.0 4.0452 4.0452 4.0452 4.0452
2.099 0 3 1.0 0.0 0.0 0.0 0.0 0.0 0.0 0.0 0.0 0.0 4.0452 4.0452 4.0452 4.0452
2.1 0 3 1.0 0.0 0.0 0.0 0.0 0.0 0.0 0.0 0.0 0.0 4.0452 4.0452 4.0452 4.0452
2.101 0 3 1.0 0.0 0.0 0.0 0.0 0.0 0.0 0.0 0.0 0.0 4.0452 4.0452 4.0452 4.0452
2.102 0 3 1.0 0.0 0.0 0.0 0.0 0.0 0.0 0.0 0.0 0.0 4.0452 4.0452 4.0452 4.0452
2.103 0 3 1.0 0.0 0.0 0.0 0.0 0.0 0.0 0.0 0.0 0.0 4.0452 4.0452 4.0452 4.0452
2.104 0 3 1.0 0.0 0.0 0.0 0.0 0.0 0.0 0.0 0.0 0.0 4.0452 4.0452 4.0452 4.0452
2.105 0 3 1.0 0.0 0.0 0.0 0.0 0.0 0.0 0.0 0.0 0.0 4.0452 4.0452 4.0452 4.0452
2.106 0 3 1.0 0.0 0.0 0.0 0.0 0.0 0.0 0.0 0.0 0.0 4.0452 4.0452 4.0452 4.0452
2.107 0 3 1.0 0.0 0.0 0.0 0.0 0.0 0.0 0.0 0.0 0.0 4.0452 4.0452 4.0452 4.0452
2.108 0 3 1.0 0.0 0.0 0.0 0.0 0.0 0.0 0.0 0.0 0.0 4.0452 4.0452 4.0452 4.0452
2.109 0 3 1.0 0.0 0.0 0.0 0.0 0.0 0.0 0.0 0.0 0.0 4.0452 4.0452 4.0452 4.0452
2.11 0 3 1.0 0.0 0.0 0.0 0.0 0.0 0.0 0.0 0.0 0.0 4.0452 4.0452 4.0452 4.0452
2.111 0 3 1.0 0.0 0.0 0.0 0.0 0.0 0.0 0.0 0.0 0.0 4.0452 4.0452 4.0452 4.0452
2.112 0 3 1.0 0.0 0.0 0.0 0.0 0.0 0.0 0.0 0.0 0.0 4.0452 4.0452 4.0452 4.0452
2.113 0 3 1.0 0.0 0.0 0.0 0.0 0.0 0.0 0.0 0.0 0.0 4.0452 4.0452 4.0452 4.0452
2.114 0 3 1.0 0.0 0.0 0.0 0.0 0.0 0.0 0.0 0.0 0.0 4.0452 4.0452 4.0452 4.0452
2.115 0 3 1.0 0.0 0.0 0.0 0.0 0.0 0.0 0.0 0.0 0.0 4.0452 4.0452 4.0452 4.0452
2.116 0 3 1.0 0.0 0.0 0.0 0.0 0.0 0.0 0.0 0.0 0.0 4.0452 4.0452 4.0452 4.0452
2.117 0 3 1.0 0.0 0.0 0.0 0.0 0.0 0.0 0.0 0.0 0.0 4.0452 4.0452 4.0452 4.0452
2.118 0 3 1.0 0.0 0.0 0.0 0.0 0.0 0.0 0.0 0.0 0.0 4.0452 4.0452 4.0452 4.0452
2.119 0 3 1.0 0.0 0.0 0.0 0.0 0.0 0.0 0.0 0.0 0.0 4.0452 4.0452 4.0452 4.0452
2.12 0 3 1.0 0.0 0.0 0.0 0.0 0.0 0.0 0.0 0.0 0.0 4.0452 4.0452 4.0452 4.0452
2.121 0 3 1.0 0.0 0.0 0.0 0.0 0.0 0.0 0.0 0.0 0.0 4.0452 4.0452 4.0452 4.0452
2.122 0 3 1.0 0.0 0.0 0.0 0.0 0.0 0.0 0.0 0.0 0.0 4.0452 4.0452 4.0452 4.0452
2.123 0 3 1.0 0.0 0.0 0.0 0.0 0.0 0.0 0.0 0.0 0.0 4.0452 4.0452 4.0452 4.0452
2.124 0 3 1.0 0.0 0.0 0.0 0.0 0.0 0.0 0.0 0.0 0.0 4.0452 4.0452 4.0452 4.0452
2.125 0 3 1.0 0.0 0.0 0.0 0.0 0.0 0.0 0.0 0.0 0.0 4.0452 4.0452 4.0452 4.0452
2.126 0 3 1.0 0.0 0.0 0.0 0.0 0.0 0.0 0.0 0.0 0.0 4.0452 4.0452 4.0452 4.0452
2.1270000000000002 0 3 1.0 0.0 0.0 0.0 0.0 0.0 0.0 0.0 0.0 0.0 4.0452 4.0452 4.0452 4.0452
2.128 0 3 1.0 0.0 0.0 0.0 0.0 0.0 0.0 0.0 0.0 0.0 4.0452 4.0452 4.0452 4.0452
2.129 0 3 1.0 0.0 0.0 0.0 0.0 0.0 0.0 0.0 0.0 0.0 4.0452 4.0452 4.0452 4.0452
2.13 0 3 1.0 0.0 0.0 0.0 0.0 0.0 0.0 0.0 0.0 0.0 4.0452 4.0452 4.0452 4.0452
2.1310000000000002 0 3 1.0 0.0 0.0 0.0 0.0 0.0 0.0 0.0 0.0 0.0 4.0452 4.0452 4.0452 4.0452
2.132 0 3 1.0 0.0 0.0 0.0 0.0 0.0 0.0 0.0 0.0 0.0 4.0452 4.0452 4.0452 4.0452
2.133 0 3 1.0 0.0 0.0 0.0 0.0 0.0 0.0 0.0 0.0 0.0 4.0452 4.0452 4.0452 4.0452
2.134 0 3 1.0 0.0 0.0 0.0 0.0 0.0 0.0 0.0 0.0 0.0 4.0452 4.0452 4.0452 4.0452
2.1350000000000002 0 3 1.0 0.0 0.0 0.0 0.0 0.0 0.0 0.0 0.0 0.0 4.0452 4.0452 4.0452 4.0452
2.136 0 3 1.0 0.0 0.0 0.0 0.0 0.0 0.0 0.0 0.0 0.0 4.0452 4.0452 4.0452 4.0452
2.137 0 3 1.0 0.0 0.0 0.0 0.0 0.0 0.0 0.0 0.0 0.0 4.0452 4.0452 4.0452 4.0452
2.138 0 3 1.0 0.0 0.0 0.0 0.0 0.0 0.0 0.0 0.0 0.0 4.0452 4.0452 4.0452 4.0452
2.1390000000000002 0 3 1.0 0.0 0.0 0.0 0.0 0.0 0.0 0.0 0.0 0.0 4.0452 4.0452 4.0452 4.0452
2.14 0 3 1.0 0.0 0.0 0.0 0.0 0.0 0.0 0.0 0.0 0.0 4.0452 4.0452 4.0452 4.0452
2.141 0 3 1.0 0.0 0.0 0.0 0.0 0.0 0.0 0.0 0.0 0.0 4.0452 4.0452 4.0452 4.0452
2.142 0 3 1.0 0.0 0.0 0.0 0.0 0.0 0.0 0.0 0.0 0.0 4.0452 4.0452 4.0452 4.0452
2.1430000000000002 0 3 1.0 0.0 0.0 0.0 0.0 0.0 0.0 0.0 0.0 0.0 4.0452 4.0452 4.0452 4.0452
2.144 0 3 1.0 0.0 0.0 0.0 0.0 0.0 0.0 0.0 0.0 0.0 4.0452 4.0452 4.0452 4.0452
2.145 0 3 1.0 0.0 0.0 0.0 0.0 0.0 0.0 0.0 0.0 0.0 4.0452 4.0452 4.0452 4.0452
2.146 0 3 1.0 0.0 0.0 0.0 0.0 0.0 0.0 0.0 0.0 0.0 4.0452 4.0452 4.0452 4.0452
2.1470000000000002 0 3 1.0 0.0 0.0 0.0 0.0 0.0 0.0 0.0 0.0 0.0 4.0452 4.0452 4.0452 4.0452
2.148 0 3 1.0 0.0 0.0 0.0 0.0 0.0 0.0 0.0 0.0 0.0 4.0452 4.0452 4.0452 4.0452
2.149 0 3 1.0 0.0 0.0 0.0 0.0 0.0 0.0 0.0 0.0 0.0 4.0452 4.0452 4.0452 4.0452
2.15 0 3 1.0 0.0 0.0 0.0 0.0 0.0 0.0 0.0 0.0 0.0 4.0452 4.0452 4.0452 4.0452
2.1510000000000002 0 3 1.0 0.0 0.0 0.0 0.0 0.0 0.0 0.0 0.0 0.0 4.0452 4.0452 4.0452 4.0452
2.152 0 3 1.0 0.0 0.0 0.0 0.0 0.0 0.0 0.0 0.0 0.0 4.0452 4.0452 4.0452 4.0452
2.153 0 3 1.0 0.0 0.0 0.0 0.0 0.0 0.0 0.0 0.0 0.0 4.0452 4.0452 4.0452 4.0452
2.154 0 3 1.0 0.0 0.0 0.0 0.0 0.0 0.0 0.0 0.0 0.0 4.0452 4.0452 4.0452 4.0452
2.1550000000000002 0 3 1.0 0.0 0.0 0.0 0.0 0.0 0.0 0.0 0.0 0.0 4.0452 4.0452 4.0452 4.0452
2.156 0 3 1.0 0.0 0.0 0.0 0.0 0.0 0.0 0.0 0.0 0.0 4.0452 4.0452 4.0452 4.0452
2.157 0 3 1.0 0.0 0.0 0.0 0.0 0.0 0.0 0.0 0.0 0.0 4.0452 4.0452 4.0452 4.0452
2.158 0 3 1.0 0.0 0.0 0.0 0.0 0.0 0.0 0.0 0.0 0.0 4.0452 4.0452 4.0452 4.0452
2.1590000000000003 0 3 1.0 0.0 0.0 0.0 0.0 0.0 0.0 0.0 0.0 0.0 4.0452 4.0452 4.0452 4.0452
2.16 0 3 1.0 0.0 0.0 0.0 0.0 0.0 0.0 0.0 0.0 0.0 4.0452 4.0452 4.0452 4.0452
2.161 0 3 1.0 0.0 0.0 0.0 0.0 0.0 0.0 0.0 0.0 0.0 4.0452 4.0452 4.0452 4.0452
2.162 0 3 1.0 0.0 0.0 0.0 0.0 0.0 0.0 0.0 0.0 0.0 4.0452 4.0452 4.0452 4.0452
2.1630000000000003 0 3 1.0 0.0 0.0 0.0 0.0 0.0 0.0 0.0 0.0 0.0 4.0452 4.0452 4.0452 4.0452
2.164 0 3 1.0 0.0 0.0 0.0 0.0 0.0 0.0 0.0 0.0 0.0 4.0452 4.0452 4.0452 4.0452
2.165 0 3 1.0 0.0 0.0 0.0 0.0 0.0 0.0 0.0 0.0 0.0 4.0452 4.0452 4.0452 4.0452
2.166 0 3 1.0 0.0 0.0 0.0 0.0 0.0 0.0 0.0 0.0 0.0 4.0452 4.0452 4.0452 4.0452
2.1670000000000003 0 3 1.0 0.0 0.0 0.0 0.0 0.0 0.0 0.0 0.0 0.0 4.0452 4.0452 4.0452 4.0452
2.168 0 3 1.0 0.0 0.0 0.0 0.0 0.0 0.0 0.0 0.0 0.0 4.0452 4.0452 4.0452 4.0452
2.169 0 3 1.0 0.0 0.0 0.0 0.0 0.0 0.0 0.0 0.0 0.0 4.0452 4.0452 4.0452 4.0452
2.17 0 3 1.0 0.0 0.0 0.0 0.0 0.0 0.0 0.0 0.0 0.0 4.0452 4.0452 4.0452 4.0452
2.1710000000000003 0 3 1.0 0.0 0.0 0.0 0.0 0.0 0.0 0.0 0.0 0.0 4.0452 4.0452 4.0452 4.0452
2.172 0 3 1.0 0.0 0.0 0.0 0.0 0.0 0.0 0.0 0.0 0.0 4.0452 4.0452 4.0452 4.0452
2.173 0 3 1.0 0.0 0.0 0.0 0.0 0.0 0.0 0.0 0.0 0.0 4.0452 4.0452 4.0452 4.0452
2.174 0 3 1.0 0.0 0.0 0.0 0.0 0.0 0.0 0.0 0.0 0.0 4.0452 4.0452 4.0452 4.0452
2.1750000000000003 0 3 1.0 0.0 0.0 0.0 0.0 0.0 0.0 0.0 0.0 0.0 4.0452 4.0452 4.0452 4.0452
2.176 0 3 1.0 0.0 0.0 0.0 0.0 0.0 0.0 0.0 0.0 0.0 4.0452 4.0452 4.0452 4.0452
2.177 0 3 1.0 0.0 0.0 0.0 0.0 0.0 0.0 0.0 0.0 0.0 4.0452 4.0452 4.0452 4.0452
2.178 0 3 1.0 0.0 0.0 0.0 0.0 0.0 0.0 0.0 0.0 0.0 4.0452 4.0452 4.0452 4.0452
2.179 0 3 1.0 0.0 0.0 0.0 0.0 0.0 0.0 0.0 0.0 0.0 4.0452 4.0452 4.0452 4.0452
2.18 0 3 1.0 0.0 0.0 0.0 0.0 0.0 0.0 0.0 0.0 0.0 4.0452 4.0452 4.0452 4.0452
2.181 0 3 1.0 0.0 0.0 0.0 0.0 0.0 0.0 0.0 0.0 0.0 4.0452 4.0452 4.0452 4.0452
2.182 0 3 1.0 0.0 0.0 0.0 0.0 0.0 0.0 0.0 0.0 0.0 4.0452 4.0452 4.0452 4.0452
2.183 0 3 1.0 0.0 0.0 0.0 0.0 0.0 0.0 0.0 0.0 0.0 4.0452 4.0452 4.0452 4.0452
2.184 0 3 1.0 0.0 0.0 0.0 0.0 0.0 0.0 0.0 0.0 0.0 4.0452 4.0452 4.0452 4.0452
2.185 0 3 1.0 0.0 0.0 0.0 0.0 0.0 0.0 0.0 0.0 0.0 4.0452 4.0452 4.0452 4.0452
2.186 0 3 1.0 0.0 0.0 0.0 0.0 0.0 0.0 0.0 0.0 0.0 4.0452 4.0452 4.0452 4.0452
2.187 0 3 1.0 0.0 0.0 0.0 0.0 0.0 0.0 0.0 0.0 0.0 4.0452 4.0452 4.0452 4.0452
2.188 0 3 1.0 0.0 0.0 0.0 0.0 0.0 0.0 0.0 0.0 0.0 4.0452 4.0452 4.0452 4.0452
2.189 0 3 1.0 0.0 0.0 0.0 0.0 0.0 0.0 0.0 0.0 0.0 4.0452 4.0452 4.0452 4.0452
2.19 0 3 1.0 0.0 0.0 0.0 0.0 0.0 0.0 0.0 0.0 0.0 4.0452 4.0452 4.0452 4.0452
2.191 0 3 1.0 0.0 0.0 0.0 0.0 0.0 0.0 0.0 0.0 0.0 4.0452 4.0452 4.0452 4.0452
2.192 0 3 1.0 0.0 0.0 0.0 0.0 0.0 0.0 0.0 0.0 0.0 4.0452 4.0452 4.0452 4.0452
2.193 0 3 1.0 0.0 0.0 0.0 0.0 0.0 0.0 0.0 0.0 0.0 4.0452 4.0452 4.0452 4.0452
2.194 0 3 1.0 0.0 0.0 0.0 0.0 0.0 0.0 0.0 0.0 0.0 4.0452 4.0452 4.0452 4.0452
2.195 0 3 1.0 0.0 0.0 0.0 0.0 0.0 0.0 0.0 0.0 0.0 4.0452 4.0452 4.0452 4.0452
2.196 0 3 1.0 0.0 0.0 0.0 0.0 0.0 0.0 0.0 0.0 0.0 4.0452 4.0452 4.0452 4.0452
2.197 0 3 1.0 0.0 0.0 0.0 0.0 0.0 0.0 0.0 0.0 0.0 4.0452 4.0452 4.0452 4.0452
2.198 0 3 1.0 0.0 0.0 0.0 0.0 0.0 0.0 0.0 0.0 0.0 4.0452 4.0452 4.0452 4.0452
2.199 0 3 1.0 0.0 0.0 0.0 0.0 0.0 0.0 0.0 0.0 0.0 4.0452 4.0452 4.0452 4.0452
2.2 0 3 1.0 0.0 0.0 0.0 0.0 0.0 0.0 0.0 0.0 0.0 4.0452 4.0452 4.0452 4.0452
2.201 0 3 1.0 0.0 0.0 0.0 0.0 0.0 0.0 0.0 0.0 0.0 4.0452 4.0452 4.0452 4.0452
2.202 0 3 1.0 0.0 0.0 0.0 0.0 0.0 0.0 0.0 0.0 0.0 4.0452 4.0452 4.0452 4.0452
2.203 0 3 1.0 0.0 0.0 0.0 0.0 0.0 0.0 0.0 0.0 0.0 4.0452 4.0452 4.0452 4.0452
2.204 0 3 1.0 0.0 0.0 0.0 0.0 0.0 0.0 0.0 0.0 0.0 4.0452 4.0452 4.0452 4.0452
2.205 0 3 1.0 0.0 0.0 0.0 0.0 0.0 0.0 0.0 0.0 0.0 4.0452 4.0452 4.0452 4.0452
2.206 0 3 1.0 0.0 0.0 0.0 0.0 0.0 0.0 0.0 0.0 0.0 4.0452 4.0452 4.0452 4.0452
2.207 0 3 1.0 0.0 0.0 0.0 0.0 0.0 0.0 0.0 0.0 0.0 4.0452 4.0452 4.0452 4.0452
2.208 0 3 1.0 0.0 0.0 0.0 0.0 0.0 0.0 0.0 0.0 0.0 4.0452 4.0452 4.0452 4.0452
2.209 0 3 1.0 0.0 0.0 0.0 0.0 0.0 0.0 0.0 0.0 0.0 4.0452 4.0452 4.0452 4.0452
2.21 0 3 1.0 0.0 0.0 0.0 0.0 0.0 0.0 0.0 0.0 0.0 4.0452 4.0452 4.0452 4.0452
2.211 0 3 1.0 0.0 0.0 0.0 0.0 0.0 0.0 0.0 0.0 0.0 4.0452 4.0452 4.0452 4.0452
2.212 0 3 1.0 0.0 0.0 0.0 0.0 0.0 0.0 0.0 0.0 0.0 4.0452 4.0452 4.0452 4.0452
2.213 0 3 1.0 0.0 0.0 0.0 0.0 0.0 0.0 0.0 0.0 0.0 4.0452 4.0452 4.0452 4.0452
2.214 0 3 1.0 0.0 0.0 0.0 0.0 0.0 0.0 0.0 0.0 0.0 4.0452 4.0452 4.0452 4.0452
2.215 0 3 1.0 0.0 0.0 0.0 0.0 0.0 0.0 0.0 0.0 0.0 4.0452 4.0452 4.0452 4.0452
2.216 0 3 1.0 0.0 0.0 0.0 0.0 0.0 0.0 0.0 0.0 0.0 4.0452 4.0452 4.0452 4.0452
2.217 0 3 1.0 0.0 0.0 0.0 0.0 0.0 0.0 0.0 0.0 0.0 4.0452 4.0452 4.0452 4.0452
2.218 0 3 1.0 0.0 0.0 0.0 0.0 0.0 0.0 0.0 0.0 0.0 4.0452 4.0452 4.0452 4.0452
2.219 0 3 1.0 0.0 0.0 0.0 0.0 0.0 0.0 0.0 0.0 0.0 4.0452 4.0452 4.0452 4.0452
2.22 0 3 1.0 0.0 0.0 0.0 0.0 0.0 0.0 0.0 0.0 0.0 4.0452 4.0452 4.0452 4.0452
2.221 0 3 1.0 0.0 0.0 0.0 0.0 0.0 0.0 0.0 0.0 0.0 4.0452 4.0452 4.0452 4.0452
2.222 0 3 1.0 0.0 0.0 0.0 0.0 0.0 0.0 0.0 0.0 0.0 4.0452 4.0452 4.0452 4.0452
2.223 0 3 1.0 0.0 0.0 0.0 0.0 0.0 0.0 0.0 0.0 0.0 4.0452 4.0452 4.0452 4.0452
2.224 0 3 1.0 0.0 0.0 0.0 0.0 0.0 0.0 0.0 0.0 0.0 4.0452 4.0452 4.0452 4.0452
2.225 0 3 1.0 0.0 0.0 0.0 0.0 0.0 0.0 0.0 0.0 0.0 4.0452 4.0452 4.0452 4.0452
2.226 0 3 1.0 0.0 0.0 0.0 0.0 0.0 0.0 0.0 0.0 0.0 4.0452 4.0452 4.0452 4.0452
2.227 0 3 1.0 0.0 0.0 0.0 0.0 0.0 0.0 0.0 0.0 0.0 4.0452 4.0452 4.0452 4.0452
2.228 0 3 1.0 0.0 0.0 0.0 0.0 0.0 0.0 0.0 0.0 0.0 4.0452 4.0452 4.0452 4.0452
2.229 0 3 1.0 0.0 0.0 0.0 0.0 0.0 0.0 0.0 0.0 0.0 4.0452 4.0452 4.0452 4.0452
2.23 0 3 1.0 0.0 0.0 0.0 0.0 0.0 0.0 0.0 0.0 0.0 4.0452 4.0452 4.0452 4.0452
2.231 0 3 1.0 0.0 0.0 0.0 0.0 0.0 0.0 0.0 0.0 0.0 4.0452 4.0452 4.0452 4.0452
2.232 0 3 1.0 0.0 0.0 0.0 0.0 0.0 0.0 0.0 0.0 0.0 4.0452 4.0452 4.0452 4.0452
2.233 0 3 1.0 0.0 0.0 0.0 0.0 0.0 0.0 0.0 0.0 0.0 4.0452 4.0452 4.0452 4.0452
2.234 0 3 1.0 0.0 0.0 0.0 0.0 0.0 0.0 0.0 0.0 0.0 4.0452 4.0452 4.0452 4.0452
2.235 0 3 1.0 0.0 0.0 0.0 0.0 0.0 0.0 0.0 0.0 0.0 4.0452 4.0452 4.0452 4.0452
2.236 0 3 1.0 0.0 0.0 0.0 0.0 0.0 0.0 0.0 0.0 0.0 4.0452 4.0452 4.0452 4.0452
2.237 0 3 1.0 0.0 0.0 0.0 0.0 0.0 0.0 0.0 0.0 0.0 4.0452 4.0452 4.0452 4.0452
2.238 0 3 1.0 0.0 0.0 0.0 0.0 0.0 0.0 0.0 0.0 0.0 4.0452 4.0452 4.0452 4.0452
2.239 0 3 1.0 0.0 0.0 0.0 0.0 0.0 0.0 0.0 0.0 0.0 4.0452 4.0452 4.0452 4.0452
2.24 0 3 1.0 0.0 0.0 0.0 0.0 0.0 0.0 0.0 0.0 0.0 4.0452 4.0452 4.0452 4.0452
2.241 0 3 1.0 0.0 0.0 0.0 0.0 0.0 0.0 0.0 0.0 0.0 4.0452 4.0452 4.0452 4.0452
2.242 0 3 1.0 0.0 0.0 0.0 0.0 0.0 0.0 0.0 0.0 0.0 4.0452 4.0452 4.0452 4.0452
2.243 0 3 1.0 0.0 0.0 0.0 0.0 0.0 0.0 0.0 0.0 0.0 4.0452 4.0452 4.0452 4.0452
2.244 0 3 1.0 0.0 0.0 0.0 0.0 0.0 0.0 0.0 0.0 0.0 4.0452 4.0452 4.0452 4.0452
2.245 0 3 1.0 0.0 0.0 0.0 0.0 0.0 0.0 0.0 0.0 0.0 4.0452 4.0452 4.0452 4.0452
2.246 0 3 1.0 0.0 0.0 0.0 0.0 0.0 0.0 0.0 0.0 0.0 4.0452 4.0452 4.0452 4.0452
2.247 0 3 1.0 0.0 0.0 0.0 0.0 0.0 0.0 0.0 0.0 0.0 4.0452 4.0452 4.0452 4.0452
2.248 0 3 1.0 0.0 0.0 0.0 0.0 0.0 0.0 0.0 0.0 0.0 4.0452 4.0452 4.0452 4.0452
2.249 0 3 1.0 0.0 0.0 0.0 0.0 0.0 0.0 0.0 0.0 0.0 4.0452 4.0452 4.0452 4.0452
2.25 0 3 1.0 0.0 0.0 0.0 0.0 0.0 0.0 0.0 0.0 0.0 4.0452 4.0452 4.0452 4.0452
2.251 0 3 1.0 0.0 0.0 0.0 0.0 0.0 0.0 0.0 0.0 0.0 4.0452 4.0452 4.0452 4.0452
2.2520000000000002 0 3 1.0 0.0 0.0 0.0 0.0 0.0 0.0 0.0 0.0 0.0 4.0452 4.0452 4.0452 4.0452
2.253 0 3 1.0 0.0 0.0 0.0 0.0 0.0 0.0 0.0 0.0 0.0 4.0452 4.0452 4.0452 4.0452
2.254 0 3 1.0 0.0 0.0 0.0 0.0 0.0 0.0 0.0 0.0 0.0 4.0452 4.0452 4.0452 4.0452
2.255 0 3 1.0 0.0 0.0 0.0 0.0 0.0 0.0 0.0 0.0 0.0 4.0452 4.0452 4.0452 4.0452
2.2560000000000002 0 3 1.0 0.0 0.0 0.0 0.0 0.0 0.0 0.0 0.0 0.0 4.0452 4.0452 4.0452 4.0452
2.257 0 3 1.0 0.0 0.0 0.0 0.0 0.0 0.0 0.0 0.0 0.0 4.0452 4.0452 4.0452 4.0452
2.258 0 3 1.0 0.0 0.0 0.0 0.0 0.0 0.0 0.0 0.0 0.0 4.0452 4.0452 4.0452 4.0452
2.259 0 3 1.0 0.0 0.0 0.0 0.0 0.0 0.0 0.0 0.0 0.0 4.0452 4.0452 4.0452 4.0452
2.2600000000000002 0 3 1.0 0.0 0.0 0.0 0.0 0.0 0.0 0.0 0.0 0.0 4.0452 4.0452 4.0452 4.0452
2.261 0 3 1.0 0.0 0.0 0.0 0.0 0.0 0.0 0.0 0.0 0.0 4.0452 4.0452 4.0452 4.0452
2.262 0 3 1.0 0.0 0.0 0.0 0.0 0.0 0.0 0.0 0.0 0.0 4.0452 4.0452 4.0452 4.0452
2.263 0 3 1.0 0.0 0.0 0.0 0.0 0.0 0.0 0.0 0.0 0.0 4.0452 4.0452 4.0452 4.0452
2.2640000000000002 0 3 1.0 0.0 0.0 0.0 0.0 0.0 0.0 0.0 0.0 0.0 4.0452 4.0452 4.0452 4.0452
2.265 0 3 1.0 0.0 0.0 0.0 0.0 0.0 0.0 0.0 0.0 0.0 4.0452 4.0452 4.0452 4.0452
2.266 0 3 1.0 0.0 0.0 0.0 0.0 0.0 0.0 0.0 0.0 0.0 4.0452 4.0452 4.0452 4.0452
2.267 0 3 1.0 0.0 0.0 0.0 0.0 0.0 0.0 0.0 0.0 0.0 4.0452 4.0452 4.0452 4.0452
2.2680000000000002 0 3 1.0 0.0 0.0 0.0 0.0 0.0 0.0 0.0 0.0 0.0 4.0452 4.0452 4.0452 4.0452
2.269 0 3 1.0 0.0 0.0 0.0 0.0 0.0 0.0 0.0 0.0 0.0 4.0452 4.0452 4.0452 4.0452
2.27 0 3 1.0 0.0 0.0 0.0 0.0 0.0 0.0 0.0 0.0 0.0 4.0452 4.0452 4.0452 4.0452
2.271 0 3 1.0 0.0 0.0 0.0 0.0 0.0 0.0 0.0 0.0 0.0 4.0452 4.0452 4.0452 4.0452
2.2720000000000002 0 3 1.0 0.0 0.0 0.0 0.0 0.0 0.0 0.0 0.0 0.0 4.0452 4.0452 4.0452 4.0452
2.273 0 3 1.0 0.0 0.0 0.0 0.0 0.0 0.0 0.0 0.0 0.0 4.0452 4.0452 4.0452 4.0452
2.274 0 3 1.0 0.0 0.0 0.0 0.0 0.0 0.0 0.0 0.0 0.0 4.0452 4.0452 4.0452 4.0452
2.275 0 3 1.0 0.0 0.0 0.0 0.0 0.0 0.0 0.0 0.0 0.0 4.0452 4.0452 4.0452 4.0452
2.2760000000000002 0 3 1.0 0.0 0.0 0.0 0.0 0.0 0.0 0.0 0.0 0.0 4.0452 4.0452 4.0452 4.0452
2.277 0 3 1.0 0.0 0.0 0.0 0.0 0.0 0.0 0.0 0.0 0.0 4.0452 4.0452 4.0452 4.0452
2.278 0 3 1.0 0.0 0.0 0.0 0.0 0.0 0.0 0.0 0.0 0.0 4.0452 4.0452 4.0452 4.0452
2.279 0 3 1.0 0.0 0.0 0.0 0.0 0.0 0.0 0.0 0.0 0.0 4.0452 4.0452 4.0452 4.0452
2.2800000000000002 0 3 1.0 0.0 0.0 0.0 0.0 0.0 0.0 0.0 0.0 0.0 4.0452 4.0452 4.0452 4.0452
2.281 0 3 1.0 0.0 0.0 0.0 0.0 0.0 0.0 0.0 0.0 0.0 4.0452 4.0452 4.0452 4.0452
2.282 0 3 1.0 0.0 0.0 0.0 0.0 0.0 0.0 0.0 0.0 0.0 4.0452 4.0452 4.0452 4.0452
2.283 0 3 1.0 0.0 0.0 0.0 0.0 0.0 0.0 0.0 0.0 0.0 4.0452 4.0452 4.0452 4.0452
2.2840000000000003 0 3 1.0 0.0 0.0 0.0 0.0 0.0 0.0 0.0 0.0 0.0 4.0452 4.0452 4.0452 4.0452
2.285 0 3 1.0 0.0 0.0 0.0 0.0 0.0 0.0 0.0 0.0 0.0 4.0452 4.0452 4.0452 4.0452
2.286 0 3 1.0 0.0 0.0 0.0 0.0 0.0 0.0 0.0 0.0 0.0 4.0452 4.0452 4.0452 4.0452
2.287 0 3 1.0 0.0 0.0 0.0 0.0 0.0 0.0 0.0 0.0 0.0 4.0452 4.0452 4.0452 4.0452
2.2880000000000003 0 3 1.0 0.0 0.0 0.0 0.0 0.0 0.0 0.0 0.0 0.0 4.0452 4.0452 4.0452 4.0452
2.289 0 3 1.0 0.0 0.0 0.0 0.0 0.0 0.0 0.0 0.0 0.0 4.0452 4.0452 4.0452 4.0452
2.29 0 3 1.0 0.0 0.0 0.0 0.0 0.0 0.0 0.0 0.0 0.0 4.0452 4.0452 4.0452 4.0452
2.291 0 3 1.0 0.0 0.0 0.0 0.0 0.0 0.0 0.0 0.0 0.0 4.0452 4.0452 4.0452 4.0452
2.2920000000000003 0 3 1.0 0.0 0.0 0.0 0.0 0.0 0.0 0.0 0.0 0.0 4.0452 4.0452 4.0452 4.0452
2.293 0 3 1.0 0.0 0.0 0.0 0.0 0.0 0.0 0.0 0.0 0.0 4.0452 4.0452 4.0452 4.0452
2.294 0 3 1.0 0.0 0.0 0.0 0.0 0.0 0.0 0.0 0.0 0.0 4.0452 4.0452 4.0452 4.0452
2.295 0 3 1.0 0.0 0.0 0.0 0.0 0.0 0.0 0.0 0.0 0.0 4.0452 4.0452 4.0452 4.0452
2.2960000000000003 0 3 1.0 0.0 0.0 0.0 0.0 0.0 0.0 0.0 0.0 0.0 4.0452 4.0452 4.0452 4.0452
2.297 0 3 1.0 0.0 0.0 0.0 0.0 0.0 0.0 0.0 0.0 0.0 4.0452 4.0452 4.0452 4.0452
2.298 0 3 1.0 0.0 0.0 0.0 0.0 0.0 0.0 0.0 0.0 0.0 4.0452 4.0452 4.0452 4.0452
2.299 0 3 1.0 0.0 0.0 0.0 0.0 0.0 0.0 0.0 0.0 0.0 4.0452 4.0452 4.0452 4.0452
2.3000000000000003 0 3 1.0 0.0 0.0 0.0 0.0 0.0 0.0 0.0 0.0 0.0 4.0452 4.0452 4.0452 4.0452
2.301 0 3 1.0 0.0 0.0 0.0 0.0 0.0 0.0 0.0 0.0 0.0 4.0452 4.0452 4.0452 4.0452
2.302 0 3 1.0 0.0 0.0 0.0 0.0 0.0 0.0 0.0 0.0 0.0 4.0452 4.0452 4.0452 4.0452
2.303 0 3 1.0 0.0 0.0 0.0 0.0 0.0 0.0 0.0 0.0 0.0 4.0452 4.0452 4.0452 4.0452
2.3040000000000003 0 3 1.0 0.0 0.0 0.0 0.0 0.0 0.0 0.0 0.0 0.0 4.0452 4.0452 4.0452 4.0452
2.305 0 3 1.0 0.0 0.0 0.0 0.0 0.0 0.0 0.0 0.0 0.0 4.0452 4.0452 4.0452 4.0452
2.306 0 3 1.0 0.0 0.0 0.0 0.0 0.0 0.0 0.0 0.0 0.0 4.0452 4.0452 4.0452 4.0452
2.307 0 3 1.0 0.0 0.0 0.0 0.0 0.0 0.0 0.0 0.0 0.0 4.0452 4.0452 4.0452 4.0452
2.308 0 3 1.0 0.0 0.0 0.0 0.0 0.0 0.0 0.0 0.0 0.0 4.0452 4.0452 4.0452 4.0452
2.309 0 3 1.0 0.0 0.0 0.0 0.0 0.0 0.0 0.0 0.0 0.0 4.0452 4.0452 4.0452 4.0452
2.31 0 3 1.0 0.0 0.0 0.0 0.0 0.0 0.0 0.0 0.0 0.0 4.0452 4.0452 4.0452 4.0452
2.311 0 3 1.0 0.0 0.0 0.0 0.0 0.0 0.0 0.0 0.0 0.0 4.0452 4.0452 4.0452 4.0452
2.312 0 3 1.0 0.0 0.0 0.0 0.0 0.0 0.0 0.0 0.0 0.0 4.0452 4.0452 4.0452 4.0452
2.313 0 3 1.0 0.0 0.0 0.0 0.0 0.0 0.0 0.0 0.0 0.0 4.0452 4.0452 4.0452 4.0452
2.314 0 3 1.0 0.0 0.0 0.0 0.0 0.0 0.0 0.0 0.0 0.0 4.0452 4.0452 4.0452 4.0452
2.315 0 3 1.0 0.0 0.0 0.0 0.0 0.0 0.0 0.0 0.0 0.0 4.0452 4.0452 4.0452 4.0452
2.316 0 3 1.0 0.0 0.0 0.0 0.0 0.0 0.0 0.0 0.0 0.0 4.0452 4.0452 4.0452 4.0452
2.317 0 3 1.0 0.0 0.0 0.0 0.0 0.0 0.0 0.0 0.0 0.0 4.0452 4.0452 4.0452 4.0452
2.318 0 3 1.0 0.0 0.0 0.0 0.0 0.0 0.0 0.0 0.0 0.0 4.0452 4.0452 4.0452 4.0452
2.319 0 3 1.0 0.0 0.0 0.0 0.0 0.0 0.0 0.0 0.0 0.0 4.0452 4.0452 4.0452 4.0452
2.32 0 3 1.0 0.0 0.0 0.0 0.0 0.0 0.0 0.0 0.0 0.0 4.0452 4.0452 4.0452 4.0452
2.321 0 3 1.0 0.0 0.0 0.0 0.0 0.0 0.0 0.0 0.0 0.0 4.0452 4.0452 4.0452 4.0452
2.322 0 3 1.0 0.0 0.0 0.0 0.0 0.0 0.0 0.0 0.0 0.0 4.0452 4.0452 4.0452 4.0452
2.323 0 3 1.0 0.0 0.0 0.0 0.0 0.0 0.0 0.0 0.0 0.0 4.0452 4.0452 4.0452 4.0452
2.324 0 3 1.0 0.0 0.0 0.0 0.0 0.0 0.0 0.0 0.0 0.0 4.0452 4.0452 4.0452 4.0452
2.325 0 3 1.0 0.0 0.0 0.0 0.0 0.0 0.0 0.0 0.0 0.0 4.0452 4.0452 4.0452 4.0452
2.326 0 3 1.0 0.0 0.0 0.0 0.0 0.0 0.0 0.0 0.0 0.0 4.0452 4.0452 4.0452 4.0452
2.327 0 3 1.0 0.0 0.0 0.0 0.0 0.0 0.0 0.0 0.0 0.0 4.0452 4.0452 4.0452 4.0452
2.328 0 3 1.0 0.0 0.0 0.0 0.0 0.0 0.0 0.0 0.0 0.0 4.0452 4.0452 4.0452 4.0452
2.329 0 3 1.0 0.0 0.0 0.0 0.0 0.0 0.0 0.0 0.0 0.0 4.0452 4.0452 4.0452 4.0452
2.33 0 3 1.0 0.0 0.0 0.0 0.0 0.0 0.0 0.0 0.0 0.0 4.0452 4.0452 4.0452 4.0452
2.331 0 3 1.0 0.0 0.0 0.0 0.0 0.0 0.0 0.0 0.0 0.0 4.0452 4.0452 4.0452 4.0452
2.332 0 3 1.0 0.0 0.0 0.0 0.0 0.0 0.0 0.0 0.0 0.0 4.0452 4.0452 4.0452 4.0452
2.333 0 3 1.0 0.0 0.0 0.0 0.0 0.0 0.0 0.0 0.0 0.0 4.0452 4.0452 4.0452 4.0452
2.334 0 3 1.0 0.0 0.0 0.0 0.0 0.0 0.0 0.0 0.0 0.0 4.0452 4.0452 4.0452 4.0452
2.335 0 3 1.0 0.0 0.0 0.0 0.0 0.0 0.0 0.0 0.0 0.0 4.0452 4.0452 4.0452 4.0452
2.336 0 3 1.0 0.0 0.0 0.0 0.0 0.0 0.0 0.0 0.0 0.0 4.0452 4.0452 4.0452 4.0452
2.337 0 3 1.0 0.0 0.0 0.0 0.0 0.0 0.0 0.0 0.0 0.0 4.0452 4.0452 4.0452 4.0452
2.338 0 3 1.0 0.0 0.0 0.0 0.0 0.0 0.0 0.0 0.0 0.0 4.0452 4.0452 4.0452 4.0452
2.339 0 3 1.0 0.0 0.0 0.0 0.0 0.0 0.0 0.0 0.0 0.0 4.0452 4.0452 4.0452 4.0452
2.34 0 3 1.0 0.0 0.0 0.0 0.0 0.0 0.0 0.0 0.0 0.0 4.0452 4.0452 4.0452 4.0452
2.341 0 3 1.0 0.0 0.0 0.0 0.0 0.0 0.0 0.0 0.0 0.0 4.0452 4.0452 4.0452 4.0452
2.342 0 3 1.0 0.0 0.0 0.0 0.0 0.0 0.0 0.0 0.0 0.0 4.0452 4.0452 4.0452 4.0452
2.343 0 3 1.0 0.0 0.0 0.0 0.0 0.0 0.0 0.0 0.0 0.0 4.0452 4.0452 4.0452 4.0452
2.344 0 3 1.0 0.0 0.0 0.0 0.0 0.0 0.0 0.0 0.0 0.0 4.0452 4.0452 4.0452 4.0452
2.345 0 3 1.0 0.0 0.0 0.0 0.0 0.0 0.0 0.0 0.0 0.0 4.0452 4.0452 4.0452 4.0452
2.346 0 3 1.0 0.0 0.0 0.0 0.0 0.0 0.0 0.0 0.0 0.0 4.0452 4.0452 4.0452 4.0452
2.347 0 3 1.0 0.0 0.0 0.0 0.0 0.0 0.0 0.0 0.0 0.0 4.0452 4.0452 4.0452 4.0452
2.348 0 3 1.0 0.0 0.0 0.0 0.0 0.0 0.0 0.0 0.0 0.0 4.0452 4.0452 4.0452 4.0452
2.349 0 3 1.0 0.0 0.0 0.0 0.0 0.0 0.0 0.0 0.0 0.0 4.0452 4.0452 4.0452 4.0452
2.35 0 3 1.0 0.0 0.0 0.0 0.0 0.0 0.0 0.0 0.0 0.0 4.0452 4.0452 4.0452 4.0452
2.351 0 3 1.0 0.0 0.0 0.0 0.0 0.0 0.0 0.0 0.0 0.0 4.0452 4.0452 4.0452 4.0452
2.352 0 3 1.0 0.0 0.0 0.0 0.0 0.0 0.0 0.0 0.0 0.0 4.0452 4.0452 4.0452 4.0452
2.353 0 3 1.0 0.0 0.0 0.0 0.0 0.0 0.0 0.0 0.0 0.0 4.0452 4.0452 4.0452 4.0452
2.354 0 3 1.0 0.0 0.0 0.0 0.0 0.0 0.0 0.0 0.0 0.0 4.0452 4.0452 4.0452 4.0452
2.355 0 3 1.0 0.0 0.0 0.0 0.0 0.0 0.0 0.0 0.0 0.0 4.0452 4.0452 4.0452 4.0452
2.356 0 3 1.0 0.0 0.0 0.0 0.0 0.0 0.0 0.0 0.0 0.0 4.0452 4.0452 4.0452 4.0452
2.357 0 3 1.0 0.0 0.0 0.0 0.0 0.0 0.0 0.0 0.0 0.0 4.0452 4.0452 4.0452 4.0452
2.358 0 3 1.0 0.0 0.0 0.0 0.0 0.0 0.0 0.0 0.0 0.0 4.0452 4.0452 4.0452 4.0452
2.359 0 3 1.0 0.0 0.0 0.0 0.0 0.0 0.0 0.0 0.0 0.0 4.0452 4.0452 4.0452 4.0452
2.36 0 3 1.0 0.0 0.0 0.0 0.0 0.0 0.0 0.0 0.0 0.0 4.0452 4.0452 4.0452 4.0452
2.361 0 3 1.0 0.0 0.0 0.0 0.0 0.0 0.0 0.0 0.0 0.0 4.0452 4.0452 4.0452 4.0452
2.362 0 3 1.0 0.0 0.0 0.0 0.0 0.0 0.0 0.0 0.0 0.0 4.0452 4.0452 4.0452 4.0452
2.363 0 3 1.0 0.0 0.0 0.0 0.0 0.0 0.0 0.0 0.0 0.0 4.0452 4.0452 4.0452 4.0452
2.364 0 3 1.0 0.0 0.0 0.0 0.0 0.0 0.0 0.0 0.0 0.0 4.0452 4.0452 4.0452 4.0452
2.365 0 3 1.0 0.0 0.0 0.0 0.0 0.0 0.0 0.0 0.0 0.0 4.0452 4.0452 4.0452 4.0452
2.366 0 3 1.0 0.0 0.0 0.0 0.0 0.0 0.0 0.0 0.0 0.0 4.0452 4.0452 4.0452 4.0452
2.367 0 3 1.0 0.0 0.0 0.0 0.0 0.0 0.0 0.0 0.0 0.0 4.0452 4.0452 4.0452 4.0452
2.368 0 3 1.0 0.0 0.0 0.0 0.0 0.0 0.0 0.0 0.0 0.0 4.0452 4.0452 4.0452 4.0452
2.369 0 3 1.0 0.0 0.0 0.0 0.0 0.0 0.0 0.0 0.0 0.0 4.0452 4.0452 4.0452 4.0452
2.37 0 3 1.0 0.0 0.0 0.0 0.0 0.0 0.0 0.0 0.0 0.0 4.0452 4.0452 4.0452 4.0452
2.371 0 3 1.0 0.0 0.0 0.0 0.0 0.0 0.0 0.0 0.0 0.0 4.0452 4.0452 4.0452 4.0452
2.372 0 3 1.0 0.0 0.0 0.0 0.0 0.0 0.0 0.0 0.0 0.0 4.0452 4.0452 4.0452 4.0452
2.373 0 3 1.0 0.0 0.0 0.0 0.0 0.0 0.0 0.0 0.0 0.0 4.0452 4.0452 4.0452 4.0452
2.374 0 3 1.0 0.0 0.0 0.0 0.0 0.0 0.0 0.0 0.0 0.0 4.0452 4.0452 4.0452 4.0452
2.375 0 3 1.0 0.0 0.0 0.0 0.0 0.0 0.0 0.0 0.0 0.0 4.0452 4.0452 4.0452 4.0452
2.376 0 3 1.0 0.0 0.0 0.0 0.0 0.0 0.0 0.0 0.0 0.0 4.0452 4.0452 4.0452 4.0452
2.3770000000000002 0 3 1.0 0.0 0.0 0.0 0.0 0.0 0.0 0.0 0.0 0.0 4.0452 4.0452 4.0452 4.0452
2.378 0 3 1.0 0.0 0.0 0.0 0.0 0.0 0.0 0.0 0.0 0.0 4.0452 4.0452 4.0452 4.0452
2.379 0 3 1.0 0.0 0.0 0.0 0.0 0.0 0.0 0.0 0.0 0.0 4.0452 4.0452 4.0452 4.0452
2.38 0 3 1.0 0.0 0.0 0.0 0.0 0.0 0.0 0.0 0.0 0.0 4.0452 4.0452 4.0452 4.0452
2.3810000000000002 0 3 1.0 0.0 0.0 0.0 0.0 0.0 0.0 0.0 0.0 0.0 4.0452 4.0452 4.0452 4.0452
2.382 0 3 1.0 0.0 0.0 0.0 0.0 0.0 0.0 0.0 0.0 0.0 4.0452 4.0452 4.0452 4.0452
2.383 0 3 1.0 0.0 0.0 0.0 0.0 0.0 0.0 0.0 0.0 0.0 4.0452 4.0452 4.0452 4.0452
2.384 0 3 1.0 0.0 0.0 0.0 0.0 0.0 0.0 0.0 0.0 0.0 4.0452 4.0452 4.0452 4.0452
2.3850000000000002 0 3 1.0 0.0 0.0 0.0 0.0 0.0 0.0 0.0 0.0 0.0 4.0452 4.0452 4.0452 4.0452
2.386 0 3 1.0 0.0 0.0 0.0 0.0 0.0 0.0 0.0 0.0 0.0 4.0452 4.0452 4.0452 4.0452
2.387 0 3 1.0 0.0 0.0 0.0 0.0 0.0 0.0 0.0 0.0 0.0 4.0452 4.0452 4.0452 4.0452
2.388 0 3 1.0 0.0 0.0 0.0 0.0 0.0 0.0 0.0 0.0 0.0 4.0452 4.0452 4.0452 4.0452
2.3890000000000002 0 3 1.0 0.0 0.0 0.0 0.0 0.0 0.0 0.0 0.0 0.0 4.0452 4.0452 4.0452 4.0452
2.39 0 3 1.0 0.0 0.0 0.0 0.0 0.0 0.0 0.0 0.0 0.0 4.0452 4.0452 4.0452 4.0452
2.391 0 3 1.0 0.0 0.0 0.0 0.0 0.0 0.0 0.0 0.0 0.0 4.0452 4.0452 4.0452 4.0452
2.392 0 3 1.0 0.0 0.0 0.0 0.0 0.0 0.0 0.0 0.0 0.0 4.0452 4.0452 4.0452 4.0452
2.3930000000000002 0 3 1.0 0.0 0.0 0.0 0.0 0.0 0.0 0.0 0.0 0.0 4.0452 4.0452 4.0452 4.0452
2.394 0 3 1.0 0.0 0.0 0.0 0.0 0.0 0.0 0.0 0.0 0.0 4.0452 4.0452 4.0452 4.0452
2.395 0 3 1.0 0.0 0.0 0.0 0.0 0.0 0.0 0.0 0.0 0.0 4.0452 4.0452 4.0452 4.0452
2.396 0 3 1.0 0.0 0.0 0.0 0.0 0.0 0.0 0.0 0.0 0.0 4.0452 4.0452 4.0452 4.0452
2.3970000000000002 0 3 1.0 0.0 0.0 0.0 0.0 0.0 0.0 0.0 0.0 0.0 4.0452 4.0452 4.0452 4.0452
2.398 0 3 1.0 0.0 0.0 0.0 0.0 0.0 0.0 0.0 0.0 0.0 4.0452 4.0452 4.0452 4.0452
2.399 0 3 1.0 0.0 0.0 0.0 0.0 0.0 0.0 0.0 0.0 0.0 4.0452 4.0452 4.0452 4.0452
2.4 0 3 1.0 0.0 0.0 0.0 0.0 0.0 0.0 0.0 0.0 0.0 4.0452 4.0452 4.0452 4.0452
2.4010000000000002 0 3 1.0 0.0 0.0 0.0 0.0 0.0 0.0 0.0 0.0 0.0 4.0452 4.0452 4.0452 4.0452
2.402 0 3 1.0 0.0 0.0 0.0 0.0 0.0 0.0 0.0 0.0 0.0 4.0452 4.0452 4.0452 4.0452
2.403 0 3 1.0 0.0 0.0 0.0 0.0 0.0 0.0 0.0 0.0 0.0 4.0452 4.0452 4.0452 4.0452
2.404 0 3 1.0 0.0 0.0 0.0 0.0 0.0 0.0 0.0 0.0 0.0 4.0452 4.0452 4.0452 4.0452
2.4050000000000002 0 3 1.0 0.0 0.0 0.0 0.0 0.0 0.0 0.0 0.0 0.0 4.0452 4.0452 4.0452 4.0452
2.406 0 3 1.0 0.0 0.0 0.0 0.0 0.0 0.0 0.0 0.0 0.0 4.0452 4.0452 4.0452 4.0452
2.407 0 3 1.0 0.0 0.0 0.0 0.0 0.0 0.0 0.0 0.0 0.0 4.0452 4.0452 4.0452 4.0452
2.408 0 3 1.0 0.0 0.0 0.0 0.0 0.0 0.0 0.0 0.0 0.0 4.0452 4.0452 4.0452 4.0452
2.4090000000000003 0 3 1.0 0.0 0.0 0.0 0.0 0.0 0.0 0.0 0.0 0.0 4.0452 4.0452 4.0452 4.0452
2.41 0 3 1.0 0.0 0.0 0.0 0.0 0.0 0.0 0.0 0.0 0.0 4.0452 4.0452 4.0452 4.0452
2.411 0 3 1.0 0.0 0.0 0.0 0.0 0.0 0.0 0.0 0.0 0.0 4.0452 4.0452 4.0452 4.0452
2.412 0 3 1.0 0.0 0.0 0.0 0.0 0.0 0.0 0.0 0.0 0.0 4.0452 4.0452 4.0452 4.0452
2.4130000000000003 0 3 1.0 0.0 0.0 0.0 0.0 0.0 0.0 0.0 0.0 0.0 4.0452 4.0452 4.0452 4.0452
2.414 0 3 1.0 0.0 0.0 0.0 0.0 0.0 0.0 0.0 0.0 0.0 4.0452 4.0452 4.0452 4.0452
2.415 0 3 1.0 0.0 0.0 0.0 0.0 0.0 0.0 0.0 0.0 0.0 4.0452 4.0452 4.0452 4.0452
2.416 0 3 1.0 0.0 0.0 0.0 0.0 0.0 0.0 0.0 0.0 0.0 4.0452 4.0452 4.0452 4.0452
2.4170000000000003 0 3 1.0 0.0 0.0 0.0 0.0 0.0 0.0 0.0 0.0 0.0 4.0452 4.0452 4.0452 4.0452
2.418 0 3 1.0 0.0 0.0 0.0 0.0 0.0 0.0 0.0 0.0 0.0 4.0452 4.0452 4.0452 4.0452
2.419 0 3 1.0 0.0 0.0 0.0 0.0 0.0 0.0 0.0 0.0 0.0 4.0452 4.0452 4.0452 4.0452
2.42 0 3 1.0 0.0 0.0 0.0 0.0 0.0 0.0 0.0 0.0 0.0 4.0452 4.0452 4.0452 4.0452
2.4210000000000003 0 3 1.0 0.0 0.0 0.0 0.0 0.0 0.0 0.0 0.0 0.0 4.0452 4.0452 4.0452 4.0452
2.422 0 3 1.0 0.0 0.0 0.0 0.0 0.0 0.0 0.0 0.0 0.0 4.0452 4.0452 4.0452 4.0452
2.423 0 3 1.0 0.0 0.0 0.0 0.0 0.0 0.0 0.0 0.0 0.0 4.0452 4.0452 4.0452 4.0452
2.424 0 3 1.0 0.0 0.0 0.0 0.0 0.0 0.0 0.0 0.0 0.0 4.0452 4.0452 4.0452 4.0452
2.4250000000000003 0 3 1.0 0.0 0.0 0.0 0.0 0.0 0.0 0.0 0.0 0.0 4.0452 4.0452 4.0452 4.0452
2.426 0 3 1.0 0.0 0.0 0.0 0.0 0.0 0.0 0.0 0.0 0.0 4.0452 4.0452 4.0452 4.0452
2.427 0 3 1.0 0.0 0.0 0.0 0.0 0.0 0.0 0.0 0.0 0.0 4.0452 4.0452 4.0452 4.0452
2.428 0 3 1.0 0.0 0.0 0.0 0.0 0.0 0.0 0.0 0.0 0.0 4.0452 4.0452 4.0452 4.0452
2.4290000000000003 0 3 1.0 0.0 0.0 0.0 0.0 0.0 0.0 0.0 0.0 0.0 4.0452 4.0452 4.0452 4.0452
2.43 0 3 1.0 0.0 0.0 0.0 0.0 0.0 0.0 0.0 0.0 0.0 4.0452 4.0452 4.0452 4.0452
2.431 0 3 1.0 0.0 0.0 0.0 0.0 0.0 0.0 0.0 0.0 0.0 4.0452 4.0452 4.0452 4.0452
2.432 0 3 1.0 0.0 0.0 0.0 0.0 0.0 0.0 0.0 0.0 0.0 4.0452 4.0452 4.0452 4.0452
2.433 0 3 1.0 0.0 0.0 0.0 0.0 0.0 0.0 0.0 0.0 0.0 4.0452 4.0452 4.0452 4.0452
2.434 0 3 1.0 0.0 0.0 0.0 0.0 0.0 0.0 0.0 0.0 0.0 4.0452 4.0452 4.0452 4.0452
2.435 0 3 1.0 0.0 0.0 0.0 0.0 0.0 0.0 0.0 0.0 0.0 4.0452 4.0452 4.0452 4.0452
2.436 0 3 1.0 0.0 0.0 0.0 0.0 0.0 0.0 0.0 0.0 0.0 4.0452 4.0452 4.0452 4.0452
2.437 0 3 1.0 0.0 0.0 0.0 0.0 0.0 0.0 0.0 0.0 0.0 4.0452 4.0452 4.0452 4.0452
2.438 0 3 1.0 0.0 0.0 0.0 0.0 0.0 0.0 0.0 0.0 0.0 4.0452 4.0452 4.0452 4.0452
2.439 0 3 1.0 0.0 0.0 0.0 0.0 0.0 0.0 0.0 0.0 0.0 4.0452 4.0452 4.0452 4.0452
2.44 0 3 1.0 0.0 0.0 0.0 0.0 0.0 0.0 0.0 0.0 0.0 4.0452 4.0452 4.0452 4.0452
2.441 0 3 1.0 0.0 0.0 0.0 0.0 0.0 0.0 0.0 0.0 0.0 4.0452 4.0452 4.0452 4.0452
2.442 0 3 1.0 0.0 0.0 0.0 0.0 0.0 0.0 0.0 0.0 0.0 4.0452 4.0452 4.0452 4.0452
2.443 0 3 1.0 0.0 0.0 0.0 0.0 0.0 0.0 0.0 0.0 0.0 4.0452 4.0452 4.0452 4.0452
2.444 0 3 1.0 0.0 0.0 0.0 0.0 0.0 0.0 0.0 0.0 0.0 4.0452 4.0452 4.0452 4.0452
2.445 0 3 1.0 0.0 0.0 0.0 0.0 0.0 0.0 0.0 0.0 0.0 4.0452 4.0452 4.0452 4.0452
2.446 0 3 1.0 0.0 0.0 0.0 0.0 0.0 0.0 0.0 0.0 0.0 4.0452 4.0452 4.0452 4.0452
2.447 0 3 1.0 0.0 0.0 0.0 0.0 0.0 0.0 0.0 0.0 0.0 4.0452 4.0452 4.0452 4.0452
2.448 0 3 1.0 0.0 0.0 0.0 0.0 0.0 0.0 0.0 0.0 0.0 4.0452 4.0452 4.0452 4.0452
2.449 0 3 1.0 0.0 0.0 0.0 0.0 0.0 0.0 0.0 0.0 0.0 4.0452 4.0452 4.0452 4.0452
2.45 0 3 1.0 0.0 0.0 0.0 0.0 0.0 0.0 0.0 0.0 0.0 4.0452 4.0452 4.0452 4.0452
2.451 0 3 1.0 0.0 0.0 0.0 0.0 0.0 0.0 0.0 0.0 0.0 4.0452 4.0452 4.0452 4.0452
2.452 0 3 1.0 0.0 0.0 0.0 0.0 0.0 0.0 0.0 0.0 0.0 4.0452 4.0452 4.0452 4.0452
2.453 0 3 1.0 0.0 0.0 0.0 0.0 0.0 0.0 0.0 0.0 0.0 4.0452 4.0452 4.0452 4.0452
2.454 0 3 1.0 0.0 0.0 0.0 0.0 0.0 0.0 0.0 0.0 0.0 4.0452 4.0452 4.0452 4.0452
2.455 0 3 1.0 0.0 0.0 0.0 0.0 0.0 0.0 0.0 0.0 0.0 4.0452 4.0452 4.0452 4.0452
2.456 0 3 1.0 0.0 0.0 0.0 0.0 0.0 0.0 0.0 0.0 0.0 4.0452 4.0452 4.0452 4.0452
2.457 0 3 1.0 0.0 0.0 0.0 0.0 0.0 0.0 0.0 0.0 0.0 4.0452 4.0452 4.0452 4.0452
2.458 0 3 1.0 0.0 0.0 0.0 0.0 0.0 0.0 0.0 0.0 0.0 4.0452 4.0452 4.0452 4.0452
2.459 0 3 1.0 0.0 0.0 0.0 0.0 0.0 0.0 0.0 0.0 0.0 4.0452 4.0452 4.0452 4.0452
2.46 0 3 1.0 0.0 0.0 0.0 0.0 0.0 0.0 0.0 0.0 0.0 4.0452 4.0452 4.0452 4.0452
2.461 0 3 1.0 0.0 0.0 0.0 0.0 0.0 0.0 0.0 0.0 0.0 4.0452 4.0452 4.0452 4.0452
2.462 0 3 1.0 0.0 0.0 0.0 0.0 0.0 0.0 0.0 0.0 0.0 4.0452 4.0452 4.0452 4.0452
2.463 0 3 1.0 0.0 0.0 0.0 0.0 0.0 0.0 0.0 0.0 0.0 4.0452 4.0452 4.0452 4.0452
2.464 0 3 1.0 0.0 0.0 0.0 0.0 0.0 0.0 0.0 0.0 0.0 4.0452 4.0452 4.0452 4.0452
2.465 0 3 1.0 0.0 0.0 0.0 0.0 0.0 0.0 0.0 0.0 0.0 4.0452 4.0452 4.0452 4.0452
2.466 0 3 1.0 0.0 0.0 0.0 0.0 0.0 0.0 0.0 0.0 0.0 4.0452 4.0452 4.0452 4.0452
2.467 0 3 1.0 0.0 0.0 0.0 0.0 0.0 0.0 0.0 0.0 0.0 4.0452 4.0452 4.0452 4.0452
2.468 0 3 1.0 0.0 0.0 0.0 0.0 0.0 0.0 0.0 0.0 0.0 4.0452 4.0452 4.0452 4.0452
2.469 0 3 1.0 0.0 0.0 0.0 0.0 0.0 0.0 0.0 0.0 0.0 4.0452 4.0452 4.0452 4.0452
2.47 0 3 1.0 0.0 0.0 0.0 0.0 0.0 0.0 0.0 0.0 0.0 4.0452 4.0452 4.0452 4.0452
2.471 0 3 1.0 0.0 0.0 0.0 0.0 0.0 0.0 0.0 0.0 0.0 4.0452 4.0452 4.0452 4.0452
2.472 0 3 1.0 0.0 0.0 0.0 0.0 0.0 0.0 0.0 0.0 0.0 4.0452 4.0452 4.0452 4.0452
2.473 0 3 1.0 0.0 0.0 0.0 0.0 0.0 0.0 0.0 0.0 0.0 4.0452 4.0452 4.0452 4.0452
2.474 0 3 1.0 0.0 0.0 0.0 0.0 0.0 0.0 0.0 0.0 0.0 4.0452 4.0452 4.0452 4.0452
2.475 0 3 1.0 0.0 0.0 0.0 0.0 0.0 0.0 0.0 0.0 0.0 4.0452 4.0452 4.0452 4.0452
2.476 0 3 1.0 0.0 0.0 0.0 0.0 0.0 0.0 0.0 0.0 0.0 4.0452 4.0452 4.0452 4.0452
2.477 0 3 1.0 0.0 0.0 0.0 0.0 0.0 0.0 0.0 0.0 0.0 4.0452 4.0452 4.0452 4.0452
2.478 0 3 1.0 0.0 0.0 0.0 0.0 0.0 0.0 0.0 0.0 0.0 4.0452 4.0452 4.0452 4.0452
2.479 0 3 1.0 0.0 0.0 0.0 0.0 0.0 0.0 0.0 0.0 0.0 4.0452 4.0452 4.0452 4.0452
2.48 0 3 1.0 0.0 0.0 0.0 0.0 0.0 0.0 0.0 0.0 0.0 4.0452 4.0452 4.0452 4.0452
2.481 0 3 1.0 0.0 0.0 0.0 0.0 0.0 0.0 0.0 0.0 0.0 4.0452 4.0452 4.0452 4.0452
2.482 0 3 1.0 0.0 0.0 0.0 0.0 0.0 0.0 0.0 0.0 0.0 4.0452 4.0452 4.0452 4.0452
2.483 0 3 1.0 0.0 0.0 0.0 0.0 0.0 0.0 0.0 0.0 0.0 4.0452 4.0452 4.0452 4.0452
2.484 0 3 1.0 0.0 0.0 0.0 0.0 0.0 0.0 0.0 0.0 0.0 4.0452 4.0452 4.0452 4.0452
2.485 0 3 1.0 0.0 0.0 0.0 0.0 0.0 0.0 0.0 0.0 0.0 4.0452 4.0452 4.0452 4.0452
2.486 0 3 1.0 0.0 0.0 0.0 0.0 0.0 0.0 0.0 0.0 0.0 4.0452 4.0452 4.0452 4.0452
2.487 0 3 1.0 0.0 0.0 0.0 0.0 0.0 0.0 0.0 0.0 0.0 4.0452 4.0452 4.0452 4.0452
2.488 0 3 1.0 0.0 0.0 0.0 0.0 0.0 0.0 0.0 0.0 0.0 4.0452 4.0452 4.0452 4.0452
2.489 0 3 1.0 0.0 0.0 0.0 0.0 0.0 0.0 0.0 0.0 0.0 4.0452 4.0452 4.0452 4.0452
2.49 0 3 1.0 0.0 0.0 0.0 0.0 0.0 0.0 0.0 0.0 0.0 4.0452 4.0452 4.0452 4.0452
2.491 0 3 1.0 0.0 0.0 0.0 0.0 0.0 0.0 0.0 0.0 0.0 4.0452 4.0452 4.0452 4.0452
2.492 0 3 1.0 0.0 0.0 0.0 0.0 0.0 0.0 0.0 0.0 0.0 4.0452 4.0452 4.0452 4.0452
2.493 0 3 1.0 0.0 0.0 0.0 0.0 0.0 0.0 0.0 0.0 0.0 4.0452 4.0452 4.0452 4.0452
2.494 0 3 1.0 0.0 0.0 0.0 0.0 0.0 0.0 0.0 0.0 0.0 4.0452 4.0452 4.0452 4.0452
2.495 0 3 1.0 0.0 0.0 0.0 0.0 0.0 0.0 0.0 0.0 0.0 4.0452 4.0452 4.0452 4.0452
2.496 0 3 1.0 0.0 0.0 0.0 0.0 0.0 0.0 0.0 0.0 0.0 4.0452 4.0452 4.0452 4.0452
2.497 0 3 1.0 0.0 0.0 0.0 0.0 0.0 0.0 0.0 0.0 0.0 4.0452 4.0452 4.0452 4.0452
2.498 0 3 1.0 0.0 0.0 0.0 0.0 0.0 0.0 0.0 0.0 0.0 4.0452 4.0452 4.0452 4.0452
2.499 0 3 1.0 0.0 0.0 0.0 0.0 0.0 0.0 0.0 0.0 0.0 4.0452 4.0452 4.0452 4.0452
2.5 0 3 1.0 0.0 0.0 0.0 0.0 0.0 0.0 0.0 0.0 0.0 4.0452 4.0452 4.0452 4.0452
2.501 0 3 1.0 0.0 0.0 0.0 0.0 0.0 0.0 0.0 0.0 0.0 4.0452 4.0452 4.0452 4.0452
2.5020000000000002 0 3 1.0 0.0 0.0 0.0 0.0 0.0 0.0 0.0 0.0 0.0 4.0452 4.0452 4.0452 4.0452
2.503 0 3 1.0 0.0 0.0 0.0 0.0 0.0 0.0 0.0 0.0 0.0 4.0452 4.0452 4.0452 4.0452
2.504 0 3 1.0 0.0 0.0 0.0 0.0 0.0 0.0 0.0 0.0 0.0 4.0452 4.0452 4.0452 4.0452
2.505 0 3 1.0 0.0 0.0 0.0 0.0 0.0 0.0 0.0 0.0 0.0 4.0452 4.0452 4.0452 4.0452
2.5060000000000002 0 3 1.0 0.0 0.0 0.0 0.0 0.0 0.0 0.0 0.0 0.0 4.0452 4.0452 4.0452 4.0452
2.507 0 3 1.0 0.0 0.0 0.0 0.0 0.0 0.0 0.0 0.0 0.0 4.0452 4.0452 4.0452 4.0452
2.508 0 3 1.0 0.0 0.0 0.0 0.0 0.0 0.0 0.0 0.0 0.0 4.0452 4.0452 4.0452 4.0452
2.509 0 3 1.0 0.0 0.0 0.0 0.0 0.0 0.0 0.0 0.0 0.0 4.0452 4.0452 4.0452 4.0452
2.5100000000000002 0 3 1.0 0.0 0.0 0.0 0.0 0.0 0.0 0.0 0.0 0.0 4.0452 4.0452 4.0452 4.0452
2.511 0 3 1.0 0.0 0.0 0.0 0.0 0.0 0.0 0.0 0.0 0.0 4.0452 4.0452 4.0452 4.0452
2.512 0 3 1.0 0.0 0.0 0.0 0.0 0.0 0.0 0.0 0.0 0.0 4.0452 4.0452 4.0452 4.0452
2.513 0 3 1.0 0.0 0.0 0.0 0.0 0.0 0.0 0.0 0.0 0.0 4.0452 4.0452 4.0452 4.0452
2.5140000000000002 0 3 1.0 0.0 0.0 0.0 0.0 0.0 0.0 0.0 0.0 0.0 4.0452 4.0452 4.0452 4.0452
2.515 0 3 1.0 0.0 0.0 0.0 0.0 0.0 0.0 0.0 0.0 0.0 4.0452 4.0452 4.0452 4.0452
2.516 0 3 1.0 0.0 0.0 0.0 0.0 0.0 0.0 0.0 0.0 0.0 4.0452 4.0452 4.0452 4.0452
2.517 0 3 1.0 0.0 0.0 0.0 0.0 0.0 0.0 0.0 0.0 0.0 4.0452 4.0452 4.0452 4.0452
2.5180000000000002 0 3 1.0 0.0 0.0 0.0 0.0 0.0 0.0 0.0 0.0 0.0 4.0452 4.0452 4.0452 4.0452
2.519 0 3 1.0 0.0 0.0 0.0 0.0 0.0 0.0 0.0 0.0 0.0 4.0452 4.0452 4.0452 4.0452
2.52 0 3 1.0 0.0 0.0 0.0 0.0 0.0 0.0 0.0 0.0 0.0 4.0452 4.0452 4.0452 4.0452
2.521 0 3 1.0 0.0 0.0 0.0 0.0 0.0 0.0 0.0 0.0 0.0 4.0452 4.0452 4.0452 4.0452
2.5220000000000002 0 3 1.0 0.0 0.0 0.0 0.0 0.0 0.0 0.0 0.0 0.0 4.0452 4.0452 4.0452 4.0452
2.523 0 3 1.0 0.0 0.0 0.0 0.0 0.0 0.0 0.0 0.0 0.0 4.0452 4.0452 4.0452 4.0452
2.524 0 3 1.0 0.0 0.0 0.0 0.0 0.0 0.0 0.0 0.0 0.0 4.0452 4.0452 4.0452 4.0452
2.525 0 3 1.0 0.0 0.0 0.0 0.0 0.0 0.0 0.0 0.0 0.0 4.0452 4.0452 4.0452 4.0452
2.5260000000000002 0 3 1.0 0.0 0.0 0.0 0.0 0.0 0.0 0.0 0.0 0.0 4.0452 4.0452 4.0452 4.0452
2.527 0 3 1.0 0.0 0.0 0.0 0.0 0.0 0.0 0.0 0.0 0.0 4.0452 4.0452 4.0452 4.0452
2.528 0 3 1.0 0.0 0.0 0.0 0.0 0.0 0.0 0.0 0.0 0.0 4.0452 4.0452 4.0452 4.0452
2.529 0 3 1.0 0.0 0.0 0.0 0.0 0.0 0.0 0.0 0.0 0.0 4.0452 4.0452 4.0452 4.0452
2.5300000000000002 0 3 1.0 0.0 0.0 0.0 0.0 0.0 0.0 0.0 0.0 0.0 4.0452 4.0452 4.0452 4.0452
2.531 0 3 1.0 0.0 0.0 0.0 0.0 0.0 0.0 0.0 0.0 0.0 4.0452 4.0452 4.0452 4.0452
2.532 0 3 1.0 0.0 0.0 0.0 0.0 0.0 0.0 0.0 0.0 0.0 4.0452 4.0452 4.0452 4.0452
2.533 0 3 1.0 0.0 0.0 0.0 0.0 0.0 0.0 0.0 0.0 0.0 4.0452 4.0452 4.0452 4.0452
2.5340000000000003 0 3 1.0 0.0 0.0 0.0 0.0 0.0 0.0 0.0 0.0 0.0 4.0452 4.0452 4.0452 4.0452
2.535 0 3 1.0 0.0 0.0 0.0 0.0 0.0 0.0 0.0 0.0 0.0 4.0452 4.0452 4.0452 4.0452
2.536 0 3 1.0 0.0 0.0 0.0 0.0 0.0 0.0 0.0 0.0 0.0 4.0452 4.0452 4.0452 4.0452
2.537 0 3 1.0 0.0 0.0 0.0 0.0 0.0 0.0 0.0 0.0 0.0 4.0452 4.0452 4.0452 4.0452
2.5380000000000003 0 3 1.0 0.0 0.0 0.0 0.0 0.0 0.0 0.0 0.0 0.0 4.0452 4.0452 4.0452 4.0452
2.539 0 3 1.0 0.0 0.0 0.0 0.0 0.0 0.0 0.0 0.0 0.0 4.0452 4.0452 4.0452 4.0452
2.54 0 3 1.0 0.0 0.0 0.0 0.0 0.0 0.0 0.0 0.0 0.0 4.0452 4.0452 4.0452 4.0452
2.541 0 3 1.0 0.0 0.0 0.0 0.0 0.0 0.0 0.0 0.0 0.0 4.0452 4.0452 4.0452 4.0452
2.5420000000000003 0 3 1.0 0.0 0.0 0.0 0.0 0.0 0.0 0.0 0.0 0.0 4.0452 4.0452 4.0452 4.0452
2.543 0 3 1.0 0.0 0.0 0.0 0.0 0.0 0.0 0.0 0.0 0.0 4.0452 4.0452 4.0452 4.0452
2.544 0 3 1.0 0.0 0.0 0.0 0.0 0.0 0.0 0.0 0.0 0.0 4.0452 4.0452 4.0452 4.0452
2.545 0 3 1.0 0.0 0.0 0.0 0.0 0.0 0.0 0.0 0.0 0.0 4.0452 4.0452 4.0452 4.0452
2.5460000000000003 0 3 1.0 0.0 0.0 0.0 0.0 0.0 0.0 0.0 0.0 0.0 4.0452 4.0452 4.0452 4.0452
2.547 0 3 1.0 0.0 0.0 0.0 0.0 0.0 0.0 0.0 0.0 0.0 4.0452 4.0452 4.0452 4.0452
2.548 0 3 1.0 0.0 0.0 0.0 0.0 0.0 0.0 0.0 0.0 0.0 4.0452 4.0452 4.0452 4.0452
2.549 0 3 1.0 0.0 0.0 0.0 0.0 0.0 0.0 0.0 0.0 0.0 4.0452 4.0452 4.0452 4.0452
2.5500000000000003 0 3 1.0 0.0 0.0 0.0 0.0 0.0 0.0 0.0 0.0 0.0 4.0452 4.0452 4.0452 4.0452
2.551 0 3 1.0 0.0 0.0 0.0 0.0 0.0 0.0 0.0 0.0 0.0 4.0452 4.0452 4.0452 4.0452
2.552 0 3 1.0 0.0 0.0 0.0 0.0 0.0 0.0 0.0 0.0 0.0 4.0452 4.0452 4.0452 4.0452
2.553 0 3 1.0 0.0 0.0 0.0 0.0 0.0 0.0 0.0 0.0 0.0 4.0452 4.0452 4.0452 4.0452
2.5540000000000003 0 3 1.0 0.0 0.0 0.0 0.0 0.0 0.0 0.0 0.0 0.0 4.0452 4.0452 4.0452 4.0452
2.555 0 3 1.0 0.0 0.0 0.0 0.0 0.0 0.0 0.0 0.0 0.0 4.0452 4.0452 4.0452 4.0452
2.556 0 3 1.0 0.0 0.0 0.0 0.0 0.0 0.0 0.0 0.0 0.0 4.0452 4.0452 4.0452 4.0452
2.557 0 3 1.0 0.0 0.0 0.0 0.0 0.0 0.0 0.0 0.0 0.0 4.0452 4.0452 4.0452 4.0452
2.5580000000000003 0 3 1.0 0.0 0.0 0.0 0.0 0.0 0.0 0.0 0.0 0.0 4.0452 4.0452 4.0452 4.0452
2.559 0 3 1.0 0.0 0.0 0.0 0.0 0.0 0.0 0.0 0.0 0.0 4.0452 4.0452 4.0452 4.0452
2.56 0 3 1.0 0.0 0.0 0.0 0.0 0.0 0.0 0.0 0.0 0.0 4.0452 4.0452 4.0452 4.0452
2.561 0 3 1.0 0.0 0.0 0.0 0.0 0.0 0.0 0.0 0.0 0.0 4.0452 4.0452 4.0452 4.0452
2.562 0 3 1.0 0.0 0.0 0.0 0.0 0.0 0.0 0.0 0.0 0.0 4.0452 4.0452 4.0452 4.0452
2.563 0 3 1.0 0.0 0.0 0.0 0.0 0.0 0.0 0.0 0.0 0.0 4.0452 4.0452 4.0452 4.0452
2.564 0 3 1.0 0.0 0.0 0.0 0.0 0.0 0.0 0.0 0.0 0.0 4.0452 4.0452 4.0452 4.0452
2.565 0 3 1.0 0.0 0.0 0.0 0.0 0.0 0.0 0.0 0.0 0.0 4.0452 4.0452 4.0452 4.0452
2.566 0 3 1.0 0.0 0.0 0.0 0.0 0.0 0.0 0.0 0.0 0.0 4.0452 4.0452 4.0452 4.0452
2.567 0 3 1.0 0.0 0.0 0.0 0.0 0.0 0.0 0.0 0.0 0.0 4.0452 4.0452 4.0452 4.0452
2.568 0 3 1.0 0.0 0.0 0.0 0.0 0.0 0.0 0.0 0.0 0.0 4.0452 4.0452 4.0452 4.0452
2.569 0 3 1.0 0.0 0.0 0.0 0.0 0.0 0.0 0.0 0.0 0.0 4.0452 4.0452 4.0452 4.0452
2.57 0 3 1.0 0.0 0.0 0.0 0.0 0.0 0.0 0.0 0.0 0.0 4.0452 4.0452 4.0452 4.0452
2.571 0 3 1.0 0.0 0.0 0.0 0.0 0.0 0.0 0.0 0.0 0.0 4.0452 4.0452 4.0452 4.0452
2.572 0 3 1.0 0.0 0.0 0.0 0.0 0.0 0.0 0.0 0.0 0.0 4.0452 4.0452 4.0452 4.0452
2.573 0 3 1.0 0.0 0.0 0.0 0.0 0.0 0.0 0.0 0.0 0.0 4.0452 4.0452 4.0452 4.0452
2.574 0 3 1.0 0.0 0.0 0.0 0.0 0.0 0.0 0.0 0.0 0.0 4.0452 4.0452 4.0452 4.0452
2.575 0 3 1.0 0.0 0.0 0.0 0.0 0.0 0.0 0.0 0.0 0.0 4.0452 4.0452 4.0452 4.0452
2.576 0 3 1.0 0.0 0.0 0.0 0.0 0.0 0.0 0.0 0.0 0.0 4.0452 4.0452 4.0452 4.0452
2.577 0 3 1.0 0.0 0.0 0.0 0.0 0.0 0.0 0.0 0.0 0.0 4.0452 4.0452 4.0452 4.0452
2.578 0 3 1.0 0.0 0.0 0.0 0.0 0.0 0.0 0.0 0.0 0.0 4.0452 4.0452 4.0452 4.0452
2.579 0 3 1.0 0.0 0.0 0.0 0.0 0.0 0.0 0.0 0.0 0.0 4.0452 4.0452 4.0452 4.0452
2.58 0 3 1.0 0.0 0.0 0.0 0.0 0.0 0.0 0.0 0.0 0.0 4.0452 4.0452 4.0452 4.0452
2.581 0 3 1.0 0.0 0.0 0.0 0.0 0.0 0.0 0.0 0.0 0.0 4.0452 4.0452 4.0452 4.0452
2.582 0 3 1.0 0.0 0.0 0.0 0.0 0.0 0.0 0.0 0.0 0.0 4.0452 4.0452 4.0452 4.0452
2.583 0 3 1.0 0.0 0.0 0.0 0.0 0.0 0.0 0.0 0.0 0.0 4.0452 4.0452 4.0452 4.0452
2.584 0 3 1.0 0.0 0.0 0.0 0.0 0.0 0.0 0.0 0.0 0.0 4.0452 4.0452 4.0452 4.0452
2.585 0 3 1.0 0.0 0.0 0.0 0.0 0.0 0.0 0.0 0.0 0.0 4.0452 4.0452 4.0452 4.0452
2.586 0 3 1.0 0.0 0.0 0.0 0.0 0.0 0.0 0.0 0.0 0.0 4.0452 4.0452 4.0452 4.0452
2.587 0 3 1.0 0.0 0.0 0.0 0.0 0.0 0.0 0.0 0.0 0.0 4.0452 4.0452 4.0452 4.0452
2.588 0 3 1.0 0.0 0.0 0.0 0.0 0.0 0.0 0.0 0.0 0.0 4.0452 4.0452 4.0452 4.0452
2.589 0 3 1.0 0.0 0.0 0.0 0.0 0.0 0.0 0.0 0.0 0.0 4.0452 4.0452 4.0452 4.0452
2.59 0 3 1.0 0.0 0.0 0.0 0.0 0.0 0.0 0.0 0.0 0.0 4.0452 4.0452 4.0452 4.0452
2.591 0 3 1.0 0.0 0.0 0.0 0.0 0.0 0.0 0.0 0.0 0.0 4.0452 4.0452 4.0452 4.0452
2.592 0 3 1.0 0.0 0.0 0.0 0.0 0.0 0.0 0.0 0.0 0.0 4.0452 4.0452 4.0452 4.0452
2.593 0 3 1.0 0.0 0.0 0.0 0.0 0.0 0.0 0.0 0.0 0.0 4.0452 4.0452 4.0452 4.0452
2.594 0 3 1.0 0.0 0.0 0.0 0.0 0.0 0.0 0.0 0.0 0.0 4.0452 4.0452 4.0452 4.0452
2.595 0 3 1.0 0.0 0.0 0.0 0.0 0.0 0.0 0.0 0.0 0.0 4.0452 4.0452 4.0452 4.0452
2.596 0 3 1.0 0.0 0.0 0.0 0.0 0.0 0.0 0.0 0.0 0.0 4.0452 4.0452 4.0452 4.0452
2.597 0 3 1.0 0.0 0.0 0.0 0.0 0.0 0.0 0.0 0.0 0.0 4.0452 4.0452 4.0452 4.0452
2.598 0 3 1.0 0.0 0.0 0.0 0.0 0.0 0.0 0.0 0.0 0.0 4.0452 4.0452 4.0452 4.0452
2.599 0 3 1.0 0.0 0.0 0.0 0.0 0.0 0.0 0.0 0.0 0.0 4.0452 4.0452 4.0452 4.0452
2.6 0 3 1.0 0.0 0.0 0.0 0.0 0.0 0.0 0.0 0.0 0.0 4.0452 4.0452 4.0452 4.0452
2.601 0 3 1.0 0.0 0.0 0.0 0.0 0.0 0.0 0.0 0.0 0.0 4.0452 4.0452 4.0452 4.0452
2.602 0 3 1.0 0.0 0.0 0.0 0.0 0.0 0.0 0.0 0.0 0.0 4.0452 4.0452 4.0452 4.0452
2.603 0 3 1.0 0.0 0.0 0.0 0.0 0.0 0.0 0.0 0.0 0.0 4.0452 4.0452 4.0452 4.0452
2.604 0 3 1.0 0.0 0.0 0.0 0.0 0.0 0.0 0.0 0.0 0.0 4.0452 4.0452 4.0452 4.0452
2.605 0 3 1.0 0.0 0.0 0.0 0.0 0.0 0.0 0.0 0.0 0.0 4.0452 4.0452 4.0452 4.0452
2.606 0 3 1.0 0.0 0.0 0.0 0.0 0.0 0.0 0.0 0.0 0.0 4.0452 4.0452 4.0452 4.0452
2.607 0 3 1.0 0.0 0.0 0.0 0.0 0.0 0.0 0.0 0.0 0.0 4.0452 4.0452 4.0452 4.0452
2.608 0 3 1.0 0.0 0.0 0.0 0.0 0.0 0.0 0.0 0.0 0.0 4.0452 4.0452 4.0452 4.0452
2.609 0 3 1.0 0.0 0.0 0.0 0.0 0.0 0.0 0.0 0.0 0.0 4.0452 4.0452 4.0452 4.0452
2.61 0 3 1.0 0.0 0.0 0.0 0.0 0.0 0.0 0.0 0.0 0.0 4.0452 4.0452 4.0452 4.0452
2.611 0 3 1.0 0.0 0.0 0.0 0.0 0.0 0.0 0.0 0.0 0.0 4.0452 4.0452 4.0452 4.0452
2.612 0 3 1.0 0.0 0.0 0.0 0.0 0.0 0.0 0.0 0.0 0.0 4.0452 4.0452 4.0452 4.0452
2.613 0 3 1.0 0.0 0.0 0.0 0.0 0.0 0.0 0.0 0.0 0.0 4.0452 4.0452 4.0452 4.0452
2.614 0 3 1.0 0.0 0.0 0.0 0.0 0.0 0.0 0.0 0.0 0.0 4.0452 4.0452 4.0452 4.0452
2.615 0 3 1.0 0.0 0.0 0.0 0.0 0.0 0.0 0.0 0.0 0.0 4.0452 4.0452 4.0452 4.0452
2.616 0 3 1.0 0.0 0.0 0.0 0.0 0.0 0.0 0.0 0.0 0.0 4.0452 4.0452 4.0452 4.0452
2.617 0 3 1.0 0.0 0.0 0.0 0.0 0.0 0.0 0.0 0.0 0.0 4.0452 4.0452 4.0452 4.0452
2.618 0 3 1.0 0.0 0.0 0.0 0.0 0.0 0.0 0.0 0.0 0.0 4.0452 4.0452 4.0452 4.0452
2.619 0 3 1.0 0.0 0.0 0.0 0.0 0.0 0.0 0.0 0.0 0.0 4.0452 4.0452 4.0452 4.0452
2.62 0 3 1.0 0.0 0.0 0.0 0.0 0.0 0.0 0.0 0.0 0.0 4.0452 4.0452 4.0452 4.0452
2.621 0 3 1.0 0.0 0.0 0.0 0.0 0.0 0.0 0.0 0.0 0.0 4.0452 4.0452 4.0452 4.0452
2.622 0 3 1.0 0.0 0.0 0.0 0.0 0.0 0.0 0.0 0.0 0.0 4.0452 4.0452 4.0452 4.0452
2.623 0 3 1.0 0.0 0.0 0.0 0.0 0.0 0.0 0.0 0.0 0.0 4.0452 4.0452 4.0452 4.0452
2.624 0 3 1.0 0.0 0.0 0.0 0.0 0.0 0.0 0.0 0.0 0.0 4.0452 4.0452 4.0452 4.0452
2.625 0 3 1.0 0.0 0.0 0.0 0.0 0.0 0.0 0.0 0.0 0.0 4.0452 4.0452 4.0452 4.0452
2.626 0 3 1.0 0.0 0.0 0.0 0.0 0.0 0.0 0.0 0.0 0.0 4.0452 4.0452 4.0452 4.0452
2.6270000000000002 0 3 1.0 0.0 0.0 0.0 0.0 0.0 0.0 0.0 0.0 0.0 4.0452 4.0452 4.0452 4.0452
2.628 0 3 1.0 0.0 0.0 0.0 0.0 0.0 0.0 0.0 0.0 0.0 4.0452 4.0452 4.0452 4.0452
2.629 0 3 1.0 0.0 0.0 0.0 0.0 0.0 0.0 0.0 0.0 0.0 4.0452 4.0452 4.0452 4.0452
2.63 0 3 1.0 0.0 0.0 0.0 0.0 0.0 0.0 0.0 0.0 0.0 4.0452 4.0452 4.0452 4.0452
2.6310000000000002 0 3 1.0 0.0 0.0 0.0 0.0 0.0 0.0 0.0 0.0 0.0 4.0452 4.0452 4.0452 4.0452
2.632 0 3 1.0 0.0 0.0 0.0 0.0 0.0 0.0 0.0 0.0 0.0 4.0452 4.0452 4.0452 4.0452
2.633 0 3 1.0 0.0 0.0 0.0 0.0 0.0 0.0 0.0 0.0 0.0 4.0452 4.0452 4.0452 4.0452
2.634 0 3 1.0 0.0 0.0 0.0 0.0 0.0 0.0 0.0 0.0 0.0 4.0452 4.0452 4.0452 4.0452
2.6350000000000002 0 3 1.0 0.0 0.0 0.0 0.0 0.0 0.0 0.0 0.0 0.0 4.0452 4.0452 4.0452 4.0452
2.636 0 3 1.0 0.0 0.0 0.0 0.0 0.0 0.0 0.0 0.0 0.0 4.0452 4.0452 4.0452 4.0452
2.637 0 3 1.0 0.0 0.0 0.0 0.0 0.0 0.0 0.0 0.0 0.0 4.0452 4.0452 4.0452 4.0452
2.638 0 3 1.0 0.0 0.0 0.0 0.0 0.0 0.0 0.0 0.0 0.0 4.0452 4.0452 4.0452 4.0452
2.6390000000000002 0 3 1.0 0.0 0.0 0.0 0.0 0.0 0.0 0.0 0.0 0.0 4.0452 4.0452 4.0452 4.0452
2.64 0 3 1.0 0.0 0.0 0.0 0.0 0.0 0.0 0.0 0.0 0.0 4.0452 4.0452 4.0452 4.0452
2.641 0 3 1.0 0.0 0.0 0.0 0.0 0.0 0.0 0.0 0.0 0.0 4.0452 4.0452 4.0452 4.0452
2.642 0 3 1.0 0.0 0.0 0.0 0.0 0.0 0.0 0.0 0.0 0.0 4.0452 4.0452 4.0452 4.0452
2.6430000000000002 0 3 1.0 0.0 0.0 0.0 0.0 0.0 0.0 0.0 0.0 0.0 4.0452 4.0452 4.0452 4.0452
2.644 0 3 1.0 0.0 0.0 0.0 0.0 0.0 0.0 0.0 0.0 0.0 4.0452 4.0452 4.0452 4.0452
2.645 0 3 1.0 0.0 0.0 0.0 0.0 0.0 0.0 0.0 0.0 0.0 4.0452 4.0452 4.0452 4.0452
2.646 0 3 1.0 0.0 0.0 0.0 0.0 0.0 0.0 0.0 0.0 0.0 4.0452 4.0452 4.0452 4.0452
2.6470000000000002 0 3 1.0 0.0 0.0 0.0 0.0 0.0 0.0 0.0 0.0 0.0 4.0452 4.0452 4.0452 4.0452
2.648 0 3 1.0 0.0 0.0 0.0 0.0 0.0 0.0 0.0 0.0 0.0 4.0452 4.0452 4.0452 4.0452
2.649 0 3 1.0 0.0 0.0 0.0 0.0 0.0 0.0 0.0 0.0 0.0 4.0452 4.0452 4.0452 4.0452
2.65 0 3 1.0 0.0 0.0 0.0 0.0 0.0 0.0 0.0 0.0 0.0 4.0452 4.0452 4.0452 4.0452
2.6510000000000002 0 3 1.0 0.0 0.0 0.0 0.0 0.0 0.0 0.0 0.0 0.0 4.0452 4.0452 4.0452 4.0452
2.652 0 3 1.0 0.0 0.0 0.0 0.0 0.0 0.0 0.0 0.0 0.0 4.0452 4.0452 4.0452 4.0452
2.653 0 3 1.0 0.0 0.0 0.0 0.0 0.0 0.0 0.0 0.0 0.0 4.0452 4.0452 4.0452 4.0452
2.654 0 3 1.0 0.0 0.0 0.0 0.0 0.0 0.0 0.0 0.0 0.0 4.0452 4.0452 4.0452 4.0452
2.6550000000000002 0 3 1.0 0.0 0.0 0.0 0.0 0.0 0.0 0.0 0.0 0.0 4.0452 4.0452 4.0452 4.0452
2.656 0 3 1.0 0.0 0.0 0.0 0.0 0.0 0.0 0.0 0.0 0.0 4.0452 4.0452 4.0452 4.0452
2.657 0 3 1.0 0.0 0.0 0.0 0.0 0.0 0.0 0.0 0.0 0.0 4.0452 4.0452 4.0452 4.0452
2.658 0 3 1.0 0.0 0.0 0.0 0.0 0.0 0.0 0.0 0.0 0.0 4.0452 4.0452 4.0452 4.0452
2.6590000000000003 0 3 1.0 0.0 0.0 0.0 0.0 0.0 0.0 0.0 0.0 0.0 4.0452 4.0452 4.0452 4.0452
2.66 0 3 1.0 0.0 0.0 0.0 0.0 0.0 0.0 0.0 0.0 0.0 4.0452 4.0452 4.0452 4.0452
2.661 0 3 1.0 0.0 0.0 0.0 0.0 0.0 0.0 0.0 0.0 0.0 4.0452 4.0452 4.0452 4.0452
2.662 0 3 1.0 0.0 0.0 0.0 0.0 0.0 0.0 0.0 0.0 0.0 4.0452 4.0452 4.0452 4.0452
2.6630000000000003 0 3 1.0 0.0 0.0 0.0 0.0 0.0 0.0 0.0 0.0 0.0 4.0452 4.0452 4.0452 4.0452
2.664 0 3 1.0 0.0 0.0 0.0 0.0 0.0 0.0 0.0 0.0 0.0 4.0452 4.0452 4.0452 4.0452
2.665 0 3 1.0 0.0 0.0 0.0 0.0 0.0 0.0 0.0 0.0 0.0 4.0452 4.0452 4.0452 4.0452
2.666 0 3 1.0 0.0 0.0 0.0 0.0 0.0 0.0 0.0 0.0 0.0 4.0452 4.0452 4.0452 4.0452
2.6670000000000003 0 3 1.0 0.0 0.0 0.0 0.0 0.0 0.0 0.0 0.0 0.0 4.0452 4.0452 4.0452 4.0452
2.668 0 3 1.0 0.0 0.0 0.0 0.0 0.0 0.0 0.0 0.0 0.0 4.0452 4.0452 4.0452 4.0452
2.669 0 3 1.0 0.0 0.0 0.0 0.0 0.0 0.0 0.0 0.0 0.0 4.0452 4.0452 4.0452 4.0452
2.67 0 3 1.0 0.0 0.0 0.0 0.0 0.0 0.0 0.0 0.0 0.0 4.0452 4.0452 4.0452 4.0452
2.6710000000000003 0 3 1.0 0.0 0.0 0.0 0.0 0.0 0.0 0.0 0.0 0.0 4.0452 4.0452 4.0452 4.0452
2.672 0 3 1.0 0.0 0.0 0.0 0.0 0.0 0.0 0.0 0.0 0.0 4.0452 4.0452 4.0452 4.0452
2.673 0 3 1.0 0.0 0.0 0.0 0.0 0.0 0.0 0.0 0.0 0.0 4.0452 4.0452 4.0452 4.0452
2.674 0 3 1.0 0.0 0.0 0.0 0.0 0.0 0.0 0.0 0.0 0.0 4.0452 4.0452 4.0452 4.0452
2.6750000000000003 0 3 1.0 0.0 0.0 0.0 0.0 0.0 0.0 0.0 0.0 0.0 4.0452 4.0452 4.0452 4.0452
2.676 0 3 1.0 0.0 0.0 0.0 0.0 0.0 0.0 0.0 0.0 0.0 4.0452 4.0452 4.0452 4.0452
2.677 0 3 1.0 0.0 0.0 0.0 0.0 0.0 0.0 0.0 0.0 0.0 4.0452 4.0452 4.0452 4.0452
2.678 0 3 1.0 0.0 0.0 0.0 0.0 0.0 0.0 0.0 0.0 0.0 4.0452 4.0452 4.0452 4.0452
2.6790000000000003 0 3 1.0 0.0 0.0 0.0 0.0 0.0 0.0 0.0 0.0 0.0 4.0452 4.0452 4.0452 4.0452
2.68 0 3 1.0 0.0 0.0 0.0 0.0 0.0 0.0 0.0 0.0 0.0 4.0452 4.0452 4.0452 4.0452
2.681 0 3 1.0 0.0 0.0 0.0 0.0 0.0 0.0 0.0 0.0 0.0 4.0452 4.0452 4.0452 4.0452
2.682 0 3 1.0 0.0 0.0 0.0 0.0 0.0 0.0 0.0 0.0 0.0 4.0452 4.0452 4.0452 4.0452
2.6830000000000003 0 3 1.0 0.0 0.0 0.0 0.0 0.0 0.0 0.0 0.0 0.0 4.0452 4.0452 4.0452 4.0452
2.684 0 3 1.0 0.0 0.0 0.0 0.0 0.0 0.0 0.0 0.0 0.0 4.0452 4.0452 4.0452 4.0452
2.685 0 3 1.0 0.0 0.0 0.0 0.0 0.0 0.0 0.0 0.0 0.0 4.0452 4.0452 4.0452 4.0452
2.686 0 3 1.0 0.0 0.0 0.0 0.0 0.0 0.0 0.0 0.0 0.0 4.0452 4.0452 4.0452 4.0452
2.6870000000000003 0 3 1.0 0.0 0.0 0.0 0.0 0.0 0.0 0.0 0.0 0.0 4.0452 4.0452 4.0452 4.0452
2.688 0 3 1.0 0.0 0.0 0.0 0.0 0.0 0.0 0.0 0.0 0.0 4.0452 4.0452 4.0452 4.0452
2.689 0 3 1.0 0.0 0.0 0.0 0.0 0.0 0.0 0.0 0.0 0.0 4.0452 4.0452 4.0452 4.0452
2.69 0 3 1.0 0.0 0.0 0.0 0.0 0.0 0.0 0.0 0.0 0.0 4.0452 4.0452 4.0452 4.0452
2.691 0 3 1.0 0.0 0.0 0.0 0.0 0.0 0.0 0.0 0.0 0.0 4.0452 4.0452 4.0452 4.0452
2.692 0 3 1.0 0.0 0.0 0.0 0.0 0.0 0.0 0.0 0.0 0.0 4.0452 4.0452 4.0452 4.0452
2.693 0 3 1.0 0.0 0.0 0.0 0.0 0.0 0.0 0.0 0.0 0.0 4.0452 4.0452 4.0452 4.0452
2.694 0 3 1.0 0.0 0.0 0.0 0.0 0.0 0.0 0.0 0.0 0.0 4.0452 4.0452 4.0452 4.0452
2.695 0 3 1.0 0.0 0.0 0.0 0.0 0.0 0.0 0.0 0.0 0.0 4.0452 4.0452 4.0452 4.0452
2.696 0 3 1.0 0.0 0.0 0.0 0.0 0.0 0.0 0.0 0.0 0.0 4.0452 4.0452 4.0452 4.0452
2.697 0 3 1.0 0.0 0.0 0.0 0.0 0.0 0.0 0.0 0.0 0.0 4.0452 4.0452 4.0452 4.0452
2.698 0 3 1.0 0.0 0.0 0.0 0.0 0.0 0.0 0.0 0.0 0.0 4.0452 4.0452 4.0452 4.0452
2.699 0 3 1.0 0.0 0.0 0.0 0.0 0.0 0.0 0.0 0.0 0.0 4.0452 4.0452 4.0452 4.0452
2.7 0 3 1.0 0.0 0.0 0.0 0.0 0.0 0.0 0.0 0.0 0.0 4.0452 4.0452 4.0452 4.0452
2.701 0 3 1.0 0.0 0.0 0.0 0.0 0.0 0.0 0.0 0.0 0.0 4.0452 4.0452 4.0452 4.0452
2.702 0 3 1.0 0.0 0.0 0.0 0.0 0.0 0.0 0.0 0.0 0.0 4.0452 4.0452 4.0452 4.0452
2.703 0 3 1.0 0.0 0.0 0.0 0.0 0.0 0.0 0.0 0.0 0.0 4.0452 4.0452 4.0452 4.0452
2.704 0 3 1.0 0.0 0.0 0.0 0.0 0.0 0.0 0.0 0.0 0.0 4.0452 4.0452 4.0452 4.0452
2.705 0 3 1.0 0.0 0.0 0.0 0.0 0.0 0.0 0.0 0.0 0.0 4.0452 4.0452 4.0452 4.0452
2.706 0 3 1.0 0.0 0.0 0.0 0.0 0.0 0.0 0.0 0.0 0.0 4.0452 4.0452 4.0452 4.0452
2.707 0 3 1.0 0.0 0.0 0.0 0.0 0.0 0.0 0.0 0.0 0.0 4.0452 4.0452 4.0452 4.0452
2.708 0 3 1.0 0.0 0.0 0.0 0.0 0.0 0.0 0.0 0.0 0.0 4.0452 4.0452 4.0452 4.0452
2.709 0 3 1.0 0.0 0.0 0.0 0.0 0.0 0.0 0.0 0.0 0.0 4.0452 4.0452 4.0452 4.0452
2.71 0 3 1.0 0.0 0.0 0.0 0.0 0.0 0.0 0.0 0.0 0.0 4.0452 4.0452 4.0452 4.0452
2.711 0 3 1.0 0.0 0.0 0.0 0.0 0.0 0.0 0.0 0.0 0.0 4.0452 4.0452 4.0452 4.0452
2.712 0 3 1.0 0.0 0.0 0.0 0.0 0.0 0.0 0.0 0.0 0.0 4.0452 4.0452 4.0452 4.0452
2.713 0 3 1.0 0.0 0.0 0.0 0.0 0.0 0.0 0.0 0.0 0.0 4.0452 4.0452 4.0452 4.0452
2.714 0 3 1.0 0.0 0.0 0.0 0.0 0.0 0.0 0.0 0.0 0.0 4.0452 4.0452 4.0452 4.0452
2.715 0 3 1.0 0.0 0.0 0.0 0.0 0.0 0.0 0.0 0.0 0.0 4.0452 4.0452 4.0452 4.0452
2.716 0 3 1.0 0.0 0.0 0.0 0.0 0.0 0.0 0.0 0.0 0.0 4.0452 4.0452 4.0452 4.0452
2.717 0 3 1.0 0.0 0.0 0.0 0.0 0.0 0.0 0.0 0.0 0.0 4.0452 4.0452 4.0452 4.0452
2.718 0 3 1.0 0.0 0.0 0.0 0.0 0.0 0.0 0.0 0.0 0.0 4.0452 4.0452 4.0452 4.0452
2.719 0 3 1.0 0.0 0.0 0.0 0.0 0.0 0.0 0.0 0.0 0.0 4.0452 4.0452 4.0452 4.0452
2.72 0 3 1.0 0.0 0.0 0.0 0.0 0.0 0.0 0.0 0.0 0.0 4.0452 4.0452 4.0452 4.0452
2.721 0 3 1.0 0.0 0.0 0.0 0.0 0.0 0.0 0.0 0.0 0.0 4.0452 4.0452 4.0452 4.0452
2.722 0 3 1.0 0.0 0.0 0.0 0.0 0.0 0.0 0.0 0.0 0.0 4.0452 4.0452 4.0452 4.0452
2.723 0 3 1.0 0.0 0.0 0.0 0.0 0.0 0.0 0.0 0.0 0.0 4.0452 4.0452 4.0452 4.0452
2.724 0 3 1.0 0.0 0.0 0.0 0.0 0.0 0.0 0.0 0.0 0.0 4.0452 4.0452 4.0452 4.0452
2.725 0 3 1.0 0.0 0.0 0.0 0.0 0.0 0.0 0.0 0.0 0.0 4.0452 4.0452 4.0452 4.0452
2.726 0 3 1.0 0.0 0.0 0.0 0.0 0.0 0.0 0.0 0.0 0.0 4.0452 4.0452 4.0452 4.0452
2.727 0 3 1.0 0.0 0.0 0.0 0.0 0.0 0.0 0.0 0.0 0.0 4.0452 4.0452 4.0452 4.0452
2.728 0 3 1.0 0.0 0.0 0.0 0.0 0.0 0.0 0.0 0.0 0.0 4.0452 4.0452 4.0452 4.0452
2.729 0 3 1.0 0.0 0.0 0.0 0.0 0.0 0.0 0.0 0.0 0.0 4.0452 4.0452 4.0452 4.0452
2.73 0 3 1.0 0.0 0.0 0.0 0.0 0.0 0.0 0.0 0.0 0.0 4.0452 4.0452 4.0452 4.0452
2.731 0 3 1.0 0.0 0.0 0.0 0.0 0.0 0.0 0.0 0.0 0.0 4.0452 4.0452 4.0452 4.0452
2.732 0 3 1.0 0.0 0.0 0.0 0.0 0.0 0.0 0.0 0.0 0.0 4.0452 4.0452 4.0452 4.0452
2.733 0 3 1.0 0.0 0.0 0.0 0.0 0.0 0.0 0.0 0.0 0.0 4.0452 4.0452 4.0452 4.0452
2.734 0 3 1.0 0.0 0.0 0.0 0.0 0.0 0.0 0.0 0.0 0.0 4.0452 4.0452 4.0452 4.0452
2.735 0 3 1.0 0.0 0.0 0.0 0.0 0.0 0.0 0.0 0.0 0.0 4.0452 4.0452 4.0452 4.0452
2.736 0 3 1.0 0.0 0.0 0.0 0.0 0.0 0.0 0.0 0.0 0.0 4.0452 4.0452 4.0452 4.0452
2.737 0 3 1.0 0.0 0.0 0.0 0.0 0.0 0.0 0.0 0.0 0.0 4.0452 4.0452 4.0452 4.0452
2.738 0 3 1.0 0.0 0.0 0.0 0.0 0.0 0.0 0.0 0.0 0.0 4.0452 4.0452 4.0452 4.0452
2.739 0 3 1.0 0.0 0.0 0.0 0.0 0.0 0.0 0.0 0.0 0.0 4.0452 4.0452 4.0452 4.0452
2.74 0 3 1.0 0.0 0.0 0.0 0.0 0.0 0.0 0.0 0.0 0.0 4.0452 4.0452 4.0452 4.0452
2.741 0 3 1.0 0.0 0.0 0.0 0.0 0.0 0.0 0.0 0.0 0.0 4.0452 4.0452 4.0452 4.0452
2.742 0 3 1.0 0.0 0.0 0.0 0.0 0.0 0.0 0.0 0.0 0.0 4.0452 4.0452 4.0452 4.0452
2.743 0 3 1.0 0.0 0.0 0.0 0.0 0.0 0.0 0.0 0.0 0.0 4.0452 4.0452 4.0452 4.0452
2.744 0 3 1.0 0.0 0.0 0.0 0.0 0.0 0.0 0.0 0.0 0.0 4.0452 4.0452 4.0452 4.0452
2.745 0 3 1.0 0.0 0.0 0.0 0.0 0.0 0.0 0.0 0.0 0.0 4.0452 4.0452 4.0452 4.0452
2.746 0 3 1.0 0.0 0.0 0.0 0.0 0.0 0.0 0.0 0.0 0.0 4.0452 4.0452 4.0452 4.0452
2.747 0 3 1.0 0.0 0.0 0.0 0.0 0.0 0.0 0.0 0.0 0.0 4.0452 4.0452 4.0452 4.0452
2.748 0 3 1.0 0.0 0.0 0.0 0.0 0.0 0.0 0.0 0.0 0.0 4.0452 4.0452 4.0452 4.0452
2.749 0 3 1.0 0.0 0.0 0.0 0.0 0.0 0.0 0.0 0.0 0.0 4.0452 4.0452 4.0452 4.0452
2.75 0 3 1.0 0.0 0.0 0.0 0.0 0.0 0.0 0.0 0.0 0.0 4.0452 4.0452 4.0452 4.0452
2.751 0 3 1.0 0.0 0.0 0.0 0.0 0.0 0.0 0.0 0.0 0.0 4.0452 4.0452 4.0452 4.0452
2.7520000000000002 0 3 1.0 0.0 0.0 0.0 0.0 0.0 0.0 0.0 0.0 0.0 4.0452 4.0452 4.0452 4.0452
2.753 0 3 1.0 0.0 0.0 0.0 0.0 0.0 0.0 0.0 0.0 0.0 4.0452 4.0452 4.0452 4.0452
2.754 0 3 1.0 0.0 0.0 0.0 0.0 0.0 0.0 0.0 0.0 0.0 4.0452 4.0452 4.0452 4.0452
2.755 0 3 1.0 0.0 0.0 0.0 0.0 0.0 0.0 0.0 0.0 0.0 4.0452 4.0452 4.0452 4.0452
2.7560000000000002 0 3 1.0 0.0 0.0 0.0 0.0 0.0 0.0 0.0 0.0 0.0 4.0452 4.0452 4.0452 4.0452
2.757 0 3 1.0 0.0 0.0 0.0 0.0 0.0 0.0 0.0 0.0 0.0 4.0452 4.0452 4.0452 4.0452
2.758 0 3 1.0 0.0 0.0 0.0 0.0 0.0 0.0 0.0 0.0 0.0 4.0452 4.0452 4.0452 4.0452
2.759 0 3 1.0 0.0 0.0 0.0 0.0 0.0 0.0 0.0 0.0 0.0 4.0452 4.0452 4.0452 4.0452
2.7600000000000002 0 3 1.0 0.0 0.0 0.0 0.0 0.0 0.0 0.0 0.0 0.0 4.0452 4.0452 4.0452 4.0452
2.761 0 3 1.0 0.0 0.0 0.0 0.0 0.0 0.0 0.0 0.0 0.0 4.0452 4.0452 4.0452 4.0452
2.762 0 3 1.0 0.0 0.0 0.0 0.0 0.0 0.0 0.0 0.0 0.0 4.0452 4.0452 4.0452 4.0452
2.763 0 3 1.0 0.0 0.0 0.0 0.0 0.0 0.0 0.0 0.0 0.0 4.0452 4.0452 4.0452 4.0452
2.7640000000000002 0 3 1.0 0.0 0.0 0.0 0.0 0.0 0.0 0.0 0.0 0.0 4.0452 4.0452 4.0452 4.0452
2.765 0 3 1.0 0.0 0.0 0.0 0.0 0.0 0.0 0.0 0.0 0.0 4.0452 4.0452 4.0452 4.0452
2.766 0 3 1.0 0.0 0.0 0.0 0.0 0.0 0.0 0.0 0.0 0.0 4.0452 4.0452 4.0452 4.0452
2.767 0 3 1.0 0.0 0.0 0.0 0.0 0.0 0.0 0.0 0.0 0.0 4.0452 4.0452 4.0452 4.0452
2.7680000000000002 0 3 1.0 0.0 0.0 0.0 0.0 0.0 0.0 0.0 0.0 0.0 4.0452 4.0452 4.0452 4.0452
2.769 0 3 1.0 0.0 0.0 0.0 0.0 0.0 0.0 0.0 0.0 0.0 4.0452 4.0452 4.0452 4.0452
2.77 0 3 1.0 0.0 0.0 0.0 0.0 0.0 0.0 0.0 0.0 0.0 4.0452 4.0452 4.0452 4.0452
2.771 0 3 1.0 0.0 0.0 0.0 0.0 0.0 0.0 0.0 0.0 0.0 4.0452 4.0452 4.0452 4.0452
2.7720000000000002 0 3 1.0 0.0 0.0 0.0 0.0 0.0 0.0 0.0 0.0 0.0 4.0452 4.0452 4.0452 4.0452
2.773 0 3 1.0 0.0 0.0 0.0 0.0 0.0 0.0 0.0 0.0 0.0 4.0452 4.0452 4.0452 4.0452
2.774 0 3 1.0 0.0 0.0 0.0 0.0 0.0 0.0 0.0 0.0 0.0 4.0452 4.0452 4.0452 4.0452
2.775 0 3 1.0 0.0 0.0 0.0 0.0 0.0 0.0 0.0 0.0 0.0 4.0452 4.0452 4.0452 4.0452
2.7760000000000002 0 3 1.0 0.0 0.0 0.0 0.0 0.0 0.0 0.0 0.0 0.0 4.0452 4.0452 4.0452 4.0452
2.777 0 3 1.0 0.0 0.0 0.0 0.0 0.0 0.0 0.0 0.0 0.0 4.0452 4.0452 4.0452 4.0452
2.778 0 3 1.0 0.0 0.0 0.0 0.0 0.0 0.0 0.0 0.0 0.0 4.0452 4.0452 4.0452 4.0452
2.779 0 3 1.0 0.0 0.0 0.0 0.0 0.0 0.0 0.0 0.0 0.0 4.0452 4.0452 4.0452 4.0452
2.7800000000000002 0 3 1.0 0.0 0.0 0.0 0.0 0.0 0.0 0.0 0.0 0.0 4.0452 4.0452 4.0452 4.0452
2.781 0 3 1.0 0.0 0.0 0.0 0.0 0.0 0.0 0.0 0.0 0.0 4.0452 4.0452 4.0452 4.0452
2.782 0 3 1.0 0.0 0.0 0.0 0.0 0.0 0.0 0.0 0.0 0.0 4.0452 4.0452 4.0452 4.0452
2.783 0 3 1.0 0.0 0.0 0.0 0.0 0.0 0.0 0.0 0.0 0.0 4.0452 4.0452 4.0452 4.0452
2.7840000000000003 0 3 1.0 0.0 0.0 0.0 0.0 0.0 0.0 0.0 0.0 0.0 4.0452 4.0452 4.0452 4.0452
2.785 0 3 1.0 0.0 0.0 0.0 0.0 0.0 0.0 0.0 0.0 0.0 4.0452 4.0452 4.0452 4.0452
2.786 0 3 1.0 0.0 0.0 0.0 0.0 0.0 0.0 0.0 0.0 0.0 4.0452 4.0452 4.0452 4.0452
2.787 0 3 1.0 0.0 0.0 0.0 0.0 0.0 0.0 0.0 0.0 0.0 4.0452 4.0452 4.0452 4.0452
2.7880000000000003 0 3 1.0 0.0 0.0 0.0 0.0 0.0 0.0 0.0 0.0 0.0 4.0452 4.0452 4.0452 4.0452
2.789 0 3 1.0 0.0 0.0 0.0 0.0 0.0 0.0 0.0 0.0 0.0 4.0452 4.0452 4.0452 4.0452
2.79 0 3 1.0 0.0 0.0 0.0 0.0 0.0 0.0 0.0 0.0 0.0 4.0452 4.0452 4.0452 4.0452
2.791 0 3 1.0 0.0 0.0 0.0 0.0 0.0 0.0 0.0 0.0 0.0 4.0452 4.0452 4.0452 4.0452
2.7920000000000003 0 3 1.0 0.0 0.0 0.0 0.0 0.0 0.0 0.0 0.0 0.0 4.0452 4.0452 4.0452 4.0452
2.793 0 3 1.0 0.0 0.0 0.0 0.0 0.0 0.0 0.0 0.0 0.0 4.0452 4.0452 4.0452 4.0452
2.794 0 3 1.0 0.0 0.0 0.0 0.0 0.0 0.0 0.0 0.0 0.0 4.0452 4.0452 4.0452 4.0452
2.795 0 3 1.0 0.0 0.0 0.0 0.0 0.0 0.0 0.0 0.0 0.0 4.0452 4.0452 4.0452 4.0452
2.7960000000000003 0 3 1.0 0.0 0.0 0.0 0.0 0.0 0.0 0.0 0.0 0.0 4.0452 4.0452 4.0452 4.0452
2.797 0 3 1.0 0.0 0.0 0.0 0.0 0.0 0.0 0.0 0.0 0.0 4.0452 4.0452 4.0452 4.0452
2.798 0 3 1.0 0.0 0.0 0.0 0.0 0.0 0.0 0.0 0.0 0.0 4.0452 4.0452 4.0452 4.0452
2.799 0 3 1.0 0.0 0.0 0.0 0.0 0.0 0.0 0.0 0.0 0.0 4.0452 4.0452 4.0452 4.0452
2.8000000000000003 0 3 1.0 0.0 0.0 0.0 0.0 0.0 0.0 0.0 0.0 0.0 4.0452 4.0452 4.0452 4.0452
2.801 0 3 1.0 0.0 0.0 0.0 0.0 0.0 0.0 0.0 0.0 0.0 4.0452 4.0452 4.0452 4.0452
2.802 0 3 1.0 0.0 0.0 0.0 0.0 0.0 0.0 0.0 0.0 0.0 4.0452 4.0452 4.0452 4.0452
2.803 0 3 1.0 0.0 0.0 0.0 0.0 0.0 0.0 0.0 0.0 0.0 4.0452 4.0452 4.0452 4.0452
2.8040000000000003 0 3 1.0 0.0 0.0 0.0 0.0 0.0 0.0 0.0 0.0 0.0 4.0452 4.0452 4.0452 4.0452
2.805 0 3 1.0 0.0 0.0 0.0 0.0 0.0 0.0 0.0 0.0 0.0 4.0452 4.0452 4.0452 4.0452
2.806 0 3 1.0 0.0 0.0 0.0 0.0 0.0 0.0 0.0 0.0 0.0 4.0452 4.0452 4.0452 4.0452
2.807 0 3 1.0 0.0 0.0 0.0 0.0 0.0 0.0 0.0 0.0 0.0 4.0452 4.0452 4.0452 4.0452
2.8080000000000003 0 3 1.0 0.0 0.0 0.0 0.0 0.0 0.0 0.0 0.0 0.0 4.0452 4.0452 4.0452 4.0452
2.809 0 3 1.0 0.0 0.0 0.0 0.0 0.0 0.0 0.0 0.0 0.0 4.0452 4.0452 4.0452 4.0452
2.81 0 3 1.0 0.0 0.0 0.0 0.0 0.0 0.0 0.0 0.0 0.0 4.0452 4.0452 4.0452 4.0452
2.811 0 3 1.0 0.0 0.0 0.0 0.0 0.0 0.0 0.0 0.0 0.0 4.0452 4.0452 4.0452 4.0452
2.8120000000000003 0 3 1.0 0.0 0.0 0.0 0.0 0.0 0.0 0.0 0.0 0.0 4.0452 4.0452 4.0452 4.0452
2.813 0 3 1.0 0.0 0.0 0.0 0.0 0.0 0.0 0.0 0.0 0.0 4.0452 4.0452 4.0452 4.0452
2.814 0 3 1.0 0.0 0.0 0.0 0.0 0.0 0.0 0.0 0.0 0.0 4.0452 4.0452 4.0452 4.0452
2.815 0 3 1.0 0.0 0.0 0.0 0.0 0.0 0.0 0.0 0.0 0.0 4.0452 4.0452 4.0452 4.0452
2.816 0 3 1.0 0.0 0.0 0.0 0.0 0.0 0.0 0.0 0.0 0.0 4.0452 4.0452 4.0452 4.0452
2.817 0 3 1.0 0.0 0.0 0.0 0.0 0.0 0.0 0.0 0.0 0.0 4.0452 4.0452 4.0452 4.0452
2.818 0 3 1.0 0.0 0.0 0.0 0.0 0.0 0.0 0.0 0.0 0.0 4.0452 4.0452 4.0452 4.0452
2.819 0 3 1.0 0.0 0.0 0.0 0.0 0.0 0.0 0.0 0.0 0.0 4.0452 4.0452 4.0452 4.0452
2.82 0 3 1.0 0.0 0.0 0.0 0.0 0.0 0.0 0.0 0.0 0.0 4.0452 4.0452 4.0452 4.0452
2.821 0 3 1.0 0.0 0.0 0.0 0.0 0.0 0.0 0.0 0.0 0.0 4.0452 4.0452 4.0452 4.0452
2.822 0 3 1.0 0.0 0.0 0.0 0.0 0.0 0.0 0.0 0.0 0.0 4.0452 4.0452 4.0452 4.0452
2.823 0 3 1.0 0.0 0.0 0.0 0.0 0.0 0.0 0.0 0.0 0.0 4.0452 4.0452 4.0452 4.0452
2.824 0 3 1.0 0.0 0.0 0.0 0.0 0.0 0.0 0.0 0.0 0.0 4.0452 4.0452 4.0452 4.0452
2.825 0 3 1.0 0.0 0.0 0.0 0.0 0.0 0.0 0.0 0.0 0.0 4.0452 4.0452 4.0452 4.0452
2.826 0 3 1.0 0.0 0.0 0.0 0.0 0.0 0.0 0.0 0.0 0.0 4.0452 4.0452 4.0452 4.0452
2.827 0 3 1.0 0.0 0.0 0.0 0.0 0.0 0.0 0.0 0.0 0.0 4.0452 4.0452 4.0452 4.0452
2.828 0 3 1.0 0.0 0.0 0.0 0.0 0.0 0.0 0.0 0.0 0.0 4.0452 4.0452 4.0452 4.0452
2.829 0 3 1.0 0.0 0.0 0.0 0.0 0.0 0.0 0.0 0.0 0.0 4.0452 4.0452 4.0452 4.0452
2.83 0 3 1.0 0.0 0.0 0.0 0.0 0.0 0.0 0.0 0.0 0.0 4.0452 4.0452 4.0452 4.0452
2.831 0 3 1.0 0.0 0.0 0.0 0.0 0.0 0.0 0.0 0.0 0.0 4.0452 4.0452 4.0452 4.0452
2.832 0 3 1.0 0.0 0.0 0.0 0.0 0.0 0.0 0.0 0.0 0.0 4.0452 4.0452 4.0452 4.0452
2.833 0 3 1.0 0.0 0.0 0.0 0.0 0.0 0.0 0.0 0.0 0.0 4.0452 4.0452 4.0452 4.0452
2.834 0 3 1.0 0.0 0.0 0.0 0.0 0.0 0.0 0.0 0.0 0.0 4.0452 4.0452 4.0452 4.0452
2.835 0 3 1.0 0.0 0.0 0.0 0.0 0.0 0.0 0.0 0.0 0.0 4.0452 4.0452 4.0452 4.0452
2.836 0 3 1.0 0.0 0.0 0.0 0.0 0.0 0.0 0.0 0.0 0.0 4.0452 4.0452 4.0452 4.0452
2.837 0 3 1.0 0.0 0.0 0.0 0.0 0.0 0.0 0.0 0.0 0.0 4.0452 4.0452 4.0452 4.0452
2.838 0 3 1.0 0.0 0.0 0.0 0.0 0.0 0.0 0.0 0.0 0.0 4.0452 4.0452 4.0452 4.0452
2.839 0 3 1.0 0.0 0.0 0.0 0.0 0.0 0.0 0.0 0.0 0.0 4.0452 4.0452 4.0452 4.0452
2.84 0 3 1.0 0.0 0.0 0.0 0.0 0.0 0.0 0.0 0.0 0.0 4.0452 4.0452 4.0452 4.0452
2.841 0 3 1.0 0.0 0.0 0.0 0.0 0.0 0.0 0.0 0.0 0.0 4.0452 4.0452 4.0452 4.0452
2.842 0 3 1.0 0.0 0.0 0.0 0.0 0.0 0.0 0.0 0.0 0.0 4.0452 4.0452 4.0452 4.0452
2.843 0 3 1.0 0.0 0.0 0.0 0.0 0.0 0.0 0.0 0.0 0.0 4.0452 4.0452 4.0452 4.0452
2.844 0 3 1.0 0.0 0.0 0.0 0.0 0.0 0.0 0.0 0.0 0.0 4.0452 4.0452 4.0452 4.0452
2.845 0 3 1.0 0.0 0.0 0.0 0.0 0.0 0.0 0.0 0.0 0.0 4.0452 4.0452 4.0452 4.0452
2.846 0 3 1.0 0.0 0.0 0.0 0.0 0.0 0.0 0.0 0.0 0.0 4.0452 4.0452 4.0452 4.0452
2.847 0 3 1.0 0.0 0.0 0.0 0.0 0.0 0.0 0.0 0.0 0.0 4.0452 4.0452 4.0452 4.0452
2.848 0 3 1.0 0.0 0.0 0.0 0.0 0.0 0.0 0.0 0.0 0.0 4.0452 4.0452 4.0452 4.0452
2.849 0 3 1.0 0.0 0.0 0.0 0.0 0.0 0.0 0.0 0.0 0.0 4.0452 4.0452 4.0452 4.0452
2.85 0 3 1.0 0.0 0.0 0.0 0.0 0.0 0.0 0.0 0.0 0.0 4.0452 4.0452 4.0452 4.0452
2.851 0 3 1.0 0.0 0.0 0.0 0.0 0.0 0.0 0.0 0.0 0.0 4.0452 4.0452 4.0452 4.0452
2.852 0 3 1.0 0.0 0.0 0.0 0.0 0.0 0.0 0.0 0.0 0.0 4.0452 4.0452 4.0452 4.0452
2.853 0 3 1.0 0.0 0.0 0.0 0.0 0.0 0.0 0.0 0.0 0.0 4.0452 4.0452 4.0452 4.0452
2.854 0 3 1.0 0.0 0.0 0.0 0.0 0.0 0.0 0.0 0.0 0.0 4.0452 4.0452 4.0452 4.0452
2.855 0 3 1.0 0.0 0.0 0.0 0.0 0.0 0.0 0.0 0.0 0.0 4.0452 4.0452 4.0452 4.0452
2.856 0 3 1.0 0.0 0.0 0.0 0.0 0.0 0.0 0.0 0.0 0.0 4.0452 4.0452 4.0452 4.0452
2.857 0 3 1.0 0.0 0.0 0.0 0.0 0.0 0.0 0.0 0.0 0.0 4.0452 4.0452 4.0452 4.0452
2.858 0 3 1.0 0.0 0.0 0.0 0.0 0.0 0.0 0.0 0.0 0.0 4.0452 4.0452 4.0452 4.0452
2.859 0 3 1.0 0.0 0.0 0.0 0.0 0.0 0.0 0.0 0.0 0.0 4.0452 4.0452 4.0452 4.0452
2.86 0 3 1.0 0.0 0.0 0.0 0.0 0.0 0.0 0.0 0.0 0.0 4.0452 4.0452 4.0452 4.0452
2.861 0 3 1.0 0.0 0.0 0.0 0.0 0.0 0.0 0.0 0.0 0.0 4.0452 4.0452 4.0452 4.0452
2.862 0 3 1.0 0.0 0.0 0.0 0.0 0.0 0.0 0.0 0.0 0.0 4.0452 4.0452 4.0452 4.0452
2.863 0 3 1.0 0.0 0.0 0.0 0.0 0.0 0.0 0.0 0.0 0.0 4.0452 4.0452 4.0452 4.0452
2.864 0 3 1.0 0.0 0.0 0.0 0.0 0.0 0.0 0.0 0.0 0.0 4.0452 4.0452 4.0452 4.0452
2.865 0 3 1.0 0.0 0.0 0.0 0.0 0.0 0.0 0.0 0.0 0.0 4.0452 4.0452 4.0452 4.0452
2.866 0 3 1.0 0.0 0.0 0.0 0.0 0.0 0.0 0.0 0.0 0.0 4.0452 4.0452 4.0452 4.0452
2.867 0 3 1.0 0.0 0.0 0.0 0.0 0.0 0.0 0.0 0.0 0.0 4.0452 4.0452 4.0452 4.0452
2.868 0 3 1.0 0.0 0.0 0.0 0.0 0.0 0.0 0.0 0.0 0.0 4.0452 4.0452 4.0452 4.0452
2.869 0 3 1.0 0.0 0.0 0.0 0.0 0.0 0.0 0.0 0.0 0.0 4.0452 4.0452 4.0452 4.0452
2.87 0 3 1.0 0.0 0.0 0.0 0.0 0.0 0.0 0.0 0.0 0.0 4.0452 4.0452 4.0452 4.0452
2.871 0 3 1.0 0.0 0.0 0.0 0.0 0.0 0.0 0.0 0.0 0.0 4.0452 4.0452 4.0452 4.0452
2.872 0 3 1.0 0.0 0.0 0.0 0.0 0.0 0.0 0.0 0.0 0.0 4.0452 4.0452 4.0452 4.0452
2.873 0 3 1.0 0.0 0.0 0.0 0.0 0.0 0.0 0.0 0.0 0.0 4.0452 4.0452 4.0452 4.0452
2.874 0 3 1.0 0.0 0.0 0.0 0.0 0.0 0.0 0.0 0.0 0.0 4.0452 4.0452 4.0452 4.0452
2.875 0 3 1.0 0.0 0.0 0.0 0.0 0.0 0.0 0.0 0.0 0.0 4.0452 4.0452 4.0452 4.0452
2.876 0 3 1.0 0.0 0.0 0.0 0.0 0.0 0.0 0.0 0.0 0.0 4.0452 4.0452 4.0452 4.0452
2.8770000000000002 0 3 1.0 0.0 0.0 0.0 0.0 0.0 0.0 0.0 0.0 0.0 4.0452 4.0452 4.0452 4.0452
2.878 0 3 1.0 0.0 0.0 0.0 0.0 0.0 0.0 0.0 0.0 0.0 4.0452 4.0452 4.0452 4.0452
2.879 0 3 1.0 0.0 0.0 0.0 0.0 0.0 0.0 0.0 0.0 0.0 4.0452 4.0452 4.0452 4.0452
2.88 0 3 1.0 0.0 0.0 0.0 0.0 0.0 0.0 0.0 0.0 0.0 4.0452 4.0452 4.0452 4.0452
2.8810000000000002 0 3 1.0 0.0 0.0 0.0 0.0 0.0 0.0 0.0 0.0 0.0 4.0452 4.0452 4.0452 4.0452
2.882 0 3 1.0 0.0 0.0 0.0 0.0 0.0 0.0 0.0 0.0 0.0 4.0452 4.0452 4.0452 4.0452
2.883 0 3 1.0 0.0 0.0 0.0 0.0 0.0 0.0 0.0 0.0 0.0 4.0452 4.0452 4.0452 4.0452
2.884 0 3 1.0 0.0 0.0 0.0 0.0 0.0 0.0 0.0 0.0 0.0 4.0452 4.0452 4.0452 4.0452
2.8850000000000002 0 3 1.0 0.0 0.0 0.0 0.0 0.0 0.0 0.0 0.0 0.0 4.0452 4.0452 4.0452 4.0452
2.886 0 3 1.0 0.0 0.0 0.0 0.0 0.0 0.0 0.0 0.0 0.0 4.0452 4.0452 4.0452 4.0452
2.887 0 3 1.0 0.0 0.0 0.0 0.0 0.0 0.0 0.0 0.0 0.0 4.0452 4.0452 4.0452 4.0452
2.888 0 3 1.0 0.0 0.0 0.0 0.0 0.0 0.0 0.0 0.0 0.0 4.0452 4.0452 4.0452 4.0452
2.8890000000000002 0 3 1.0 0.0 0.0 0.0 0.0 0.0 0.0 0.0 0.0 0.0 4.0452 4.0452 4.0452 4.0452
2.89 0 3 1.0 0.0 0.0 0.0 0.0 0.0 0.0 0.0 0.0 0.0 4.0452 4.0452 4.0452 4.0452
2.891 0 3 1.0 0.0 0.0 0.0 0.0 0.0 0.0 0.0 0.0 0.0 4.0452 4.0452 4.0452 4.0452
2.892 0 3 1.0 0.0 0.0 0.0 0.0 0.0 0.0 0.0 0.0 0.0 4.0452 4.0452 4.0452 4.0452
2.8930000000000002 0 3 1.0 0.0 0.0 0.0 0.0 0.0 0.0 0.0 0.0 0.0 4.0452 4.0452 4.0452 4.0452
2.894 0 3 1.0 0.0 0.0 0.0 0.0 0.0 0.0 0.0 0.0 0.0 4.0452 4.0452 4.0452 4.0452
2.895 0 3 1.0 0.0 0.0 0.0 0.0 0.0 0.0 0.0 0.0 0.0 4.0452 4.0452 4.0452 4.0452
2.896 0 3 1.0 0.0 0.0 0.0 0.0 0.0 0.0 0.0 0.0 0.0 4.0452 4.0452 4.0452 4.0452
2.8970000000000002 0 3 1.0 0.0 0.0 0.0 0.0 0.0 0.0 0.0 0.0 0.0 4.0452 4.0452 4.0452 4.0452
2.898 0 3 1.0 0.0 0.0 0.0 0.0 0.0 0.0 0.0 0.0 0.0 4.0452 4.0452 4.0452 4.0452
2.899 0 3 1.0 0.0 0.0 0.0 0.0 0.0 0.0 0.0 0.0 0.0 4.0452 4.0452 4.0452 4.0452
2.9 0 3 1.0 0.0 0.0 0.0 0.0 0.0 0.0 0.0 0.0 0.0 4.0452 4.0452 4.0452 4.0452
2.9010000000000002 0 3 1.0 0.0 0.0 0.0 0.0 0.0 0.0 0.0 0.0 0.0 4.0452 4.0452 4.0452 4.0452
2.902 0 3 1.0 0.0 0.0 0.0 0.0 0.0 0.0 0.0 0.0 0.0 4.0452 4.0452 4.0452 4.0452
2.903 0 3 1.0 0.0 0.0 0.0 0.0 0.0 0.0 0.0 0.0 0.0 4.0452 4.0452 4.0452 4.0452
2.904 0 3 1.0 0.0 0.0 0.0 0.0 0.0 0.0 0.0 0.0 0.0 4.0452 4.0452 4.0452 4.0452
2.9050000000000002 0 3 1.0 0.0 0.0 0.0 0.0 0.0 0.0 0.0 0.0 0.0 4.0452 4.0452 4.0452 4.0452
2.906 0 3 1.0 0.0 0.0 0.0 0.0 0.0 0.0 0.0 0.0 0.0 4.0452 4.0452 4.0452 4.0452
2.907 0 3 1.0 0.0 0.0 0.0 0.0 0.0 0.0 0.0 0.0 0.0 4.0452 4.0452 4.0452 4.0452
2.908 0 3 1.0 0.0 0.0 0.0 0.0 0.0 0.0 0.0 0.0 0.0 4.0452 4.0452 4.0452 4.0452
2.9090000000000003 0 3 1.0 0.0 0.0 0.0 0.0 0.0 0.0 0.0 0.0 0.0 4.0452 4.0452 4.0452 4.0452
2.91 0 3 1.0 0.0 0.0 0.0 0.0 0.0 0.0 0.0 0.0 0.0 4.0452 4.0452 4.0452 4.0452
2.911 0 3 1.0 0.0 0.0 0.0 0.0 0.0 0.0 0.0 0.0 0.0 4.0452 4.0452 4.0452 4.0452
2.912 0 3 1.0 0.0 0.0 0.0 0.0 0.0 0.0 0.0 0.0 0.0 4.0452 4.0452 4.0452 4.0452
2.9130000000000003 0 3 1.0 0.0 0.0 0.0 0.0 0.0 0.0 0.0 0.0 0.0 4.0452 4.0452 4.0452 4.0452
2.914 0 3 1.0 0.0 0.0 0.0 0.0 0.0 0.0 0.0 0.0 0.0 4.0452 4.0452 4.0452 4.0452
2.915 0 3 1.0 0.0 0.0 0.0 0.0 0.0 0.0 0.0 0.0 0.0 4.0452 4.0452 4.0452 4.0452
2.916 0 3 1.0 0.0 0.0 0.0 0.0 0.0 0.0 0.0 0.0 0.0 4.0452 4.0452 4.0452 4.0452
2.9170000000000003 0 3 1.0 0.0 0.0 0.0 0.0 0.0 0.0 0.0 0.0 0.0 4.0452 4.0452 4.0452 4.0452
2.918 0 3 1.0 0.0 0.0 0.0 0.0 0.0 0.0 0.0 0.0 0.0 4.0452 4.0452 4.0452 4.0452
2.919 0 3 1.0 0.0 0.0 0.0 0.0 0.0 0.0 0.0 0.0 0.0 4.0452 4.0452 4.0452 4.0452
2.92 0 3 1.0 0.0 0.0 0.0 0.0 0.0 0.0 0.0 0.0 0.0 4.0452 4.0452 4.0452 4.0452
2.9210000000000003 0 3 1.0 0.0 0.0 0.0 0.0 0.0 0.0 0.0 0.0 0.0 4.0452 4.0452 4.0452 4.0452
2.922 0 3 1.0 0.0 0.0 0.0 0.0 0.0 0.0 0.0 0.0 0.0 4.0452 4.0452 4.0452 4.0452
2.923 0 3 1.0 0.0 0.0 0.0 0.0 0.0 0.0 0.0 0.0 0.0 4.0452 4.0452 4.0452 4.0452
2.924 0 3 1.0 0.0 0.0 0.0 0.0 0.0 0.0 0.0 0.0 0.0 4.0452 4.0452 4.0452 4.0452
2.9250000000000003 0 3 1.0 0.0 0.0 0.0 0.0 0.0 0.0 0.0 0.0 0.0 4.0452 4.0452 4.0452 4.0452
2.926 0 3 1.0 0.0 0.0 0.0 0.0 0.0 0.0 0.0 0.0 0.0 4.0452 4.0452 4.0452 4.0452
2.927 0 3 1.0 0.0 0.0 0.0 0.0 0.0 0.0 0.0 0.0 0.0 4.0452 4.0452 4.0452 4.0452
2.928 0 3 1.0 0.0 0.0 0.0 0.0 0.0 0.0 0.0 0.0 0.0 4.0452 4.0452 4.0452 4.0452
2.9290000000000003 0 3 1.0 0.0 0.0 0.0 0.0 0.0 0.0 0.0 0.0 0.0 4.0452 4.0452 4.0452 4.0452
2.93 0 3 1.0 0.0 0.0 0.0 0.0 0.0 0.0 0.0 0.0 0.0 4.0452 4.0452 4.0452 4.0452
2.931 0 3 1.0 0.0 0.0 0.0 0.0 0.0 0.0 0.0 0.0 0.0 4.0452 4.0452 4.0452 4.0452
2.932 0 3 1.0 0.0 0.0 0.0 0.0 0.0 0.0 0.0 0.0 0.0 4.0452 4.0452 4.0452 4.0452
2.9330000000000003 0 3 1.0 0.0 0.0 0.0 0.0 0.0 0.0 0.0 0.0 0.0 4.0452 4.0452 4.0452 4.0452
2.934 0 3 1.0 0.0 0.0 0.0 0.0 0.0 0.0 0.0 0.0 0.0 4.0452 4.0452 4.0452 4.0452
2.935 0 3 1.0 0.0 0.0 0.0 0.0 0.0 0.0 0.0 0.0 0.0 4.0452 4.0452 4.0452 4.0452
2.936 0 3 1.0 0.0 0.0 0.0 0.0 0.0 0.0 0.0 0.0 0.0 4.0452 4.0452 4.0452 4.0452
2.9370000000000003 0 3 1.0 0.0 0.0 0.0 0.0 0.0 0.0 0.0 0.0 0.0 4.0452 4.0452 4.0452 4.0452
2.938 0 3 1.0 0.0 0.0 0.0 0.0 0.0 0.0 0.0 0.0 0.0 4.0452 4.0452 4.0452 4.0452
2.939 0 3 1.0 0.0 0.0 0.0 0.0 0.0 0.0 0.0 0.0 0.0 4.0452 4.0452 4.0452 4.0452
2.94 0 3 1.0 0.0 0.0 0.0 0.0 0.0 0.0 0.0 0.0 0.0 4.0452 4.0452 4.0452 4.0452
2.9410000000000003 0 3 1.0 0.0 0.0 0.0 0.0 0.0 0.0 0.0 0.0 0.0 4.0452 4.0452 4.0452 4.0452
2.942 0 3 1.0 0.0 0.0 0.0 0.0 0.0 0.0 0.0 0.0 0.0 4.0452 4.0452 4.0452 4.0452
2.943 0 3 1.0 0.0 0.0 0.0 0.0 0.0 0.0 0.0 0.0 0.0 4.0452 4.0452 4.0452 4.0452
2.944 0 3 1.0 0.0 0.0 0.0 0.0 0.0 0.0 0.0 0.0 0.0 4.0452 4.0452 4.0452 4.0452
2.945 0 3 1.0 0.0 0.0 0.0 0.0 0.0 0.0 0.0 0.0 0.0 4.0452 4.0452 4.0452 4.0452
2.946 0 3 1.0 0.0 0.0 0.0 0.0 0.0 0.0 0.0 0.0 0.0 4.0452 4.0452 4.0452 4.0452
2.947 0 3 1.0 0.0 0.0 0.0 0.0 0.0 0.0 0.0 0.0 0.0 4.0452 4.0452 4.0452 4.0452
2.948 0 3 1.0 0.0 0.0 0.0 0.0 0.0 0.0 0.0 0.0 0.0 4.0452 4.0452 4.0452 4.0452
2.949 0 3 1.0 0.0 0.0 0.0 0.0 0.0 0.0 0.0 0.0 0.0 4.0452 4.0452 4.0452 4.0452
2.95 0 3 1.0 0.0 0.0 0.0 0.0 0.0 0.0 0.0 0.0 0.0 4.0452 4.0452 4.0452 4.0452
2.951 0 3 1.0 0.0 0.0 0.0 0.0 0.0 0.0 0.0 0.0 0.0 4.0452 4.0452 4.0452 4.0452
2.952 0 3 1.0 0.0 0.0 0.0 0.0 0.0 0.0 0.0 0.0 0.0 4.0452 4.0452 4.0452 4.0452
2.953 0 3 1.0 0.0 0.0 0.0 0.0 0.0 0.0 0.0 0.0 0.0 4.0452 4.0452 4.0452 4.0452
2.954 0 3 1.0 0.0 0.0 0.0 0.0 0.0 0.0 0.0 0.0 0.0 4.0452 4.0452 4.0452 4.0452
2.955 0 3 1.0 0.0 0.0 0.0 0.0 0.0 0.0 0.0 0.0 0.0 4.0452 4.0452 4.0452 4.0452
2.956 0 3 1.0 0.0 0.0 0.0 0.0 0.0 0.0 0.0 0.0 0.0 4.0452 4.0452 4.0452 4.0452
2.957 0 3 1.0 0.0 0.0 0.0 0.0 0.0 0.0 0.0 0.0 0.0 4.0452 4.0452 4.0452 4.0452
2.958 0 3 1.0 0.0 0.0 0.0 0.0 0.0 0.0 0.0 0.0 0.0 4.0452 4.0452 4.0452 4.0452
2.959 0 3 1.0 0.0 0.0 0.0 0.0 0.0 0.0 0.0 0.0 0.0 4.0452 4.0452 4.0452 4.0452
2.96 0 3 1.0 0.0 0.0 0.0 0.0 0.0 0.0 0.0 0.0 0.0 4.0452 4.0452 4.0452 4.0452
2.961 0 3 1.0 0.0 0.0 0.0 0.0 0.0 0.0 0.0 0.0 0.0 4.0452 4.0452 4.0452 4.0452
2.962 0 3 1.0 0.0 0.0 0.0 0.0 0.0 0.0 0.0 0.0 0.0 4.0452 4.0452 4.0452 4.0452
2.963 0 3 1.0 0.0 0.0 0.0 0.0 0.0 0.0 0.0 0.0 0.0 4.0452 4.0452 4.0452 4.0452
2.964 0 3 1.0 0.0 0.0 0.0 0.0 0.0 0.0 0.0 0.0 0.0 4.0452 4.0452 4.0452 4.0452
2.965 0 3 1.0 0.0 0.0 0.0 0.0 0.0 0.0 0.0 0.0 0.0 4.0452 4.0452 4.0452 4.0452
2.966 0 3 1.0 0.0 0.0 0.0 0.0 0.0 0.0 0.0 0.0 0.0 4.0452 4.0452 4.0452 4.0452
2.967 0 3 1.0 0.0 0.0 0.0 0.0 0.0 0.0 0.0 0.0 0.0 4.0452 4.0452 4.0452 4.0452
2.968 0 3 1.0 0.0 0.0 0.0 0.0 0.0 0.0 0.0 0.0 0.0 4.0452 4.0452 4.0452 4.0452
2.969 0 3 1.0 0.0 0.0 0.0 0.0 0.0 0.0 0.0 0.0 0.0 4.0452 4.0452 4.0452 4.0452
2.97 0 3 1.0 0.0 0.0 0.0 0.0 0.0 0.0 0.0 0.0 0.0 4.0452 4.0452 4.0452 4.0452
2.971 0 3 1.0 0.0 0.0 0.0 0.0 0.0 0.0 0.0 0.0 0.0 4.0452 4.0452 4.0452 4.0452
2.972 0 3 1.0 0.0 0.0 0.0 0.0 0.0 0.0 0.0 0.0 0.0 4.0452 4.0452 4.0452 4.0452
2.973 0 3 1.0 0.0 0.0 0.0 0.0 0.0 0.0 0.0 0.0 0.0 4.0452 4.0452 4.0452 4.0452
2.974 0 3 1.0 0.0 0.0 0.0 0.0 0.0 0.0 0.0 0.0 0.0 4.0452 4.0452 4.0452 4.0452
2.975 0 3 1.0 0.0 0.0 0.0 0.0 0.0 0.0 0.0 0.0 0.0 4.0452 4.0452 4.0452 4.0452
2.976 0 3 1.0 0.0 0.0 0.0 0.0 0.0 0.0 0.0 0.0 0.0 4.0452 4.0452 4.0452 4.0452
2.977 0 3 1.0 0.0 0.0 0.0 0.0 0.0 0.0 0.0 0.0 0.0 4.0452 4.0452 4.0452 4.0452
2.978 0 3 1.0 0.0 0.0 0.0 0.0 0.0 0.0 0.0 0.0 0.0 4.0452 4.0452 4.0452 4.0452
2.979 0 3 1.0 0.0 0.0 0.0 0.0 0.0 0.0 0.0 0.0 0.0 4.0452 4.0452 4.0452 4.0452
2.98 0 3 1.0 0.0 0.0 0.0 0.0 0.0 0.0 0.0 0.0 0.0 4.0452 4.0452 4.0452 4.0452
2.981 0 3 1.0 0.0 0.0 0.0 0.0 0.0 0.0 0.0 0.0 0.0 4.0452 4.0452 4.0452 4.0452
2.982 0 3 1.0 0.0 0.0 0.0 0.0 0.0 0.0 0.0 0.0 0.0 4.0452 4.0452 4.0452 4.0452
2.983 0 3 1.0 0.0 0.0 0.0 0.0 0.0 0.0 0.0 0.0 0.0 4.0452 4.0452 4.0452 4.0452
2.984 0 3 1.0 0.0 0.0 0.0 0.0 0.0 0.0 0.0 0.0 0.0 4.0452 4.0452 4.0452 4.0452
2.985 0 3 1.0 0.0 0.0 0.0 0.0 0.0 0.0 0.0 0.0 0.0 4.0452 4.0452 4.0452 4.0452
2.986 0 3 1.0 0.0 0.0 0.0 0.0 0.0 0.0 0.0 0.0 0.0 4.0452 4.0452 4.0452 4.0452
2.987 0 3 1.0 0.0 0.0 0.0 0.0 0.0 0.0 0.0 0.0 0.0 4.0452 4.0452 4.0452 4.0452
2.988 0 3 1.0 0.0 0.0 0.0 0.0 0.0 0.0 0.0 0.0 0.0 4.0452 4.0452 4.0452 4.0452
2.989 0 3 1.0 0.0 0.0 0.0 0.0 0.0 0.0 0.0 0.0 0.0 4.0452 4.0452 4.0452 4.0452
2.99 0 3 1.0 0.0 0.0 0.0 0.0 0.0 0.0 0.0 0.0 0.0 4.0452 4.0452 4.0452 4.0452
2.991 0 3 1.0 0.0 0.0 0.0 0.0 0.0 0.0 0.0 0.0 0.0 4.0452 4.0452 4.0452 4.0452
2.992 0 3 1.0 0.0 0.0 0.0 0.0 0.0 0.0 0.0 0.0 0.0 4.0452 4.0452 4.0452 4.0452
2.993 0 3 1.0 0.0 0.0 0.0 0.0 0.0 0.0 0.0 0.0 0.0 4.0452 4.0452 4.0452 4.0452
2.994 0 3 1.0 0.0 0.0 0.0 0.0 0.0 0.0 0.0 0.0 0.0 4.0452 4.0452 4.0452 4.0452
2.995 0 3 1.0 0.0 0.0 0.0 0.0 0.0 0.0 0.0 0.0 0.0 4.0452 4.0452 4.0452 4.0452
2.996 0 3 1.0 0.0 0.0 0.0 0.0 0.0 0.0 0.0 0.0 0.0 4.0452 4.0452 4.0452 4.0452
2.997 0 3 1.0 0.0 0.0 0.0 0.0 0.0 0.0 0.0 0.0 0.0 4.0452 4.0452 4.0452 4.0452
2.998 0 3 1.0 0.0 0.0 0.0 0.0 0.0 0.0 0.0 0.0 0.0 4.0452 4.0452 4.0452 4.0452
2.999 0 3 1.0 0.0 0.0 0.0 0.0 0.0 0.0 0.0 0.0 0.0 4.0452 4.0452 4.0452 4.0452
3.0 0 3 1.0 0.0 0.0 0.0 0.0 0.0 0.0 0.0 0.0 0.0 4.0452 4.0452 4.0452 4.0452
3.001 0 3 1.0 0.0 0.0 0.0 0.0 0.0 0.0 0.0 0.0 0.0 4.0452 4.0452 4.0452 4.0452
3.0020000000000002 0 3 1.0 0.0 0.0 0.0 0.0 0.0 0.0 0.0 0.0 0.0 4.0452 4.0452 4.0452 4.0452
3.003 0 3 1.0 0.0 0.0 0.0 0.0 0.0 0.0 0.0 0.0 0.0 4.0452 4.0452 4.0452 4.0452
3.004 0 3 1.0 0.0 0.0 0.0 0.0 0.0 0.0 0.0 0.0 0.0 4.0452 4.0452 4.0452 4.0452
3.005 0 3 1.0 0.0 0.0 0.0 0.0 0.0 0.0 0.0 0.0 0.0 4.0452 4.0452 4.0452 4.0452
3.0060000000000002 0 3 1.0 0.0 0.0 0.0 0.0 0.0 0.0 0.0 0.0 0.0 4.0452 4.0452 4.0452 4.0452
3.007 0 3 1.0 0.0 0.0 0.0 0.0 0.0 0.0 0.0 0.0 0.0 4.0452 4.0452 4.0452 4.0452
3.008 0 3 1.0 0.0 0.0 0.0 0.0 0.0 0.0 0.0 0.0 0.0 4.0452 4.0452 4.0452 4.0452
3.009 0 3 1.0 0.0 0.0 0.0 0.0 0.0 0.0 0.0 0.0 0.0 4.0452 4.0452 4.0452 4.0452
3.0100000000000002 0 3 1.0 0.0 0.0 0.0 0.0 0.0 0.0 0.0 0.0 0.0 4.0452 4.0452 4.0452 4.0452
3.011 0 3 1.0 0.0 0.0 0.0 0.0 0.0 0.0 0.0 0.0 0.0 4.0452 4.0452 4.0452 4.0452
3.012 0 3 1.0 0.0 0.0 0.0 0.0 0.0 0.0 0.0 0.0 0.0 4.0452 4.0452 4.0452 4.0452
3.013 0 3 1.0 0.0 0.0 0.0 0.0 0.0 0.0 0.0 0.0 0.0 4.0452 4.0452 4.0452 4.0452
3.0140000000000002 0 3 1.0 0.0 0.0 0.0 0.0 0.0 0.0 0.0 0.0 0.0 4.0452 4.0452 4.0452 4.0452
3.015 0 3 1.0 0.0 0.0 0.0 0.0 0.0 0.0 0.0 0.0 0.0 4.0452 4.0452 4.0452 4.0452
3.016 0 3 1.0 0.0 0.0 0.0 0.0 0.0 0.0 0.0 0.0 0.0 4.0452 4.0452 4.0452 4.0452
3.017 0 3 1.0 0.0 0.0 0.0 0.0 0.0 0.0 0.0 0.0 0.0 4.0452 4.0452 4.0452 4.0452
3.0180000000000002 0 3 1.0 0.0 0.0 0.0 0.0 0.0 0.0 0.0 0.0 0.0 4.0452 4.0452 4.0452 4.0452
3.019 0 3 1.0 0.0 0.0 0.0 0.0 0.0 0.0 0.0 0.0 0.0 4.0452 4.0452 4.0452 4.0452
3.02 0 3 1.0 0.0 0.0 0.0 0.0 0.0 0.0 0.0 0.0 0.0 4.0452 4.0452 4.0452 4.0452
3.021 0 3 1.0 0.0 0.0 0.0 0.0 0.0 0.0 0.0 0.0 0.0 4.0452 4.0452 4.0452 4.0452
3.0220000000000002 0 3 1.0 0.0 0.0 0.0 0.0 0.0 0.0 0.0 0.0 0.0 4.0452 4.0452 4.0452 4.0452
3.023 0 3 1.0 0.0 0.0 0.0 0.0 0.0 0.0 0.0 0.0 0.0 4.0452 4.0452 4.0452 4.0452
3.024 0 3 1.0 0.0 0.0 0.0 0.0 0.0 0.0 0.0 0.0 0.0 4.0452 4.0452 4.0452 4.0452
3.025 0 3 1.0 0.0 0.0 0.0 0.0 0.0 0.0 0.0 0.0 0.0 4.0452 4.0452 4.0452 4.0452
3.0260000000000002 0 3 1.0 0.0 0.0 0.0 0.0 0.0 0.0 0.0 0.0 0.0 4.0452 4.0452 4.0452 4.0452
3.027 0 3 1.0 0.0 0.0 0.0 0.0 0.0 0.0 0.0 0.0 0.0 4.0452 4.0452 4.0452 4.0452
3.028 0 3 1.0 0.0 0.0 0.0 0.0 0.0 0.0 0.0 0.0 0.0 4.0452 4.0452 4.0452 4.0452
3.029 0 3 1.0 0.0 0.0 0.0 0.0 0.0 0.0 0.0 0.0 0.0 4.0452 4.0452 4.0452 4.0452
3.0300000000000002 0 3 1.0 0.0 0.0 0.0 0.0 0.0 0.0 0.0 0.0 0.0 4.0452 4.0452 4.0452 4.0452
3.031 0 3 1.0 0.0 0.0 0.0 0.0 0.0 0.0 0.0 0.0 0.0 4.0452 4.0452 4.0452 4.0452
3.032 0 3 1.0 0.0 0.0 0.0 0.0 0.0 0.0 0.0 0.0 0.0 4.0452 4.0452 4.0452 4.0452
3.033 0 3 1.0 0.0 0.0 0.0 0.0 0.0 0.0 0.0 0.0 0.0 4.0452 4.0452 4.0452 4.0452
3.0340000000000003 0 3 1.0 0.0 0.0 0.0 0.0 0.0 0.0 0.0 0.0 0.0 4.0452 4.0452 4.0452 4.0452
3.035 0 3 1.0 0.0 0.0 0.0 0.0 0.0 0.0 0.0 0.0 0.0 4.0452 4.0452 4.0452 4.0452
3.036 0 3 1.0 0.0 0.0 0.0 0.0 0.0 0.0 0.0 0.0 0.0 4.0452 4.0452 4.0452 4.0452
3.037 0 3 1.0 0.0 0.0 0.0 0.0 0.0 0.0 0.0 0.0 0.0 4.0452 4.0452 4.0452 4.0452
3.0380000000000003 0 3 1.0 0.0 0.0 0.0 0.0 0.0 0.0 0.0 0.0 0.0 4.0452 4.0452 4.0452 4.0452
3.039 0 3 1.0 0.0 0.0 0.0 0.0 0.0 0.0 0.0 0.0 0.0 4.0452 4.0452 4.0452 4.0452
3.04 0 3 1.0 0.0 0.0 0.0 0.0 0.0 0.0 0.0 0.0 0.0 4.0452 4.0452 4.0452 4.0452
3.041 0 3 1.0 0.0 0.0 0.0 0.0 0.0 0.0 0.0 0.0 0.0 4.0452 4.0452 4.0452 4.0452
3.0420000000000003 0 3 1.0 0.0 0.0 0.0 0.0 0.0 0.0 0.0 0.0 0.0 4.0452 4.0452 4.0452 4.0452
3.043 0 3 1.0 0.0 0.0 0.0 0.0 0.0 0.0 0.0 0.0 0.0 4.0452 4.0452 4.0452 4.0452
3.044 0 3 1.0 0.0 0.0 0.0 0.0 0.0 0.0 0.0 0.0 0.0 4.0452 4.0452 4.0452 4.0452
3.045 0 3 1.0 0.0 0.0 0.0 0.0 0.0 0.0 0.0 0.0 0.0 4.0452 4.0452 4.0452 4.0452
3.0460000000000003 0 3 1.0 0.0 0.0 0.0 0.0 0.0 0.0 0.0 0.0 0.0 4.0452 4.0452 4.0452 4.0452
3.047 0 3 1.0 0.0 0.0 0.0 0.0 0.0 0.0 0.0 0.0 0.0 4.0452 4.0452 4.0452 4.0452
3.048 0 3 1.0 0.0 0.0 0.0 0.0 0.0 0.0 0.0 0.0 0.0 4.0452 4.0452 4.0452 4.0452
3.049 0 3 1.0 0.0 0.0 0.0 0.0 0.0 0.0 0.0 0.0 0.0 4.0452 4.0452 4.0452 4.0452
3.0500000000000003 0 3 1.0 0.0 0.0 0.0 0.0 0.0 0.0 0.0 0.0 0.0 4.0452 4.0452 4.0452 4.0452
3.051 0 3 1.0 0.0 0.0 0.0 0.0 0.0 0.0 0.0 0.0 0.0 4.0452 4.0452 4.0452 4.0452
3.052 0 3 1.0 0.0 0.0 0.0 0.0 0.0 0.0 0.0 0.0 0.0 4.0452 4.0452 4.0452 4.0452
3.053 0 3 1.0 0.0 0.0 0.0 0.0 0.0 0.0 0.0 0.0 0.0 4.0452 4.0452 4.0452 4.0452
3.0540000000000003 0 3 1.0 0.0 0.0 0.0 0.0 0.0 0.0 0.0 0.0 0.0 4.0452 4.0452 4.0452 4.0452
3.055 0 3 1.0 0.0 0.0 0.0 0.0 0.0 0.0 0.0 0.0 0.0 4.0452 4.0452 4.0452 4.0452
3.056 0 3 1.0 0.0 0.0 0.0 0.0 0.0 0.0 0.0 0.0 0.0 4.0452 4.0452 4.0452 4.0452
3.057 0 3 1.0 0.0 0.0 0.0 0.0 0.0 0.0 0.0 0.0 0.0 4.0452 4.0452 4.0452 4.0452
3.0580000000000003 0 3 1.0 0.0 0.0 0.0 0.0 0.0 0.0 0.0 0.0 0.0 4.0452 4.0452 4.0452 4.0452
3.059 0 3 1.0 0.0 0.0 0.0 0.0 0.0 0.0 0.0 0.0 0.0 4.0452 4.0452 4.0452 4.0452
3.06 0 3 1.0 0.0 0.0 0.0 0.0 0.0 0.0 0.0 0.0 0.0 4.0452 4.0452 4.0452 4.0452
3.061 0 3 1.0 0.0 0.0 0.0 0.0 0.0 0.0 0.0 0.0 0.0 4.0452 4.0452 4.0452 4.0452
3.0620000000000003 0 3 1.0 0.0 0.0 0.0 0.0 0.0 0.0 0.0 0.0 0.0 4.0452 4.0452 4.0452 4.0452
3.063 0 3 1.0 0.0 0.0 0.0 0.0 0.0 0.0 0.0 0.0 0.0 4.0452 4.0452 4.0452 4.0452
3.064 0 3 1.0 0.0 0.0 0.0 0.0 0.0 0.0 0.0 0.0 0.0 4.0452 4.0452 4.0452 4.0452
3.065 0 3 1.0 0.0 0.0 0.0 0.0 0.0 0.0 0.0 0.0 0.0 4.0452 4.0452 4.0452 4.0452
3.0660000000000003 0 3 1.0 0.0 0.0 0.0 0.0 0.0 0.0 0.0 0.0 0.0 4.0452 4.0452 4.0452 4.0452
3.067 0 3 1.0 0.0 0.0 0.0 0.0 0.0 0.0 0.0 0.0 0.0 4.0452 4.0452 4.0452 4.0452
3.068 0 3 1.0 0.0 0.0 0.0 0.0 0.0 0.0 0.0 0.0 0.0 4.0452 4.0452 4.0452 4.0452
3.069 0 3 1.0 0.0 0.0 0.0 0.0 0.0 0.0 0.0 0.0 0.0 4.0452 4.0452 4.0452 4.0452
3.0700000000000003 0 3 1.0 0.0 0.0 0.0 0.0 0.0 0.0 0.0 0.0 0.0 4.0452 4.0452 4.0452 4.0452
3.071 0 3 1.0 0.0 0.0 0.0 0.0 0.0 0.0 0.0 0.0 0.0 4.0452 4.0452 4.0452 4.0452
3.072 0 3 1.0 0.0 0.0 0.0 0.0 0.0 0.0 0.0 0.0 0.0 4.0452 4.0452 4.0452 4.0452
3.073 0 3 1.0 0.0 0.0 0.0 0.0 0.0 0.0 0.0 0.0 0.0 4.0452 4.0452 4.0452 4.0452
3.074 0 3 1.0 0.0 0.0 0.0 0.0 0.0 0.0 0.0 0.0 0.0 4.0452 4.0452 4.0452 4.0452
3.075 0 3 1.0 0.0 0.0 0.0 0.0 0.0 0.0 0.0 0.0 0.0 4.0452 4.0452 4.0452 4.0452
3.076 0 3 1.0 0.0 0.0 0.0 0.0 0.0 0.0 0.0 0.0 0.0 4.0452 4.0452 4.0452 4.0452
3.077 0 3 1.0 0.0 0.0 0.0 0.0 0.0 0.0 0.0 0.0 0.0 4.0452 4.0452 4.0452 4.0452
3.078 0 3 1.0 0.0 0.0 0.0 0.0 0.0 0.0 0.0 0.0 0.0 4.0452 4.0452 4.0452 4.0452
3.079 0 3 1.0 0.0 0.0 0.0 0.0 0.0 0.0 0.0 0.0 0.0 4.0452 4.0452 4.0452 4.0452
3.08 0 3 1.0 0.0 0.0 0.0 0.0 0.0 0.0 0.0 0.0 0.0 4.0452 4.0452 4.0452 4.0452
3.081 0 3 1.0 0.0 0.0 0.0 0.0 0.0 0.0 0.0 0.0 0.0 4.0452 4.0452 4.0452 4.0452
3.082 0 3 1.0 0.0 0.0 0.0 0.0 0.0 0.0 0.0 0.0 0.0 4.0452 4.0452 4.0452 4.0452
3.083 0 3 1.0 0.0 0.0 0.0 0.0 0.0 0.0 0.0 0.0 0.0 4.0452 4.0452 4.0452 4.0452
3.084 0 3 1.0 0.0 0.0 0.0 0.0 0.0 0.0 0.0 0.0 0.0 4.0452 4.0452 4.0452 4.0452
3.085 0 3 1.0 0.0 0.0 0.0 0.0 0.0 0.0 0.0 0.0 0.0 4.0452 4.0452 4.0452 4.0452
3.086 0 3 1.0 0.0 0.0 0.0 0.0 0.0 0.0 0.0 0.0 0.0 4.0452 4.0452 4.0452 4.0452
3.087 0 3 1.0 0.0 0.0 0.0 0.0 0.0 0.0 0.0 0.0 0.0 4.0452 4.0452 4.0452 4.0452
3.088 0 3 1.0 0.0 0.0 0.0 0.0 0.0 0.0 0.0 0.0 0.0 4.0452 4.0452 4.0452 4.0452
3.089 0 3 1.0 0.0 0.0 0.0 0.0 0.0 0.0 0.0 0.0 0.0 4.0452 4.0452 4.0452 4.0452
3.09 0 3 1.0 0.0 0.0 0.0 0.0 0.0 0.0 0.0 0.0 0.0 4.0452 4.0452 4.0452 4.0452
3.091 0 3 1.0 0.0 0.0 0.0 0.0 0.0 0.0 0.0 0.0 0.0 4.0452 4.0452 4.0452 4.0452
3.092 0 3 1.0 0.0 0.0 0.0 0.0 0.0 0.0 0.0 0.0 0.0 4.0452 4.0452 4.0452 4.0452
3.093 0 3 1.0 0.0 0.0 0.0 0.0 0.0 0.0 0.0 0.0 0.0 4.0452 4.0452 4.0452 4.0452
3.094 0 3 1.0 0.0 0.0 0.0 0.0 0.0 0.0 0.0 0.0 0.0 4.0452 4.0452 4.0452 4.0452
3.095 0 3 1.0 0.0 0.0 0.0 0.0 0.0 0.0 0.0 0.0 0.0 4.0452 4.0452 4.0452 4.0452
3.096 0 3 1.0 0.0 0.0 0.0 0.0 0.0 0.0 0.0 0.0 0.0 4.0452 4.0452 4.0452 4.0452
3.097 0 3 1.0 0.0 0.0 0.0 0.0 0.0 0.0 0.0 0.0 0.0 4.0452 4.0452 4.0452 4.0452
3.098 0 3 1.0 0.0 0.0 0.0 0.0 0.0 0.0 0.0 0.0 0.0 4.0452 4.0452 4.0452 4.0452
3.099 0 3 1.0 0.0 0.0 0.0 0.0 0.0 0.0 0.0 0.0 0.0 4.0452 4.0452 4.0452 4.0452
3.1 0 3 1.0 0.0 0.0 0.0 0.0 0.0 0.0 0.0 0.0 0.0 4.0452 4.0452 4.0452 4.0452
3.101 0 3 1.0 0.0 0.0 0.0 0.0 0.0 0.0 0.0 0.0 0.0 4.0452 4.0452 4.0452 4.0452
3.102 0 3 1.0 0.0 0.0 0.0 0.0 0.0 0.0 0.0 0.0 0.0 4.0452 4.0452 4.0452 4.0452
3.103 0 3 1.0 0.0 0.0 0.0 0.0 0.0 0.0 0.0 0.0 0.0 4.0452 4.0452 4.0452 4.0452
3.104 0 3 1.0 0.0 0.0 0.0 0.0 0.0 0.0 0.0 0.0 0.0 4.0452 4.0452 4.0452 4.0452
3.105 0 3 1.0 0.0 0.0 0.0 0.0 0.0 0.0 0.0 0.0 0.0 4.0452 4.0452 4.0452 4.0452
3.106 0 3 1.0 0.0 0.0 0.0 0.0 0.0 0.0 0.0 0.0 0.0 4.0452 4.0452 4.0452 4.0452
3.107 0 3 1.0 0.0 0.0 0.0 0.0 0.0 0.0 0.0 0.0 0.0 4.0452 4.0452 4.0452 4.0452
3.108 0 3 1.0 0.0 0.0 0.0 0.0 0.0 0.0 0.0 0.0 0.0 4.0452 4.0452 4.0452 4.0452
3.109 0 3 1.0 0.0 0.0 0.0 0.0 0.0 0.0 0.0 0.0 0.0 4.0452 4.0452 4.0452 4.0452
3.11 0 3 1.0 0.0 0.0 0.0 0.0 0.0 0.0 0.0 0.0 0.0 4.0452 4.0452 4.0452 4.0452
3.111 0 3 1.0 0.0 0.0 0.0 0.0 0.0 0.0 0.0 0.0 0.0 4.0452 4.0452 4.0452 4.0452
3.112 0 3 1.0 0.0 0.0 0.0 0.0 0.0 0.0 0.0 0.0 0.0 4.0452 4.0452 4.0452 4.0452
3.113 0 3 1.0 0.0 0.0 0.0 0.0 0.0 0.0 0.0 0.0 0.0 4.0452 4.0452 4.0452 4.0452
3.114 0 3 1.0 0.0 0.0 0.0 0.0 0.0 0.0 0.0 0.0 0.0 4.0452 4.0452 4.0452 4.0452
3.115 0 3 1.0 0.0 0.0 0.0 0.0 0.0 0.0 0.0 0.0 0.0 4.0452 4.0452 4.0452 4.0452
3.116 0 3 1.0 0.0 0.0 0.0 0.0 0.0 0.0 0.0 0.0 0.0 4.0452 4.0452 4.0452 4.0452
3.117 0 3 1.0 0.0 0.0 0.0 0.0 0.0 0.0 0.0 0.0 0.0 4.0452 4.0452 4.0452 4.0452
3.118 0 3 1.0 0.0 0.0 0.0 0.0 0.0 0.0 0.0 0.0 0.0 4.0452 4.0452 4.0452 4.0452
3.119 0 3 1.0 0.0 0.0 0.0 0.0 0.0 0.0 0.0 0.0 0.0 4.0452 4.0452 4.0452 4.0452
3.12 0 3 1.0 0.0 0.0 0.0 0.0 0.0 0.0 0.0 0.0 0.0 4.0452 4.0452 4.0452 4.0452
3.121 0 3 1.0 0.0 0.0 0.0 0.0 0.0 0.0 0.0 0.0 0.0 4.0452 4.0452 4.0452 4.0452
3.122 0 3 1.0 0.0 0.0 0.0 0.0 0.0 0.0 0.0 0.0 0.0 4.0452 4.0452 4.0452 4.0452
3.123 0 3 1.0 0.0 0.0 0.0 0.0 0.0 0.0 0.0 0.0 0.0 4.0452 4.0452 4.0452 4.0452
3.124 0 3 1.0 0.0 0.0 0.0 0.0 0.0 0.0 0.0 0.0 0.0 4.0452 4.0452 4.0452 4.0452
3.125 0 3 1.0 0.0 0.0 0.0 0.0 0.0 0.0 0.0 0.0 0.0 4.0452 4.0452 4.0452 4.0452
3.126 0 3 1.0 0.0 0.0 0.0 0.0 0.0 0.0 0.0 0.0 0.0 4.0452 4.0452 4.0452 4.0452
3.1270000000000002 0 3 1.0 0.0 0.0 0.0 0.0 0.0 0.0 0.0 0.0 0.0 4.0452 4.0452 4.0452 4.0452
3.128 0 3 1.0 0.0 0.0 0.0 0.0 0.0 0.0 0.0 0.0 0.0 4.0452 4.0452 4.0452 4.0452
3.129 0 3 1.0 0.0 0.0 0.0 0.0 0.0 0.0 0.0 0.0 0.0 4.0452 4.0452 4.0452 4.0452
3.13 0 3 1.0 0.0 0.0 0.0 0.0 0.0 0.0 0.0 0.0 0.0 4.0452 4.0452 4.0452 4.0452
3.1310000000000002 0 3 1.0 0.0 0.0 0.0 0.0 0.0 0.0 0.0 0.0 0.0 4.0452 4.0452 4.0452 4.0452
3.132 0 3 1.0 0.0 0.0 0.0 0.0 0.0 0.0 0.0 0.0 0.0 4.0452 4.0452 4.0452 4.0452
3.133 0 3 1.0 0.0 0.0 0.0 0.0 0.0 0.0 0.0 0.0 0.0 4.0452 4.0452 4.0452 4.0452
3.134 0 3 1.0 0.0 0.0 0.0 0.0 0.0 0.0 0.0 0.0 0.0 4.0452 4.0452 4.0452 4.0452
3.1350000000000002 0 3 1.0 0.0 0.0 0.0 0.0 0.0 0.0 0.0 0.0 0.0 4.0452 4.0452 4.0452 4.0452
3.136 0 3 1.0 0.0 0.0 0.0 0.0 0.0 0.0 0.0 0.0 0.0 4.0452 4.0452 4.0452 4.0452
3.137 0 3 1.0 0.0 0.0 0.0 0.0 0.0 0.0 0.0 0.0 0.0 4.0452 4.0452 4.0452 4.0452
3.138 0 3 1.0 0.0 0.0 0.0 0.0 0.0 0.0 0.0 0.0 0.0 4.0452 4.0452 4.0452 4.0452
3.1390000000000002 0 3 1.0 0.0 0.0 0.0 0.0 0.0 0.0 0.0 0.0 0.0 4.0452 4.0452 4.0452 4.0452
3.14 0 3 1.0 0.0 0.0 0.0 0.0 0.0 0.0 0.0 0.0 0.0 4.0452 4.0452 4.0452 4.0452
3.141 0 3 1.0 0.0 0.0 0.0 0.0 0.0 0.0 0.0 0.0 0.0 4.0452 4.0452 4.0452 4.0452
3.142 0 3 1.0 0.0 0.0 0.0 0.0 0.0 0.0 0.0 0.0 0.0 4.0452 4.0452 4.0452 4.0452
3.1430000000000002 0 3 1.0 0.0 0.0 0.0 0.0 0.0 0.0 0.0 0.0 0.0 4.0452 4.0452 4.0452 4.0452
3.144 0 3 1.0 0.0 0.0 0.0 0.0 0.0 0.0 0.0 0.0 0.0 4.0452 4.0452 4.0452 4.0452
3.145 0 3 1.0 0.0 0.0 0.0 0.0 0.0 0.0 0.0 0.0 0.0 4.0452 4.0452 4.0452 4.0452
3.146 0 3 1.0 0.0 0.0 0.0 0.0 0.0 0.0 0.0 0.0 0.0 4.0452 4.0452 4.0452 4.0452
3.1470000000000002 0 3 1.0 0.0 0.0 0.0 0.0 0.0 0.0 0.0 0.0 0.0 4.0452 4.0452 4.0452 4.0452
3.148 0 3 1.0 0.0 0.0 0.0 0.0 0.0 0.0 0.0 0.0 0.0 4.0452 4.0452 4.0452 4.0452
3.149 0 3 1.0 0.0 0.0 0.0 0.0 0.0 0.0 0.0 0.0 0.0 4.0452 4.0452 4.0452 4.0452
3.15 0 3 1.0 0.0 0.0 0.0 0.0 0.0 0.0 0.0 0.0 0.0 4.0452 4.0452 4.0452 4.0452
3.1510000000000002 0 3 1.0 0.0 0.0 0.0 0.0 0.0 0.0 0.0 0.0 0.0 4.0452 4.0452 4.0452 4.0452
3.152 0 3 1.0 0.0 0.0 0.0 0.0 0.0 0.0 0.0 0.0 0.0 4.0452 4.0452 4.0452 4.0452
3.153 0 3 1.0 0.0 0.0 0.0 0.0 0.0 0.0 0.0 0.0 0.0 4.0452 4.0452 4.0452 4.0452
3.154 0 3 1.0 0.0 0.0 0.0 0.0 0.0 0.0 0.0 0.0 0.0 4.0452 4.0452 4.0452 4.0452
3.1550000000000002 0 3 1.0 0.0 0.0 0.0 0.0 0.0 0.0 0.0 0.0 0.0 4.0452 4.0452 4.0452 4.0452
3.156 0 3 1.0 0.0 0.0 0.0 0.0 0.0 0.0 0.0 0.0 0.0 4.0452 4.0452 4.0452 4.0452
3.157 0 3 1.0 0.0 0.0 0.0 0.0 0.0 0.0 0.0 0.0 0.0 4.0452 4.0452 4.0452 4.0452
3.158 0 3 1.0 0.0 0.0 0.0 0.0 0.0 0.0 0.0 0.0 0.0 4.0452 4.0452 4.0452 4.0452
3.1590000000000003 0 3 1.0 0.0 0.0 0.0 0.0 0.0 0.0 0.0 0.0 0.0 4.0452 4.0452 4.0452 4.0452
3.16 0 3 1.0 0.0 0.0 0.0 0.0 0.0 0.0 0.0 0.0 0.0 4.0452 4.0452 4.0452 4.0452
3.161 0 3 1.0 0.0 0.0 0.0 0.0 0.0 0.0 0.0 0.0 0.0 4.0452 4.0452 4.0452 4.0452
3.162 0 3 1.0 0.0 0.0 0.0 0.0 0.0 0.0 0.0 0.0 0.0 4.0452 4.0452 4.0452 4.0452
3.1630000000000003 0 3 1.0 0.0 0.0 0.0 0.0 0.0 0.0 0.0 0.0 0.0 4.0452 4.0452 4.0452 4.0452
3.164 0 3 1.0 0.0 0.0 0.0 0.0 0.0 0.0 0.0 0.0 0.0 4.0452 4.0452 4.0452 4.0452
3.165 0 3 1.0 0.0 0.0 0.0 0.0 0.0 0.0 0.0 0.0 0.0 4.0452 4.0452 4.0452 4.0452
3.166 0 3 1.0 0.0 0.0 0.0 0.0 0.0 0.0 0.0 0.0 0.0 4.0452 4.0452 4.0452 4.0452
3.1670000000000003 0 3 1.0 0.0 0.0 0.0 0.0 0.0 0.0 0.0 0.0 0.0 4.0452 4.0452 4.0452 4.0452
3.168 0 3 1.0 0.0 0.0 0.0 0.0 0.0 0.0 0.0 0.0 0.0 4.0452 4.0452 4.0452 4.0452
3.169 0 3 1.0 0.0 0.0 0.0 0.0 0.0 0.0 0.0 0.0 0.0 4.0452 4.0452 4.0452 4.0452
3.17 0 3 1.0 0.0 0.0 0.0 0.0 0.0 0.0 0.0 0.0 0.0 4.0452 4.0452 4.0452 4.0452
3.1710000000000003 0 3 1.0 0.0 0.0 0.0 0.0 0.0 0.0 0.0 0.0 0.0 4.0452 4.0452 4.0452 4.0452
3.172 0 3 1.0 0.0 0.0 0.0 0.0 0.0 0.0 0.0 0.0 0.0 4.0452 4.0452 4.0452 4.0452
3.173 0 3 1.0 0.0 0.0 0.0 0.0 0.0 0.0 0.0 0.0 0.0 4.0452 4.0452 4.0452 4.0452
3.174 0 3 1.0 0.0 0.0 0.0 0.0 0.0 0.0 0.0 0.0 0.0 4.0452 4.0452 4.0452 4.0452
3.1750000000000003 0 3 1.0 0.0 0.0 0.0 0.0 0.0 0.0 0.0 0.0 0.0 4.0452 4.0452 4.0452 4.0452
3.176 0 3 1.0 0.0 0.0 0.0 0.0 0.0 0.0 0.0 0.0 0.0 4.0452 4.0452 4.0452 4.0452
3.177 0 3 1.0 0.0 0.0 0.0 0.0 0.0 0.0 0.0 0.0 0.0 4.0452 4.0452 4.0452 4.0452
3.178 0 3 1.0 0.0 0.0 0.0 0.0 0.0 0.0 0.0 0.0 0.0 4.0452 4.0452 4.0452 4.0452
3.1790000000000003 0 3 1.0 0.0 0.0 0.0 0.0 0.0 0.0 0.0 0.0 0.0 4.0452 4.0452 4.0452 4.0452
3.18 0 3 1.0 0.0 0.0 0.0 0.0 0.0 0.0 0.0 0.0 0.0 4.0452 4.0452 4.0452 4.0452
3.181 0 3 1.0 0.0 0.0 0.0 0.0 0.0 0.0 0.0 0.0 0.0 4.0452 4.0452 4.0452 4.0452
3.182 0 3 1.0 0.0 0.0 0.0 0.0 0.0 0.0 0.0 0.0 0.0 4.0452 4.0452 4.0452 4.0452
3.1830000000000003 0 3 1.0 0.0 0.0 0.0 0.0 0.0 0.0 0.0 0.0 0.0 4.0452 4.0452 4.0452 4.0452
3.184 0 3 1.0 0.0 0.0 0.0 0.0 0.0 0.0 0.0 0.0 0.0 4.0452 4.0452 4.0452 4.0452
3.185 0 3 1.0 0.0 0.0 0.0 0.0 0.0 0.0 0.0 0.0 0.0 4.0452 4.0452 4.0452 4.0452
3.186 0 3 1.0 0.0 0.0 0.0 0.0 0.0 0.0 0.0 0.0 0.0 4.0452 4.0452 4.0452 4.0452
3.1870000000000003 0 3 1.0 0.0 0.0 0.0 0.0 0.0 0.0 0.0 0.0 0.0 4.0452 4.0452 4.0452 4.0452
3.188 0 3 1.0 0.0 0.0 0.0 0.0 0.0 0.0 0.0 0.0 0.0 4.0452 4.0452 4.0452 4.0452
3.189 0 3 1.0 0.0 0.0 0.0 0.0 0.0 0.0 0.0 0.0 0.0 4.0452 4.0452 4.0452 4.0452
3.19 0 3 1.0 0.0 0.0 0.0 0.0 0.0 0.0 0.0 0.0 0.0 4.0452 4.0452 4.0452 4.0452
3.1910000000000003 0 3 1.0 0.0 0.0 0.0 0.0 0.0 0.0 0.0 0.0 0.0 4.0452 4.0452 4.0452 4.0452
3.192 0 3 1.0 0.0 0.0 0.0 0.0 0.0 0.0 0.0 0.0 0.0 4.0452 4.0452 4.0452 4.0452
3.193 0 3 1.0 0.0 0.0 0.0 0.0 0.0 0.0 0.0 0.0 0.0 4.0452 4.0452 4.0452 4.0452
3.194 0 3 1.0 0.0 0.0 0.0 0.0 0.0 0.0 0.0 0.0 0.0 4.0452 4.0452 4.0452 4.0452
3.1950000000000003 0 3 1.0 0.0 0.0 0.0 0.0 0.0 0.0 0.0 0.0 0.0 4.0452 4.0452 4.0452 4.0452
3.196 0 3 1.0 0.0 0.0 0.0 0.0 0.0 0.0 0.0 0.0 0.0 4.0452 4.0452 4.0452 4.0452
3.197 0 3 1.0 0.0 0.0 0.0 0.0 0.0 0.0 0.0 0.0 0.0 4.0452 4.0452 4.0452 4.0452
3.198 0 3 1.0 0.0 0.0 0.0 0.0 0.0 0.0 0.0 0.0 0.0 4.0452 4.0452 4.0452 4.0452
3.1990000000000003 0 3 1.0 0.0 0.0 0.0 0.0 0.0 0.0 0.0 0.0 0.0 4.0452 4.0452 4.0452 4.0452
3.2 0 3 1.0 0.0 0.0 0.0 0.0 0.0 0.0 0.0 0.0 0.0 4.0452 4.0452 4.0452 4.0452
3.201 0 3 1.0 0.0 0.0 0.0 0.0 0.0 0.0 0.0 0.0 0.0 4.0452 4.0452 4.0452 4.0452
3.202 0 3 1.0 0.0 0.0 0.0 0.0 0.0 0.0 0.0 0.0 0.0 4.0452 4.0452 4.0452 4.0452
3.203 0 3 1.0 0.0 0.0 0.0 0.0 0.0 0.0 0.0 0.0 0.0 4.0452 4.0452 4.0452 4.0452
3.204 0 3 1.0 0.0 0.0 0.0 0.0 0.0 0.0 0.0 0.0 0.0 4.0452 4.0452 4.0452 4.0452
3.205 0 3 1.0 0.0 0.0 0.0 0.0 0.0 0.0 0.0 0.0 0.0 4.0452 4.0452 4.0452 4.0452
3.206 0 3 1.0 0.0 0.0 0.0 0.0 0.0 0.0 0.0 0.0 0.0 4.0452 4.0452 4.0452 4.0452
3.207 0 3 1.0 0.0 0.0 0.0 0.0 0.0 0.0 0.0 0.0 0.0 4.0452 4.0452 4.0452 4.0452
3.208 0 3 1.0 0.0 0.0 0.0 0.0 0.0 0.0 0.0 0.0 0.0 4.0452 4.0452 4.0452 4.0452
3.209 0 3 1.0 0.0 0.0 0.0 0.0 0.0 0.0 0.0 0.0 0.0 4.0452 4.0452 4.0452 4.0452
3.21 0 3 1.0 0.0 0.0 0.0 0.0 0.0 0.0 0.0 0.0 0.0 4.0452 4.0452 4.0452 4.0452
3.211 0 3 1.0 0.0 0.0 0.0 0.0 0.0 0.0 0.0 0.0 0.0 4.0452 4.0452 4.0452 4.0452
3.212 0 3 1.0 0.0 0.0 0.0 0.0 0.0 0.0 0.0 0.0 0.0 4.0452 4.0452 4.0452 4.0452
3.213 0 3 1.0 0.0 0.0 0.0 0.0 0.0 0.0 0.0 0.0 0.0 4.0452 4.0452 4.0452 4.0452
3.214 0 3 1.0 0.0 0.0 0.0 0.0 0.0 0.0 0.0 0.0 0.0 4.0452 4.0452 4.0452 4.0452
3.215 0 3 1.0 0.0 0.0 0.0 0.0 0.0 0.0 0.0 0.0 0.0 4.0452 4.0452 4.0452 4.0452
3.216 0 3 1.0 0.0 0.0 0.0 0.0 0.0 0.0 0.0 0.0 0.0 4.0452 4.0452 4.0452 4.0452
3.217 0 3 1.0 0.0 0.0 0.0 0.0 0.0 0.0 0.0 0.0 0.0 4.0452 4.0452 4.0452 4.0452
3.218 0 3 1.0 0.0 0.0 0.0 0.0 0.0 0.0 0.0 0.0 0.0 4.0452 4.0452 4.0452 4.0452
3.219 0 3 1.0 0.0 0.0 0.0 0.0 0.0 0.0 0.0 0.0 0.0 4.0452 4.0452 4.0452 4.0452
3.22 0 3 1.0 0.0 0.0 0.0 0.0 0.0 0.0 0.0 0.0 0.0 4.0452 4.0452 4.0452 4.0452
3.221 0 3 1.0 0.0 0.0 0.0 0.0 0.0 0.0 0.0 0.0 0.0 4.0452 4.0452 4.0452 4.0452
3.222 0 3 1.0 0.0 0.0 0.0 0.0 0.0 0.0 0.0 0.0 0.0 4.0452 4.0452 4.0452 4.0452
3.223 0 3 1.0 0.0 0.0 0.0 0.0 0.0 0.0 0.0 0.0 0.0 4.0452 4.0452 4.0452 4.0452
3.224 0 3 1.0 0.0 0.0 0.0 0.0 0.0 0.0 0.0 0.0 0.0 4.0452 4.0452 4.0452 4.0452
3.225 0 3 1.0 0.0 0.0 0.0 0.0 0.0 0.0 0.0 0.0 0.0 4.0452 4.0452 4.0452 4.0452
3.226 0 3 1.0 0.0 0.0 0.0 0.0 0.0 0.0 0.0 0.0 0.0 4.0452 4.0452 4.0452 4.0452
3.227 0 3 1.0 0.0 0.0 0.0 0.0 0.0 0.0 0.0 0.0 0.0 4.0452 4.0452 4.0452 4.0452
3.228 0 3 1.0 0.0 0.0 0.0 0.0 0.0 0.0 0.0 0.0 0.0 4.0452 4.0452 4.0452 4.0452
3.229 0 3 1.0 0.0 0.0 0.0 0.0 0.0 0.0 0.0 0.0 0.0 4.0452 4.0452 4.0452 4.0452
3.23 0 3 1.0 0.0 0.0 0.0 0.0 0.0 0.0 0.0 0.0 0.0 4.0452 4.0452 4.0452 4.0452
3.231 0 3 1.0 0.0 0.0 0.0 0.0 0.0 0.0 0.0 0.0 0.0 4.0452 4.0452 4.0452 4.0452
3.232 0 3 1.0 0.0 0.0 0.0 0.0 0.0 0.0 0.0 0.0 0.0 4.0452 4.0452 4.0452 4.0452
3.233 0 3 1.0 0.0 0.0 0.0 0.0 0.0 0.0 0.0 0.0 0.0 4.0452 4.0452 4.0452 4.0452
3.234 0 3 1.0 0.0 0.0 0.0 0.0 0.0 0.0 0.0 0.0 0.0 4.0452 4.0452 4.0452 4.0452
3.235 0 3 1.0 0.0 0.0 0.0 0.0 0.0 0.0 0.0 0.0 0.0 4.0452 4.0452 4.0452 4.0452
3.236 0 3 1.0 0.0 0.0 0.0 0.0 0.0 0.0 0.0 0.0 0.0 4.0452 4.0452 4.0452 4.0452
3.237 0 3 1.0 0.0 0.0 0.0 0.0 0.0 0.0 0.0 0.0 0.0 4.0452 4.0452 4.0452 4.0452
3.238 0 3 1.0 0.0 0.0 0.0 0.0 0.0 0.0 0.0 0.0 0.0 4.0452 4.0452 4.0452 4.0452
3.239 0 3 1.0 0.0 0.0 0.0 0.0 0.0 0.0 0.0 0.0 0.0 4.0452 4.0452 4.0452 4.0452
3.24 0 3 1.0 0.0 0.0 0.0 0.0 0.0 0.0 0.0 0.0 0.0 4.0452 4.0452 4.0452 4.0452
3.241 0 3 1.0 0.0 0.0 0.0 0.0 0.0 0.0 0.0 0.0 0.0 4.0452 4.0452 4.0452 4.0452
3.242 0 3 1.0 0.0 0.0 0.0 0.0 0.0 0.0 0.0 0.0 0.0 4.0452 4.0452 4.0452 4.0452
3.243 0 3 1.0 0.0 0.0 0.0 0.0 0.0 0.0 0.0 0.0 0.0 4.0452 4.0452 4.0452 4.0452
3.244 0 3 1.0 0.0 0.0 0.0 0.0 0.0 0.0 0.0 0.0 0.0 4.0452 4.0452 4.0452 4.0452
3.245 0 3 1.0 0.0 0.0 0.0 0.0 0.0 0.0 0.0 0.0 0.0 4.0452 4.0452 4.0452 4.0452
3.246 0 3 1.0 0.0 0.0 0.0 0.0 0.0 0.0 0.0 0.0 0.0 4.0452 4.0452 4.0452 4.0452
3.247 0 3 1.0 0.0 0.0 0.0 0.0 0.0 0.0 0.0 0.0 0.0 4.0452 4.0452 4.0452 4.0452
3.248 0 3 1.0 0.0 0.0 0.0 0.0 0.0 0.0 0.0 0.0 0.0 4.0452 4.0452 4.0452 4.0452
3.249 0 3 1.0 0.0 0.0 0.0 0.0 0.0 0.0 0.0 0.0 0.0 4.0452 4.0452 4.0452 4.0452
3.25 0 3 1.0 0.0 0.0 0.0 0.0 0.0 0.0 0.0 0.0 0.0 4.0452 4.0452 4.0452 4.0452
3.251 0 3 1.0 0.0 0.0 0.0 0.0 0.0 0.0 0.0 0.0 0.0 4.0452 4.0452 4.0452 4.0452
3.2520000000000002 0 3 1.0 0.0 0.0 0.0 0.0 0.0 0.0 0.0 0.0 0.0 4.0452 4.0452 4.0452 4.0452
3.253 0 3 1.0 0.0 0.0 0.0 0.0 0.0 0.0 0.0 0.0 0.0 4.0452 4.0452 4.0452 4.0452
3.254 0 3 1.0 0.0 0.0 0.0 0.0 0.0 0.0 0.0 0.0 0.0 4.0452 4.0452 4.0452 4.0452
3.255 0 3 1.0 0.0 0.0 0.0 0.0 0.0 0.0 0.0 0.0 0.0 4.0452 4.0452 4.0452 4.0452
3.2560000000000002 0 3 1.0 0.0 0.0 0.0 0.0 0.0 0.0 0.0 0.0 0.0 4.0452 4.0452 4.0452 4.0452
3.257 0 3 1.0 0.0 0.0 0.0 0.0 0.0 0.0 0.0 0.0 0.0 4.0452 4.0452 4.0452 4.0452
3.258 0 3 1.0 0.0 0.0 0.0 0.0 0.0 0.0 0.0 0.0 0.0 4.0452 4.0452 4.0452 4.0452
3.259 0 3 1.0 0.0 0.0 0.0 0.0 0.0 0.0 0.0 0.0 0.0 4.0452 4.0452 4.0452 4.0452
3.2600000000000002 0 3 1.0 0.0 0.0 0.0 0.0 0.0 0.0 0.0 0.0 0.0 4.0452 4.0452 4.0452 4.0452
3.261 0 3 1.0 0.0 0.0 0.0 0.0 0.0 0.0 0.0 0.0 0.0 4.0452 4.0452 4.0452 4.0452
3.262 0 3 1.0 0.0 0.0 0.0 0.0 0.0 0.0 0.0 0.0 0.0 4.0452 4.0452 4.0452 4.0452
3.263 0 3 1.0 0.0 0.0 0.0 0.0 0.0 0.0 0.0 0.0 0.0 4.0452 4.0452 4.0452 4.0452
3.2640000000000002 0 3 1.0 0.0 0.0 0.0 0.0 0.0 0.0 0.0 0.0 0.0 4.0452 4.0452 4.0452 4.0452
3.265 0 3 1.0 0.0 0.0 0.0 0.0 0.0 0.0 0.0 0.0 0.0 4.0452 4.0452 4.0452 4.0452
3.266 0 3 1.0 0.0 0.0 0.0 0.0 0.0 0.0 0.0 0.0 0.0 4.0452 4.0452 4.0452 4.0452
3.267 0 3 1.0 0.0 0.0 0.0 0.0 0.0 0.0 0.0 0.0 0.0 4.0452 4.0452 4.0452 4.0452
3.2680000000000002 0 3 1.0 0.0 0.0 0.0 0.0 0.0 0.0 0.0 0.0 0.0 4.0452 4.0452 4.0452 4.0452
3.269 0 3 1.0 0.0 0.0 0.0 0.0 0.0 0.0 0.0 0.0 0.0 4.0452 4.0452 4.0452 4.0452
3.27 0 3 1.0 0.0 0.0 0.0 0.0 0.0 0.0 0.0 0.0 0.0 4.0452 4.0452 4.0452 4.0452
3.271 0 3 1.0 0.0 0.0 0.0 0.0 0.0 0.0 0.0 0.0 0.0 4.0452 4.0452 4.0452 4.0452
3.2720000000000002 0 3 1.0 0.0 0.0 0.0 0.0 0.0 0.0 0.0 0.0 0.0 4.0452 4.0452 4.0452 4.0452
3.273 0 3 1.0 0.0 0.0 0.0 0.0 0.0 0.0 0.0 0.0 0.0 4.0452 4.0452 4.0452 4.0452
3.274 0 3 1.0 0.0 0.0 0.0 0.0 0.0 0.0 0.0 0.0 0.0 4.0452 4.0452 4.0452 4.0452
3.275 0 3 1.0 0.0 0.0 0.0 0.0 0.0 0.0 0.0 0.0 0.0 4.0452 4.0452 4.0452 4.0452
3.2760000000000002 0 3 1.0 0.0 0.0 0.0 0.0 0.0 0.0 0.0 0.0 0.0 4.0452 4.0452 4.0452 4.0452
3.277 0 3 1.0 0.0 0.0 0.0 0.0 0.0 0.0 0.0 0.0 0.0 4.0452 4.0452 4.0452 4.0452
3.278 0 3 1.0 0.0 0.0 0.0 0.0 0.0 0.0 0.0 0.0 0.0 4.0452 4.0452 4.0452 4.0452
3.279 0 3 1.0 0.0 0.0 0.0 0.0 0.0 0.0 0.0 0.0 0.0 4.0452 4.0452 4.0452 4.0452
3.2800000000000002 0 3 1.0 0.0 0.0 0.0 0.0 0.0 0.0 0.0 0.0 0.0 4.0452 4.0452 4.0452 4.0452
3.281 0 3 1.0 0.0 0.0 0.0 0.0 0.0 0.0 0.0 0.0 0.0 4.0452 4.0452 4.0452 4.0452
3.282 0 3 1.0 0.0 0.0 0.0 0.0 0.0 0.0 0.0 0.0 0.0 4.0452 4.0452 4.0452 4.0452
3.283 0 3 1.0 0.0 0.0 0.0 0.0 0.0 0.0 0.0 0.0 0.0 4.0452 4.0452 4.0452 4.0452
3.2840000000000003 0 3 1.0 0.0 0.0 0.0 0.0 0.0 0.0 0.0 0.0 0.0 4.0452 4.0452 4.0452 4.0452
3.285 0 3 1.0 0.0 0.0 0.0 0.0 0.0 0.0 0.0 0.0 0.0 4.0452 4.0452 4.0452 4.0452
3.286 0 3 1.0 0.0 0.0 0.0 0.0 0.0 0.0 0.0 0.0 0.0 4.0452 4.0452 4.0452 4.0452
3.287 0 3 1.0 0.0 0.0 0.0 0.0 0.0 0.0 0.0 0.0 0.0 4.0452 4.0452 4.0452 4.0452
3.2880000000000003 0 3 1.0 0.0 0.0 0.0 0.0 0.0 0.0 0.0 0.0 0.0 4.0452 4.0452 4.0452 4.0452
3.289 0 3 1.0 0.0 0.0 0.0 0.0 0.0 0.0 0.0 0.0 0.0 4.0452 4.0452 4.0452 4.0452
3.29 0 3 1.0 0.0 0.0 0.0 0.0 0.0 0.0 0.0 0.0 0.0 4.0452 4.0452 4.0452 4.0452
3.291 0 3 1.0 0.0 0.0 0.0 0.0 0.0 0.0 0.0 0.0 0.0 4.0452 4.0452 4.0452 4.0452
3.2920000000000003 0 3 1.0 0.0 0.0 0.0 0.0 0.0 0.0 0.0 0.0 0.0 4.0452 4.0452 4.0452 4.0452
3.293 0 3 1.0 0.0 0.0 0.0 0.0 0.0 0.0 0.0 0.0 0.0 4.0452 4.0452 4.0452 4.0452
3.294 0 3 1.0 0.0 0.0 0.0 0.0 0.0 0.0 0.0 0.0 0.0 4.0452 4.0452 4.0452 4.0452
3.295 0 3 1.0 0.0 0.0 0.0 0.0 0.0 0.0 0.0 0.0 0.0 4.0452 4.0452 4.0452 4.0452
3.2960000000000003 0 3 1.0 0.0 0.0 0.0 0.0 0.0 0.0 0.0 0.0 0.0 4.0452 4.0452 4.0452 4.0452
3.297 0 3 1.0 0.0 0.0 0.0 0.0 0.0 0.0 0.0 0.0 0.0 4.0452 4.0452 4.0452 4.0452
3.298 0 3 1.0 0.0 0.0 0.0 0.0 0.0 0.0 0.0 0.0 0.0 4.0452 4.0452 4.0452 4.0452
3.299 0 3 1.0 0.0 0.0 0.0 0.0 0.0 0.0 0.0 0.0 0.0 4.0452 4.0452 4.0452 4.0452
3.3000000000000003 0 3 1.0 0.0 0.0 0.0 0.0 0.0 0.0 0.0 0.0 0.0 4.0452 4.0452 4.0452 4.0452
3.301 0 3 1.0 0.0 0.0 0.0 0.0 0.0 0.0 0.0 0.0 0.0 4.0452 4.0452 4.0452 4.0452
3.302 0 3 1.0 0.0 0.0 0.0 0.0 0.0 0.0 0.0 0.0 0.0 4.0452 4.0452 4.0452 4.0452
3.303 0 3 1.0 0.0 0.0 0.0 0.0 0.0 0.0 0.0 0.0 0.0 4.0452 4.0452 4.0452 4.0452
3.3040000000000003 0 3 1.0 0.0 0.0 0.0 0.0 0.0 0.0 0.0 0.0 0.0 4.0452 4.0452 4.0452 4.0452
3.305 0 3 1.0 0.0 0.0 0.0 0.0 0.0 0.0 0.0 0.0 0.0 4.0452 4.0452 4.0452 4.0452
3.306 0 3 1.0 0.0 0.0 0.0 0.0 0.0 0.0 0.0 0.0 0.0 4.0452 4.0452 4.0452 4.0452
3.307 0 3 1.0 0.0 0.0 0.0 0.0 0.0 0.0 0.0 0.0 0.0 4.0452 4.0452 4.0452 4.0452
3.3080000000000003 0 3 1.0 0.0 0.0 0.0 0.0 0.0 0.0 0.0 0.0 0.0 4.0452 4.0452 4.0452 4.0452
3.309 0 3 1.0 0.0 0.0 0.0 0.0 0.0 0.0 0.0 0.0 0.0 4.0452 4.0452 4.0452 4.0452
3.31 0 3 1.0 0.0 0.0 0.0 0.0 0.0 0.0 0.0 0.0 0.0 4.0452 4.0452 4.0452 4.0452
3.311 0 3 1.0 0.0 0.0 0.0 0.0 0.0 0.0 0.0 0.0 0.0 4.0452 4.0452 4.0452 4.0452
3.3120000000000003 0 3 1.0 0.0 0.0 0.0 0.0 0.0 0.0 0.0 0.0 0.0 4.0452 4.0452 4.0452 4.0452
3.313 0 3 1.0 0.0 0.0 0.0 0.0 0.0 0.0 0.0 0.0 0.0 4.0452 4.0452 4.0452 4.0452
3.314 0 3 1.0 0.0 0.0 0.0 0.0 0.0 0.0 0.0 0.0 0.0 4.0452 4.0452 4.0452 4.0452
3.315 0 3 1.0 0.0 0.0 0.0 0.0 0.0 0.0 0.0 0.0 0.0 4.0452 4.0452 4.0452 4.0452
3.3160000000000003 0 3 1.0 0.0 0.0 0.0 0.0 0.0 0.0 0.0 0.0 0.0 4.0452 4.0452 4.0452 4.0452
3.317 0 3 1.0 0.0 0.0 0.0 0.0 0.0 0.0 0.0 0.0 0.0 4.0452 4.0452 4.0452 4.0452
3.318 0 3 1.0 0.0 0.0 0.0 0.0 0.0 0.0 0.0 0.0 0.0 4.0452 4.0452 4.0452 4.0452
3.319 0 3 1.0 0.0 0.0 0.0 0.0 0.0 0.0 0.0 0.0 0.0 4.0452 4.0452 4.0452 4.0452
3.3200000000000003 0 3 1.0 0.0 0.0 0.0 0.0 0.0 0.0 0.0 0.0 0.0 4.0452 4.0452 4.0452 4.0452
3.321 0 3 1.0 0.0 0.0 0.0 0.0 0.0 0.0 0.0 0.0 0.0 4.0452 4.0452 4.0452 4.0452
3.322 0 3 1.0 0.0 0.0 0.0 0.0 0.0 0.0 0.0 0.0 0.0 4.0452 4.0452 4.0452 4.0452
3.323 0 3 1.0 0.0 0.0 0.0 0.0 0.0 0.0 0.0 0.0 0.0 4.0452 4.0452 4.0452 4.0452
3.3240000000000003 0 3 1.0 0.0 0.0 0.0 0.0 0.0 0.0 0.0 0.0 0.0 4.0452 4.0452 4.0452 4.0452
3.325 0 3 1.0 0.0 0.0 0.0 0.0 0.0 0.0 0.0 0.0 0.0 4.0452 4.0452 4.0452 4.0452
3.326 0 3 1.0 0.0 0.0 0.0 0.0 0.0 0.0 0.0 0.0 0.0 4.0452 4.0452 4.0452 4.0452
3.327 0 3 1.0 0.0 0.0 0.0 0.0 0.0 0.0 0.0 0.0 0.0 4.0452 4.0452 4.0452 4.0452
3.3280000000000003 0 3 1.0 0.0 0.0 0.0 0.0 0.0 0.0 0.0 0.0 0.0 4.0452 4.0452 4.0452 4.0452
3.329 0 3 1.0 0.0 0.0 0.0 0.0 0.0 0.0 0.0 0.0 0.0 4.0452 4.0452 4.0452 4.0452
3.33 0 3 1.0 0.0 0.0 0.0 0.0 0.0 0.0 0.0 0.0 0.0 4.0452 4.0452 4.0452 4.0452
3.331 0 3 1.0 0.0 0.0 0.0 0.0 0.0 0.0 0.0 0.0 0.0 4.0452 4.0452 4.0452 4.0452
3.332 0 3 1.0 0.0 0.0 0.0 0.0 0.0 0.0 0.0 0.0 0.0 4.0452 4.0452 4.0452 4.0452
3.333 0 3 1.0 0.0 0.0 0.0 0.0 0.0 0.0 0.0 0.0 0.0 4.0452 4.0452 4.0452 4.0452
3.334 0 3 1.0 0.0 0.0 0.0 0.0 0.0 0.0 0.0 0.0 0.0 4.0452 4.0452 4.0452 4.0452
3.335 0 3 1.0 0.0 0.0 0.0 0.0 0.0 0.0 0.0 0.0 0.0 4.0452 4.0452 4.0452 4.0452
3.336 0 3 1.0 0.0 0.0 0.0 0.0 0.0 0.0 0.0 0.0 0.0 4.0452 4.0452 4.0452 4.0452
3.337 0 3 1.0 0.0 0.0 0.0 0.0 0.0 0.0 0.0 0.0 0.0 4.0452 4.0452 4.0452 4.0452
3.338 0 3 1.0 0.0 0.0 0.0 0.0 0.0 0.0 0.0 0.0 0.0 4.0452 4.0452 4.0452 4.0452
3.339 0 3 1.0 0.0 0.0 0.0 0.0 0.0 0.0 0.0 0.0 0.0 4.0452 4.0452 4.0452 4.0452
3.34 0 3 1.0 0.0 0.0 0.0 0.0 0.0 0.0 0.0 0.0 0.0 4.0452 4.0452 4.0452 4.0452
3.341 0 3 1.0 0.0 0.0 0.0 0.0 0.0 0.0 0.0 0.0 0.0 4.0452 4.0452 4.0452 4.0452
3.342 0 3 1.0 0.0 0.0 0.0 0.0 0.0 0.0 0.0 0.0 0.0 4.0452 4.0452 4.0452 4.0452
3.343 0 3 1.0 0.0 0.0 0.0 0.0 0.0 0.0 0.0 0.0 0.0 4.0452 4.0452 4.0452 4.0452
3.344 0 3 1.0 0.0 0.0 0.0 0.0 0.0 0.0 0.0 0.0 0.0 4.0452 4.0452 4.0452 4.0452
3.345 0 3 1.0 0.0 0.0 0.0 0.0 0.0 0.0 0.0 0.0 0.0 4.0452 4.0452 4.0452 4.0452
3.346 0 3 1.0 0.0 0.0 0.0 0.0 0.0 0.0 0.0 0.0 0.0 4.0452 4.0452 4.0452 4.0452
3.347 0 3 1.0 0.0 0.0 0.0 0.0 0.0 0.0 0.0 0.0 0.0 4.0452 4.0452 4.0452 4.0452
3.348 0 3 1.0 0.0 0.0 0.0 0.0 0.0 0.0 0.0 0.0 0.0 4.0452 4.0452 4.0452 4.0452
3.349 0 3 1.0 0.0 0.0 0.0 0.0 0.0 0.0 0.0 0.0 0.0 4.0452 4.0452 4.0452 4.0452
3.35 0 3 1.0 0.0 0.0 0.0 0.0 0.0 0.0 0.0 0.0 0.0 4.0452 4.0452 4.0452 4.0452
3.351 0 3 1.0 0.0 0.0 0.0 0.0 0.0 0.0 0.0 0.0 0.0 4.0452 4.0452 4.0452 4.0452
3.352 0 3 1.0 0.0 0.0 0.0 0.0 0.0 0.0 0.0 0.0 0.0 4.0452 4.0452 4.0452 4.0452
3.353 0 3 1.0 0.0 0.0 0.0 0.0 0.0 0.0 0.0 0.0 0.0 4.0452 4.0452 4.0452 4.0452
3.354 0 3 1.0 0.0 0.0 0.0 0.0 0.0 0.0 0.0 0.0 0.0 4.0452 4.0452 4.0452 4.0452
3.355 0 3 1.0 0.0 0.0 0.0 0.0 0.0 0.0 0.0 0.0 0.0 4.0452 4.0452 4.0452 4.0452
3.356 0 3 1.0 0.0 0.0 0.0 0.0 0.0 0.0 0.0 0.0 0.0 4.0452 4.0452 4.0452 4.0452
3.357 0 3 1.0 0.0 0.0 0.0 0.0 0.0 0.0 0.0 0.0 0.0 4.0452 4.0452 4.0452 4.0452
3.358 0 3 1.0 0.0 0.0 0.0 0.0 0.0 0.0 0.0 0.0 0.0 4.0452 4.0452 4.0452 4.0452
3.359 0 3 1.0 0.0 0.0 0.0 0.0 0.0 0.0 0.0 0.0 0.0 4.0452 4.0452 4.0452 4.0452
3.36 0 3 1.0 0.0 0.0 0.0 0.0 0.0 0.0 0.0 0.0 0.0 4.0452 4.0452 4.0452 4.0452
3.361 0 3 1.0 0.0 0.0 0.0 0.0 0.0 0.0 0.0 0.0 0.0 4.0452 4.0452 4.0452 4.0452
3.362 0 3 1.0 0.0 0.0 0.0 0.0 0.0 0.0 0.0 0.0 0.0 4.0452 4.0452 4.0452 4.0452
3.363 0 3 1.0 0.0 0.0 0.0 0.0 0.0 0.0 0.0 0.0 0.0 4.0452 4.0452 4.0452 4.0452
3.364 0 3 1.0 0.0 0.0 0.0 0.0 0.0 0.0 0.0 0.0 0.0 4.0452 4.0452 4.0452 4.0452
3.365 0 3 1.0 0.0 0.0 0.0 0.0 0.0 0.0 0.0 0.0 0.0 4.0452 4.0452 4.0452 4.0452
3.366 0 3 1.0 0.0 0.0 0.0 0.0 0.0 0.0 0.0 0.0 0.0 4.0452 4.0452 4.0452 4.0452
3.367 0 3 1.0 0.0 0.0 0.0 0.0 0.0 0.0 0.0 0.0 0.0 4.0452 4.0452 4.0452 4.0452
3.368 0 3 1.0 0.0 0.0 0.0 0.0 0.0 0.0 0.0 0.0 0.0 4.0452 4.0452 4.0452 4.0452
3.369 0 3 1.0 0.0 0.0 0.0 0.0 0.0 0.0 0.0 0.0 0.0 4.0452 4.0452 4.0452 4.0452
3.37 0 3 1.0 0.0 0.0 0.0 0.0 0.0 0.0 0.0 0.0 0.0 4.0452 4.0452 4.0452 4.0452
3.371 0 3 1.0 0.0 0.0 0.0 0.0 0.0 0.0 0.0 0.0 0.0 4.0452 4.0452 4.0452 4.0452
3.372 0 3 1.0 0.0 0.0 0.0 0.0 0.0 0.0 0.0 0.0 0.0 4.0452 4.0452 4.0452 4.0452
3.373 0 3 1.0 0.0 0.0 0.0 0.0 0.0 0.0 0.0 0.0 0.0 4.0452 4.0452 4.0452 4.0452
3.374 0 3 1.0 0.0 0.0 0.0 0.0 0.0 0.0 0.0 0.0 0.0 4.0452 4.0452 4.0452 4.0452
3.375 0 3 1.0 0.0 0.0 0.0 0.0 0.0 0.0 0.0 0.0 0.0 4.0452 4.0452 4.0452 4.0452
3.376 0 3 1.0 0.0 0.0 0.0 0.0 0.0 0.0 0.0 0.0 0.0 4.0452 4.0452 4.0452 4.0452
3.3770000000000002 0 3 1.0 0.0 0.0 0.0 0.0 0.0 0.0 0.0 0.0 0.0 4.0452 4.0452 4.0452 4.0452
3.378 0 3 1.0 0.0 0.0 0.0 0.0 0.0 0.0 0.0 0.0 0.0 4.0452 4.0452 4.0452 4.0452
3.379 0 3 1.0 0.0 0.0 0.0 0.0 0.0 0.0 0.0 0.0 0.0 4.0452 4.0452 4.0452 4.0452
3.38 0 3 1.0 0.0 0.0 0.0 0.0 0.0 0.0 0.0 0.0 0.0 4.0452 4.0452 4.0452 4.0452
3.3810000000000002 0 3 1.0 0.0 0.0 0.0 0.0 0.0 0.0 0.0 0.0 0.0 4.0452 4.0452 4.0452 4.0452
3.382 0 3 1.0 0.0 0.0 0.0 0.0 0.0 0.0 0.0 0.0 0.0 4.0452 4.0452 4.0452 4.0452
3.383 0 3 1.0 0.0 0.0 0.0 0.0 0.0 0.0 0.0 0.0 0.0 4.0452 4.0452 4.0452 4.0452
3.384 0 3 1.0 0.0 0.0 0.0 0.0 0.0 0.0 0.0 0.0 0.0 4.0452 4.0452 4.0452 4.0452
3.3850000000000002 0 3 1.0 0.0 0.0 0.0 0.0 0.0 0.0 0.0 0.0 0.0 4.0452 4.0452 4.0452 4.0452
3.386 0 3 1.0 0.0 0.0 0.0 0.0 0.0 0.0 0.0 0.0 0.0 4.0452 4.0452 4.0452 4.0452
3.387 0 3 1.0 0.0 0.0 0.0 0.0 0.0 0.0 0.0 0.0 0.0 4.0452 4.0452 4.0452 4.0452
3.388 0 3 1.0 0.0 0.0 0.0 0.0 0.0 0.0 0.0 0.0 0.0 4.0452 4.0452 4.0452 4.0452
3.3890000000000002 0 3 1.0 0.0 0.0 0.0 0.0 0.0 0.0 0.0 0.0 0.0 4.0452 4.0452 4.0452 4.0452
3.39 0 3 1.0 0.0 0.0 0.0 0.0 0.0 0.0 0.0 0.0 0.0 4.0452 4.0452 4.0452 4.0452
3.391 0 3 1.0 0.0 0.0 0.0 0.0 0.0 0.0 0.0 0.0 0.0 4.0452 4.0452 4.0452 4.0452
3.392 0 3 1.0 0.0 0.0 0.0 0.0 0.0 0.0 0.0 0.0 0.0 4.0452 4.0452 4.0452 4.0452
3.3930000000000002 0 3 1.0 0.0 0.0 0.0 0.0 0.0 0.0 0.0 0.0 0.0 4.0452 4.0452 4.0452 4.0452
3.394 0 3 1.0 0.0 0.0 0.0 0.0 0.0 0.0 0.0 0.0 0.0 4.0452 4.0452 4.0452 4.0452
3.395 0 3 1.0 0.0 0.0 0.0 0.0 0.0 0.0 0.0 0.0 0.0 4.0452 4.0452 4.0452 4.0452
3.396 0 3 1.0 0.0 0.0 0.0 0.0 0.0 0.0 0.0 0.0 0.0 4.0452 4.0452 4.0452 4.0452
3.3970000000000002 0 3 1.0 0.0 0.0 0.0 0.0 0.0 0.0 0.0 0.0 0.0 4.0452 4.0452 4.0452 4.0452
3.398 0 3 1.0 0.0 0.0 0.0 0.0 0.0 0.0 0.0 0.0 0.0 4.0452 4.0452 4.0452 4.0452
3.399 0 3 1.0 0.0 0.0 0.0 0.0 0.0 0.0 0.0 0.0 0.0 4.0452 4.0452 4.0452 4.0452
3.4 0 3 1.0 0.0 0.0 0.0 0.0 0.0 0.0 0.0 0.0 0.0 4.0452 4.0452 4.0452 4.0452
3.4010000000000002 0 3 1.0 0.0 0.0 0.0 0.0 0.0 0.0 0.0 0.0 0.0 4.0452 4.0452 4.0452 4.0452
3.402 0 3 1.0 0.0 0.0 0.0 0.0 0.0 0.0 0.0 0.0 0.0 4.0452 4.0452 4.0452 4.0452
3.403 0 3 1.0 0.0 0.0 0.0 0.0 0.0 0.0 0.0 0.0 0.0 4.0452 4.0452 4.0452 4.0452
3.404 0 3 1.0 0.0 0.0 0.0 0.0 0.0 0.0 0.0 0.0 0.0 4.0452 4.0452 4.0452 4.0452
3.4050000000000002 0 3 1.0 0.0 0.0 0.0 0.0 0.0 0.0 0.0 0.0 0.0 4.0452 4.0452 4.0452 4.0452
3.406 0 3 1.0 0.0 0.0 0.0 0.0 0.0 0.0 0.0 0.0 0.0 4.0452 4.0452 4.0452 4.0452
3.407 0 3 1.0 0.0 0.0 0.0 0.0 0.0 0.0 0.0 0.0 0.0 4.0452 4.0452 4.0452 4.0452
3.408 0 3 1.0 0.0 0.0 0.0 0.0 0.0 0.0 0.0 0.0 0.0 4.0452 4.0452 4.0452 4.0452
3.4090000000000003 0 3 1.0 0.0 0.0 0.0 0.0 0.0 0.0 0.0 0.0 0.0 4.0452 4.0452 4.0452 4.0452
3.41 0 3 1.0 0.0 0.0 0.0 0.0 0.0 0.0 0.0 0.0 0.0 4.0452 4.0452 4.0452 4.0452
3.411 0 3 1.0 0.0 0.0 0.0 0.0 0.0 0.0 0.0 0.0 0.0 4.0452 4.0452 4.0452 4.0452
3.412 0 3 1.0 0.0 0.0 0.0 0.0 0.0 0.0 0.0 0.0 0.0 4.0452 4.0452 4.0452 4.0452
3.4130000000000003 0 3 1.0 0.0 0.0 0.0 0.0 0.0 0.0 0.0 0.0 0.0 4.0452 4.0452 4.0452 4.0452
3.414 0 3 1.0 0.0 0.0 0.0 0.0 0.0 0.0 0.0 0.0 0.0 4.0452 4.0452 4.0452 4.0452
3.415 0 3 1.0 0.0 0.0 0.0 0.0 0.0 0.0 0.0 0.0 0.0 4.0452 4.0452 4.0452 4.0452
3.416 0 3 1.0 0.0 0.0 0.0 0.0 0.0 0.0 0.0 0.0 0.0 4.0452 4.0452 4.0452 4.0452
3.4170000000000003 0 3 1.0 0.0 0.0 0.0 0.0 0.0 0.0 0.0 0.0 0.0 4.0452 4.0452 4.0452 4.0452
3.418 0 3 1.0 0.0 0.0 0.0 0.0 0.0 0.0 0.0 0.0 0.0 4.0452 4.0452 4.0452 4.0452
3.419 0 3 1.0 0.0 0.0 0.0 0.0 0.0 0.0 0.0 0.0 0.0 4.0452 4.0452 4.0452 4.0452
3.42 0 3 1.0 0.0 0.0 0.0 0.0 0.0 0.0 0.0 0.0 0.0 4.0452 4.0452 4.0452 4.0452
3.4210000000000003 0 3 1.0 0.0 0.0 0.0 0.0 0.0 0.0 0.0 0.0 0.0 4.0452 4.0452 4.0452 4.0452
3.422 0 3 1.0 0.0 0.0 0.0 0.0 0.0 0.0 0.0 0.0 0.0 4.0452 4.0452 4.0452 4.0452
3.423 0 3 1.0 0.0 0.0 0.0 0.0 0.0 0.0 0.0 0.0 0.0 4.0452 4.0452 4.0452 4.0452
3.424 0 3 1.0 0.0 0.0 0.0 0.0 0.0 0.0 0.0 0.0 0.0 4.0452 4.0452 4.0452 4.0452
3.4250000000000003 0 3 1.0 0.0 0.0 0.0 0.0 0.0 0.0 0.0 0.0 0.0 4.0452 4.0452 4.0452 4.0452
3.426 0 3 1.0 0.0 0.0 0.0 0.0 0.0 0.0 0.0 0.0 0.0 4.0452 4.0452 4.0452 4.0452
3.427 0 3 1.0 0.0 0.0 0.0 0.0 0.0 0.0 0.0 0.0 0.0 4.0452 4.0452 4.0452 4.0452
3.428 0 3 1.0 0.0 0.0 0.0 0.0 0.0 0.0 0.0 0.0 0.0 4.0452 4.0452 4.0452 4.0452
3.4290000000000003 0 3 1.0 0.0 0.0 0.0 0.0 0.0 0.0 0.0 0.0 0.0 4.0452 4.0452 4.0452 4.0452
3.43 0 3 1.0 0.0 0.0 0.0 0.0 0.0 0.0 0.0 0.0 0.0 4.0452 4.0452 4.0452 4.0452
3.431 0 3 1.0 0.0 0.0 0.0 0.0 0.0 0.0 0.0 0.0 0.0 4.0452 4.0452 4.0452 4.0452
3.432 0 3 1.0 0.0 0.0 0.0 0.0 0.0 0.0 0.0 0.0 0.0 4.0452 4.0452 4.0452 4.0452
3.4330000000000003 0 3 1.0 0.0 0.0 0.0 0.0 0.0 0.0 0.0 0.0 0.0 4.0452 4.0452 4.0452 4.0452
3.434 0 3 1.0 0.0 0.0 0.0 0.0 0.0 0.0 0.0 0.0 0.0 4.0452 4.0452 4.0452 4.0452
3.435 0 3 1.0 0.0 0.0 0.0 0.0 0.0 0.0 0.0 0.0 0.0 4.0452 4.0452 4.0452 4.0452
3.436 0 3 1.0 0.0 0.0 0.0 0.0 0.0 0.0 0.0 0.0 0.0 4.0452 4.0452 4.0452 4.0452
3.4370000000000003 0 3 1.0 0.0 0.0 0.0 0.0 0.0 0.0 0.0 0.0 0.0 4.0452 4.0452 4.0452 4.0452
3.438 0 3 1.0 0.0 0.0 0.0 0.0 0.0 0.0 0.0 0.0 0.0 4.0452 4.0452 4.0452 4.0452
3.439 0 3 1.0 0.0 0.0 0.0 0.0 0.0 0.0 0.0 0.0 0.0 4.0452 4.0452 4.0452 4.0452
3.44 0 3 1.0 0.0 0.0 0.0 0.0 0.0 0.0 0.0 0.0 0.0 4.0452 4.0452 4.0452 4.0452
3.4410000000000003 0 3 1.0 0.0 0.0 0.0 0.0 0.0 0.0 0.0 0.0 0.0 4.0452 4.0452 4.0452 4.0452
3.442 0 3 1.0 0.0 0.0 0.0 0.0 0.0 0.0 0.0 0.0 0.0 4.0452 4.0452 4.0452 4.0452
3.443 0 3 1.0 0.0 0.0 0.0 0.0 0.0 0.0 0.0 0.0 0.0 4.0452 4.0452 4.0452 4.0452
3.444 0 3 1.0 0.0 0.0 0.0 0.0 0.0 0.0 0.0 0.0 0.0 4.0452 4.0452 4.0452 4.0452
3.4450000000000003 0 3 1.0 0.0 0.0 0.0 0.0 0.0 0.0 0.0 0.0 0.0 4.0452 4.0452 4.0452 4.0452
3.446 0 3 1.0 0.0 0.0 0.0 0.0 0.0 0.0 0.0 0.0 0.0 4.0452 4.0452 4.0452 4.0452
3.447 0 3 1.0 0.0 0.0 0.0 0.0 0.0 0.0 0.0 0.0 0.0 4.0452 4.0452 4.0452 4.0452
3.448 0 3 1.0 0.0 0.0 0.0 0.0 0.0 0.0 0.0 0.0 0.0 4.0452 4.0452 4.0452 4.0452
3.4490000000000003 0 3 1.0 0.0 0.0 0.0 0.0 0.0 0.0 0.0 0.0 0.0 4.0452 4.0452 4.0452 4.0452
3.45 0 3 1.0 0.0 0.0 0.0 0.0 0.0 0.0 0.0 0.0 0.0 4.0452 4.0452 4.0452 4.0452
3.451 0 3 1.0 0.0 0.0 0.0 0.0 0.0 0.0 0.0 0.0 0.0 4.0452 4.0452 4.0452 4.0452
3.452 0 3 1.0 0.0 0.0 0.0 0.0 0.0 0.0 0.0 0.0 0.0 4.0452 4.0452 4.0452 4.0452
3.4530000000000003 0 3 1.0 0.0 0.0 0.0 0.0 0.0 0.0 0.0 0.0 0.0 4.0452 4.0452 4.0452 4.0452
3.454 0 3 1.0 0.0 0.0 0.0 0.0 0.0 0.0 0.0 0.0 0.0 4.0452 4.0452 4.0452 4.0452
3.455 0 3 1.0 0.0 0.0 0.0 0.0 0.0 0.0 0.0 0.0 0.0 4.0452 4.0452 4.0452 4.0452
3.456 0 3 1.0 0.0 0.0 0.0 0.0 0.0 0.0 0.0 0.0 0.0 4.0452 4.0452 4.0452 4.0452
3.457 0 3 1.0 0.0 0.0 0.0 0.0 0.0 0.0 0.0 0.0 0.0 4.0452 4.0452 4.0452 4.0452
3.458 0 3 1.0 0.0 0.0 0.0 0.0 0.0 0.0 0.0 0.0 0.0 4.0452 4.0452 4.0452 4.0452
3.459 0 3 1.0 0.0 0.0 0.0 0.0 0.0 0.0 0.0 0.0 0.0 4.0452 4.0452 4.0452 4.0452
3.46 0 3 1.0 0.0 0.0 0.0 0.0 0.0 0.0 0.0 0.0 0.0 4.0452 4.0452 4.0452 4.0452
3.461 0 3 1.0 0.0 0.0 0.0 0.0 0.0 0.0 0.0 0.0 0.0 4.0452 4.0452 4.0452 4.0452
3.462 0 3 1.0 0.0 0.0 0.0 0.0 0.0 0.0 0.0 0.0 0.0 4.0452 4.0452 4.0452 4.0452
3.463 0 3 1.0 0.0 0.0 0.0 0.0 0.0 0.0 0.0 0.0 0.0 4.0452 4.0452 4.0452 4.0452
3.464 0 3 1.0 0.0 0.0 0.0 0.0 0.0 0.0 0.0 0.0 0.0 4.0452 4.0452 4.0452 4.0452
3.465 0 3 1.0 0.0 0.0 0.0 0.0 0.0 0.0 0.0 0.0 0.0 4.0452 4.0452 4.0452 4.0452
3.466 0 3 1.0 0.0 0.0 0.0 0.0 0.0 0.0 0.0 0.0 0.0 4.0452 4.0452 4.0452 4.0452
3.467 0 3 1.0 0.0 0.0 0.0 0.0 0.0 0.0 0.0 0.0 0.0 4.0452 4.0452 4.0452 4.0452
3.468 0 3 1.0 0.0 0.0 0.0 0.0 0.0 0.0 0.0 0.0 0.0 4.0452 4.0452 4.0452 4.0452
3.469 0 3 1.0 0.0 0.0 0.0 0.0 0.0 0.0 0.0 0.0 0.0 4.0452 4.0452 4.0452 4.0452
3.47 0 3 1.0 0.0 0.0 0.0 0.0 0.0 0.0 0.0 0.0 0.0 4.0452 4.0452 4.0452 4.0452
3.471 0 3 1.0 0.0 0.0 0.0 0.0 0.0 0.0 0.0 0.0 0.0 4.0452 4.0452 4.0452 4.0452
3.472 0 3 1.0 0.0 0.0 0.0 0.0 0.0 0.0 0.0 0.0 0.0 4.0452 4.0452 4.0452 4.0452
3.473 0 3 1.0 0.0 0.0 0.0 0.0 0.0 0.0 0.0 0.0 0.0 4.0452 4.0452 4.0452 4.0452
3.474 0 3 1.0 0.0 0.0 0.0 0.0 0.0 0.0 0.0 0.0 0.0 4.0452 4.0452 4.0452 4.0452
3.475 0 3 1.0 0.0 0.0 0.0 0.0 0.0 0.0 0.0 0.0 0.0 4.0452 4.0452 4.0452 4.0452
3.476 0 3 1.0 0.0 0.0 0.0 0.0 0.0 0.0 0.0 0.0 0.0 4.0452 4.0452 4.0452 4.0452
3.477 0 3 1.0 0.0 0.0 0.0 0.0 0.0 0.0 0.0 0.0 0.0 4.0452 4.0452 4.0452 4.0452
3.478 0 3 1.0 0.0 0.0 0.0 0.0 0.0 0.0 0.0 0.0 0.0 4.0452 4.0452 4.0452 4.0452
3.479 0 3 1.0 0.0 0.0 0.0 0.0 0.0 0.0 0.0 0.0 0.0 4.0452 4.0452 4.0452 4.0452
3.48 0 3 1.0 0.0 0.0 0.0 0.0 0.0 0.0 0.0 0.0 0.0 4.0452 4.0452 4.0452 4.0452
3.481 0 3 1.0 0.0 0.0 0.0 0.0 0.0 0.0 0.0 0.0 0.0 4.0452 4.0452 4.0452 4.0452
3.482 0 3 1.0 0.0 0.0 0.0 0.0 0.0 0.0 0.0 0.0 0.0 4.0452 4.0452 4.0452 4.0452
3.483 0 3 1.0 0.0 0.0 0.0 0.0 0.0 0.0 0.0 0.0 0.0 4.0452 4.0452 4.0452 4.0452
3.484 0 3 1.0 0.0 0.0 0.0 0.0 0.0 0.0 0.0 0.0 0.0 4.0452 4.0452 4.0452 4.0452
3.485 0 3 1.0 0.0 0.0 0.0 0.0 0.0 0.0 0.0 0.0 0.0 4.0452 4.0452 4.0452 4.0452
3.486 0 3 1.0 0.0 0.0 0.0 0.0 0.0 0.0 0.0 0.0 0.0 4.0452 4.0452 4.0452 4.0452
3.487 0 3 1.0 0.0 0.0 0.0 0.0 0.0 0.0 0.0 0.0 0.0 4.0452 4.0452 4.0452 4.0452
3.488 0 3 1.0 0.0 0.0 0.0 0.0 0.0 0.0 0.0 0.0 0.0 4.0452 4.0452 4.0452 4.0452
3.489 0 3 1.0 0.0 0.0 0.0 0.0 0.0 0.0 0.0 0.0 0.0 4.0452 4.0452 4.0452 4.0452
3.49 0 3 1.0 0.0 0.0 0.0 0.0 0.0 0.0 0.0 0.0 0.0 4.0452 4.0452 4.0452 4.0452
3.491 0 3 1.0 0.0 0.0 0.0 0.0 0.0 0.0 0.0 0.0 0.0 4.0452 4.0452 4.0452 4.0452
3.492 0 3 1.0 0.0 0.0 0.0 0.0 0.0 0.0 0.0 0.0 0.0 4.0452 4.0452 4.0452 4.0452
3.493 0 3 1.0 0.0 0.0 0.0 0.0 0.0 0.0 0.0 0.0 0.0 4.0452 4.0452 4.0452 4.0452
3.494 0 3 1.0 0.0 0.0 0.0 0.0 0.0 0.0 0.0 0.0 0.0 4.0452 4.0452 4.0452 4.0452
3.495 0 3 1.0 0.0 0.0 0.0 0.0 0.0 0.0 0.0 0.0 0.0 4.0452 4.0452 4.0452 4.0452
3.496 0 3 1.0 0.0 0.0 0.0 0.0 0.0 0.0 0.0 0.0 0.0 4.0452 4.0452 4.0452 4.0452
3.497 0 3 1.0 0.0 0.0 0.0 0.0 0.0 0.0 0.0 0.0 0.0 4.0452 4.0452 4.0452 4.0452
3.498 0 3 1.0 0.0 0.0 0.0 0.0 0.0 0.0 0.0 0.0 0.0 4.0452 4.0452 4.0452 4.0452
3.499 0 3 1.0 0.0 0.0 0.0 0.0 0.0 0.0 0.0 0.0 0.0 4.0452 4.0452 4.0452 4.0452
3.5 0 3 1.0 0.0 0.0 0.0 0.0 0.0 0.0 0.0 0.0 0.0 4.0452 4.0452 4.0452 4.0452
3.501 0 3 1.0 0.0 0.0 0.0 0.0 0.0 0.0 0.0 0.0 0.0 4.0452 4.0452 4.0452 4.0452
3.5020000000000002 0 3 1.0 0.0 0.0 0.0 0.0 0.0 0.0 0.0 0.0 0.0 4.0452 4.0452 4.0452 4.0452
3.503 0 3 1.0 0.0 0.0 0.0 0.0 0.0 0.0 0.0 0.0 0.0 4.0452 4.0452 4.0452 4.0452
3.504 0 3 1.0 0.0 0.0 0.0 0.0 0.0 0.0 0.0 0.0 0.0 4.0452 4.0452 4.0452 4.0452
3.505 0 3 1.0 0.0 0.0 0.0 0.0 0.0 0.0 0.0 0.0 0.0 4.0452 4.0452 4.0452 4.0452
3.5060000000000002 0 3 1.0 0.0 0.0 0.0 0.0 0.0 0.0 0.0 0.0 0.0 4.0452 4.0452 4.0452 4.0452
3.507 0 3 1.0 0.0 0.0 0.0 0.0 0.0 0.0 0.0 0.0 0.0 4.0452 4.0452 4.0452 4.0452
3.508 0 3 1.0 0.0 0.0 0.0 0.0 0.0 0.0 0.0 0.0 0.0 4.0452 4.0452 4.0452 4.0452
3.509 0 3 1.0 0.0 0.0 0.0 0.0 0.0 0.0 0.0 0.0 0.0 4.0452 4.0452 4.0452 4.0452
3.5100000000000002 0 3 1.0 0.0 0.0 0.0 0.0 0.0 0.0 0.0 0.0 0.0 4.0452 4.0452 4.0452 4.0452
3.511 0 3 1.0 0.0 0.0 0.0 0.0 0.0 0.0 0.0 0.0 0.0 4.0452 4.0452 4.0452 4.0452
3.512 0 3 1.0 0.0 0.0 0.0 0.0 0.0 0.0 0.0 0.0 0.0 4.0452 4.0452 4.0452 4.0452
3.513 0 3 1.0 0.0 0.0 0.0 0.0 0.0 0.0 0.0 0.0 0.0 4.0452 4.0452 4.0452 4.0452
3.5140000000000002 0 3 1.0 0.0 0.0 0.0 0.0 0.0 0.0 0.0 0.0 0.0 4.0452 4.0452 4.0452 4.0452
3.515 0 3 1.0 0.0 0.0 0.0 0.0 0.0 0.0 0.0 0.0 0.0 4.0452 4.0452 4.0452 4.0452
3.516 0 3 1.0 0.0 0.0 0.0 0.0 0.0 0.0 0.0 0.0 0.0 4.0452 4.0452 4.0452 4.0452
3.517 0 3 1.0 0.0 0.0 0.0 0.0 0.0 0.0 0.0 0.0 0.0 4.0452 4.0452 4.0452 4.0452
3.5180000000000002 0 3 1.0 0.0 0.0 0.0 0.0 0.0 0.0 0.0 0.0 0.0 4.0452 4.0452 4.0452 4.0452
3.519 0 3 1.0 0.0 0.0 0.0 0.0 0.0 0.0 0.0 0.0 0.0 4.0452 4.0452 4.0452 4.0452
3.52 0 3 1.0 0.0 0.0 0.0 0.0 0.0 0.0 0.0 0.0 0.0 4.0452 4.0452 4.0452 4.0452
3.521 0 3 1.0 0.0 0.0 0.0 0.0 0.0 0.0 0.0 0.0 0.0 4.0452 4.0452 4.0452 4.0452
3.5220000000000002 0 3 1.0 0.0 0.0 0.0 0.0 0.0 0.0 0.0 0.0 0.0 4.0452 4.0452 4.0452 4.0452
3.523 0 3 1.0 0.0 0.0 0.0 0.0 0.0 0.0 0.0 0.0 0.0 4.0452 4.0452 4.0452 4.0452
3.524 0 3 1.0 0.0 0.0 0.0 0.0 0.0 0.0 0.0 0.0 0.0 4.0452 4.0452 4.0452 4.0452
3.525 0 3 1.0 0.0 0.0 0.0 0.0 0.0 0.0 0.0 0.0 0.0 4.0452 4.0452 4.0452 4.0452
3.5260000000000002 0 3 1.0 0.0 0.0 0.0 0.0 0.0 0.0 0.0 0.0 0.0 4.0452 4.0452 4.0452 4.0452
3.527 0 3 1.0 0.0 0.0 0.0 0.0 0.0 0.0 0.0 0.0 0.0 4.0452 4.0452 4.0452 4.0452
3.528 0 3 1.0 0.0 0.0 0.0 0.0 0.0 0.0 0.0 0.0 0.0 4.0452 4.0452 4.0452 4.0452
3.529 0 3 1.0 0.0 0.0 0.0 0.0 0.0 0.0 0.0 0.0 0.0 4.0452 4.0452 4.0452 4.0452
3.5300000000000002 0 3 1.0 0.0 0.0 0.0 0.0 0.0 0.0 0.0 0.0 0.0 4.0452 4.0452 4.0452 4.0452
3.531 0 3 1.0 0.0 0.0 0.0 0.0 0.0 0.0 0.0 0.0 0.0 4.0452 4.0452 4.0452 4.0452
3.532 0 3 1.0 0.0 0.0 0.0 0.0 0.0 0.0 0.0 0.0 0.0 4.0452 4.0452 4.0452 4.0452
3.533 0 3 1.0 0.0 0.0 0.0 0.0 0.0 0.0 0.0 0.0 0.0 4.0452 4.0452 4.0452 4.0452
3.5340000000000003 0 3 1.0 0.0 0.0 0.0 0.0 0.0 0.0 0.0 0.0 0.0 4.0452 4.0452 4.0452 4.0452
3.535 0 3 1.0 0.0 0.0 0.0 0.0 0.0 0.0 0.0 0.0 0.0 4.0452 4.0452 4.0452 4.0452
3.536 0 3 1.0 0.0 0.0 0.0 0.0 0.0 0.0 0.0 0.0 0.0 4.0452 4.0452 4.0452 4.0452
3.537 0 3 1.0 0.0 0.0 0.0 0.0 0.0 0.0 0.0 0.0 0.0 4.0452 4.0452 4.0452 4.0452
3.5380000000000003 0 3 1.0 0.0 0.0 0.0 0.0 0.0 0.0 0.0 0.0 0.0 4.0452 4.0452 4.0452 4.0452
3.539 0 3 1.0 0.0 0.0 0.0 0.0 0.0 0.0 0.0 0.0 0.0 4.0452 4.0452 4.0452 4.0452
3.54 0 3 1.0 0.0 0.0 0.0 0.0 0.0 0.0 0.0 0.0 0.0 4.0452 4.0452 4.0452 4.0452
3.541 0 3 1.0 0.0 0.0 0.0 0.0 0.0 0.0 0.0 0.0 0.0 4.0452 4.0452 4.0452 4.0452
3.5420000000000003 0 3 1.0 0.0 0.0 0.0 0.0 0.0 0.0 0.0 0.0 0.0 4.0452 4.0452 4.0452 4.0452
3.543 0 3 1.0 0.0 0.0 0.0 0.0 0.0 0.0 0.0 0.0 0.0 4.0452 4.0452 4.0452 4.0452
3.544 0 3 1.0 0.0 0.0 0.0 0.0 0.0 0.0 0.0 0.0 0.0 4.0452 4.0452 4.0452 4.0452
3.545 0 3 1.0 0.0 0.0 0.0 0.0 0.0 0.0 0.0 0.0 0.0 4.0452 4.0452 4.0452 4.0452
3.5460000000000003 0 3 1.0 0.0 0.0 0.0 0.0 0.0 0.0 0.0 0.0 0.0 4.0452 4.0452 4.0452 4.0452
3.547 0 3 1.0 0.0 0.0 0.0 0.0 0.0 0.0 0.0 0.0 0.0 4.0452 4.0452 4.0452 4.0452
3.548 0 3 1.0 0.0 0.0 0.0 0.0 0.0 0.0 0.0 0.0 0.0 4.0452 4.0452 4.0452 4.0452
3.549 0 3 1.0 0.0 0.0 0.0 0.0 0.0 0.0 0.0 0.0 0.0 4.0452 4.0452 4.0452 4.0452
3.5500000000000003 0 3 1.0 0.0 0.0 0.0 0.0 0.0 0.0 0.0 0.0 0.0 4.0452 4.0452 4.0452 4.0452
3.551 0 3 1.0 0.0 0.0 0.0 0.0 0.0 0.0 0.0 0.0 0.0 4.0452 4.0452 4.0452 4.0452
3.552 0 3 1.0 0.0 0.0 0.0 0.0 0.0 0.0 0.0 0.0 0.0 4.0452 4.0452 4.0452 4.0452
3.553 0 3 1.0 0.0 0.0 0.0 0.0 0.0 0.0 0.0 0.0 0.0 4.0452 4.0452 4.0452 4.0452
3.5540000000000003 0 3 1.0 0.0 0.0 0.0 0.0 0.0 0.0 0.0 0.0 0.0 4.0452 4.0452 4.0452 4.0452
3.555 0 3 1.0 0.0 0.0 0.0 0.0 0.0 0.0 0.0 0.0 0.0 4.0452 4.0452 4.0452 4.0452
3.556 0 3 1.0 0.0 0.0 0.0 0.0 0.0 0.0 0.0 0.0 0.0 4.0452 4.0452 4.0452 4.0452
3.557 0 3 1.0 0.0 0.0 0.0 0.0 0.0 0.0 0.0 0.0 0.0 4.0452 4.0452 4.0452 4.0452
3.5580000000000003 0 3 1.0 0.0 0.0 0.0 0.0 0.0 0.0 0.0 0.0 0.0 4.0452 4.0452 4.0452 4.0452
3.559 0 3 1.0 0.0 0.0 0.0 0.0 0.0 0.0 0.0 0.0 0.0 4.0452 4.0452 4.0452 4.0452
3.56 0 3 1.0 0.0 0.0 0.0 0.0 0.0 0.0 0.0 0.0 0.0 4.0452 4.0452 4.0452 4.0452
3.561 0 3 1.0 0.0 0.0 0.0 0.0 0.0 0.0 0.0 0.0 0.0 4.0452 4.0452 4.0452 4.0452
3.5620000000000003 0 3 1.0 0.0 0.0 0.0 0.0 0.0 0.0 0.0 0.0 0.0 4.0452 4.0452 4.0452 4.0452
3.563 0 3 1.0 0.0 0.0 0.0 0.0 0.0 0.0 0.0 0.0 0.0 4.0452 4.0452 4.0452 4.0452
3.564 0 3 1.0 0.0 0.0 0.0 0.0 0.0 0.0 0.0 0.0 0.0 4.0452 4.0452 4.0452 4.0452
3.565 0 3 1.0 0.0 0.0 0.0 0.0 0.0 0.0 0.0 0.0 0.0 4.0452 4.0452 4.0452 4.0452
3.5660000000000003 0 3 1.0 0.0 0.0 0.0 0.0 0.0 0.0 0.0 0.0 0.0 4.0452 4.0452 4.0452 4.0452
3.567 0 3 1.0 0.0 0.0 0.0 0.0 0.0 0.0 0.0 0.0 0.0 4.0452 4.0452 4.0452 4.0452
3.568 0 3 1.0 0.0 0.0 0.0 0.0 0.0 0.0 0.0 0.0 0.0 4.0452 4.0452 4.0452 4.0452
3.569 0 3 1.0 0.0 0.0 0.0 0.0 0.0 0.0 0.0 0.0 0.0 4.0452 4.0452 4.0452 4.0452
3.5700000000000003 0 3 1.0 0.0 0.0 0.0 0.0 0.0 0.0 0.0 0.0 0.0 4.0452 4.0452 4.0452 4.0452
3.571 0 3 1.0 0.0 0.0 0.0 0.0 0.0 0.0 0.0 0.0 0.0 4.0452 4.0452 4.0452 4.0452
3.572 0 3 1.0 0.0 0.0 0.0 0.0 0.0 0.0 0.0 0.0 0.0 4.0452 4.0452 4.0452 4.0452
3.573 0 3 1.0 0.0 0.0 0.0 0.0 0.0 0.0 0.0 0.0 0.0 4.0452 4.0452 4.0452 4.0452
3.5740000000000003 0 3 1.0 0.0 0.0 0.0 0.0 0.0 0.0 0.0 0.0 0.0 4.0452 4.0452 4.0452 4.0452
3.575 0 3 1.0 0.0 0.0 0.0 0.0 0.0 0.0 0.0 0.0 0.0 4.0452 4.0452 4.0452 4.0452
3.576 0 3 1.0 0.0 0.0 0.0 0.0 0.0 0.0 0.0 0.0 0.0 4.0452 4.0452 4.0452 4.0452
3.577 0 3 1.0 0.0 0.0 0.0 0.0 0.0 0.0 0.0 0.0 0.0 4.0452 4.0452 4.0452 4.0452
3.5780000000000003 0 3 1.0 0.0 0.0 0.0 0.0 0.0 0.0 0.0 0.0 0.0 4.0452 4.0452 4.0452 4.0452
3.579 0 3 1.0 0.0 0.0 0.0 0.0 0.0 0.0 0.0 0.0 0.0 4.0452 4.0452 4.0452 4.0452
3.58 0 3 1.0 0.0 0.0 0.0 0.0 0.0 0.0 0.0 0.0 0.0 4.0452 4.0452 4.0452 4.0452
3.581 0 3 1.0 0.0 0.0 0.0 0.0 0.0 0.0 0.0 0.0 0.0 4.0452 4.0452 4.0452 4.0452
3.5820000000000003 0 3 1.0 0.0 0.0 0.0 0.0 0.0 0.0 0.0 0.0 0.0 4.0452 4.0452 4.0452 4.0452
3.583 0 3 1.0 0.0 0.0 0.0 0.0 0.0 0.0 0.0 0.0 0.0 4.0452 4.0452 4.0452 4.0452
3.584 0 3 1.0 0.0 0.0 0.0 0.0 0.0 0.0 0.0 0.0 0.0 4.0452 4.0452 4.0452 4.0452
3.585 0 3 1.0 0.0 0.0 0.0 0.0 0.0 0.0 0.0 0.0 0.0 4.0452 4.0452 4.0452 4.0452
3.586 0 3 1.0 0.0 0.0 0.0 0.0 0.0 0.0 0.0 0.0 0.0 4.0452 4.0452 4.0452 4.0452
3.587 0 3 1.0 0.0 0.0 0.0 0.0 0.0 0.0 0.0 0.0 0.0 4.0452 4.0452 4.0452 4.0452
3.588 0 3 1.0 0.0 0.0 0.0 0.0 0.0 0.0 0.0 0.0 0.0 4.0452 4.0452 4.0452 4.0452
3.589 0 3 1.0 0.0 0.0 0.0 0.0 0.0 0.0 0.0 0.0 0.0 4.0452 4.0452 4.0452 4.0452
3.59 0 3 1.0 0.0 0.0 0.0 0.0 0.0 0.0 0.0 0.0 0.0 4.0452 4.0452 4.0452 4.0452
3.591 0 3 1.0 0.0 0.0 0.0 0.0 0.0 0.0 0.0 0.0 0.0 4.0452 4.0452 4.0452 4.0452
3.592 0 3 1.0 0.0 0.0 0.0 0.0 0.0 0.0 0.0 0.0 0.0 4.0452 4.0452 4.0452 4.0452
3.593 0 3 1.0 0.0 0.0 0.0 0.0 0.0 0.0 0.0 0.0 0.0 4.0452 4.0452 4.0452 4.0452
3.594 0 3 1.0 0.0 0.0 0.0 0.0 0.0 0.0 0.0 0.0 0.0 4.0452 4.0452 4.0452 4.0452
3.595 0 3 1.0 0.0 0.0 0.0 0.0 0.0 0.0 0.0 0.0 0.0 4.0452 4.0452 4.0452 4.0452
3.596 0 3 1.0 0.0 0.0 0.0 0.0 0.0 0.0 0.0 0.0 0.0 4.0452 4.0452 4.0452 4.0452
3.597 0 3 1.0 0.0 0.0 0.0 0.0 0.0 0.0 0.0 0.0 0.0 4.0452 4.0452 4.0452 4.0452
3.598 0 3 1.0 0.0 0.0 0.0 0.0 0.0 0.0 0.0 0.0 0.0 4.0452 4.0452 4.0452 4.0452
3.599 0 3 1.0 0.0 0.0 0.0 0.0 0.0 0.0 0.0 0.0 0.0 4.0452 4.0452 4.0452 4.0452
3.6 0 3 1.0 0.0 0.0 0.0 0.0 0.0 0.0 0.0 0.0 0.0 4.0452 4.0452 4.0452 4.0452
3.601 0 3 1.0 0.0 0.0 0.0 0.0 0.0 0.0 0.0 0.0 0.0 4.0452 4.0452 4.0452 4.0452
3.602 0 3 1.0 0.0 0.0 0.0 0.0 0.0 0.0 0.0 0.0 0.0 4.0452 4.0452 4.0452 4.0452
3.603 0 3 1.0 0.0 0.0 0.0 0.0 0.0 0.0 0.0 0.0 0.0 4.0452 4.0452 4.0452 4.0452
3.604 0 3 1.0 0.0 0.0 0.0 0.0 0.0 0.0 0.0 0.0 0.0 4.0452 4.0452 4.0452 4.0452
3.605 0 3 1.0 0.0 0.0 0.0 0.0 0.0 0.0 0.0 0.0 0.0 4.0452 4.0452 4.0452 4.0452
3.606 0 3 1.0 0.0 0.0 0.0 0.0 0.0 0.0 0.0 0.0 0.0 4.0452 4.0452 4.0452 4.0452
3.607 0 3 1.0 0.0 0.0 0.0 0.0 0.0 0.0 0.0 0.0 0.0 4.0452 4.0452 4.0452 4.0452
3.608 0 3 1.0 0.0 0.0 0.0 0.0 0.0 0.0 0.0 0.0 0.0 4.0452 4.0452 4.0452 4.0452
3.609 0 3 1.0 0.0 0.0 0.0 0.0 0.0 0.0 0.0 0.0 0.0 4.0452 4.0452 4.0452 4.0452
3.61 0 3 1.0 0.0 0.0 0.0 0.0 0.0 0.0 0.0 0.0 0.0 4.0452 4.0452 4.0452 4.0452
3.611 0 3 1.0 0.0 0.0 0.0 0.0 0.0 0.0 0.0 0.0 0.0 4.0452 4.0452 4.0452 4.0452
3.612 0 3 1.0 0.0 0.0 0.0 0.0 0.0 0.0 0.0 0.0 0.0 4.0452 4.0452 4.0452 4.0452
3.613 0 3 1.0 0.0 0.0 0.0 0.0 0.0 0.0 0.0 0.0 0.0 4.0452 4.0452 4.0452 4.0452
3.614 0 3 1.0 0.0 0.0 0.0 0.0 0.0 0.0 0.0 0.0 0.0 4.0452 4.0452 4.0452 4.0452
3.615 0 3 1.0 0.0 0.0 0.0 0.0 0.0 0.0 0.0 0.0 0.0 4.0452 4.0452 4.0452 4.0452
3.616 0 3 1.0 0.0 0.0 0.0 0.0 0.0 0.0 0.0 0.0 0.0 4.0452 4.0452 4.0452 4.0452
3.617 0 3 1.0 0.0 0.0 0.0 0.0 0.0 0.0 0.0 0.0 0.0 4.0452 4.0452 4.0452 4.0452
3.618 0 3 1.0 0.0 0.0 0.0 0.0 0.0 0.0 0.0 0.0 0.0 4.0452 4.0452 4.0452 4.0452
3.619 0 3 1.0 0.0 0.0 0.0 0.0 0.0 0.0 0.0 0.0 0.0 4.0452 4.0452 4.0452 4.0452
3.62 0 3 1.0 0.0 0.0 0.0 0.0 0.0 0.0 0.0 0.0 0.0 4.0452 4.0452 4.0452 4.0452
3.621 0 3 1.0 0.0 0.0 0.0 0.0 0.0 0.0 0.0 0.0 0.0 4.0452 4.0452 4.0452 4.0452
3.622 0 3 1.0 0.0 0.0 0.0 0.0 0.0 0.0 0.0 0.0 0.0 4.0452 4.0452 4.0452 4.0452
3.623 0 3 1.0 0.0 0.0 0.0 0.0 0.0 0.0 0.0 0.0 0.0 4.0452 4.0452 4.0452 4.0452
3.624 0 3 1.0 0.0 0.0 0.0 0.0 0.0 0.0 0.0 0.0 0.0 4.0452 4.0452 4.0452 4.0452
3.625 0 3 1.0 0.0 0.0 0.0 0.0 0.0 0.0 0.0 0.0 0.0 4.0452 4.0452 4.0452 4.0452
3.626 0 3 1.0 0.0 0.0 0.0 0.0 0.0 0.0 0.0 0.0 0.0 4.0452 4.0452 4.0452 4.0452
3.6270000000000002 0 3 1.0 0.0 0.0 0.0 0.0 0.0 0.0 0.0 0.0 0.0 4.0452 4.0452 4.0452 4.0452
3.628 0 3 1.0 0.0 0.0 0.0 0.0 0.0 0.0 0.0 0.0 0.0 4.0452 4.0452 4.0452 4.0452
3.629 0 3 1.0 0.0 0.0 0.0 0.0 0.0 0.0 0.0 0.0 0.0 4.0452 4.0452 4.0452 4.0452
3.63 0 3 1.0 0.0 0.0 0.0 0.0 0.0 0.0 0.0 0.0 0.0 4.0452 4.0452 4.0452 4.0452
3.6310000000000002 0 3 1.0 0.0 0.0 0.0 0.0 0.0 0.0 0.0 0.0 0.0 4.0452 4.0452 4.0452 4.0452
3.632 0 3 1.0 0.0 0.0 0.0 0.0 0.0 0.0 0.0 0.0 0.0 4.0452 4.0452 4.0452 4.0452
3.633 0 3 1.0 0.0 0.0 0.0 0.0 0.0 0.0 0.0 0.0 0.0 4.0452 4.0452 4.0452 4.0452
3.634 0 3 1.0 0.0 0.0 0.0 0.0 0.0 0.0 0.0 0.0 0.0 4.0452 4.0452 4.0452 4.0452
3.6350000000000002 0 3 1.0 0.0 0.0 0.0 0.0 0.0 0.0 0.0 0.0 0.0 4.0452 4.0452 4.0452 4.0452
3.636 0 3 1.0 0.0 0.0 0.0 0.0 0.0 0.0 0.0 0.0 0.0 4.0452 4.0452 4.0452 4.0452
3.637 0 3 1.0 0.0 0.0 0.0 0.0 0.0 0.0 0.0 0.0 0.0 4.0452 4.0452 4.0452 4.0452
3.638 0 3 1.0 0.0 0.0 0.0 0.0 0.0 0.0 0.0 0.0 0.0 4.0452 4.0452 4.0452 4.0452
3.6390000000000002 0 3 1.0 0.0 0.0 0.0 0.0 0.0 0.0 0.0 0.0 0.0 4.0452 4.0452 4.0452 4.0452
3.64 0 3 1.0 0.0 0.0 0.0 0.0 0.0 0.0 0.0 0.0 0.0 4.0452 4.0452 4.0452 4.0452
3.641 0 3 1.0 0.0 0.0 0.0 0.0 0.0 0.0 0.0 0.0 0.0 4.0452 4.0452 4.0452 4.0452
3.642 0 3 1.0 0.0 0.0 0.0 0.0 0.0 0.0 0.0 0.0 0.0 4.0452 4.0452 4.0452 4.0452
3.6430000000000002 0 3 1.0 0.0 0.0 0.0 0.0 0.0 0.0 0.0 0.0 0.0 4.0452 4.0452 4.0452 4.0452
3.644 0 3 1.0 0.0 0.0 0.0 0.0 0.0 0.0 0.0 0.0 0.0 4.0452 4.0452 4.0452 4.0452
3.645 0 3 1.0 0.0 0.0 0.0 0.0 0.0 0.0 0.0 0.0 0.0 4.0452 4.0452 4.0452 4.0452
3.646 0 3 1.0 0.0 0.0 0.0 0.0 0.0 0.0 0.0 0.0 0.0 4.0452 4.0452 4.0452 4.0452
3.6470000000000002 0 3 1.0 0.0 0.0 0.0 0.0 0.0 0.0 0.0 0.0 0.0 4.0452 4.0452 4.0452 4.0452
3.648 0 3 1.0 0.0 0.0 0.0 0.0 0.0 0.0 0.0 0.0 0.0 4.0452 4.0452 4.0452 4.0452
3.649 0 3 1.0 0.0 0.0 0.0 0.0 0.0 0.0 0.0 0.0 0.0 4.0452 4.0452 4.0452 4.0452
3.65 0 3 1.0 0.0 0.0 0.0 0.0 0.0 0.0 0.0 0.0 0.0 4.0452 4.0452 4.0452 4.0452
3.6510000000000002 0 3 1.0 0.0 0.0 0.0 0.0 0.0 0.0 0.0 0.0 0.0 4.0452 4.0452 4.0452 4.0452
3.652 0 3 1.0 0.0 0.0 0.0 0.0 0.0 0.0 0.0 0.0 0.0 4.0452 4.0452 4.0452 4.0452
3.653 0 3 1.0 0.0 0.0 0.0 0.0 0.0 0.0 0.0 0.0 0.0 4.0452 4.0452 4.0452 4.0452
3.654 0 3 1.0 0.0 0.0 0.0 0.0 0.0 0.0 0.0 0.0 0.0 4.0452 4.0452 4.0452 4.0452
3.6550000000000002 0 3 1.0 0.0 0.0 0.0 0.0 0.0 0.0 0.0 0.0 0.0 4.0452 4.0452 4.0452 4.0452
3.656 0 3 1.0 0.0 0.0 0.0 0.0 0.0 0.0 0.0 0.0 0.0 4.0452 4.0452 4.0452 4.0452
3.657 0 3 1.0 0.0 0.0 0.0 0.0 0.0 0.0 0.0 0.0 0.0 4.0452 4.0452 4.0452 4.0452
3.658 0 3 1.0 0.0 0.0 0.0 0.0 0.0 0.0 0.0 0.0 0.0 4.0452 4.0452 4.0452 4.0452
3.6590000000000003 0 3 1.0 0.0 0.0 0.0 0.0 0.0 0.0 0.0 0.0 0.0 4.0452 4.0452 4.0452 4.0452
3.66 0 3 1.0 0.0 0.0 0.0 0.0 0.0 0.0 0.0 0.0 0.0 4.0452 4.0452 4.0452 4.0452
3.661 0 3 1.0 0.0 0.0 0.0 0.0 0.0 0.0 0.0 0.0 0.0 4.0452 4.0452 4.0452 4.0452
3.662 0 3 1.0 0.0 0.0 0.0 0.0 0.0 0.0 0.0 0.0 0.0 4.0452 4.0452 4.0452 4.0452
3.6630000000000003 0 3 1.0 0.0 0.0 0.0 0.0 0.0 0.0 0.0 0.0 0.0 4.0452 4.0452 4.0452 4.0452
3.664 0 3 1.0 0.0 0.0 0.0 0.0 0.0 0.0 0.0 0.0 0.0 4.0452 4.0452 4.0452 4.0452
3.665 0 3 1.0 0.0 0.0 0.0 0.0 0.0 0.0 0.0 0.0 0.0 4.0452 4.0452 4.0452 4.0452
3.666 0 3 1.0 0.0 0.0 0.0 0.0 0.0 0.0 0.0 0.0 0.0 4.0452 4.0452 4.0452 4.0452
3.6670000000000003 0 3 1.0 0.0 0.0 0.0 0.0 0.0 0.0 0.0 0.0 0.0 4.0452 4.0452 4.0452 4.0452
3.668 0 3 1.0 0.0 0.0 0.0 0.0 0.0 0.0 0.0 0.0 0.0 4.0452 4.0452 4.0452 4.0452
3.669 0 3 1.0 0.0 0.0 0.0 0.0 0.0 0.0 0.0 0.0 0.0 4.0452 4.0452 4.0452 4.0452
3.67 0 3 1.0 0.0 0.0 0.0 0.0 0.0 0.0 0.0 0.0 0.0 4.0452 4.0452 4.0452 4.0452
3.6710000000000003 0 3 1.0 0.0 0.0 0.0 0.0 0.0 0.0 0.0 0.0 0.0 4.0452 4.0452 4.0452 4.0452
3.672 0 3 1.0 0.0 0.0 0.0 0.0 0.0 0.0 0.0 0.0 0.0 4.0452 4.0452 4.0452 4.0452
3.673 0 3 1.0 0.0 0.0 0.0 0.0 0.0 0.0 0.0 0.0 0.0 4.0452 4.0452 4.0452 4.0452
3.674 0 3 1.0 0.0 0.0 0.0 0.0 0.0 0.0 0.0 0.0 0.0 4.0452 4.0452 4.0452 4.0452
3.6750000000000003 0 3 1.0 0.0 0.0 0.0 0.0 0.0 0.0 0.0 0.0 0.0 4.0452 4.0452 4.0452 4.0452
3.676 0 3 1.0 0.0 0.0 0.0 0.0 0.0 0.0 0.0 0.0 0.0 4.0452 4.0452 4.0452 4.0452
3.677 0 3 1.0 0.0 0.0 0.0 0.0 0.0 0.0 0.0 0.0 0.0 4.0452 4.0452 4.0452 4.0452
3.678 0 3 1.0 0.0 0.0 0.0 0.0 0.0 0.0 0.0 0.0 0.0 4.0452 4.0452 4.0452 4.0452
3.6790000000000003 0 3 1.0 0.0 0.0 0.0 0.0 0.0 0.0 0.0 0.0 0.0 4.0452 4.0452 4.0452 4.0452
3.68 0 3 1.0 0.0 0.0 0.0 0.0 0.0 0.0 0.0 0.0 0.0 4.0452 4.0452 4.0452 4.0452
3.681 0 3 1.0 0.0 0.0 0.0 0.0 0.0 0.0 0.0 0.0 0.0 4.0452 4.0452 4.0452 4.0452
3.682 0 3 1.0 0.0 0.0 0.0 0.0 0.0 0.0 0.0 0.0 0.0 4.0452 4.0452 4.0452 4.0452
3.6830000000000003 0 3 1.0 0.0 0.0 0.0 0.0 0.0 0.0 0.0 0.0 0.0 4.0452 4.0452 4.0452 4.0452
3.684 0 3 1.0 0.0 0.0 0.0 0.0 0.0 0.0 0.0 0.0 0.0 4.0452 4.0452 4.0452 4.0452
3.685 0 3 1.0 0.0 0.0 0.0 0.0 0.0 0.0 0.0 0.0 0.0 4.0452 4.0452 4.0452 4.0452
3.686 0 3 1.0 0.0 0.0 0.0 0.0 0.0 0.0 0.0 0.0 0.0 4.0452 4.0452 4.0452 4.0452
3.6870000000000003 0 3 1.0 0.0 0.0 0.0 0.0 0.0 0.0 0.0 0.0 0.0 4.0452 4.0452 4.0452 4.0452
3.688 0 3 1.0 0.0 0.0 0.0 0.0 0.0 0.0 0.0 0.0 0.0 4.0452 4.0452 4.0452 4.0452
3.689 0 3 1.0 0.0 0.0 0.0 0.0 0.0 0.0 0.0 0.0 0.0 4.0452 4.0452 4.0452 4.0452
3.69 0 3 1.0 0.0 0.0 0.0 0.0 0.0 0.0 0.0 0.0 0.0 4.0452 4.0452 4.0452 4.0452
3.6910000000000003 0 3 1.0 0.0 0.0 0.0 0.0 0.0 0.0 0.0 0.0 0.0 4.0452 4.0452 4.0452 4.0452
3.692 0 3 1.0 0.0 0.0 0.0 0.0 0.0 0.0 0.0 0.0 0.0 4.0452 4.0452 4.0452 4.0452
3.693 0 3 1.0 0.0 0.0 0.0 0.0 0.0 0.0 0.0 0.0 0.0 4.0452 4.0452 4.0452 4.0452
3.694 0 3 1.0 0.0 0.0 0.0 0.0 0.0 0.0 0.0 0.0 0.0 4.0452 4.0452 4.0452 4.0452
3.6950000000000003 0 3 1.0 0.0 0.0 0.0 0.0 0.0 0.0 0.0 0.0 0.0 4.0452 4.0452 4.0452 4.0452
3.696 0 3 1.0 0.0 0.0 0.0 0.0 0.0 0.0 0.0 0.0 0.0 4.0452 4.0452 4.0452 4.0452
3.697 0 3 1.0 0.0 0.0 0.0 0.0 0.0 0.0 0.0 0.0 0.0 4.0452 4.0452 4.0452 4.0452
3.698 0 3 1.0 0.0 0.0 0.0 0.0 0.0 0.0 0.0 0.0 0.0 4.0452 4.0452 4.0452 4.0452
3.6990000000000003 0 3 1.0 0.0 0.0 0.0 0.0 0.0 0.0 0.0 0.0 0.0 4.0452 4.0452 4.0452 4.0452
3.7 0 3 1.0 0.0 0.0 0.0 0.0 0.0 0.0 0.0 0.0 0.0 4.0452 4.0452 4.0452 4.0452
3.701 0 3 1.0 0.0 0.0 0.0 0.0 0.0 0.0 0.0 0.0 0.0 4.0452 4.0452 4.0452 4.0452
3.702 0 3 1.0 0.0 0.0 0.0 0.0 0.0 0.0 0.0 0.0 0.0 4.0452 4.0452 4.0452 4.0452
3.7030000000000003 0 3 1.0 0.0 0.0 0.0 0.0 0.0 0.0 0.0 0.0 0.0 4.0452 4.0452 4.0452 4.0452
3.704 0 3 1.0 0.0 0.0 0.0 0.0 0.0 0.0 0.0 0.0 0.0 4.0452 4.0452 4.0452 4.0452
3.705 0 3 1.0 0.0 0.0 0.0 0.0 0.0 0.0 0.0 0.0 0.0 4.0452 4.0452 4.0452 4.0452
3.706 0 3 1.0 0.0 0.0 0.0 0.0 0.0 0.0 0.0 0.0 0.0 4.0452 4.0452 4.0452 4.0452
3.7070000000000003 0 3 1.0 0.0 0.0 0.0 0.0 0.0 0.0 0.0 0.0 0.0 4.0452 4.0452 4.0452 4.0452
3.708 0 3 1.0 0.0 0.0 0.0 0.0 0.0 0.0 0.0 0.0 0.0 4.0452 4.0452 4.0452 4.0452
3.709 0 3 1.0 0.0 0.0 0.0 0.0 0.0 0.0 0.0 0.0 0.0 4.0452 4.0452 4.0452 4.0452
3.71 0 3 1.0 0.0 0.0 0.0 0.0 0.0 0.0 0.0 0.0 0.0 4.0452 4.0452 4.0452 4.0452
3.7110000000000003 0 3 1.0 0.0 0.0 0.0 0.0 0.0 0.0 0.0 0.0 0.0 4.0452 4.0452 4.0452 4.0452
3.712 0 3 1.0 0.0 0.0 0.0 0.0 0.0 0.0 0.0 0.0 0.0 4.0452 4.0452 4.0452 4.0452
3.713 0 3 1.0 0.0 0.0 0.0 0.0 0.0 0.0 0.0 0.0 0.0 4.0452 4.0452 4.0452 4.0452
3.714 0 3 1.0 0.0 0.0 0.0 0.0 0.0 0.0 0.0 0.0 0.0 4.0452 4.0452 4.0452 4.0452
3.715 0 3 1.0 0.0 0.0 0.0 0.0 0.0 0.0 0.0 0.0 0.0 4.0452 4.0452 4.0452 4.0452
3.716 0 3 1.0 0.0 0.0 0.0 0.0 0.0 0.0 0.0 0.0 0.0 4.0452 4.0452 4.0452 4.0452
3.717 0 3 1.0 0.0 0.0 0.0 0.0 0.0 0.0 0.0 0.0 0.0 4.0452 4.0452 4.0452 4.0452
3.718 0 3 1.0 0.0 0.0 0.0 0.0 0.0 0.0 0.0 0.0 0.0 4.0452 4.0452 4.0452 4.0452
3.719 0 3 1.0 0.0 0.0 0.0 0.0 0.0 0.0 0.0 0.0 0.0 4.0452 4.0452 4.0452 4.0452
3.72 0 3 1.0 0.0 0.0 0.0 0.0 0.0 0.0 0.0 0.0 0.0 4.0452 4.0452 4.0452 4.0452
3.721 0 3 1.0 0.0 0.0 0.0 0.0 0.0 0.0 0.0 0.0 0.0 4.0452 4.0452 4.0452 4.0452
3.722 0 3 1.0 0.0 0.0 0.0 0.0 0.0 0.0 0.0 0.0 0.0 4.0452 4.0452 4.0452 4.0452
3.723 0 3 1.0 0.0 0.0 0.0 0.0 0.0 0.0 0.0 0.0 0.0 4.0452 4.0452 4.0452 4.0452
3.724 0 3 1.0 0.0 0.0 0.0 0.0 0.0 0.0 0.0 0.0 0.0 4.0452 4.0452 4.0452 4.0452
3.725 0 3 1.0 0.0 0.0 0.0 0.0 0.0 0.0 0.0 0.0 0.0 4.0452 4.0452 4.0452 4.0452
3.726 0 3 1.0 0.0 0.0 0.0 0.0 0.0 0.0 0.0 0.0 0.0 4.0452 4.0452 4.0452 4.0452
3.727 0 3 1.0 0.0 0.0 0.0 0.0 0.0 0.0 0.0 0.0 0.0 4.0452 4.0452 4.0452 4.0452
3.728 0 3 1.0 0.0 0.0 0.0 0.0 0.0 0.0 0.0 0.0 0.0 4.0452 4.0452 4.0452 4.0452
3.729 0 3 1.0 0.0 0.0 0.0 0.0 0.0 0.0 0.0 0.0 0.0 4.0452 4.0452 4.0452 4.0452
3.73 0 3 1.0 0.0 0.0 0.0 0.0 0.0 0.0 0.0 0.0 0.0 4.0452 4.0452 4.0452 4.0452
3.731 0 3 1.0 0.0 0.0 0.0 0.0 0.0 0.0 0.0 0.0 0.0 4.0452 4.0452 4.0452 4.0452
3.732 0 3 1.0 0.0 0.0 0.0 0.0 0.0 0.0 0.0 0.0 0.0 4.0452 4.0452 4.0452 4.0452
3.733 0 3 1.0 0.0 0.0 0.0 0.0 0.0 0.0 0.0 0.0 0.0 4.0452 4.0452 4.0452 4.0452
3.734 0 3 1.0 0.0 0.0 0.0 0.0 0.0 0.0 0.0 0.0 0.0 4.0452 4.0452 4.0452 4.0452
3.735 0 3 1.0 0.0 0.0 0.0 0.0 0.0 0.0 0.0 0.0 0.0 4.0452 4.0452 4.0452 4.0452
3.736 0 3 1.0 0.0 0.0 0.0 0.0 0.0 0.0 0.0 0.0 0.0 4.0452 4.0452 4.0452 4.0452
3.737 0 3 1.0 0.0 0.0 0.0 0.0 0.0 0.0 0.0 0.0 0.0 4.0452 4.0452 4.0452 4.0452
3.738 0 3 1.0 0.0 0.0 0.0 0.0 0.0 0.0 0.0 0.0 0.0 4.0452 4.0452 4.0452 4.0452
3.739 0 3 1.0 0.0 0.0 0.0 0.0 0.0 0.0 0.0 0.0 0.0 4.0452 4.0452 4.0452 4.0452
3.74 0 3 1.0 0.0 0.0 0.0 0.0 0.0 0.0 0.0 0.0 0.0 4.0452 4.0452 4.0452 4.0452
3.741 0 3 1.0 0.0 0.0 0.0 0.0 0.0 0.0 0.0 0.0 0.0 4.0452 4.0452 4.0452 4.0452
3.742 0 3 1.0 0.0 0.0 0.0 0.0 0.0 0.0 0.0 0.0 0.0 4.0452 4.0452 4.0452 4.0452
3.743 0 3 1.0 0.0 0.0 0.0 0.0 0.0 0.0 0.0 0.0 0.0 4.0452 4.0452 4.0452 4.0452
3.744 0 3 1.0 0.0 0.0 0.0 0.0 0.0 0.0 0.0 0.0 0.0 4.0452 4.0452 4.0452 4.0452
3.745 0 3 1.0 0.0 0.0 0.0 0.0 0.0 0.0 0.0 0.0 0.0 4.0452 4.0452 4.0452 4.0452
3.746 0 3 1.0 0.0 0.0 0.0 0.0 0.0 0.0 0.0 0.0 0.0 4.0452 4.0452 4.0452 4.0452
3.747 0 3 1.0 0.0 0.0 0.0 0.0 0.0 0.0 0.0 0.0 0.0 4.0452 4.0452 4.0452 4.0452
3.748 0 3 1.0 0.0 0.0 0.0 0.0 0.0 0.0 0.0 0.0 0.0 4.0452 4.0452 4.0452 4.0452
3.749 0 3 1.0 0.0 0.0 0.0 0.0 0.0 0.0 0.0 0.0 0.0 4.0452 4.0452 4.0452 4.0452
3.75 0 3 1.0 0.0 0.0 0.0 0.0 0.0 0.0 0.0 0.0 0.0 4.0452 4.0452 4.0452 4.0452
3.751 0 3 1.0 0.0 0.0 0.0 0.0 0.0 0.0 0.0 0.0 0.0 4.0452 4.0452 4.0452 4.0452
3.7520000000000002 0 3 1.0 0.0 0.0 0.0 0.0 0.0 0.0 0.0 0.0 0.0 4.0452 4.0452 4.0452 4.0452
3.753 0 3 1.0 0.0 0.0 0.0 0.0 0.0 0.0 0.0 0.0 0.0 4.0452 4.0452 4.0452 4.0452
3.754 0 3 1.0 0.0 0.0 0.0 0.0 0.0 0.0 0.0 0.0 0.0 4.0452 4.0452 4.0452 4.0452
3.755 0 3 1.0 0.0 0.0 0.0 0.0 0.0 0.0 0.0 0.0 0.0 4.0452 4.0452 4.0452 4.0452
3.7560000000000002 0 3 1.0 0.0 0.0 0.0 0.0 0.0 0.0 0.0 0.0 0.0 4.0452 4.0452 4.0452 4.0452
3.757 0 3 1.0 0.0 0.0 0.0 0.0 0.0 0.0 0.0 0.0 0.0 4.0452 4.0452 4.0452 4.0452
3.758 0 3 1.0 0.0 0.0 0.0 0.0 0.0 0.0 0.0 0.0 0.0 4.0452 4.0452 4.0452 4.0452
3.759 0 3 1.0 0.0 0.0 0.0 0.0 0.0 0.0 0.0 0.0 0.0 4.0452 4.0452 4.0452 4.0452
3.7600000000000002 0 3 1.0 0.0 0.0 0.0 0.0 0.0 0.0 0.0 0.0 0.0 4.0452 4.0452 4.0452 4.0452
3.761 0 3 1.0 0.0 0.0 0.0 0.0 0.0 0.0 0.0 0.0 0.0 4.0452 4.0452 4.0452 4.0452
3.762 0 3 1.0 0.0 0.0 0.0 0.0 0.0 0.0 0.0 0.0 0.0 4.0452 4.0452 4.0452 4.0452
3.763 0 3 1.0 0.0 0.0 0.0 0.0 0.0 0.0 0.0 0.0 0.0 4.0452 4.0452 4.0452 4.0452
3.7640000000000002 0 3 1.0 0.0 0.0 0.0 0.0 0.0 0.0 0.0 0.0 0.0 4.0452 4.0452 4.0452 4.0452
3.765 0 3 1.0 0.0 0.0 0.0 0.0 0.0 0.0 0.0 0.0 0.0 4.0452 4.0452 4.0452 4.0452
3.766 0 3 1.0 0.0 0.0 0.0 0.0 0.0 0.0 0.0 0.0 0.0 4.0452 4.0452 4.0452 4.0452
3.767 0 3 1.0 0.0 0.0 0.0 0.0 0.0 0.0 0.0 0.0 0.0 4.0452 4.0452 4.0452 4.0452
3.7680000000000002 0 3 1.0 0.0 0.0 0.0 0.0 0.0 0.0 0.0 0.0 0.0 4.0452 4.0452 4.0452 4.0452
3.769 0 3 1.0 0.0 0.0 0.0 0.0 0.0 0.0 0.0 0.0 0.0 4.0452 4.0452 4.0452 4.0452
3.77 0 3 1.0 0.0 0.0 0.0 0.0 0.0 0.0 0.0 0.0 0.0 4.0452 4.0452 4.0452 4.0452
3.771 0 3 1.0 0.0 0.0 0.0 0.0 0.0 0.0 0.0 0.0 0.0 4.0452 4.0452 4.0452 4.0452
3.7720000000000002 0 3 1.0 0.0 0.0 0.0 0.0 0.0 0.0 0.0 0.0 0.0 4.0452 4.0452 4.0452 4.0452
3.773 0 3 1.0 0.0 0.0 0.0 0.0 0.0 0.0 0.0 0.0 0.0 4.0452 4.0452 4.0452 4.0452
3.774 0 3 1.0 0.0 0.0 0.0 0.0 0.0 0.0 0.0 0.0 0.0 4.0452 4.0452 4.0452 4.0452
3.775 0 3 1.0 0.0 0.0 0.0 0.0 0.0 0.0 0.0 0.0 0.0 4.0452 4.0452 4.0452 4.0452
3.7760000000000002 0 3 1.0 0.0 0.0 0.0 0.0 0.0 0.0 0.0 0.0 0.0 4.0452 4.0452 4.0452 4.0452
3.777 0 3 1.0 0.0 0.0 0.0 0.0 0.0 0.0 0.0 0.0 0.0 4.0452 4.0452 4.0452 4.0452
3.778 0 3 1.0 0.0 0.0 0.0 0.0 0.0 0.0 0.0 0.0 0.0 4.0452 4.0452 4.0452 4.0452
3.779 0 3 1.0 0.0 0.0 0.0 0.0 0.0 0.0 0.0 0.0 0.0 4.0452 4.0452 4.0452 4.0452
3.7800000000000002 0 3 1.0 0.0 0.0 0.0 0.0 0.0 0.0 0.0 0.0 0.0 4.0452 4.0452 4.0452 4.0452
3.781 0 3 1.0 0.0 0.0 0.0 0.0 0.0 0.0 0.0 0.0 0.0 4.0452 4.0452 4.0452 4.0452
3.782 0 3 1.0 0.0 0.0 0.0 0.0 0.0 0.0 0.0 0.0 0.0 4.0452 4.0452 4.0452 4.0452
3.783 0 3 1.0 0.0 0.0 0.0 0.0 0.0 0.0 0.0 0.0 0.0 4.0452 4.0452 4.0452 4.0452
3.7840000000000003 0 3 1.0 0.0 0.0 0.0 0.0 0.0 0.0 0.0 0.0 0.0 4.0452 4.0452 4.0452 4.0452
3.785 0 3 1.0 0.0 0.0 0.0 0.0 0.0 0.0 0.0 0.0 0.0 4.0452 4.0452 4.0452 4.0452
3.786 0 3 1.0 0.0 0.0 0.0 0.0 0.0 0.0 0.0 0.0 0.0 4.0452 4.0452 4.0452 4.0452
3.787 0 3 1.0 0.0 0.0 0.0 0.0 0.0 0.0 0.0 0.0 0.0 4.0452 4.0452 4.0452 4.0452
3.7880000000000003 0 3 1.0 0.0 0.0 0.0 0.0 0.0 0.0 0.0 0.0 0.0 4.0452 4.0452 4.0452 4.0452
3.789 0 3 1.0 0.0 0.0 0.0 0.0 0.0 0.0 0.0 0.0 0.0 4.0452 4.0452 4.0452 4.0452
3.79 0 3 1.0 0.0 0.0 0.0 0.0 0.0 0.0 0.0 0.0 0.0 4.0452 4.0452 4.0452 4.0452
3.791 0 3 1.0 0.0 0.0 0.0 0.0 0.0 0.0 0.0 0.0 0.0 4.0452 4.0452 4.0452 4.0452
3.7920000000000003 0 3 1.0 0.0 0.0 0.0 0.0 0.0 0.0 0.0 0.0 0.0 4.0452 4.0452 4.0452 4.0452
3.793 0 3 1.0 0.0 0.0 0.0 0.0 0.0 0.0 0.0 0.0 0.0 4.0452 4.0452 4.0452 4.0452
3.794 0 3 1.0 0.0 0.0 0.0 0.0 0.0 0.0 0.0 0.0 0.0 4.0452 4.0452 4.0452 4.0452
3.795 0 3 1.0 0.0 0.0 0.0 0.0 0.0 0.0 0.0 0.0 0.0 4.0452 4.0452 4.0452 4.0452
3.7960000000000003 0 3 1.0 0.0 0.0 0.0 0.0 0.0 0.0 0.0 0.0 0.0 4.0452 4.0452 4.0452 4.0452
3.797 0 3 1.0 0.0 0.0 0.0 0.0 0.0 0.0 0.0 0.0 0.0 4.0452 4.0452 4.0452 4.0452
3.798 0 3 1.0 0.0 0.0 0.0 0.0 0.0 0.0 0.0 0.0 0.0 4.0452 4.0452 4.0452 4.0452
3.799 0 3 1.0 0.0 0.0 0.0 0.0 0.0 0.0 0.0 0.0 0.0 4.0452 4.0452 4.0452 4.0452
3.8000000000000003 0 3 1.0 0.0 0.0 0.0 0.0 0.0 0.0 0.0 0.0 0.0 4.0452 4.0452 4.0452 4.0452
3.801 0 3 1.0 0.0 0.0 0.0 0.0 0.0 0.0 0.0 0.0 0.0 4.0452 4.0452 4.0452 4.0452
3.802 0 3 1.0 0.0 0.0 0.0 0.0 0.0 0.0 0.0 0.0 0.0 4.0452 4.0452 4.0452 4.0452
3.803 0 3 1.0 0.0 0.0 0.0 0.0 0.0 0.0 0.0 0.0 0.0 4.0452 4.0452 4.0452 4.0452
3.8040000000000003 0 3 1.0 0.0 0.0 0.0 0.0 0.0 0.0 0.0 0.0 0.0 4.0452 4.0452 4.0452 4.0452
3.805 0 3 1.0 0.0 0.0 0.0 0.0 0.0 0.0 0.0 0.0 0.0 4.0452 4.0452 4.0452 4.0452
3.806 0 3 1.0 0.0 0.0 0.0 0.0 0.0 0.0 0.0 0.0 0.0 4.0452 4.0452 4.0452 4.0452
3.807 0 3 1.0 0.0 0.0 0.0 0.0 0.0 0.0 0.0 0.0 0.0 4.0452 4.0452 4.0452 4.0452
3.8080000000000003 0 3 1.0 0.0 0.0 0.0 0.0 0.0 0.0 0.0 0.0 0.0 4.0452 4.0452 4.0452 4.0452
3.809 0 3 1.0 0.0 0.0 0.0 0.0 0.0 0.0 0.0 0.0 0.0 4.0452 4.0452 4.0452 4.0452
3.81 0 3 1.0 0.0 0.0 0.0 0.0 0.0 0.0 0.0 0.0 0.0 4.0452 4.0452 4.0452 4.0452
3.811 0 3 1.0 0.0 0.0 0.0 0.0 0.0 0.0 0.0 0.0 0.0 4.0452 4.0452 4.0452 4.0452
3.8120000000000003 0 3 1.0 0.0 0.0 0.0 0.0 0.0 0.0 0.0 0.0 0.0 4.0452 4.0452 4.0452 4.0452
3.813 0 3 1.0 0.0 0.0 0.0 0.0 0.0 0.0 0.0 0.0 0.0 4.0452 4.0452 4.0452 4.0452
3.814 0 3 1.0 0.0 0.0 0.0 0.0 0.0 0.0 0.0 0.0 0.0 4.0452 4.0452 4.0452 4.0452
3.815 0 3 1.0 0.0 0.0 0.0 0.0 0.0 0.0 0.0 0.0 0.0 4.0452 4.0452 4.0452 4.0452
3.8160000000000003 0 3 1.0 0.0 0.0 0.0 0.0 0.0 0.0 0.0 0.0 0.0 4.0452 4.0452 4.0452 4.0452
3.817 0 3 1.0 0.0 0.0 0.0 0.0 0.0 0.0 0.0 0.0 0.0 4.0452 4.0452 4.0452 4.0452
3.818 0 3 1.0 0.0 0.0 0.0 0.0 0.0 0.0 0.0 0.0 0.0 4.0452 4.0452 4.0452 4.0452
3.819 0 3 1.0 0.0 0.0 0.0 0.0 0.0 0.0 0.0 0.0 0.0 4.0452 4.0452 4.0452 4.0452
3.8200000000000003 0 3 1.0 0.0 0.0 0.0 0.0 0.0 0.0 0.0 0.0 0.0 4.0452 4.0452 4.0452 4.0452
3.821 0 3 1.0 0.0 0.0 0.0 0.0 0.0 0.0 0.0 0.0 0.0 4.0452 4.0452 4.0452 4.0452
3.822 0 3 1.0 0.0 0.0 0.0 0.0 0.0 0.0 0.0 0.0 0.0 4.0452 4.0452 4.0452 4.0452
3.823 0 3 1.0 0.0 0.0 0.0 0.0 0.0 0.0 0.0 0.0 0.0 4.0452 4.0452 4.0452 4.0452
3.8240000000000003 0 3 1.0 0.0 0.0 0.0 0.0 0.0 0.0 0.0 0.0 0.0 4.0452 4.0452 4.0452 4.0452
3.825 0 3 1.0 0.0 0.0 0.0 0.0 0.0 0.0 0.0 0.0 0.0 4.0452 4.0452 4.0452 4.0452
3.826 0 3 1.0 0.0 0.0 0.0 0.0 0.0 0.0 0.0 0.0 0.0 4.0452 4.0452 4.0452 4.0452
3.827 0 3 1.0 0.0 0.0 0.0 0.0 0.0 0.0 0.0 0.0 0.0 4.0452 4.0452 4.0452 4.0452
3.8280000000000003 0 3 1.0 0.0 0.0 0.0 0.0 0.0 0.0 0.0 0.0 0.0 4.0452 4.0452 4.0452 4.0452
3.829 0 3 1.0 0.0 0.0 0.0 0.0 0.0 0.0 0.0 0.0 0.0 4.0452 4.0452 4.0452 4.0452
3.83 0 3 1.0 0.0 0.0 0.0 0.0 0.0 0.0 0.0 0.0 0.0 4.0452 4.0452 4.0452 4.0452
3.831 0 3 1.0 0.0 0.0 0.0 0.0 0.0 0.0 0.0 0.0 0.0 4.0452 4.0452 4.0452 4.0452
3.8320000000000003 0 3 1.0 0.0 0.0 0.0 0.0 0.0 0.0 0.0 0.0 0.0 4.0452 4.0452 4.0452 4.0452
3.833 0 3 1.0 0.0 0.0 0.0 0.0 0.0 0.0 0.0 0.0 0.0 4.0452 4.0452 4.0452 4.0452
3.834 0 3 1.0 0.0 0.0 0.0 0.0 0.0 0.0 0.0 0.0 0.0 4.0452 4.0452 4.0452 4.0452
3.835 0 3 1.0 0.0 0.0 0.0 0.0 0.0 0.0 0.0 0.0 0.0 4.0452 4.0452 4.0452 4.0452
3.8360000000000003 0 3 1.0 0.0 0.0 0.0 0.0 0.0 0.0 0.0 0.0 0.0 4.0452 4.0452 4.0452 4.0452
3.837 0 3 1.0 0.0 0.0 0.0 0.0 0.0 0.0 0.0 0.0 0.0 4.0452 4.0452 4.0452 4.0452
3.838 0 3 1.0 0.0 0.0 0.0 0.0 0.0 0.0 0.0 0.0 0.0 4.0452 4.0452 4.0452 4.0452
3.839 0 3 1.0 0.0 0.0 0.0 0.0 0.0 0.0 0.0 0.0 0.0 4.0452 4.0452 4.0452 4.0452
3.84 0 3 1.0 0.0 0.0 0.0 0.0 0.0 0.0 0.0 0.0 0.0 4.0452 4.0452 4.0452 4.0452
3.841 0 3 1.0 0.0 0.0 0.0 0.0 0.0 0.0 0.0 0.0 0.0 4.0452 4.0452 4.0452 4.0452
3.842 0 3 1.0 0.0 0.0 0.0 0.0 0.0 0.0 0.0 0.0 0.0 4.0452 4.0452 4.0452 4.0452
3.843 0 3 1.0 0.0 0.0 0.0 0.0 0.0 0.0 0.0 0.0 0.0 4.0452 4.0452 4.0452 4.0452
3.844 0 3 1.0 0.0 0.0 0.0 0.0 0.0 0.0 0.0 0.0 0.0 4.0452 4.0452 4.0452 4.0452
3.845 0 3 1.0 0.0 0.0 0.0 0.0 0.0 0.0 0.0 0.0 0.0 4.0452 4.0452 4.0452 4.0452
3.846 0 3 1.0 0.0 0.0 0.0 0.0 0.0 0.0 0.0 0.0 0.0 4.0452 4.0452 4.0452 4.0452
3.847 0 3 1.0 0.0 0.0 0.0 0.0 0.0 0.0 0.0 0.0 0.0 4.0452 4.0452 4.0452 4.0452
3.848 0 3 1.0 0.0 0.0 0.0 0.0 0.0 0.0 0.0 0.0 0.0 4.0452 4.0452 4.0452 4.0452
3.849 0 3 1.0 0.0 0.0 0.0 0.0 0.0 0.0 0.0 0.0 0.0 4.0452 4.0452 4.0452 4.0452
3.85 0 3 1.0 0.0 0.0 0.0 0.0 0.0 0.0 0.0 0.0 0.0 4.0452 4.0452 4.0452 4.0452
3.851 0 3 1.0 0.0 0.0 0.0 0.0 0.0 0.0 0.0 0.0 0.0 4.0452 4.0452 4.0452 4.0452
3.852 0 3 1.0 0.0 0.0 0.0 0.0 0.0 0.0 0.0 0.0 0.0 4.0452 4.0452 4.0452 4.0452
3.853 0 3 1.0 0.0 0.0 0.0 0.0 0.0 0.0 0.0 0.0 0.0 4.0452 4.0452 4.0452 4.0452
3.854 0 3 1.0 0.0 0.0 0.0 0.0 0.0 0.0 0.0 0.0 0.0 4.0452 4.0452 4.0452 4.0452
3.855 0 3 1.0 0.0 0.0 0.0 0.0 0.0 0.0 0.0 0.0 0.0 4.0452 4.0452 4.0452 4.0452
3.856 0 3 1.0 0.0 0.0 0.0 0.0 0.0 0.0 0.0 0.0 0.0 4.0452 4.0452 4.0452 4.0452
3.857 0 3 1.0 0.0 0.0 0.0 0.0 0.0 0.0 0.0 0.0 0.0 4.0452 4.0452 4.0452 4.0452
3.858 0 3 1.0 0.0 0.0 0.0 0.0 0.0 0.0 0.0 0.0 0.0 4.0452 4.0452 4.0452 4.0452
3.859 0 3 1.0 0.0 0.0 0.0 0.0 0.0 0.0 0.0 0.0 0.0 4.0452 4.0452 4.0452 4.0452
3.86 0 3 1.0 0.0 0.0 0.0 0.0 0.0 0.0 0.0 0.0 0.0 4.0452 4.0452 4.0452 4.0452
3.861 0 3 1.0 0.0 0.0 0.0 0.0 0.0 0.0 0.0 0.0 0.0 4.0452 4.0452 4.0452 4.0452
3.862 0 3 1.0 0.0 0.0 0.0 0.0 0.0 0.0 0.0 0.0 0.0 4.0452 4.0452 4.0452 4.0452
3.863 0 3 1.0 0.0 0.0 0.0 0.0 0.0 0.0 0.0 0.0 0.0 4.0452 4.0452 4.0452 4.0452
3.864 0 3 1.0 0.0 0.0 0.0 0.0 0.0 0.0 0.0 0.0 0.0 4.0452 4.0452 4.0452 4.0452
3.865 0 3 1.0 0.0 0.0 0.0 0.0 0.0 0.0 0.0 0.0 0.0 4.0452 4.0452 4.0452 4.0452
3.866 0 3 1.0 0.0 0.0 0.0 0.0 0.0 0.0 0.0 0.0 0.0 4.0452 4.0452 4.0452 4.0452
3.867 0 3 1.0 0.0 0.0 0.0 0.0 0.0 0.0 0.0 0.0 0.0 4.0452 4.0452 4.0452 4.0452
3.868 0 3 1.0 0.0 0.0 0.0 0.0 0.0 0.0 0.0 0.0 0.0 4.0452 4.0452 4.0452 4.0452
3.869 0 3 1.0 0.0 0.0 0.0 0.0 0.0 0.0 0.0 0.0 0.0 4.0452 4.0452 4.0452 4.0452
3.87 0 3 1.0 0.0 0.0 0.0 0.0 0.0 0.0 0.0 0.0 0.0 4.0452 4.0452 4.0452 4.0452
3.871 0 3 1.0 0.0 0.0 0.0 0.0 0.0 0.0 0.0 0.0 0.0 4.0452 4.0452 4.0452 4.0452
3.872 0 3 1.0 0.0 0.0 0.0 0.0 0.0 0.0 0.0 0.0 0.0 4.0452 4.0452 4.0452 4.0452
3.873 0 3 1.0 0.0 0.0 0.0 0.0 0.0 0.0 0.0 0.0 0.0 4.0452 4.0452 4.0452 4.0452
3.874 0 3 1.0 0.0 0.0 0.0 0.0 0.0 0.0 0.0 0.0 0.0 4.0452 4.0452 4.0452 4.0452
3.875 0 3 1.0 0.0 0.0 0.0 0.0 0.0 0.0 0.0 0.0 0.0 4.0452 4.0452 4.0452 4.0452
3.876 0 3 1.0 0.0 0.0 0.0 0.0 0.0 0.0 0.0 0.0 0.0 4.0452 4.0452 4.0452 4.0452
3.8770000000000002 0 3 1.0 0.0 0.0 0.0 0.0 0.0 0.0 0.0 0.0 0.0 4.0452 4.0452 4.0452 4.0452
3.878 0 3 1.0 0.0 0.0 0.0 0.0 0.0 0.0 0.0 0.0 0.0 4.0452 4.0452 4.0452 4.0452
3.879 0 3 1.0 0.0 0.0 0.0 0.0 0.0 0.0 0.0 0.0 0.0 4.0452 4.0452 4.0452 4.0452
3.88 0 3 1.0 0.0 0.0 0.0 0.0 0.0 0.0 0.0 0.0 0.0 4.0452 4.0452 4.0452 4.0452
3.8810000000000002 0 3 1.0 0.0 0.0 0.0 0.0 0.0 0.0 0.0 0.0 0.0 4.0452 4.0452 4.0452 4.0452
3.882 0 3 1.0 0.0 0.0 0.0 0.0 0.0 0.0 0.0 0.0 0.0 4.0452 4.0452 4.0452 4.0452
3.883 0 3 1.0 0.0 0.0 0.0 0.0 0.0 0.0 0.0 0.0 0.0 4.0452 4.0452 4.0452 4.0452
3.884 0 3 1.0 0.0 0.0 0.0 0.0 0.0 0.0 0.0 0.0 0.0 4.0452 4.0452 4.0452 4.0452
3.8850000000000002 0 3 1.0 0.0 0.0 0.0 0.0 0.0 0.0 0.0 0.0 0.0 4.0452 4.0452 4.0452 4.0452
3.886 0 3 1.0 0.0 0.0 0.0 0.0 0.0 0.0 0.0 0.0 0.0 4.0452 4.0452 4.0452 4.0452
3.887 0 3 1.0 0.0 0.0 0.0 0.0 0.0 0.0 0.0 0.0 0.0 4.0452 4.0452 4.0452 4.0452
3.888 0 3 1.0 0.0 0.0 0.0 0.0 0.0 0.0 0.0 0.0 0.0 4.0452 4.0452 4.0452 4.0452
3.8890000000000002 0 3 1.0 0.0 0.0 0.0 0.0 0.0 0.0 0.0 0.0 0.0 4.0452 4.0452 4.0452 4.0452
3.89 0 3 1.0 0.0 0.0 0.0 0.0 0.0 0.0 0.0 0.0 0.0 4.0452 4.0452 4.0452 4.0452
3.891 0 3 1.0 0.0 0.0 0.0 0.0 0.0 0.0 0.0 0.0 0.0 4.0452 4.0452 4.0452 4.0452
3.892 0 3 1.0 0.0 0.0 0.0 0.0 0.0 0.0 0.0 0.0 0.0 4.0452 4.0452 4.0452 4.0452
3.8930000000000002 0 3 1.0 0.0 0.0 0.0 0.0 0.0 0.0 0.0 0.0 0.0 4.0452 4.0452 4.0452 4.0452
3.894 0 3 1.0 0.0 0.0 0.0 0.0 0.0 0.0 0.0 0.0 0.0 4.0452 4.0452 4.0452 4.0452
3.895 0 3 1.0 0.0 0.0 0.0 0.0 0.0 0.0 0.0 0.0 0.0 4.0452 4.0452 4.0452 4.0452
3.896 0 3 1.0 0.0 0.0 0.0 0.0 0.0 0.0 0.0 0.0 0.0 4.0452 4.0452 4.0452 4.0452
3.8970000000000002 0 3 1.0 0.0 0.0 0.0 0.0 0.0 0.0 0.0 0.0 0.0 4.0452 4.0452 4.0452 4.0452
3.898 0 3 1.0 0.0 0.0 0.0 0.0 0.0 0.0 0.0 0.0 0.0 4.0452 4.0452 4.0452 4.0452
3.899 0 3 1.0 0.0 0.0 0.0 0.0 0.0 0.0 0.0 0.0 0.0 4.0452 4.0452 4.0452 4.0452
3.9 0 3 1.0 0.0 0.0 0.0 0.0 0.0 0.0 0.0 0.0 0.0 4.0452 4.0452 4.0452 4.0452
3.9010000000000002 0 3 1.0 0.0 0.0 0.0 0.0 0.0 0.0 0.0 0.0 0.0 4.0452 4.0452 4.0452 4.0452
3.902 0 3 1.0 0.0 0.0 0.0 0.0 0.0 0.0 0.0 0.0 0.0 4.0452 4.0452 4.0452 4.0452
3.903 0 3 1.0 0.0 0.0 0.0 0.0 0.0 0.0 0.0 0.0 0.0 4.0452 4.0452 4.0452 4.0452
3.904 0 3 1.0 0.0 0.0 0.0 0.0 0.0 0.0 0.0 0.0 0.0 4.0452 4.0452 4.0452 4.0452
3.9050000000000002 0 3 1.0 0.0 0.0 0.0 0.0 0.0 0.0 0.0 0.0 0.0 4.0452 4.0452 4.0452 4.0452
3.906 0 3 1.0 0.0 0.0 0.0 0.0 0.0 0.0 0.0 0.0 0.0 4.0452 4.0452 4.0452 4.0452
3.907 0 3 1.0 0.0 0.0 0.0 0.0 0.0 0.0 0.0 0.0 0.0 4.0452 4.0452 4.0452 4.0452
3.908 0 3 1.0 0.0 0.0 0.0 0.0 0.0 0.0 0.0 0.0 0.0 4.0452 4.0452 4.0452 4.0452
3.9090000000000003 0 3 1.0 0.0 0.0 0.0 0.0 0.0 0.0 0.0 0.0 0.0 4.0452 4.0452 4.0452 4.0452
3.91 0 3 1.0 0.0 0.0 0.0 0.0 0.0 0.0 0.0 0.0 0.0 4.0452 4.0452 4.0452 4.0452
3.911 0 3 1.0 0.0 0.0 0.0 0.0 0.0 0.0 0.0 0.0 0.0 4.0452 4.0452 4.0452 4.0452
3.912 0 3 1.0 0.0 0.0 0.0 0.0 0.0 0.0 0.0 0.0 0.0 4.0452 4.0452 4.0452 4.0452
3.9130000000000003 0 3 1.0 0.0 0.0 0.0 0.0 0.0 0.0 0.0 0.0 0.0 4.0452 4.0452 4.0452 4.0452
3.914 0 3 1.0 0.0 0.0 0.0 0.0 0.0 0.0 0.0 0.0 0.0 4.0452 4.0452 4.0452 4.0452
3.915 0 3 1.0 0.0 0.0 0.0 0.0 0.0 0.0 0.0 0.0 0.0 4.0452 4.0452 4.0452 4.0452
3.916 0 3 1.0 0.0 0.0 0.0 0.0 0.0 0.0 0.0 0.0 0.0 4.0452 4.0452 4.0452 4.0452
3.9170000000000003 0 3 1.0 0.0 0.0 0.0 0.0 0.0 0.0 0.0 0.0 0.0 4.0452 4.0452 4.0452 4.0452
3.918 0 3 1.0 0.0 0.0 0.0 0.0 0.0 0.0 0.0 0.0 0.0 4.0452 4.0452 4.0452 4.0452
3.919 0 3 1.0 0.0 0.0 0.0 0.0 0.0 0.0 0.0 0.0 0.0 4.0452 4.0452 4.0452 4.0452
3.92 0 3 1.0 0.0 0.0 0.0 0.0 0.0 0.0 0.0 0.0 0.0 4.0452 4.0452 4.0452 4.0452
3.9210000000000003 0 3 1.0 0.0 0.0 0.0 0.0 0.0 0.0 0.0 0.0 0.0 4.0452 4.0452 4.0452 4.0452
3.922 0 3 1.0 0.0 0.0 0.0 0.0 0.0 0.0 0.0 0.0 0.0 4.0452 4.0452 4.0452 4.0452
3.923 0 3 1.0 0.0 0.0 0.0 0.0 0.0 0.0 0.0 0.0 0.0 4.0452 4.0452 4.0452 4.0452
3.924 0 3 1.0 0.0 0.0 0.0 0.0 0.0 0.0 0.0 0.0 0.0 4.0452 4.0452 4.0452 4.0452
3.9250000000000003 0 3 1.0 0.0 0.0 0.0 0.0 0.0 0.0 0.0 0.0 0.0 4.0452 4.0452 4.0452 4.0452
3.926 0 3 1.0 0.0 0.0 0.0 0.0 0.0 0.0 0.0 0.0 0.0 4.0452 4.0452 4.0452 4.0452
3.927 0 3 1.0 0.0 0.0 0.0 0.0 0.0 0.0 0.0 0.0 0.0 4.0452 4.0452 4.0452 4.0452
3.928 0 3 1.0 0.0 0.0 0.0 0.0 0.0 0.0 0.0 0.0 0.0 4.0452 4.0452 4.0452 4.0452
3.9290000000000003 0 3 1.0 0.0 0.0 0.0 0.0 0.0 0.0 0.0 0.0 0.0 4.0452 4.0452 4.0452 4.0452
3.93 0 3 1.0 0.0 0.0 0.0 0.0 0.0 0.0 0.0 0.0 0.0 4.0452 4.0452 4.0452 4.0452
3.931 0 3 1.0 0.0 0.0 0.0 0.0 0.0 0.0 0.0 0.0 0.0 4.0452 4.0452 4.0452 4.0452
3.932 0 3 1.0 0.0 0.0 0.0 0.0 0.0 0.0 0.0 0.0 0.0 4.0452 4.0452 4.0452 4.0452
3.9330000000000003 0 3 1.0 0.0 0.0 0.0 0.0 0.0 0.0 0.0 0.0 0.0 4.0452 4.0452 4.0452 4.0452
3.934 0 3 1.0 0.0 0.0 0.0 0.0 0.0 0.0 0.0 0.0 0.0 4.0452 4.0452 4.0452 4.0452
3.935 0 3 1.0 0.0 0.0 0.0 0.0 0.0 0.0 0.0 0.0 0.0 4.0452 4.0452 4.0452 4.0452
3.936 0 3 1.0 0.0 0.0 0.0 0.0 0.0 0.0 0.0 0.0 0.0 4.0452 4.0452 4.0452 4.0452
3.9370000000000003 0 3 1.0 0.0 0.0 0.0 0.0 0.0 0.0 0.0 0.0 0.0 4.0452 4.0452 4.0452 4.0452
3.938 0 3 1.0 0.0 0.0 0.0 0.0 0.0 0.0 0.0 0.0 0.0 4.0452 4.0452 4.0452 4.0452
3.939 0 3 1.0 0.0 0.0 0.0 0.0 0.0 0.0 0.0 0.0 0.0 4.0452 4.0452 4.0452 4.0452
3.94 0 3 1.0 0.0 0.0 0.0 0.0 0.0 0.0 0.0 0.0 0.0 4.0452 4.0452 4.0452 4.0452
3.9410000000000003 0 3 1.0 0.0 0.0 0.0 0.0 0.0 0.0 0.0 0.0 0.0 4.0452 4.0452 4.0452 4.0452
3.942 0 3 1.0 0.0 0.0 0.0 0.0 0.0 0.0 0.0 0.0 0.0 4.0452 4.0452 4.0452 4.0452
3.943 0 3 1.0 0.0 0.0 0.0 0.0 0.0 0.0 0.0 0.0 0.0 4.0452 4.0452 4.0452 4.0452
3.944 0 3 1.0 0.0 0.0 0.0 0.0 0.0 0.0 0.0 0.0 0.0 4.0452 4.0452 4.0452 4.0452
3.9450000000000003 0 3 1.0 0.0 0.0 0.0 0.0 0.0 0.0 0.0 0.0 0.0 4.0452 4.0452 4.0452 4.0452
3.946 0 3 1.0 0.0 0.0 0.0 0.0 0.0 0.0 0.0 0.0 0.0 4.0452 4.0452 4.0452 4.0452
3.947 0 3 1.0 0.0 0.0 0.0 0.0 0.0 0.0 0.0 0.0 0.0 4.0452 4.0452 4.0452 4.0452
3.948 0 3 1.0 0.0 0.0 0.0 0.0 0.0 0.0 0.0 0.0 0.0 4.0452 4.0452 4.0452 4.0452
3.9490000000000003 0 3 1.0 0.0 0.0 0.0 0.0 0.0 0.0 0.0 0.0 0.0 4.0452 4.0452 4.0452 4.0452
3.95 0 3 1.0 0.0 0.0 0.0 0.0 0.0 0.0 0.0 0.0 0.0 4.0452 4.0452 4.0452 4.0452
3.951 0 3 1.0 0.0 0.0 0.0 0.0 0.0 0.0 0.0 0.0 0.0 4.0452 4.0452 4.0452 4.0452
3.952 0 3 1.0 0.0 0.0 0.0 0.0 0.0 0.0 0.0 0.0 0.0 4.0452 4.0452 4.0452 4.0452
3.9530000000000003 0 3 1.0 0.0 0.0 0.0 0.0 0.0 0.0 0.0 0.0 0.0 4.0452 4.0452 4.0452 4.0452
3.954 0 3 1.0 0.0 0.0 0.0 0.0 0.0 0.0 0.0 0.0 0.0 4.0452 4.0452 4.0452 4.0452
3.955 0 3 1.0 0.0 0.0 0.0 0.0 0.0 0.0 0.0 0.0 0.0 4.0452 4.0452 4.0452 4.0452
3.956 0 3 1.0 0.0 0.0 0.0 0.0 0.0 0.0 0.0 0.0 0.0 4.0452 4.0452 4.0452 4.0452
3.9570000000000003 0 3 1.0 0.0 0.0 0.0 0.0 0.0 0.0 0.0 0.0 0.0 4.0452 4.0452 4.0452 4.0452
3.958 0 3 1.0 0.0 0.0 0.0 0.0 0.0 0.0 0.0 0.0 0.0 4.0452 4.0452 4.0452 4.0452
3.959 0 3 1.0 0.0 0.0 0.0 0.0 0.0 0.0 0.0 0.0 0.0 4.0452 4.0452 4.0452 4.0452
3.96 0 3 1.0 0.0 0.0 0.0 0.0 0.0 0.0 0.0 0.0 0.0 4.0452 4.0452 4.0452 4.0452
3.9610000000000003 0 3 1.0 0.0 0.0 0.0 0.0 0.0 0.0 0.0 0.0 0.0 4.0452 4.0452 4.0452 4.0452
3.962 0 3 1.0 0.0 0.0 0.0 0.0 0.0 0.0 0.0 0.0 0.0 4.0452 4.0452 4.0452 4.0452
3.963 0 3 1.0 0.0 0.0 0.0 0.0 0.0 0.0 0.0 0.0 0.0 4.0452 4.0452 4.0452 4.0452
3.964 0 3 1.0 0.0 0.0 0.0 0.0 0.0 0.0 0.0 0.0 0.0 4.0452 4.0452 4.0452 4.0452
3.9650000000000003 0 3 1.0 0.0 0.0 0.0 0.0 0.0 0.0 0.0 0.0 0.0 4.0452 4.0452 4.0452 4.0452
3.966 0 3 1.0 0.0 0.0 0.0 0.0 0.0 0.0 0.0 0.0 0.0 4.0452 4.0452 4.0452 4.0452
3.967 0 3 1.0 0.0 0.0 0.0 0.0 0.0 0.0 0.0 0.0 0.0 4.0452 4.0452 4.0452 4.0452
3.968 0 3 1.0 0.0 0.0 0.0 0.0 0.0 0.0 0.0 0.0 0.0 4.0452 4.0452 4.0452 4.0452
3.969 0 3 1.0 0.0 0.0 0.0 0.0 0.0 0.0 0.0 0.0 0.0 4.0452 4.0452 4.0452 4.0452
3.97 0 3 1.0 0.0 0.0 0.0 0.0 0.0 0.0 0.0 0.0 0.0 4.0452 4.0452 4.0452 4.0452
3.971 0 3 1.0 0.0 0.0 0.0 0.0 0.0 0.0 0.0 0.0 0.0 4.0452 4.0452 4.0452 4.0452
3.972 0 3 1.0 0.0 0.0 0.0 0.0 0.0 0.0 0.0 0.0 0.0 4.0452 4.0452 4.0452 4.0452
3.973 0 3 1.0 0.0 0.0 0.0 0.0 0.0 0.0 0.0 0.0 0.0 4.0452 4.0452 4.0452 4.0452
3.974 0 3 1.0 0.0 0.0 0.0 0.0 0.0 0.0 0.0 0.0 0.0 4.0452 4.0452 4.0452 4.0452
3.975 0 3 1.0 0.0 0.0 0.0 0.0 0.0 0.0 0.0 0.0 0.0 4.0452 4.0452 4.0452 4.0452
3.976 0 3 1.0 0.0 0.0 0.0 0.0 0.0 0.0 0.0 0.0 0.0 4.0452 4.0452 4.0452 4.0452
3.977 0 3 1.0 0.0 0.0 0.0 0.0 0.0 0.0 0.0 0.0 0.0 4.0452 4.0452 4.0452 4.0452
3.978 0 3 1.0 0.0 0.0 0.0 0.0 0.0 0.0 0.0 0.0 0.0 4.0452 4.0452 4.0452 4.0452
3.979 0 3 1.0 0.0 0.0 0.0 0.0 0.0 0.0 0.0 0.0 0.0 4.0452 4.0452 4.0452 4.0452
3.98 0 3 1.0 0.0 0.0 0.0 0.0 0.0 0.0 0.0 0.0 0.0 4.0452 4.0452 4.0452 4.0452
3.981 0 3 1.0 0.0 0.0 0.0 0.0 0.0 0.0 0.0 0.0 0.0 4.0452 4.0452 4.0452 4.0452
3.982 0 3 1.0 0.0 0.0 0.0 0.0 0.0 0.0 0.0 0.0 0.0 4.0452 4.0452 4.0452 4.0452
3.983 0 3 1.0 0.0 0.0 0.0 0.0 0.0 0.0 0.0 0.0 0.0 4.0452 4.0452 4.0452 4.0452
3.984 0 3 1.0 0.0 0.0 0.0 0.0 0.0 0.0 0.0 0.0 0.0 4.0452 4.0452 4.0452 4.0452
3.985 0 3 1.0 0.0 0.0 0.0 0.0 0.0 0.0 0.0 0.0 0.0 4.0452 4.0452 4.0452 4.0452
3.986 0 3 1.0 0.0 0.0 0.0 0.0 0.0 0.0 0.0 0.0 0.0 4.0452 4.0452 4.0452 4.0452
3.987 0 3 1.0 0.0 0.0 0.0 0.0 0.0 0.0 0.0 0.0 0.0 4.0452 4.0452 4.0452 4.0452
3.988 0 3 1.0 0.0 0.0 0.0 0.0 0.0 0.0 0.0 0.0 0.0 4.0452 4.0452 4.0452 4.0452
3.989 0 3 1.0 0.0 0.0 0.0 0.0 0.0 0.0 0.0 0.0 0.0 4.0452 4.0452 4.0452 4.0452
3.99 0 3 1.0 0.0 0.0 0.0 0.0 0.0 0.0 0.0 0.0 0.0 4.0452 4.0452 4.0452 4.0452
3.991 0 3 1.0 0.0 0.0 0.0 0.0 0.0 0.0 0.0 0.0 0.0 4.0452 4.0452 4.0452 4.0452
3.992 0 3 1.0 0.0 0.0 0.0 0.0 0.0 0.0 0.0 0.0 0.0 4.0452 4.0452 4.0452 4.0452
3.993 0 3 1.0 0.0 0.0 0.0 0.0 0.0 0.0 0.0 0.0 0.0 4.0452 4.0452 4.0452 4.0452
3.994 0 3 1.0 0.0 0.0 0.0 0.0 0.0 0.0 0.0 0.0 0.0 4.0452 4.0452 4.0452 4.0452
3.995 0 3 1.0 0.0 0.0 0.0 0.0 0.0 0.0 0.0 0.0 0.0 4.0452 4.0452 4.0452 4.0452
3.996 0 3 1.0 0.0 0.0 0.0 0.0 0.0 0.0 0.0 0.0 0.0 4.0452 4.0452 4.0452 4.0452
3.997 0 3 1.0 0.0 0.0 0.0 0.0 0.0 0.0 0.0 0.0 0.0 4.0452 4.0452 4.0452 4.0452
3.998 0 3 1.0 0.0 0.0 0.0 0.0 0.0 0.0 0.0 0.0 0.0 4.0452 4.0452 4.0452 4.0452
3.999 0 3 1.0 0.0 0.0 0.0 0.0 0.0 0.0 0.0 0.0 0.0 4.0452 4.0452 4.0452 4.0452
4.0 0 3 1.0 0.0 0.0 0.0 0.0 0.0 0.0 0.0 0.0 0.0 4.0452 4.0452 4.0452 4.0452
4.001 0 3 1.0 0.0 0.0 0.0 0.0 0.0 0.0 0.0 0.0 0.0 4.0452 4.0452 4.0452 4.0452
4.002 0 3 1.0 0.0 0.0 0.0 0.0 0.0 0.0 0.0 0.0 0.0 4.0452 4.0452 4.0452 4.0452
4.003 0 3 1.0 0.0 0.0 0.0 0.0 0.0 0.0 0.0 0.0 0.0 4.0452 4.0452 4.0452 4.0452
4.0040000000000004 0 3 1.0 0.0 0.0 0.0 0.0 0.0 0.0 0.0 0.0 0.0 4.0452 4.0452 4.0452 4.0452
4.005 0 3 1.0 0.0 0.0 0.0 0.0 0.0 0.0 0.0 0.0 0.0 4.0452 4.0452 4.0452 4.0452
4.006 0 3 1.0 0.0 0.0 0.0 0.0 0.0 0.0 0.0 0.0 0.0 4.0452 4.0452 4.0452 4.0452
4.007 0 3 1.0 0.0 0.0 0.0 0.0 0.0 0.0 0.0 0.0 0.0 4.0452 4.0452 4.0452 4.0452
4.008 0 3 1.0 0.0 0.0 0.0 0.0 0.0 0.0 0.0 0.0 0.0 4.0452 4.0452 4.0452 4.0452
4.009 0 3 1.0 0.0 0.0 0.0 0.0 0.0 0.0 0.0 0.0 0.0 4.0452 4.0452 4.0452 4.0452
4.01 0 3 1.0 0.0 0.0 0.0 0.0 0.0 0.0 0.0 0.0 0.0 4.0452 4.0452 4.0452 4.0452
4.011 0 3 1.0 0.0 0.0 0.0 0.0 0.0 0.0 0.0 0.0 0.0 4.0452 4.0452 4.0452 4.0452
4.0120000000000005 0 3 1.0 0.0 0.0 0.0 0.0 0.0 0.0 0.0 0.0 0.0 4.0452 4.0452 4.0452 4.0452
4.013 0 3 1.0 0.0 0.0 0.0 0.0 0.0 0.0 0.0 0.0 0.0 4.0452 4.0452 4.0452 4.0452
4.014 0 3 1.0 0.0 0.0 0.0 0.0 0.0 0.0 0.0 0.0 0.0 4.0452 4.0452 4.0452 4.0452
4.015 0 3 1.0 0.0 0.0 0.0 0.0 0.0 0.0 0.0 0.0 0.0 4.0452 4.0452 4.0452 4.0452
4.016 0 3 1.0 0.0 0.0 0.0 0.0 0.0 0.0 0.0 0.0 0.0 4.0452 4.0452 4.0452 4.0452
4.017 0 3 1.0 0.0 0.0 0.0 0.0 0.0 0.0 0.0 0.0 0.0 4.0452 4.0452 4.0452 4.0452
4.018 0 3 1.0 0.0 0.0 0.0 0.0 0.0 0.0 0.0 0.0 0.0 4.0452 4.0452 4.0452 4.0452
4.019 0 3 1.0 0.0 0.0 0.0 0.0 0.0 0.0 0.0 0.0 0.0 4.0452 4.0452 4.0452 4.0452
4.0200000000000005 0 3 1.0 0.0 0.0 0.0 0.0 0.0 0.0 0.0 0.0 0.0 4.0452 4.0452 4.0452 4.0452
4.021 0 3 1.0 0.0 0.0 0.0 0.0 0.0 0.0 0.0 0.0 0.0 4.0452 4.0452 4.0452 4.0452
4.022 0 3 1.0 0.0 0.0 0.0 0.0 0.0 0.0 0.0 0.0 0.0 4.0452 4.0452 4.0452 4.0452
4.023 0 3 1.0 0.0 0.0 0.0 0.0 0.0 0.0 0.0 0.0 0.0 4.0452 4.0452 4.0452 4.0452
4.024 0 3 1.0 0.0 0.0 0.0 0.0 0.0 0.0 0.0 0.0 0.0 4.0452 4.0452 4.0452 4.0452
4.025 0 3 1.0 0.0 0.0 0.0 0.0 0.0 0.0 0.0 0.0 0.0 4.0452 4.0452 4.0452 4.0452
4.026 0 3 1.0 0.0 0.0 0.0 0.0 0.0 0.0 0.0 0.0 0.0 4.0452 4.0452 4.0452 4.0452
4.027 0 3 1.0 0.0 0.0 0.0 0.0 0.0 0.0 0.0 0.0 0.0 4.0452 4.0452 4.0452 4.0452
4.0280000000000005 0 3 1.0 0.0 0.0 0.0 0.0 0.0 0.0 0.0 0.0 0.0 4.0452 4.0452 4.0452 4.0452
4.029 0 3 1.0 0.0 0.0 0.0 0.0 0.0 0.0 0.0 0.0 0.0 4.0452 4.0452 4.0452 4.0452
4.03 0 3 1.0 0.0 0.0 0.0 0.0 0.0 0.0 0.0 0.0 0.0 4.0452 4.0452 4.0452 4.0452
4.031 0 3 1.0 0.0 0.0 0.0 0.0 0.0 0.0 0.0 0.0 0.0 4.0452 4.0452 4.0452 4.0452
4.032 0 3 1.0 0.0 0.0 0.0 0.0 0.0 0.0 0.0 0.0 0.0 4.0452 4.0452 4.0452 4.0452
4.033 0 3 1.0 0.0 0.0 0.0 0.0 0.0 0.0 0.0 0.0 0.0 4.0452 4.0452 4.0452 4.0452
4.034 0 3 1.0 0.0 0.0 0.0 0.0 0.0 0.0 0.0 0.0 0.0 4.0452 4.0452 4.0452 4.0452
4.035 0 3 1.0 0.0 0.0 0.0 0.0 0.0 0.0 0.0 0.0 0.0 4.0452 4.0452 4.0452 4.0452
4.0360000000000005 0 3 1.0 0.0 0.0 0.0 0.0 0.0 0.0 0.0 0.0 0.0 4.0452 4.0452 4.0452 4.0452
4.037 0 3 1.0 0.0 0.0 0.0 0.0 0.0 0.0 0.0 0.0 0.0 4.0452 4.0452 4.0452 4.0452
4.038 0 3 1.0 0.0 0.0 0.0 0.0 0.0 0.0 0.0 0.0 0.0 4.0452 4.0452 4.0452 4.0452
4.039 0 3 1.0 0.0 0.0 0.0 0.0 0.0 0.0 0.0 0.0 0.0 4.0452 4.0452 4.0452 4.0452
4.04 0 3 1.0 0.0 0.0 0.0 0.0 0.0 0.0 0.0 0.0 0.0 4.0452 4.0452 4.0452 4.0452
4.041 0 3 1.0 0.0 0.0 0.0 0.0 0.0 0.0 0.0 0.0 0.0 4.0452 4.0452 4.0452 4.0452
4.042 0 3 1.0 0.0 0.0 0.0 0.0 0.0 0.0 0.0 0.0 0.0 4.0452 4.0452 4.0452 4.0452
4.043 0 3 1.0 0.0 0.0 0.0 0.0 0.0 0.0 0.0 0.0 0.0 4.0452 4.0452 4.0452 4.0452
4.0440000000000005 0 3 1.0 0.0 0.0 0.0 0.0 0.0 0.0 0.0 0.0 0.0 4.0452 4.0452 4.0452 4.0452
4.045 0 3 1.0 0.0 0.0 0.0 0.0 0.0 0.0 0.0 0.0 0.0 4.0452 4.0452 4.0452 4.0452
4.046 0 3 1.0 0.0 0.0 0.0 0.0 0.0 0.0 0.0 0.0 0.0 4.0452 4.0452 4.0452 4.0452
4.047 0 3 1.0 0.0 0.0 0.0 0.0 0.0 0.0 0.0 0.0 0.0 4.0452 4.0452 4.0452 4.0452
4.048 0 3 1.0 0.0 0.0 0.0 0.0 0.0 0.0 0.0 0.0 0.0 4.0452 4.0452 4.0452 4.0452
4.049 0 3 1.0 0.0 0.0 0.0 0.0 0.0 0.0 0.0 0.0 0.0 4.0452 4.0452 4.0452 4.0452
4.05 0 3 1.0 0.0 0.0 0.0 0.0 0.0 0.0 0.0 0.0 0.0 4.0452 4.0452 4.0452 4.0452
4.051 0 3 1.0 0.0 0.0 0.0 0.0 0.0 0.0 0.0 0.0 0.0 4.0452 4.0452 4.0452 4.0452
4.0520000000000005 0 3 1.0 0.0 0.0 0.0 0.0 0.0 0.0 0.0 0.0 0.0 4.0452 4.0452 4.0452 4.0452
4.053 0 3 1.0 0.0 0.0 0.0 0.0 0.0 0.0 0.0 0.0 0.0 4.0452 4.0452 4.0452 4.0452
4.054 0 3 1.0 0.0 0.0 0.0 0.0 0.0 0.0 0.0 0.0 0.0 4.0452 4.0452 4.0452 4.0452
4.055 0 3 1.0 0.0 0.0 0.0 0.0 0.0 0.0 0.0 0.0 0.0 4.0452 4.0452 4.0452 4.0452
4.056 0 3 1.0 0.0 0.0 0.0 0.0 0.0 0.0 0.0 0.0 0.0 4.0452 4.0452 4.0452 4.0452
4.057 0 3 1.0 0.0 0.0 0.0 0.0 0.0 0.0 0.0 0.0 0.0 4.0452 4.0452 4.0452 4.0452
4.058 0 3 1.0 0.0 0.0 0.0 0.0 0.0 0.0 0.0 0.0 0.0 4.0452 4.0452 4.0452 4.0452
4.059 0 3 1.0 0.0 0.0 0.0 0.0 0.0 0.0 0.0 0.0 0.0 4.0452 4.0452 4.0452 4.0452
4.0600000000000005 0 3 1.0 0.0 0.0 0.0 0.0 0.0 0.0 0.0 0.0 0.0 4.0452 4.0452 4.0452 4.0452
4.061 0 3 1.0 0.0 0.0 0.0 0.0 0.0 0.0 0.0 0.0 0.0 4.0452 4.0452 4.0452 4.0452
4.062 0 3 1.0 0.0 0.0 0.0 0.0 0.0 0.0 0.0 0.0 0.0 4.0452 4.0452 4.0452 4.0452
4.063 0 3 1.0 0.0 0.0 0.0 0.0 0.0 0.0 0.0 0.0 0.0 4.0452 4.0452 4.0452 4.0452
4.064 0 3 1.0 0.0 0.0 0.0 0.0 0.0 0.0 0.0 0.0 0.0 4.0452 4.0452 4.0452 4.0452
4.065 0 3 1.0 0.0 0.0 0.0 0.0 0.0 0.0 0.0 0.0 0.0 4.0452 4.0452 4.0452 4.0452
4.066 0 3 1.0 0.0 0.0 0.0 0.0 0.0 0.0 0.0 0.0 0.0 4.0452 4.0452 4.0452 4.0452
4.067 0 3 1.0 0.0 0.0 0.0 0.0 0.0 0.0 0.0 0.0 0.0 4.0452 4.0452 4.0452 4.0452
4.0680000000000005 0 3 1.0 0.0 0.0 0.0 0.0 0.0 0.0 0.0 0.0 0.0 4.0452 4.0452 4.0452 4.0452
4.069 0 3 1.0 0.0 0.0 0.0 0.0 0.0 0.0 0.0 0.0 0.0 4.0452 4.0452 4.0452 4.0452
4.07 0 3 1.0 0.0 0.0 0.0 0.0 0.0 0.0 0.0 0.0 0.0 4.0452 4.0452 4.0452 4.0452
4.071 0 3 1.0 0.0 0.0 0.0 0.0 0.0 0.0 0.0 0.0 0.0 4.0452 4.0452 4.0452 4.0452
4.072 0 3 1.0 0.0 0.0 0.0 0.0 0.0 0.0 0.0 0.0 0.0 4.0452 4.0452 4.0452 4.0452
4.073 0 3 1.0 0.0 0.0 0.0 0.0 0.0 0.0 0.0 0.0 0.0 4.0452 4.0452 4.0452 4.0452
4.074 0 3 1.0 0.0 0.0 0.0 0.0 0.0 0.0 0.0 0.0 0.0 4.0452 4.0452 4.0452 4.0452
4.075 0 3 1.0 0.0 0.0 0.0 0.0 0.0 0.0 0.0 0.0 0.0 4.0452 4.0452 4.0452 4.0452
4.0760000000000005 0 3 1.0 0.0 0.0 0.0 0.0 0.0 0.0 0.0 0.0 0.0 4.0452 4.0452 4.0452 4.0452
4.077 0 3 1.0 0.0 0.0 0.0 0.0 0.0 0.0 0.0 0.0 0.0 4.0452 4.0452 4.0452 4.0452
4.078 0 3 1.0 0.0 0.0 0.0 0.0 0.0 0.0 0.0 0.0 0.0 4.0452 4.0452 4.0452 4.0452
4.079 0 3 1.0 0.0 0.0 0.0 0.0 0.0 0.0 0.0 0.0 0.0 4.0452 4.0452 4.0452 4.0452
4.08 0 3 1.0 0.0 0.0 0.0 0.0 0.0 0.0 0.0 0.0 0.0 4.0452 4.0452 4.0452 4.0452
4.081 0 3 1.0 0.0 0.0 0.0 0.0 0.0 0.0 0.0 0.0 0.0 4.0452 4.0452 4.0452 4.0452
4.082 0 3 1.0 0.0 0.0 0.0 0.0 0.0 0.0 0.0 0.0 0.0 4.0452 4.0452 4.0452 4.0452
4.083 0 3 1.0 0.0 0.0 0.0 0.0 0.0 0.0 0.0 0.0 0.0 4.0452 4.0452 4.0452 4.0452
4.0840000000000005 0 3 1.0 0.0 0.0 0.0 0.0 0.0 0.0 0.0 0.0 0.0 4.0452 4.0452 4.0452 4.0452
4.085 0 3 1.0 0.0 0.0 0.0 0.0 0.0 0.0 0.0 0.0 0.0 4.0452 4.0452 4.0452 4.0452
4.086 0 3 1.0 0.0 0.0 0.0 0.0 0.0 0.0 0.0 0.0 0.0 4.0452 4.0452 4.0452 4.0452
4.087 0 3 1.0 0.0 0.0 0.0 0.0 0.0 0.0 0.0 0.0 0.0 4.0452 4.0452 4.0452 4.0452
4.088 0 3 1.0 0.0 0.0 0.0 0.0 0.0 0.0 0.0 0.0 0.0 4.0452 4.0452 4.0452 4.0452
4.089 0 3 1.0 0.0 0.0 0.0 0.0 0.0 0.0 0.0 0.0 0.0 4.0452 4.0452 4.0452 4.0452
4.09 0 3 1.0 0.0 0.0 0.0 0.0 0.0 0.0 0.0 0.0 0.0 4.0452 4.0452 4.0452 4.0452
4.091 0 3 1.0 0.0 0.0 0.0 0.0 0.0 0.0 0.0 0.0 0.0 4.0452 4.0452 4.0452 4.0452
4.0920000000000005 0 3 1.0 0.0 0.0 0.0 0.0 0.0 0.0 0.0 0.0 0.0 4.0452 4.0452 4.0452 4.0452
4.093 0 3 1.0 0.0 0.0 0.0 0.0 0.0 0.0 0.0 0.0 0.0 4.0452 4.0452 4.0452 4.0452
4.094 0 3 1.0 0.0 0.0 0.0 0.0 0.0 0.0 0.0 0.0 0.0 4.0452 4.0452 4.0452 4.0452
4.095 0 3 1.0 0.0 0.0 0.0 0.0 0.0 0.0 0.0 0.0 0.0 4.0452 4.0452 4.0452 4.0452
4.096 0 3 1.0 0.0 0.0 0.0 0.0 0.0 0.0 0.0 0.0 0.0 4.0452 4.0452 4.0452 4.0452
4.097 0 3 1.0 0.0 0.0 0.0 0.0 0.0 0.0 0.0 0.0 0.0 4.0452 4.0452 4.0452 4.0452
4.098 0 3 1.0 0.0 0.0 0.0 0.0 0.0 0.0 0.0 0.0 0.0 4.0452 4.0452 4.0452 4.0452
4.099 0 3 1.0 0.0 0.0 0.0 0.0 0.0 0.0 0.0 0.0 0.0 4.0452 4.0452 4.0452 4.0452
4.1 0 3 1.0 0.0 0.0 0.0 0.0 0.0 0.0 0.0 0.0 0.0 4.0452 4.0452 4.0452 4.0452
4.101 0 3 1.0 0.0 0.0 0.0 0.0 0.0 0.0 0.0 0.0 0.0 4.0452 4.0452 4.0452 4.0452
4.102 0 3 1.0 0.0 0.0 0.0 0.0 0.0 0.0 0.0 0.0 0.0 4.0452 4.0452 4.0452 4.0452
4.103 0 3 1.0 0.0 0.0 0.0 0.0 0.0 0.0 0.0 0.0 0.0 4.0452 4.0452 4.0452 4.0452
4.104 0 3 1.0 0.0 0.0 0.0 0.0 0.0 0.0 0.0 0.0 0.0 4.0452 4.0452 4.0452 4.0452
4.105 0 3 1.0 0.0 0.0 0.0 0.0 0.0 0.0 0.0 0.0 0.0 4.0452 4.0452 4.0452 4.0452
4.106 0 3 1.0 0.0 0.0 0.0 0.0 0.0 0.0 0.0 0.0 0.0 4.0452 4.0452 4.0452 4.0452
4.107 0 3 1.0 0.0 0.0 0.0 0.0 0.0 0.0 0.0 0.0 0.0 4.0452 4.0452 4.0452 4.0452
4.108 0 3 1.0 0.0 0.0 0.0 0.0 0.0 0.0 0.0 0.0 0.0 4.0452 4.0452 4.0452 4.0452
4.109 0 3 1.0 0.0 0.0 0.0 0.0 0.0 0.0 0.0 0.0 0.0 4.0452 4.0452 4.0452 4.0452
4.11 0 3 1.0 0.0 0.0 0.0 0.0 0.0 0.0 0.0 0.0 0.0 4.0452 4.0452 4.0452 4.0452
4.111 0 3 1.0 0.0 0.0 0.0 0.0 0.0 0.0 0.0 0.0 0.0 4.0452 4.0452 4.0452 4.0452
4.112 0 3 1.0 0.0 0.0 0.0 0.0 0.0 0.0 0.0 0.0 0.0 4.0452 4.0452 4.0452 4.0452
4.113 0 3 1.0 0.0 0.0 0.0 0.0 0.0 0.0 0.0 0.0 0.0 4.0452 4.0452 4.0452 4.0452
4.114 0 3 1.0 0.0 0.0 0.0 0.0 0.0 0.0 0.0 0.0 0.0 4.0452 4.0452 4.0452 4.0452
4.115 0 3 1.0 0.0 0.0 0.0 0.0 0.0 0.0 0.0 0.0 0.0 4.0452 4.0452 4.0452 4.0452
4.116 0 3 1.0 0.0 0.0 0.0 0.0 0.0 0.0 0.0 0.0 0.0 4.0452 4.0452 4.0452 4.0452
4.117 0 3 1.0 0.0 0.0 0.0 0.0 0.0 0.0 0.0 0.0 0.0 4.0452 4.0452 4.0452 4.0452
4.118 0 3 1.0 0.0 0.0 0.0 0.0 0.0 0.0 0.0 0.0 0.0 4.0452 4.0452 4.0452 4.0452
4.119 0 3 1.0 0.0 0.0 0.0 0.0 0.0 0.0 0.0 0.0 0.0 4.0452 4.0452 4.0452 4.0452
4.12 0 3 1.0 0.0 0.0 0.0 0.0 0.0 0.0 0.0 0.0 0.0 4.0452 4.0452 4.0452 4.0452
4.121 0 3 1.0 0.0 0.0 0.0 0.0 0.0 0.0 0.0 0.0 0.0 4.0452 4.0452 4.0452 4.0452
4.122 0 3 1.0 0.0 0.0 0.0 0.0 0.0 0.0 0.0 0.0 0.0 4.0452 4.0452 4.0452 4.0452
4.123 0 3 1.0 0.0 0.0 0.0 0.0 0.0 0.0 0.0 0.0 0.0 4.0452 4.0452 4.0452 4.0452
4.124 0 3 1.0 0.0 0.0 0.0 0.0 0.0 0.0 0.0 0.0 0.0 4.0452 4.0452 4.0452 4.0452
4.125 0 3 1.0 0.0 0.0 0.0 0.0 0.0 0.0 0.0 0.0 0.0 4.0452 4.0452 4.0452 4.0452
4.126 0 3 1.0 0.0 0.0 0.0 0.0 0.0 0.0 0.0 0.0 0.0 4.0452 4.0452 4.0452 4.0452
4.127 0 3 1.0 0.0 0.0 0.0 0.0 0.0 0.0 0.0 0.0 0.0 4.0452 4.0452 4.0452 4.0452
4.128 0 3 1.0 0.0 0.0 0.0 0.0 0.0 0.0 0.0 0.0 0.0 4.0452 4.0452 4.0452 4.0452
4.1290000000000004 0 3 1.0 0.0 0.0 0.0 0.0 0.0 0.0 0.0 0.0 0.0 4.0452 4.0452 4.0452 4.0452
4.13 0 3 1.0 0.0 0.0 0.0 0.0 0.0 0.0 0.0 0.0 0.0 4.0452 4.0452 4.0452 4.0452
4.131 0 3 1.0 0.0 0.0 0.0 0.0 0.0 0.0 0.0 0.0 0.0 4.0452 4.0452 4.0452 4.0452
4.132 0 3 1.0 0.0 0.0 0.0 0.0 0.0 0.0 0.0 0.0 0.0 4.0452 4.0452 4.0452 4.0452
4.133 0 3 1.0 0.0 0.0 0.0 0.0 0.0 0.0 0.0 0.0 0.0 4.0452 4.0452 4.0452 4.0452
4.134 0 3 1.0 0.0 0.0 0.0 0.0 0.0 0.0 0.0 0.0 0.0 4.0452 4.0452 4.0452 4.0452
4.135 0 3 1.0 0.0 0.0 0.0 0.0 0.0 0.0 0.0 0.0 0.0 4.0452 4.0452 4.0452 4.0452
4.136 0 3 1.0 0.0 0.0 0.0 0.0 0.0 0.0 0.0 0.0 0.0 4.0452 4.0452 4.0452 4.0452
4.1370000000000005 0 3 1.0 0.0 0.0 0.0 0.0 0.0 0.0 0.0 0.0 0.0 4.0452 4.0452 4.0452 4.0452
4.138 0 3 1.0 0.0 0.0 0.0 0.0 0.0 0.0 0.0 0.0 0.0 4.0452 4.0452 4.0452 4.0452
4.139 0 3 1.0 0.0 0.0 0.0 0.0 0.0 0.0 0.0 0.0 0.0 4.0452 4.0452 4.0452 4.0452
4.14 0 3 1.0 0.0 0.0 0.0 0.0 0.0 0.0 0.0 0.0 0.0 4.0452 4.0452 4.0452 4.0452
4.141 0 3 1.0 0.0 0.0 0.0 0.0 0.0 0.0 0.0 0.0 0.0 4.0452 4.0452 4.0452 4.0452
4.142 0 3 1.0 0.0 0.0 0.0 0.0 0.0 0.0 0.0 0.0 0.0 4.0452 4.0452 4.0452 4.0452
4.143 0 3 1.0 0.0 0.0 0.0 0.0 0.0 0.0 0.0 0.0 0.0 4.0452 4.0452 4.0452 4.0452
4.144 0 3 1.0 0.0 0.0 0.0 0.0 0.0 0.0 0.0 0.0 0.0 4.0452 4.0452 4.0452 4.0452
4.1450000000000005 0 3 1.0 0.0 0.0 0.0 0.0 0.0 0.0 0.0 0.0 0.0 4.0452 4.0452 4.0452 4.0452
4.146 0 3 1.0 0.0 0.0 0.0 0.0 0.0 0.0 0.0 0.0 0.0 4.0452 4.0452 4.0452 4.0452
4.147 0 3 1.0 0.0 0.0 0.0 0.0 0.0 0.0 0.0 0.0 0.0 4.0452 4.0452 4.0452 4.0452
4.148 0 3 1.0 0.0 0.0 0.0 0.0 0.0 0.0 0.0 0.0 0.0 4.0452 4.0452 4.0452 4.0452
4.149 0 3 1.0 0.0 0.0 0.0 0.0 0.0 0.0 0.0 0.0 0.0 4.0452 4.0452 4.0452 4.0452
4.15 0 3 1.0 0.0 0.0 0.0 0.0 0.0 0.0 0.0 0.0 0.0 4.0452 4.0452 4.0452 4.0452
4.151 0 3 1.0 0.0 0.0 0.0 0.0 0.0 0.0 0.0 0.0 0.0 4.0452 4.0452 4.0452 4.0452
4.152 0 3 1.0 0.0 0.0 0.0 0.0 0.0 0.0 0.0 0.0 0.0 4.0452 4.0452 4.0452 4.0452
4.1530000000000005 0 3 1.0 0.0 0.0 0.0 0.0 0.0 0.0 0.0 0.0 0.0 4.0452 4.0452 4.0452 4.0452
4.154 0 3 1.0 0.0 0.0 0.0 0.0 0.0 0.0 0.0 0.0 0.0 4.0452 4.0452 4.0452 4.0452
4.155 0 3 1.0 0.0 0.0 0.0 0.0 0.0 0.0 0.0 0.0 0.0 4.0452 4.0452 4.0452 4.0452
4.156 0 3 1.0 0.0 0.0 0.0 0.0 0.0 0.0 0.0 0.0 0.0 4.0452 4.0452 4.0452 4.0452
4.157 0 3 1.0 0.0 0.0 0.0 0.0 0.0 0.0 0.0 0.0 0.0 4.0452 4.0452 4.0452 4.0452
4.158 0 3 1.0 0.0 0.0 0.0 0.0 0.0 0.0 0.0 0.0 0.0 4.0452 4.0452 4.0452 4.0452
4.159 0 3 1.0 0.0 0.0 0.0 0.0 0.0 0.0 0.0 0.0 0.0 4.0452 4.0452 4.0452 4.0452
4.16 0 3 1.0 0.0 0.0 0.0 0.0 0.0 0.0 0.0 0.0 0.0 4.0452 4.0452 4.0452 4.0452
4.1610000000000005 0 3 1.0 0.0 0.0 0.0 0.0 0.0 0.0 0.0 0.0 0.0 4.0452 4.0452 4.0452 4.0452
4.162 0 3 1.0 0.0 0.0 0.0 0.0 0.0 0.0 0.0 0.0 0.0 4.0452 4.0452 4.0452 4.0452
4.163 0 3 1.0 0.0 0.0 0.0 0.0 0.0 0.0 0.0 0.0 0.0 4.0452 4.0452 4.0452 4.0452
4.164 0 3 1.0 0.0 0.0 0.0 0.0 0.0 0.0 0.0 0.0 0.0 4.0452 4.0452 4.0452 4.0452
4.165 0 3 1.0 0.0 0.0 0.0 0.0 0.0 0.0 0.0 0.0 0.0 4.0452 4.0452 4.0452 4.0452
4.166 0 3 1.0 0.0 0.0 0.0 0.0 0.0 0.0 0.0 0.0 0.0 4.0452 4.0452 4.0452 4.0452
4.167 0 3 1.0 0.0 0.0 0.0 0.0 0.0 0.0 0.0 0.0 0.0 4.0452 4.0452 4.0452 4.0452
4.168 0 3 1.0 0.0 0.0 0.0 0.0 0.0 0.0 0.0 0.0 0.0 4.0452 4.0452 4.0452 4.0452
4.1690000000000005 0 3 1.0 0.0 0.0 0.0 0.0 0.0 0.0 0.0 0.0 0.0 4.0452 4.0452 4.0452 4.0452
4.17 0 3 1.0 0.0 0.0 0.0 0.0 0.0 0.0 0.0 0.0 0.0 4.0452 4.0452 4.0452 4.0452
4.171 0 3 1.0 0.0 0.0 0.0 0.0 0.0 0.0 0.0 0.0 0.0 4.0452 4.0452 4.0452 4.0452
4.172 0 3 1.0 0.0 0.0 0.0 0.0 0.0 0.0 0.0 0.0 0.0 4.0452 4.0452 4.0452 4.0452
4.173 0 3 1.0 0.0 0.0 0.0 0.0 0.0 0.0 0.0 0.0 0.0 4.0452 4.0452 4.0452 4.0452
4.174 0 3 1.0 0.0 0.0 0.0 0.0 0.0 0.0 0.0 0.0 0.0 4.0452 4.0452 4.0452 4.0452
4.175 0 3 1.0 0.0 0.0 0.0 0.0 0.0 0.0 0.0 0.0 0.0 4.0452 4.0452 4.0452 4.0452
4.176 0 3 1.0 0.0 0.0 0.0 0.0 0.0 0.0 0.0 0.0 0.0 4.0452 4.0452 4.0452 4.0452
4.1770000000000005 0 3 1.0 0.0 0.0 0.0 0.0 0.0 0.0 0.0 0.0 0.0 4.0452 4.0452 4.0452 4.0452
4.178 0 3 1.0 0.0 0.0 0.0 0.0 0.0 0.0 0.0 0.0 0.0 4.0452 4.0452 4.0452 4.0452
4.179 0 3 1.0 0.0 0.0 0.0 0.0 0.0 0.0 0.0 0.0 0.0 4.0452 4.0452 4.0452 4.0452
4.18 0 3 1.0 0.0 0.0 0.0 0.0 0.0 0.0 0.0 0.0 0.0 4.0452 4.0452 4.0452 4.0452
4.181 0 3 1.0 0.0 0.0 0.0 0.0 0.0 0.0 0.0 0.0 0.0 4.0452 4.0452 4.0452 4.0452
4.182 0 3 1.0 0.0 0.0 0.0 0.0 0.0 0.0 0.0 0.0 0.0 4.0452 4.0452 4.0452 4.0452
4.183 0 3 1.0 0.0 0.0 0.0 0.0 0.0 0.0 0.0 0.0 0.0 4.0452 4.0452 4.0452 4.0452
4.184 0 3 1.0 0.0 0.0 0.0 0.0 0.0 0.0 0.0 0.0 0.0 4.0452 4.0452 4.0452 4.0452
4.1850000000000005 0 3 1.0 0.0 0.0 0.0 0.0 0.0 0.0 0.0 0.0 0.0 4.0452 4.0452 4.0452 4.0452
4.186 0 3 1.0 0.0 0.0 0.0 0.0 0.0 0.0 0.0 0.0 0.0 4.0452 4.0452 4.0452 4.0452
4.187 0 3 1.0 0.0 0.0 0.0 0.0 0.0 0.0 0.0 0.0 0.0 4.0452 4.0452 4.0452 4.0452
4.188 0 3 1.0 0.0 0.0 0.0 0.0 0.0 0.0 0.0 0.0 0.0 4.0452 4.0452 4.0452 4.0452
4.189 0 3 1.0 0.0 0.0 0.0 0.0 0.0 0.0 0.0 0.0 0.0 4.0452 4.0452 4.0452 4.0452
4.19 0 3 1.0 0.0 0.0 0.0 0.0 0.0 0.0 0.0 0.0 0.0 4.0452 4.0452 4.0452 4.0452
4.191 0 3 1.0 0.0 0.0 0.0 0.0 0.0 0.0 0.0 0.0 0.0 4.0452 4.0452 4.0452 4.0452
4.192 0 3 1.0 0.0 0.0 0.0 0.0 0.0 0.0 0.0 0.0 0.0 4.0452 4.0452 4.0452 4.0452
4.1930000000000005 0 3 1.0 0.0 0.0 0.0 0.0 0.0 0.0 0.0 0.0 0.0 4.0452 4.0452 4.0452 4.0452
4.194 0 3 1.0 0.0 0.0 0.0 0.0 0.0 0.0 0.0 0.0 0.0 4.0452 4.0452 4.0452 4.0452
4.195 0 3 1.0 0.0 0.0 0.0 0.0 0.0 0.0 0.0 0.0 0.0 4.0452 4.0452 4.0452 4.0452
4.196 0 3 1.0 0.0 0.0 0.0 0.0 0.0 0.0 0.0 0.0 0.0 4.0452 4.0452 4.0452 4.0452
4.197 0 3 1.0 0.0 0.0 0.0 0.0 0.0 0.0 0.0 0.0 0.0 4.0452 4.0452 4.0452 4.0452
4.198 0 3 1.0 0.0 0.0 0.0 0.0 0.0 0.0 0.0 0.0 0.0 4.0452 4.0452 4.0452 4.0452
4.199 0 3 1.0 0.0 0.0 0.0 0.0 0.0 0.0 0.0 0.0 0.0 4.0452 4.0452 4.0452 4.0452
4.2 0 3 1.0 0.0 0.0 0.0 0.0 0.0 0.0 0.0 0.0 0.0 4.0452 4.0452 4.0452 4.0452
4.2010000000000005 0 3 1.0 0.0 0.0 0.0 0.0 0.0 0.0 0.0 0.0 0.0 4.0452 4.0452 4.0452 4.0452
4.202 0 3 1.0 0.0 0.0 0.0 0.0 0.0 0.0 0.0 0.0 0.0 4.0452 4.0452 4.0452 4.0452
4.203 0 3 1.0 0.0 0.0 0.0 0.0 0.0 0.0 0.0 0.0 0.0 4.0452 4.0452 4.0452 4.0452
4.204 0 3 1.0 0.0 0.0 0.0 0.0 0.0 0.0 0.0 0.0 0.0 4.0452 4.0452 4.0452 4.0452
4.205 0 3 1.0 0.0 0.0 0.0 0.0 0.0 0.0 0.0 0.0 0.0 4.0452 4.0452 4.0452 4.0452
4.206 0 3 1.0 0.0 0.0 0.0 0.0 0.0 0.0 0.0 0.0 0.0 4.0452 4.0452 4.0452 4.0452
4.207 0 3 1.0 0.0 0.0 0.0 0.0 0.0 0.0 0.0 0.0 0.0 4.0452 4.0452 4.0452 4.0452
4.208 0 3 1.0 0.0 0.0 0.0 0.0 0.0 0.0 0.0 0.0 0.0 4.0452 4.0452 4.0452 4.0452
4.2090000000000005 0 3 1.0 0.0 0.0 0.0 0.0 0.0 0.0 0.0 0.0 0.0 4.0452 4.0452 4.0452 4.0452
4.21 0 3 1.0 0.0 0.0 0.0 0.0 0.0 0.0 0.0 0.0 0.0 4.0452 4.0452 4.0452 4.0452
4.211 0 3 1.0 0.0 0.0 0.0 0.0 0.0 0.0 0.0 0.0 0.0 4.0452 4.0452 4.0452 4.0452
4.212 0 3 1.0 0.0 0.0 0.0 0.0 0.0 0.0 0.0 0.0 0.0 4.0452 4.0452 4.0452 4.0452
4.213 0 3 1.0 0.0 0.0 0.0 0.0 0.0 0.0 0.0 0.0 0.0 4.0452 4.0452 4.0452 4.0452
4.214 0 3 1.0 0.0 0.0 0.0 0.0 0.0 0.0 0.0 0.0 0.0 4.0452 4.0452 4.0452 4.0452
4.215 0 3 1.0 0.0 0.0 0.0 0.0 0.0 0.0 0.0 0.0 0.0 4.0452 4.0452 4.0452 4.0452
4.216 0 3 1.0 0.0 0.0 0.0 0.0 0.0 0.0 0.0 0.0 0.0 4.0452 4.0452 4.0452 4.0452
4.2170000000000005 0 3 1.0 0.0 0.0 0.0 0.0 0.0 0.0 0.0 0.0 0.0 4.0452 4.0452 4.0452 4.0452
4.218 0 3 1.0 0.0 0.0 0.0 0.0 0.0 0.0 0.0 0.0 0.0 4.0452 4.0452 4.0452 4.0452
4.219 0 3 1.0 0.0 0.0 0.0 0.0 0.0 0.0 0.0 0.0 0.0 4.0452 4.0452 4.0452 4.0452
4.22 0 3 1.0 0.0 0.0 0.0 0.0 0.0 0.0 0.0 0.0 0.0 4.0452 4.0452 4.0452 4.0452
4.221 0 3 1.0 0.0 0.0 0.0 0.0 0.0 0.0 0.0 0.0 0.0 4.0452 4.0452 4.0452 4.0452
4.222 0 3 1.0 0.0 0.0 0.0 0.0 0.0 0.0 0.0 0.0 0.0 4.0452 4.0452 4.0452 4.0452
4.223 0 3 1.0 0.0 0.0 0.0 0.0 0.0 0.0 0.0 0.0 0.0 4.0452 4.0452 4.0452 4.0452
4.224 0 3 1.0 0.0 0.0 0.0 0.0 0.0 0.0 0.0 0.0 0.0 4.0452 4.0452 4.0452 4.0452
4.225 0 3 1.0 0.0 0.0 0.0 0.0 0.0 0.0 0.0 0.0 0.0 4.0452 4.0452 4.0452 4.0452
4.226 0 3 1.0 0.0 0.0 0.0 0.0 0.0 0.0 0.0 0.0 0.0 4.0452 4.0452 4.0452 4.0452
4.227 0 3 1.0 0.0 0.0 0.0 0.0 0.0 0.0 0.0 0.0 0.0 4.0452 4.0452 4.0452 4.0452
4.228 0 3 1.0 0.0 0.0 0.0 0.0 0.0 0.0 0.0 0.0 0.0 4.0452 4.0452 4.0452 4.0452
4.229 0 3 1.0 0.0 0.0 0.0 0.0 0.0 0.0 0.0 0.0 0.0 4.0452 4.0452 4.0452 4.0452
4.23 0 3 1.0 0.0 0.0 0.0 0.0 0.0 0.0 0.0 0.0 0.0 4.0452 4.0452 4.0452 4.0452
4.231 0 3 1.0 0.0 0.0 0.0 0.0 0.0 0.0 0.0 0.0 0.0 4.0452 4.0452 4.0452 4.0452
4.232 0 3 1.0 0.0 0.0 0.0 0.0 0.0 0.0 0.0 0.0 0.0 4.0452 4.0452 4.0452 4.0452
4.233 0 3 1.0 0.0 0.0 0.0 0.0 0.0 0.0 0.0 0.0 0.0 4.0452 4.0452 4.0452 4.0452
4.234 0 3 1.0 0.0 0.0 0.0 0.0 0.0 0.0 0.0 0.0 0.0 4.0452 4.0452 4.0452 4.0452
4.235 0 3 1.0 0.0 0.0 0.0 0.0 0.0 0.0 0.0 0.0 0.0 4.0452 4.0452 4.0452 4.0452
4.236 0 3 1.0 0.0 0.0 0.0 0.0 0.0 0.0 0.0 0.0 0.0 4.0452 4.0452 4.0452 4.0452
4.237 0 3 1.0 0.0 0.0 0.0 0.0 0.0 0.0 0.0 0.0 0.0 4.0452 4.0452 4.0452 4.0452
4.238 0 3 1.0 0.0 0.0 0.0 0.0 0.0 0.0 0.0 0.0 0.0 4.0452 4.0452 4.0452 4.0452
4.239 0 3 1.0 0.0 0.0 0.0 0.0 0.0 0.0 0.0 0.0 0.0 4.0452 4.0452 4.0452 4.0452
4.24 0 3 1.0 0.0 0.0 0.0 0.0 0.0 0.0 0.0 0.0 0.0 4.0452 4.0452 4.0452 4.0452
4.241 0 3 1.0 0.0 0.0 0.0 0.0 0.0 0.0 0.0 0.0 0.0 4.0452 4.0452 4.0452 4.0452
4.242 0 3 1.0 0.0 0.0 0.0 0.0 0.0 0.0 0.0 0.0 0.0 4.0452 4.0452 4.0452 4.0452
4.243 0 3 1.0 0.0 0.0 0.0 0.0 0.0 0.0 0.0 0.0 0.0 4.0452 4.0452 4.0452 4.0452
4.244 0 3 1.0 0.0 0.0 0.0 0.0 0.0 0.0 0.0 0.0 0.0 4.0452 4.0452 4.0452 4.0452
4.245 0 3 1.0 0.0 0.0 0.0 0.0 0.0 0.0 0.0 0.0 0.0 4.0452 4.0452 4.0452 4.0452
4.246 0 3 1.0 0.0 0.0 0.0 0.0 0.0 0.0 0.0 0.0 0.0 4.0452 4.0452 4.0452 4.0452
4.247 0 3 1.0 0.0 0.0 0.0 0.0 0.0 0.0 0.0 0.0 0.0 4.0452 4.0452 4.0452 4.0452
4.248 0 3 1.0 0.0 0.0 0.0 0.0 0.0 0.0 0.0 0.0 0.0 4.0452 4.0452 4.0452 4.0452
4.249 0 3 1.0 0.0 0.0 0.0 0.0 0.0 0.0 0.0 0.0 0.0 4.0452 4.0452 4.0452 4.0452
4.25 0 3 1.0 0.0 0.0 0.0 0.0 0.0 0.0 0.0 0.0 0.0 4.0452 4.0452 4.0452 4.0452
4.251 0 3 1.0 0.0 0.0 0.0 0.0 0.0 0.0 0.0 0.0 0.0 4.0452 4.0452 4.0452 4.0452
4.252 0 3 1.0 0.0 0.0 0.0 0.0 0.0 0.0 0.0 0.0 0.0 4.0452 4.0452 4.0452 4.0452
4.253 0 3 1.0 0.0 0.0 0.0 0.0 0.0 0.0 0.0 0.0 0.0 4.0452 4.0452 4.0452 4.0452
4.2540000000000004 0 3 1.0 0.0 0.0 0.0 0.0 0.0 0.0 0.0 0.0 0.0 4.0452 4.0452 4.0452 4.0452
4.255 0 3 1.0 0.0 0.0 0.0 0.0 0.0 0.0 0.0 0.0 0.0 4.0452 4.0452 4.0452 4.0452
4.256 0 3 1.0 0.0 0.0 0.0 0.0 0.0 0.0 0.0 0.0 0.0 4.0452 4.0452 4.0452 4.0452
4.257 0 3 1.0 0.0 0.0 0.0 0.0 0.0 0.0 0.0 0.0 0.0 4.0452 4.0452 4.0452 4.0452
4.258 0 3 1.0 0.0 0.0 0.0 0.0 0.0 0.0 0.0 0.0 0.0 4.0452 4.0452 4.0452 4.0452
4.259 0 3 1.0 0.0 0.0 0.0 0.0 0.0 0.0 0.0 0.0 0.0 4.0452 4.0452 4.0452 4.0452
4.26 0 3 1.0 0.0 0.0 0.0 0.0 0.0 0.0 0.0 0.0 0.0 4.0452 4.0452 4.0452 4.0452
4.261 0 3 1.0 0.0 0.0 0.0 0.0 0.0 0.0 0.0 0.0 0.0 4.0452 4.0452 4.0452 4.0452
4.2620000000000005 0 3 1.0 0.0 0.0 0.0 0.0 0.0 0.0 0.0 0.0 0.0 4.0452 4.0452 4.0452 4.0452
4.263 0 3 1.0 0.0 0.0 0.0 0.0 0.0 0.0 0.0 0.0 0.0 4.0452 4.0452 4.0452 4.0452
4.264 0 3 1.0 0.0 0.0 0.0 0.0 0.0 0.0 0.0 0.0 0.0 4.0452 4.0452 4.0452 4.0452
4.265 0 3 1.0 0.0 0.0 0.0 0.0 0.0 0.0 0.0 0.0 0.0 4.0452 4.0452 4.0452 4.0452
4.266 0 3 1.0 0.0 0.0 0.0 0.0 0.0 0.0 0.0 0.0 0.0 4.0452 4.0452 4.0452 4.0452
4.267 0 3 1.0 0.0 0.0 0.0 0.0 0.0 0.0 0.0 0.0 0.0 4.0452 4.0452 4.0452 4.0452
4.268 0 3 1.0 0.0 0.0 0.0 0.0 0.0 0.0 0.0 0.0 0.0 4.0452 4.0452 4.0452 4.0452
4.269 0 3 1.0 0.0 0.0 0.0 0.0 0.0 0.0 0.0 0.0 0.0 4.0452 4.0452 4.0452 4.0452
4.2700000000000005 0 3 1.0 0.0 0.0 0.0 0.0 0.0 0.0 0.0 0.0 0.0 4.0452 4.0452 4.0452 4.0452
4.271 0 3 1.0 0.0 0.0 0.0 0.0 0.0 0.0 0.0 0.0 0.0 4.0452 4.0452 4.0452 4.0452
4.272 0 3 1.0 0.0 0.0 0.0 0.0 0.0 0.0 0.0 0.0 0.0 4.0452 4.0452 4.0452 4.0452
4.273 0 3 1.0 0.0 0.0 0.0 0.0 0.0 0.0 0.0 0.0 0.0 4.0452 4.0452 4.0452 4.0452
4.274 0 3 1.0 0.0 0.0 0.0 0.0 0.0 0.0 0.0 0.0 0.0 4.0452 4.0452 4.0452 4.0452
4.275 0 3 1.0 0.0 0.0 0.0 0.0 0.0 0.0 0.0 0.0 0.0 4.0452 4.0452 4.0452 4.0452
4.276 0 3 1.0 0.0 0.0 0.0 0.0 0.0 0.0 0.0 0.0 0.0 4.0452 4.0452 4.0452 4.0452
4.277 0 3 1.0 0.0 0.0 0.0 0.0 0.0 0.0 0.0 0.0 0.0 4.0452 4.0452 4.0452 4.0452
4.2780000000000005 0 3 1.0 0.0 0.0 0.0 0.0 0.0 0.0 0.0 0.0 0.0 4.0452 4.0452 4.0452 4.0452
4.279 0 3 1.0 0.0 0.0 0.0 0.0 0.0 0.0 0.0 0.0 0.0 4.0452 4.0452 4.0452 4.0452
4.28 0 3 1.0 0.0 0.0 0.0 0.0 0.0 0.0 0.0 0.0 0.0 4.0452 4.0452 4.0452 4.0452
4.281 0 3 1.0 0.0 0.0 0.0 0.0 0.0 0.0 0.0 0.0 0.0 4.0452 4.0452 4.0452 4.0452
4.282 0 3 1.0 0.0 0.0 0.0 0.0 0.0 0.0 0.0 0.0 0.0 4.0452 4.0452 4.0452 4.0452
4.283 0 3 1.0 0.0 0.0 0.0 0.0 0.0 0.0 0.0 0.0 0.0 4.0452 4.0452 4.0452 4.0452
4.284 0 3 1.0 0.0 0.0 0.0 0.0 0.0 0.0 0.0 0.0 0.0 4.0452 4.0452 4.0452 4.0452
4.285 0 3 1.0 0.0 0.0 0.0 0.0 0.0 0.0 0.0 0.0 0.0 4.0452 4.0452 4.0452 4.0452
4.2860000000000005 0 3 1.0 0.0 0.0 0.0 0.0 0.0 0.0 0.0 0.0 0.0 4.0452 4.0452 4.0452 4.0452
4.287 0 3 1.0 0.0 0.0 0.0 0.0 0.0 0.0 0.0 0.0 0.0 4.0452 4.0452 4.0452 4.0452
4.288 0 3 1.0 0.0 0.0 0.0 0.0 0.0 0.0 0.0 0.0 0.0 4.0452 4.0452 4.0452 4.0452
4.289 0 3 1.0 0.0 0.0 0.0 0.0 0.0 0.0 0.0 0.0 0.0 4.0452 4.0452 4.0452 4.0452
4.29 0 3 1.0 0.0 0.0 0.0 0.0 0.0 0.0 0.0 0.0 0.0 4.0452 4.0452 4.0452 4.0452
4.291 0 3 1.0 0.0 0.0 0.0 0.0 0.0 0.0 0.0 0.0 0.0 4.0452 4.0452 4.0452 4.0452
4.292 0 3 1.0 0.0 0.0 0.0 0.0 0.0 0.0 0.0 0.0 0.0 4.0452 4.0452 4.0452 4.0452
4.293 0 3 1.0 0.0 0.0 0.0 0.0 0.0 0.0 0.0 0.0 0.0 4.0452 4.0452 4.0452 4.0452
4.2940000000000005 0 3 1.0 0.0 0.0 0.0 0.0 0.0 0.0 0.0 0.0 0.0 4.0452 4.0452 4.0452 4.0452
4.295 0 3 1.0 0.0 0.0 0.0 0.0 0.0 0.0 0.0 0.0 0.0 4.0452 4.0452 4.0452 4.0452
4.296 0 3 1.0 0.0 0.0 0.0 0.0 0.0 0.0 0.0 0.0 0.0 4.0452 4.0452 4.0452 4.0452
4.297 0 3 1.0 0.0 0.0 0.0 0.0 0.0 0.0 0.0 0.0 0.0 4.0452 4.0452 4.0452 4.0452
4.298 0 3 1.0 0.0 0.0 0.0 0.0 0.0 0.0 0.0 0.0 0.0 4.0452 4.0452 4.0452 4.0452
4.299 0 3 1.0 0.0 0.0 0.0 0.0 0.0 0.0 0.0 0.0 0.0 4.0452 4.0452 4.0452 4.0452
4.3 0 3 1.0 0.0 0.0 0.0 0.0 0.0 0.0 0.0 0.0 0.0 4.0452 4.0452 4.0452 4.0452
4.301 0 3 1.0 0.0 0.0 0.0 0.0 0.0 0.0 0.0 0.0 0.0 4.0452 4.0452 4.0452 4.0452
4.3020000000000005 0 3 1.0 0.0 0.0 0.0 0.0 0.0 0.0 0.0 0.0 0.0 4.0452 4.0452 4.0452 4.0452
4.303 0 3 1.0 0.0 0.0 0.0 0.0 0.0 0.0 0.0 0.0 0.0 4.0452 4.0452 4.0452 4.0452
4.304 0 3 1.0 0.0 0.0 0.0 0.0 0.0 0.0 0.0 0.0 0.0 4.0452 4.0452 4.0452 4.0452
4.305 0 3 1.0 0.0 0.0 0.0 0.0 0.0 0.0 0.0 0.0 0.0 4.0452 4.0452 4.0452 4.0452
4.306 0 3 1.0 0.0 0.0 0.0 0.0 0.0 0.0 0.0 0.0 0.0 4.0452 4.0452 4.0452 4.0452
4.307 0 3 1.0 0.0 0.0 0.0 0.0 0.0 0.0 0.0 0.0 0.0 4.0452 4.0452 4.0452 4.0452
4.308 0 3 1.0 0.0 0.0 0.0 0.0 0.0 0.0 0.0 0.0 0.0 4.0452 4.0452 4.0452 4.0452
4.309 0 3 1.0 0.0 0.0 0.0 0.0 0.0 0.0 0.0 0.0 0.0 4.0452 4.0452 4.0452 4.0452
4.3100000000000005 0 3 1.0 0.0 0.0 0.0 0.0 0.0 0.0 0.0 0.0 0.0 4.0452 4.0452 4.0452 4.0452
4.311 0 3 1.0 0.0 0.0 0.0 0.0 0.0 0.0 0.0 0.0 0.0 4.0452 4.0452 4.0452 4.0452
4.312 0 3 1.0 0.0 0.0 0.0 0.0 0.0 0.0 0.0 0.0 0.0 4.0452 4.0452 4.0452 4.0452
4.313 0 3 1.0 0.0 0.0 0.0 0.0 0.0 0.0 0.0 0.0 0.0 4.0452 4.0452 4.0452 4.0452
4.314 0 3 1.0 0.0 0.0 0.0 0.0 0.0 0.0 0.0 0.0 0.0 4.0452 4.0452 4.0452 4.0452
4.315 0 3 1.0 0.0 0.0 0.0 0.0 0.0 0.0 0.0 0.0 0.0 4.0452 4.0452 4.0452 4.0452
4.316 0 3 1.0 0.0 0.0 0.0 0.0 0.0 0.0 0.0 0.0 0.0 4.0452 4.0452 4.0452 4.0452
4.317 0 3 1.0 0.0 0.0 0.0 0.0 0.0 0.0 0.0 0.0 0.0 4.0452 4.0452 4.0452 4.0452
4.3180000000000005 0 3 1.0 0.0 0.0 0.0 0.0 0.0 0.0 0.0 0.0 0.0 4.0452 4.0452 4.0452 4.0452
4.319 0 3 1.0 0.0 0.0 0.0 0.0 0.0 0.0 0.0 0.0 0.0 4.0452 4.0452 4.0452 4.0452
4.32 0 3 1.0 0.0 0.0 0.0 0.0 0.0 0.0 0.0 0.0 0.0 4.0452 4.0452 4.0452 4.0452
4.321 0 3 1.0 0.0 0.0 0.0 0.0 0.0 0.0 0.0 0.0 0.0 4.0452 4.0452 4.0452 4.0452
4.322 0 3 1.0 0.0 0.0 0.0 0.0 0.0 0.0 0.0 0.0 0.0 4.0452 4.0452 4.0452 4.0452
4.323 0 3 1.0 0.0 0.0 0.0 0.0 0.0 0.0 0.0 0.0 0.0 4.0452 4.0452 4.0452 4.0452
4.324 0 3 1.0 0.0 0.0 0.0 0.0 0.0 0.0 0.0 0.0 0.0 4.0452 4.0452 4.0452 4.0452
4.325 0 3 1.0 0.0 0.0 0.0 0.0 0.0 0.0 0.0 0.0 0.0 4.0452 4.0452 4.0452 4.0452
4.3260000000000005 0 3 1.0 0.0 0.0 0.0 0.0 0.0 0.0 0.0 0.0 0.0 4.0452 4.0452 4.0452 4.0452
4.327 0 3 1.0 0.0 0.0 0.0 0.0 0.0 0.0 0.0 0.0 0.0 4.0452 4.0452 4.0452 4.0452
4.328 0 3 1.0 0.0 0.0 0.0 0.0 0.0 0.0 0.0 0.0 0.0 4.0452 4.0452 4.0452 4.0452
4.329 0 3 1.0 0.0 0.0 0.0 0.0 0.0 0.0 0.0 0.0 0.0 4.0452 4.0452 4.0452 4.0452
4.33 0 3 1.0 0.0 0.0 0.0 0.0 0.0 0.0 0.0 0.0 0.0 4.0452 4.0452 4.0452 4.0452
4.331 0 3 1.0 0.0 0.0 0.0 0.0 0.0 0.0 0.0 0.0 0.0 4.0452 4.0452 4.0452 4.0452
4.332 0 3 1.0 0.0 0.0 0.0 0.0 0.0 0.0 0.0 0.0 0.0 4.0452 4.0452 4.0452 4.0452
4.333 0 3 1.0 0.0 0.0 0.0 0.0 0.0 0.0 0.0 0.0 0.0 4.0452 4.0452 4.0452 4.0452
4.3340000000000005 0 3 1.0 0.0 0.0 0.0 0.0 0.0 0.0 0.0 0.0 0.0 4.0452 4.0452 4.0452 4.0452
4.335 0 3 1.0 0.0 0.0 0.0 0.0 0.0 0.0 0.0 0.0 0.0 4.0452 4.0452 4.0452 4.0452
4.336 0 3 1.0 0.0 0.0 0.0 0.0 0.0 0.0 0.0 0.0 0.0 4.0452 4.0452 4.0452 4.0452
4.337 0 3 1.0 0.0 0.0 0.0 0.0 0.0 0.0 0.0 0.0 0.0 4.0452 4.0452 4.0452 4.0452
4.338 0 3 1.0 0.0 0.0 0.0 0.0 0.0 0.0 0.0 0.0 0.0 4.0452 4.0452 4.0452 4.0452
4.339 0 3 1.0 0.0 0.0 0.0 0.0 0.0 0.0 0.0 0.0 0.0 4.0452 4.0452 4.0452 4.0452
4.34 0 3 1.0 0.0 0.0 0.0 0.0 0.0 0.0 0.0 0.0 0.0 4.0452 4.0452 4.0452 4.0452
4.341 0 3 1.0 0.0 0.0 0.0 0.0 0.0 0.0 0.0 0.0 0.0 4.0452 4.0452 4.0452 4.0452
4.3420000000000005 0 3 1.0 0.0 0.0 0.0 0.0 0.0 0.0 0.0 0.0 0.0 4.0452 4.0452 4.0452 4.0452
4.343 0 3 1.0 0.0 0.0 0.0 0.0 0.0 0.0 0.0 0.0 0.0 4.0452 4.0452 4.0452 4.0452
4.344 0 3 1.0 0.0 0.0 0.0 0.0 0.0 0.0 0.0 0.0 0.0 4.0452 4.0452 4.0452 4.0452
4.345 0 3 1.0 0.0 0.0 0.0 0.0 0.0 0.0 0.0 0.0 0.0 4.0452 4.0452 4.0452 4.0452
4.346 0 3 1.0 0.0 0.0 0.0 0.0 0.0 0.0 0.0 0.0 0.0 4.0452 4.0452 4.0452 4.0452
4.347 0 3 1.0 0.0 0.0 0.0 0.0 0.0 0.0 0.0 0.0 0.0 4.0452 4.0452 4.0452 4.0452
4.348 0 3 1.0 0.0 0.0 0.0 0.0 0.0 0.0 0.0 0.0 0.0 4.0452 4.0452 4.0452 4.0452
4.349 0 3 1.0 0.0 0.0 0.0 0.0 0.0 0.0 0.0 0.0 0.0 4.0452 4.0452 4.0452 4.0452
4.3500000000000005 0 3 1.0 0.0 0.0 0.0 0.0 0.0 0.0 0.0 0.0 0.0 4.0452 4.0452 4.0452 4.0452
4.351 0 3 1.0 0.0 0.0 0.0 0.0 0.0 0.0 0.0 0.0 0.0 4.0452 4.0452 4.0452 4.0452
4.352 0 3 1.0 0.0 0.0 0.0 0.0 0.0 0.0 0.0 0.0 0.0 4.0452 4.0452 4.0452 4.0452
4.353 0 3 1.0 0.0 0.0 0.0 0.0 0.0 0.0 0.0 0.0 0.0 4.0452 4.0452 4.0452 4.0452
4.354 0 3 1.0 0.0 0.0 0.0 0.0 0.0 0.0 0.0 0.0 0.0 4.0452 4.0452 4.0452 4.0452
4.355 0 3 1.0 0.0 0.0 0.0 0.0 0.0 0.0 0.0 0.0 0.0 4.0452 4.0452 4.0452 4.0452
4.356 0 3 1.0 0.0 0.0 0.0 0.0 0.0 0.0 0.0 0.0 0.0 4.0452 4.0452 4.0452 4.0452
4.357 0 3 1.0 0.0 0.0 0.0 0.0 0.0 0.0 0.0 0.0 0.0 4.0452 4.0452 4.0452 4.0452
4.358 0 3 1.0 0.0 0.0 0.0 0.0 0.0 0.0 0.0 0.0 0.0 4.0452 4.0452 4.0452 4.0452
4.359 0 3 1.0 0.0 0.0 0.0 0.0 0.0 0.0 0.0 0.0 0.0 4.0452 4.0452 4.0452 4.0452
4.36 0 3 1.0 0.0 0.0 0.0 0.0 0.0 0.0 0.0 0.0 0.0 4.0452 4.0452 4.0452 4.0452
4.361 0 3 1.0 0.0 0.0 0.0 0.0 0.0 0.0 0.0 0.0 0.0 4.0452 4.0452 4.0452 4.0452
4.362 0 3 1.0 0.0 0.0 0.0 0.0 0.0 0.0 0.0 0.0 0.0 4.0452 4.0452 4.0452 4.0452
4.363 0 3 1.0 0.0 0.0 0.0 0.0 0.0 0.0 0.0 0.0 0.0 4.0452 4.0452 4.0452 4.0452
4.364 0 3 1.0 0.0 0.0 0.0 0.0 0.0 0.0 0.0 0.0 0.0 4.0452 4.0452 4.0452 4.0452
4.365 0 3 1.0 0.0 0.0 0.0 0.0 0.0 0.0 0.0 0.0 0.0 4.0452 4.0452 4.0452 4.0452
4.366 0 3 1.0 0.0 0.0 0.0 0.0 0.0 0.0 0.0 0.0 0.0 4.0452 4.0452 4.0452 4.0452
4.367 0 3 1.0 0.0 0.0 0.0 0.0 0.0 0.0 0.0 0.0 0.0 4.0452 4.0452 4.0452 4.0452
4.368 0 3 1.0 0.0 0.0 0.0 0.0 0.0 0.0 0.0 0.0 0.0 4.0452 4.0452 4.0452 4.0452
4.369 0 3 1.0 0.0 0.0 0.0 0.0 0.0 0.0 0.0 0.0 0.0 4.0452 4.0452 4.0452 4.0452
4.37 0 3 1.0 0.0 0.0 0.0 0.0 0.0 0.0 0.0 0.0 0.0 4.0452 4.0452 4.0452 4.0452
4.371 0 3 1.0 0.0 0.0 0.0 0.0 0.0 0.0 0.0 0.0 0.0 4.0452 4.0452 4.0452 4.0452
4.372 0 3 1.0 0.0 0.0 0.0 0.0 0.0 0.0 0.0 0.0 0.0 4.0452 4.0452 4.0452 4.0452
4.373 0 3 1.0 0.0 0.0 0.0 0.0 0.0 0.0 0.0 0.0 0.0 4.0452 4.0452 4.0452 4.0452
4.374 0 3 1.0 0.0 0.0 0.0 0.0 0.0 0.0 0.0 0.0 0.0 4.0452 4.0452 4.0452 4.0452
4.375 0 3 1.0 0.0 0.0 0.0 0.0 0.0 0.0 0.0 0.0 0.0 4.0452 4.0452 4.0452 4.0452
4.376 0 3 1.0 0.0 0.0 0.0 0.0 0.0 0.0 0.0 0.0 0.0 4.0452 4.0452 4.0452 4.0452
4.377 0 3 1.0 0.0 0.0 0.0 0.0 0.0 0.0 0.0 0.0 0.0 4.0452 4.0452 4.0452 4.0452
4.378 0 3 1.0 0.0 0.0 0.0 0.0 0.0 0.0 0.0 0.0 0.0 4.0452 4.0452 4.0452 4.0452
4.3790000000000004 0 3 1.0 0.0 0.0 0.0 0.0 0.0 0.0 0.0 0.0 0.0 4.0452 4.0452 4.0452 4.0452
4.38 0 3 1.0 0.0 0.0 0.0 0.0 0.0 0.0 0.0 0.0 0.0 4.0452 4.0452 4.0452 4.0452
4.381 0 3 1.0 0.0 0.0 0.0 0.0 0.0 0.0 0.0 0.0 0.0 4.0452 4.0452 4.0452 4.0452
4.382 0 3 1.0 0.0 0.0 0.0 0.0 0.0 0.0 0.0 0.0 0.0 4.0452 4.0452 4.0452 4.0452
4.383 0 3 1.0 0.0 0.0 0.0 0.0 0.0 0.0 0.0 0.0 0.0 4.0452 4.0452 4.0452 4.0452
4.384 0 3 1.0 0.0 0.0 0.0 0.0 0.0 0.0 0.0 0.0 0.0 4.0452 4.0452 4.0452 4.0452
4.385 0 3 1.0 0.0 0.0 0.0 0.0 0.0 0.0 0.0 0.0 0.0 4.0452 4.0452 4.0452 4.0452
4.386 0 3 1.0 0.0 0.0 0.0 0.0 0.0 0.0 0.0 0.0 0.0 4.0452 4.0452 4.0452 4.0452
4.3870000000000005 0 3 1.0 0.0 0.0 0.0 0.0 0.0 0.0 0.0 0.0 0.0 4.0452 4.0452 4.0452 4.0452
4.388 0 3 1.0 0.0 0.0 0.0 0.0 0.0 0.0 0.0 0.0 0.0 4.0452 4.0452 4.0452 4.0452
4.389 0 3 1.0 0.0 0.0 0.0 0.0 0.0 0.0 0.0 0.0 0.0 4.0452 4.0452 4.0452 4.0452
4.39 0 3 1.0 0.0 0.0 0.0 0.0 0.0 0.0 0.0 0.0 0.0 4.0452 4.0452 4.0452 4.0452
4.391 0 3 1.0 0.0 0.0 0.0 0.0 0.0 0.0 0.0 0.0 0.0 4.0452 4.0452 4.0452 4.0452
4.392 0 3 1.0 0.0 0.0 0.0 0.0 0.0 0.0 0.0 0.0 0.0 4.0452 4.0452 4.0452 4.0452
4.393 0 3 1.0 0.0 0.0 0.0 0.0 0.0 0.0 0.0 0.0 0.0 4.0452 4.0452 4.0452 4.0452
4.394 0 3 1.0 0.0 0.0 0.0 0.0 0.0 0.0 0.0 0.0 0.0 4.0452 4.0452 4.0452 4.0452
4.3950000000000005 0 3 1.0 0.0 0.0 0.0 0.0 0.0 0.0 0.0 0.0 0.0 4.0452 4.0452 4.0452 4.0452
4.396 0 3 1.0 0.0 0.0 0.0 0.0 0.0 0.0 0.0 0.0 0.0 4.0452 4.0452 4.0452 4.0452
4.397 0 3 1.0 0.0 0.0 0.0 0.0 0.0 0.0 0.0 0.0 0.0 4.0452 4.0452 4.0452 4.0452
4.398 0 3 1.0 0.0 0.0 0.0 0.0 0.0 0.0 0.0 0.0 0.0 4.0452 4.0452 4.0452 4.0452
4.399 0 3 1.0 0.0 0.0 0.0 0.0 0.0 0.0 0.0 0.0 0.0 4.0452 4.0452 4.0452 4.0452
4.4 0 3 1.0 0.0 0.0 0.0 0.0 0.0 0.0 0.0 0.0 0.0 4.0452 4.0452 4.0452 4.0452
4.401 0 3 1.0 0.0 0.0 0.0 0.0 0.0 0.0 0.0 0.0 0.0 4.0452 4.0452 4.0452 4.0452
4.402 0 3 1.0 0.0 0.0 0.0 0.0 0.0 0.0 0.0 0.0 0.0 4.0452 4.0452 4.0452 4.0452
4.4030000000000005 0 3 1.0 0.0 0.0 0.0 0.0 0.0 0.0 0.0 0.0 0.0 4.0452 4.0452 4.0452 4.0452
4.404 0 3 1.0 0.0 0.0 0.0 0.0 0.0 0.0 0.0 0.0 0.0 4.0452 4.0452 4.0452 4.0452
4.405 0 3 1.0 0.0 0.0 0.0 0.0 0.0 0.0 0.0 0.0 0.0 4.0452 4.0452 4.0452 4.0452
4.406 0 3 1.0 0.0 0.0 0.0 0.0 0.0 0.0 0.0 0.0 0.0 4.0452 4.0452 4.0452 4.0452
4.407 0 3 1.0 0.0 0.0 0.0 0.0 0.0 0.0 0.0 0.0 0.0 4.0452 4.0452 4.0452 4.0452
4.408 0 3 1.0 0.0 0.0 0.0 0.0 0.0 0.0 0.0 0.0 0.0 4.0452 4.0452 4.0452 4.0452
4.409 0 3 1.0 0.0 0.0 0.0 0.0 0.0 0.0 0.0 0.0 0.0 4.0452 4.0452 4.0452 4.0452
4.41 0 3 1.0 0.0 0.0 0.0 0.0 0.0 0.0 0.0 0.0 0.0 4.0452 4.0452 4.0452 4.0452
4.4110000000000005 0 3 1.0 0.0 0.0 0.0 0.0 0.0 0.0 0.0 0.0 0.0 4.0452 4.0452 4.0452 4.0452
4.412 0 3 1.0 0.0 0.0 0.0 0.0 0.0 0.0 0.0 0.0 0.0 4.0452 4.0452 4.0452 4.0452
4.413 0 3 1.0 0.0 0.0 0.0 0.0 0.0 0.0 0.0 0.0 0.0 4.0452 4.0452 4.0452 4.0452
4.414 0 3 1.0 0.0 0.0 0.0 0.0 0.0 0.0 0.0 0.0 0.0 4.0452 4.0452 4.0452 4.0452
4.415 0 3 1.0 0.0 0.0 0.0 0.0 0.0 0.0 0.0 0.0 0.0 4.0452 4.0452 4.0452 4.0452
4.416 0 3 1.0 0.0 0.0 0.0 0.0 0.0 0.0 0.0 0.0 0.0 4.0452 4.0452 4.0452 4.0452
4.417 0 3 1.0 0.0 0.0 0.0 0.0 0.0 0.0 0.0 0.0 0.0 4.0452 4.0452 4.0452 4.0452
4.418 0 3 1.0 0.0 0.0 0.0 0.0 0.0 0.0 0.0 0.0 0.0 4.0452 4.0452 4.0452 4.0452
4.4190000000000005 0 3 1.0 0.0 0.0 0.0 0.0 0.0 0.0 0.0 0.0 0.0 4.0452 4.0452 4.0452 4.0452
4.42 0 3 1.0 0.0 0.0 0.0 0.0 0.0 0.0 0.0 0.0 0.0 4.0452 4.0452 4.0452 4.0452
4.421 0 3 1.0 0.0 0.0 0.0 0.0 0.0 0.0 0.0 0.0 0.0 4.0452 4.0452 4.0452 4.0452
4.422 0 3 1.0 0.0 0.0 0.0 0.0 0.0 0.0 0.0 0.0 0.0 4.0452 4.0452 4.0452 4.0452
4.423 0 3 1.0 0.0 0.0 0.0 0.0 0.0 0.0 0.0 0.0 0.0 4.0452 4.0452 4.0452 4.0452
4.424 0 3 1.0 0.0 0.0 0.0 0.0 0.0 0.0 0.0 0.0 0.0 4.0452 4.0452 4.0452 4.0452
4.425 0 3 1.0 0.0 0.0 0.0 0.0 0.0 0.0 0.0 0.0 0.0 4.0452 4.0452 4.0452 4.0452
4.426 0 3 1.0 0.0 0.0 0.0 0.0 0.0 0.0 0.0 0.0 0.0 4.0452 4.0452 4.0452 4.0452
4.4270000000000005 0 3 1.0 0.0 0.0 0.0 0.0 0.0 0.0 0.0 0.0 0.0 4.0452 4.0452 4.0452 4.0452
4.428 0 3 1.0 0.0 0.0 0.0 0.0 0.0 0.0 0.0 0.0 0.0 4.0452 4.0452 4.0452 4.0452
4.429 0 3 1.0 0.0 0.0 0.0 0.0 0.0 0.0 0.0 0.0 0.0 4.0452 4.0452 4.0452 4.0452
4.43 0 3 1.0 0.0 0.0 0.0 0.0 0.0 0.0 0.0 0.0 0.0 4.0452 4.0452 4.0452 4.0452
4.431 0 3 1.0 0.0 0.0 0.0 0.0 0.0 0.0 0.0 0.0 0.0 4.0452 4.0452 4.0452 4.0452
4.432 0 3 1.0 0.0 0.0 0.0 0.0 0.0 0.0 0.0 0.0 0.0 4.0452 4.0452 4.0452 4.0452
4.433 0 3 1.0 0.0 0.0 0.0 0.0 0.0 0.0 0.0 0.0 0.0 4.0452 4.0452 4.0452 4.0452
4.434 0 3 1.0 0.0 0.0 0.0 0.0 0.0 0.0 0.0 0.0 0.0 4.0452 4.0452 4.0452 4.0452
4.4350000000000005 0 3 1.0 0.0 0.0 0.0 0.0 0.0 0.0 0.0 0.0 0.0 4.0452 4.0452 4.0452 4.0452
4.436 0 3 1.0 0.0 0.0 0.0 0.0 0.0 0.0 0.0 0.0 0.0 4.0452 4.0452 4.0452 4.0452
4.437 0 3 1.0 0.0 0.0 0.0 0.0 0.0 0.0 0.0 0.0 0.0 4.0452 4.0452 4.0452 4.0452
4.438 0 3 1.0 0.0 0.0 0.0 0.0 0.0 0.0 0.0 0.0 0.0 4.0452 4.0452 4.0452 4.0452
4.439 0 3 1.0 0.0 0.0 0.0 0.0 0.0 0.0 0.0 0.0 0.0 4.0452 4.0452 4.0452 4.0452
4.44 0 3 1.0 0.0 0.0 0.0 0.0 0.0 0.0 0.0 0.0 0.0 4.0452 4.0452 4.0452 4.0452
4.441 0 3 1.0 0.0 0.0 0.0 0.0 0.0 0.0 0.0 0.0 0.0 4.0452 4.0452 4.0452 4.0452
4.442 0 3 1.0 0.0 0.0 0.0 0.0 0.0 0.0 0.0 0.0 0.0 4.0452 4.0452 4.0452 4.0452
4.4430000000000005 0 3 1.0 0.0 0.0 0.0 0.0 0.0 0.0 0.0 0.0 0.0 4.0452 4.0452 4.0452 4.0452
4.444 0 3 1.0 0.0 0.0 0.0 0.0 0.0 0.0 0.0 0.0 0.0 4.0452 4.0452 4.0452 4.0452
4.445 0 3 1.0 0.0 0.0 0.0 0.0 0.0 0.0 0.0 0.0 0.0 4.0452 4.0452 4.0452 4.0452
4.446 0 3 1.0 0.0 0.0 0.0 0.0 0.0 0.0 0.0 0.0 0.0 4.0452 4.0452 4.0452 4.0452
4.447 0 3 1.0 0.0 0.0 0.0 0.0 0.0 0.0 0.0 0.0 0.0 4.0452 4.0452 4.0452 4.0452
4.448 0 3 1.0 0.0 0.0 0.0 0.0 0.0 0.0 0.0 0.0 0.0 4.0452 4.0452 4.0452 4.0452
4.449 0 3 1.0 0.0 0.0 0.0 0.0 0.0 0.0 0.0 0.0 0.0 4.0452 4.0452 4.0452 4.0452
4.45 0 3 1.0 0.0 0.0 0.0 0.0 0.0 0.0 0.0 0.0 0.0 4.0452 4.0452 4.0452 4.0452
4.4510000000000005 0 3 1.0 0.0 0.0 0.0 0.0 0.0 0.0 0.0 0.0 0.0 4.0452 4.0452 4.0452 4.0452
4.452 0 3 1.0 0.0 0.0 0.0 0.0 0.0 0.0 0.0 0.0 0.0 4.0452 4.0452 4.0452 4.0452
4.453 0 3 1.0 0.0 0.0 0.0 0.0 0.0 0.0 0.0 0.0 0.0 4.0452 4.0452 4.0452 4.0452
4.454 0 3 1.0 0.0 0.0 0.0 0.0 0.0 0.0 0.0 0.0 0.0 4.0452 4.0452 4.0452 4.0452
4.455 0 3 1.0 0.0 0.0 0.0 0.0 0.0 0.0 0.0 0.0 0.0 4.0452 4.0452 4.0452 4.0452
4.456 0 3 1.0 0.0 0.0 0.0 0.0 0.0 0.0 0.0 0.0 0.0 4.0452 4.0452 4.0452 4.0452
4.457 0 3 1.0 0.0 0.0 0.0 0.0 0.0 0.0 0.0 0.0 0.0 4.0452 4.0452 4.0452 4.0452
4.458 0 3 1.0 0.0 0.0 0.0 0.0 0.0 0.0 0.0 0.0 0.0 4.0452 4.0452 4.0452 4.0452
4.4590000000000005 0 3 1.0 0.0 0.0 0.0 0.0 0.0 0.0 0.0 0.0 0.0 4.0452 4.0452 4.0452 4.0452
4.46 0 3 1.0 0.0 0.0 0.0 0.0 0.0 0.0 0.0 0.0 0.0 4.0452 4.0452 4.0452 4.0452
4.461 0 3 1.0 0.0 0.0 0.0 0.0 0.0 0.0 0.0 0.0 0.0 4.0452 4.0452 4.0452 4.0452
4.462 0 3 1.0 0.0 0.0 0.0 0.0 0.0 0.0 0.0 0.0 0.0 4.0452 4.0452 4.0452 4.0452
4.463 0 3 1.0 0.0 0.0 0.0 0.0 0.0 0.0 0.0 0.0 0.0 4.0452 4.0452 4.0452 4.0452
4.464 0 3 1.0 0.0 0.0 0.0 0.0 0.0 0.0 0.0 0.0 0.0 4.0452 4.0452 4.0452 4.0452
4.465 0 3 1.0 0.0 0.0 0.0 0.0 0.0 0.0 0.0 0.0 0.0 4.0452 4.0452 4.0452 4.0452
4.466 0 3 1.0 0.0 0.0 0.0 0.0 0.0 0.0 0.0 0.0 0.0 4.0452 4.0452 4.0452 4.0452
4.4670000000000005 0 3 1.0 0.0 0.0 0.0 0.0 0.0 0.0 0.0 0.0 0.0 4.0452 4.0452 4.0452 4.0452
4.468 0 3 1.0 0.0 0.0 0.0 0.0 0.0 0.0 0.0 0.0 0.0 4.0452 4.0452 4.0452 4.0452
4.469 0 3 1.0 0.0 0.0 0.0 0.0 0.0 0.0 0.0 0.0 0.0 4.0452 4.0452 4.0452 4.0452
4.47 0 3 1.0 0.0 0.0 0.0 0.0 0.0 0.0 0.0 0.0 0.0 4.0452 4.0452 4.0452 4.0452
4.471 0 3 1.0 0.0 0.0 0.0 0.0 0.0 0.0 0.0 0.0 0.0 4.0452 4.0452 4.0452 4.0452
4.472 0 3 1.0 0.0 0.0 0.0 0.0 0.0 0.0 0.0 0.0 0.0 4.0452 4.0452 4.0452 4.0452
4.473 0 3 1.0 0.0 0.0 0.0 0.0 0.0 0.0 0.0 0.0 0.0 4.0452 4.0452 4.0452 4.0452
4.474 0 3 1.0 0.0 0.0 0.0 0.0 0.0 0.0 0.0 0.0 0.0 4.0452 4.0452 4.0452 4.0452
4.4750000000000005 0 3 1.0 0.0 0.0 0.0 0.0 0.0 0.0 0.0 0.0 0.0 4.0452 4.0452 4.0452 4.0452
4.476 0 3 1.0 0.0 0.0 0.0 0.0 0.0 0.0 0.0 0.0 0.0 4.0452 4.0452 4.0452 4.0452
4.477 0 3 1.0 0.0 0.0 0.0 0.0 0.0 0.0 0.0 0.0 0.0 4.0452 4.0452 4.0452 4.0452
4.478 0 3 1.0 0.0 0.0 0.0 0.0 0.0 0.0 0.0 0.0 0.0 4.0452 4.0452 4.0452 4.0452
4.479 0 3 1.0 0.0 0.0 0.0 0.0 0.0 0.0 0.0 0.0 0.0 4.0452 4.0452 4.0452 4.0452
4.48 0 3 1.0 0.0 0.0 0.0 0.0 0.0 0.0 0.0 0.0 0.0 4.0452 4.0452 4.0452 4.0452
4.481 0 3 1.0 0.0 0.0 0.0 0.0 0.0 0.0 0.0 0.0 0.0 4.0452 4.0452 4.0452 4.0452
4.482 0 3 1.0 0.0 0.0 0.0 0.0 0.0 0.0 0.0 0.0 0.0 4.0452 4.0452 4.0452 4.0452
4.483 0 3 1.0 0.0 0.0 0.0 0.0 0.0 0.0 0.0 0.0 0.0 4.0452 4.0452 4.0452 4.0452
4.484 0 3 1.0 0.0 0.0 0.0 0.0 0.0 0.0 0.0 0.0 0.0 4.0452 4.0452 4.0452 4.0452
4.485 0 3 1.0 0.0 0.0 0.0 0.0 0.0 0.0 0.0 0.0 0.0 4.0452 4.0452 4.0452 4.0452
4.486 0 3 1.0 0.0 0.0 0.0 0.0 0.0 0.0 0.0 0.0 0.0 4.0452 4.0452 4.0452 4.0452
4.487 0 3 1.0 0.0 0.0 0.0 0.0 0.0 0.0 0.0 0.0 0.0 4.0452 4.0452 4.0452 4.0452
4.488 0 3 1.0 0.0 0.0 0.0 0.0 0.0 0.0 0.0 0.0 0.0 4.0452 4.0452 4.0452 4.0452
4.489 0 3 1.0 0.0 0.0 0.0 0.0 0.0 0.0 0.0 0.0 0.0 4.0452 4.0452 4.0452 4.0452
4.49 0 3 1.0 0.0 0.0 0.0 0.0 0.0 0.0 0.0 0.0 0.0 4.0452 4.0452 4.0452 4.0452
4.491 0 3 1.0 0.0 0.0 0.0 0.0 0.0 0.0 0.0 0.0 0.0 4.0452 4.0452 4.0452 4.0452
4.492 0 3 1.0 0.0 0.0 0.0 0.0 0.0 0.0 0.0 0.0 0.0 4.0452 4.0452 4.0452 4.0452
4.493 0 3 1.0 0.0 0.0 0.0 0.0 0.0 0.0 0.0 0.0 0.0 4.0452 4.0452 4.0452 4.0452
4.494 0 3 1.0 0.0 0.0 0.0 0.0 0.0 0.0 0.0 0.0 0.0 4.0452 4.0452 4.0452 4.0452
4.495 0 3 1.0 0.0 0.0 0.0 0.0 0.0 0.0 0.0 0.0 0.0 4.0452 4.0452 4.0452 4.0452
4.496 0 3 1.0 0.0 0.0 0.0 0.0 0.0 0.0 0.0 0.0 0.0 4.0452 4.0452 4.0452 4.0452
4.497 0 3 1.0 0.0 0.0 0.0 0.0 0.0 0.0 0.0 0.0 0.0 4.0452 4.0452 4.0452 4.0452
4.498 0 3 1.0 0.0 0.0 0.0 0.0 0.0 0.0 0.0 0.0 0.0 4.0452 4.0452 4.0452 4.0452
4.499 0 3 1.0 0.0 0.0 0.0 0.0 0.0 0.0 0.0 0.0 0.0 4.0452 4.0452 4.0452 4.0452
4.5 0 3 1.0 0.0 0.0 0.0 0.0 0.0 0.0 0.0 0.0 0.0 4.0452 4.0452 4.0452 4.0452
4.501 0 3 1.0 0.0 0.0 0.0 0.0 0.0 0.0 0.0 0.0 0.0 4.0452 4.0452 4.0452 4.0452
4.502 0 3 1.0 0.0 0.0 0.0 0.0 0.0 0.0 0.0 0.0 0.0 4.0452 4.0452 4.0452 4.0452
4.503 0 3 1.0 0.0 0.0 0.0 0.0 0.0 0.0 0.0 0.0 0.0 4.0452 4.0452 4.0452 4.0452
4.5040000000000004 0 3 1.0 0.0 0.0 0.0 0.0 0.0 0.0 0.0 0.0 0.0 4.0452 4.0452 4.0452 4.0452
4.505 0 3 1.0 0.0 0.0 0.0 0.0 0.0 0.0 0.0 0.0 0.0 4.0452 4.0452 4.0452 4.0452
4.506 0 3 1.0 0.0 0.0 0.0 0.0 0.0 0.0 0.0 0.0 0.0 4.0452 4.0452 4.0452 4.0452
4.507 0 3 1.0 0.0 0.0 0.0 0.0 0.0 0.0 0.0 0.0 0.0 4.0452 4.0452 4.0452 4.0452
4.508 0 3 1.0 0.0 0.0 0.0 0.0 0.0 0.0 0.0 0.0 0.0 4.0452 4.0452 4.0452 4.0452
4.509 0 3 1.0 0.0 0.0 0.0 0.0 0.0 0.0 0.0 0.0 0.0 4.0452 4.0452 4.0452 4.0452
4.51 0 3 1.0 0.0 0.0 0.0 0.0 0.0 0.0 0.0 0.0 0.0 4.0452 4.0452 4.0452 4.0452
4.511 0 3 1.0 0.0 0.0 0.0 0.0 0.0 0.0 0.0 0.0 0.0 4.0452 4.0452 4.0452 4.0452
4.5120000000000005 0 3 1.0 0.0 0.0 0.0 0.0 0.0 0.0 0.0 0.0 0.0 4.0452 4.0452 4.0452 4.0452
4.513 0 3 1.0 0.0 0.0 0.0 0.0 0.0 0.0 0.0 0.0 0.0 4.0452 4.0452 4.0452 4.0452
4.514 0 3 1.0 0.0 0.0 0.0 0.0 0.0 0.0 0.0 0.0 0.0 4.0452 4.0452 4.0452 4.0452
4.515 0 3 1.0 0.0 0.0 0.0 0.0 0.0 0.0 0.0 0.0 0.0 4.0452 4.0452 4.0452 4.0452
4.516 0 3 1.0 0.0 0.0 0.0 0.0 0.0 0.0 0.0 0.0 0.0 4.0452 4.0452 4.0452 4.0452
4.517 0 3 1.0 0.0 0.0 0.0 0.0 0.0 0.0 0.0 0.0 0.0 4.0452 4.0452 4.0452 4.0452
4.518 0 3 1.0 0.0 0.0 0.0 0.0 0.0 0.0 0.0 0.0 0.0 4.0452 4.0452 4.0452 4.0452
4.519 0 3 1.0 0.0 0.0 0.0 0.0 0.0 0.0 0.0 0.0 0.0 4.0452 4.0452 4.0452 4.0452
4.5200000000000005 0 3 1.0 0.0 0.0 0.0 0.0 0.0 0.0 0.0 0.0 0.0 4.0452 4.0452 4.0452 4.0452
4.521 0 3 1.0 0.0 0.0 0.0 0.0 0.0 0.0 0.0 0.0 0.0 4.0452 4.0452 4.0452 4.0452
4.522 0 3 1.0 0.0 0.0 0.0 0.0 0.0 0.0 0.0 0.0 0.0 4.0452 4.0452 4.0452 4.0452
4.523 0 3 1.0 0.0 0.0 0.0 0.0 0.0 0.0 0.0 0.0 0.0 4.0452 4.0452 4.0452 4.0452
4.524 0 3 1.0 0.0 0.0 0.0 0.0 0.0 0.0 0.0 0.0 0.0 4.0452 4.0452 4.0452 4.0452
4.525 0 3 1.0 0.0 0.0 0.0 0.0 0.0 0.0 0.0 0.0 0.0 4.0452 4.0452 4.0452 4.0452
4.526 0 3 1.0 0.0 0.0 0.0 0.0 0.0 0.0 0.0 0.0 0.0 4.0452 4.0452 4.0452 4.0452
4.527 0 3 1.0 0.0 0.0 0.0 0.0 0.0 0.0 0.0 0.0 0.0 4.0452 4.0452 4.0452 4.0452
4.5280000000000005 0 3 1.0 0.0 0.0 0.0 0.0 0.0 0.0 0.0 0.0 0.0 4.0452 4.0452 4.0452 4.0452
4.529 0 3 1.0 0.0 0.0 0.0 0.0 0.0 0.0 0.0 0.0 0.0 4.0452 4.0452 4.0452 4.0452
4.53 0 3 1.0 0.0 0.0 0.0 0.0 0.0 0.0 0.0 0.0 0.0 4.0452 4.0452 4.0452 4.0452
4.531 0 3 1.0 0.0 0.0 0.0 0.0 0.0 0.0 0.0 0.0 0.0 4.0452 4.0452 4.0452 4.0452
4.532 0 3 1.0 0.0 0.0 0.0 0.0 0.0 0.0 0.0 0.0 0.0 4.0452 4.0452 4.0452 4.0452
4.533 0 3 1.0 0.0 0.0 0.0 0.0 0.0 0.0 0.0 0.0 0.0 4.0452 4.0452 4.0452 4.0452
4.534 0 3 1.0 0.0 0.0 0.0 0.0 0.0 0.0 0.0 0.0 0.0 4.0452 4.0452 4.0452 4.0452
4.535 0 3 1.0 0.0 0.0 0.0 0.0 0.0 0.0 0.0 0.0 0.0 4.0452 4.0452 4.0452 4.0452
4.5360000000000005 0 3 1.0 0.0 0.0 0.0 0.0 0.0 0.0 0.0 0.0 0.0 4.0452 4.0452 4.0452 4.0452
4.537 0 3 1.0 0.0 0.0 0.0 0.0 0.0 0.0 0.0 0.0 0.0 4.0452 4.0452 4.0452 4.0452
4.538 0 3 1.0 0.0 0.0 0.0 0.0 0.0 0.0 0.0 0.0 0.0 4.0452 4.0452 4.0452 4.0452
4.539 0 3 1.0 0.0 0.0 0.0 0.0 0.0 0.0 0.0 0.0 0.0 4.0452 4.0452 4.0452 4.0452
4.54 0 3 1.0 0.0 0.0 0.0 0.0 0.0 0.0 0.0 0.0 0.0 4.0452 4.0452 4.0452 4.0452
4.541 0 3 1.0 0.0 0.0 0.0 0.0 0.0 0.0 0.0 0.0 0.0 4.0452 4.0452 4.0452 4.0452
4.542 0 3 1.0 0.0 0.0 0.0 0.0 0.0 0.0 0.0 0.0 0.0 4.0452 4.0452 4.0452 4.0452
4.543 0 3 1.0 0.0 0.0 0.0 0.0 0.0 0.0 0.0 0.0 0.0 4.0452 4.0452 4.0452 4.0452
4.5440000000000005 0 3 1.0 0.0 0.0 0.0 0.0 0.0 0.0 0.0 0.0 0.0 4.0452 4.0452 4.0452 4.0452
4.545 0 3 1.0 0.0 0.0 0.0 0.0 0.0 0.0 0.0 0.0 0.0 4.0452 4.0452 4.0452 4.0452
4.546 0 3 1.0 0.0 0.0 0.0 0.0 0.0 0.0 0.0 0.0 0.0 4.0452 4.0452 4.0452 4.0452
4.547 0 3 1.0 0.0 0.0 0.0 0.0 0.0 0.0 0.0 0.0 0.0 4.0452 4.0452 4.0452 4.0452
4.548 0 3 1.0 0.0 0.0 0.0 0.0 0.0 0.0 0.0 0.0 0.0 4.0452 4.0452 4.0452 4.0452
4.549 0 3 1.0 0.0 0.0 0.0 0.0 0.0 0.0 0.0 0.0 0.0 4.0452 4.0452 4.0452 4.0452
4.55 0 3 1.0 0.0 0.0 0.0 0.0 0.0 0.0 0.0 0.0 0.0 4.0452 4.0452 4.0452 4.0452
4.551 0 3 1.0 0.0 0.0 0.0 0.0 0.0 0.0 0.0 0.0 0.0 4.0452 4.0452 4.0452 4.0452
4.5520000000000005 0 3 1.0 0.0 0.0 0.0 0.0 0.0 0.0 0.0 0.0 0.0 4.0452 4.0452 4.0452 4.0452
4.553 0 3 1.0 0.0 0.0 0.0 0.0 0.0 0.0 0.0 0.0 0.0 4.0452 4.0452 4.0452 4.0452
4.554 0 3 1.0 0.0 0.0 0.0 0.0 0.0 0.0 0.0 0.0 0.0 4.0452 4.0452 4.0452 4.0452
4.555 0 3 1.0 0.0 0.0 0.0 0.0 0.0 0.0 0.0 0.0 0.0 4.0452 4.0452 4.0452 4.0452
4.556 0 3 1.0 0.0 0.0 0.0 0.0 0.0 0.0 0.0 0.0 0.0 4.0452 4.0452 4.0452 4.0452
4.557 0 3 1.0 0.0 0.0 0.0 0.0 0.0 0.0 0.0 0.0 0.0 4.0452 4.0452 4.0452 4.0452
4.558 0 3 1.0 0.0 0.0 0.0 0.0 0.0 0.0 0.0 0.0 0.0 4.0452 4.0452 4.0452 4.0452
4.559 0 3 1.0 0.0 0.0 0.0 0.0 0.0 0.0 0.0 0.0 0.0 4.0452 4.0452 4.0452 4.0452
4.5600000000000005 0 3 1.0 0.0 0.0 0.0 0.0 0.0 0.0 0.0 0.0 0.0 4.0452 4.0452 4.0452 4.0452
4.561 0 3 1.0 0.0 0.0 0.0 0.0 0.0 0.0 0.0 0.0 0.0 4.0452 4.0452 4.0452 4.0452
4.562 0 3 1.0 0.0 0.0 0.0 0.0 0.0 0.0 0.0 0.0 0.0 4.0452 4.0452 4.0452 4.0452
4.563 0 3 1.0 0.0 0.0 0.0 0.0 0.0 0.0 0.0 0.0 0.0 4.0452 4.0452 4.0452 4.0452
4.564 0 3 1.0 0.0 0.0 0.0 0.0 0.0 0.0 0.0 0.0 0.0 4.0452 4.0452 4.0452 4.0452
4.565 0 3 1.0 0.0 0.0 0.0 0.0 0.0 0.0 0.0 0.0 0.0 4.0452 4.0452 4.0452 4.0452
4.566 0 3 1.0 0.0 0.0 0.0 0.0 0.0 0.0 0.0 0.0 0.0 4.0452 4.0452 4.0452 4.0452
4.567 0 3 1.0 0.0 0.0 0.0 0.0 0.0 0.0 0.0 0.0 0.0 4.0452 4.0452 4.0452 4.0452
4.5680000000000005 0 3 1.0 0.0 0.0 0.0 0.0 0.0 0.0 0.0 0.0 0.0 4.0452 4.0452 4.0452 4.0452
4.569 0 3 1.0 0.0 0.0 0.0 0.0 0.0 0.0 0.0 0.0 0.0 4.0452 4.0452 4.0452 4.0452
4.57 0 3 1.0 0.0 0.0 0.0 0.0 0.0 0.0 0.0 0.0 0.0 4.0452 4.0452 4.0452 4.0452
4.571 0 3 1.0 0.0 0.0 0.0 0.0 0.0 0.0 0.0 0.0 0.0 4.0452 4.0452 4.0452 4.0452
4.572 0 3 1.0 0.0 0.0 0.0 0.0 0.0 0.0 0.0 0.0 0.0 4.0452 4.0452 4.0452 4.0452
4.573 0 3 1.0 0.0 0.0 0.0 0.0 0.0 0.0 0.0 0.0 0.0 4.0452 4.0452 4.0452 4.0452
4.574 0 3 1.0 0.0 0.0 0.0 0.0 0.0 0.0 0.0 0.0 0.0 4.0452 4.0452 4.0452 4.0452
4.575 0 3 1.0 0.0 0.0 0.0 0.0 0.0 0.0 0.0 0.0 0.0 4.0452 4.0452 4.0452 4.0452
4.5760000000000005 0 3 1.0 0.0 0.0 0.0 0.0 0.0 0.0 0.0 0.0 0.0 4.0452 4.0452 4.0452 4.0452
4.577 0 3 1.0 0.0 0.0 0.0 0.0 0.0 0.0 0.0 0.0 0.0 4.0452 4.0452 4.0452 4.0452
4.578 0 3 1.0 0.0 0.0 0.0 0.0 0.0 0.0 0.0 0.0 0.0 4.0452 4.0452 4.0452 4.0452
4.579 0 3 1.0 0.0 0.0 0.0 0.0 0.0 0.0 0.0 0.0 0.0 4.0452 4.0452 4.0452 4.0452
4.58 0 3 1.0 0.0 0.0 0.0 0.0 0.0 0.0 0.0 0.0 0.0 4.0452 4.0452 4.0452 4.0452
4.581 0 3 1.0 0.0 0.0 0.0 0.0 0.0 0.0 0.0 0.0 0.0 4.0452 4.0452 4.0452 4.0452
4.582 0 3 1.0 0.0 0.0 0.0 0.0 0.0 0.0 0.0 0.0 0.0 4.0452 4.0452 4.0452 4.0452
4.583 0 3 1.0 0.0 0.0 0.0 0.0 0.0 0.0 0.0 0.0 0.0 4.0452 4.0452 4.0452 4.0452
4.5840000000000005 0 3 1.0 0.0 0.0 0.0 0.0 0.0 0.0 0.0 0.0 0.0 4.0452 4.0452 4.0452 4.0452
4.585 0 3 1.0 0.0 0.0 0.0 0.0 0.0 0.0 0.0 0.0 0.0 4.0452 4.0452 4.0452 4.0452
4.586 0 3 1.0 0.0 0.0 0.0 0.0 0.0 0.0 0.0 0.0 0.0 4.0452 4.0452 4.0452 4.0452
4.587 0 3 1.0 0.0 0.0 0.0 0.0 0.0 0.0 0.0 0.0 0.0 4.0452 4.0452 4.0452 4.0452
4.588 0 3 1.0 0.0 0.0 0.0 0.0 0.0 0.0 0.0 0.0 0.0 4.0452 4.0452 4.0452 4.0452
4.589 0 3 1.0 0.0 0.0 0.0 0.0 0.0 0.0 0.0 0.0 0.0 4.0452 4.0452 4.0452 4.0452
4.59 0 3 1.0 0.0 0.0 0.0 0.0 0.0 0.0 0.0 0.0 0.0 4.0452 4.0452 4.0452 4.0452
4.591 0 3 1.0 0.0 0.0 0.0 0.0 0.0 0.0 0.0 0.0 0.0 4.0452 4.0452 4.0452 4.0452
4.5920000000000005 0 3 1.0 0.0 0.0 0.0 0.0 0.0 0.0 0.0 0.0 0.0 4.0452 4.0452 4.0452 4.0452
4.593 0 3 1.0 0.0 0.0 0.0 0.0 0.0 0.0 0.0 0.0 0.0 4.0452 4.0452 4.0452 4.0452
4.594 0 3 1.0 0.0 0.0 0.0 0.0 0.0 0.0 0.0 0.0 0.0 4.0452 4.0452 4.0452 4.0452
4.595 0 3 1.0 0.0 0.0 0.0 0.0 0.0 0.0 0.0 0.0 0.0 4.0452 4.0452 4.0452 4.0452
4.596 0 3 1.0 0.0 0.0 0.0 0.0 0.0 0.0 0.0 0.0 0.0 4.0452 4.0452 4.0452 4.0452
4.597 0 3 1.0 0.0 0.0 0.0 0.0 0.0 0.0 0.0 0.0 0.0 4.0452 4.0452 4.0452 4.0452
4.598 0 3 1.0 0.0 0.0 0.0 0.0 0.0 0.0 0.0 0.0 0.0 4.0452 4.0452 4.0452 4.0452
4.599 0 3 1.0 0.0 0.0 0.0 0.0 0.0 0.0 0.0 0.0 0.0 4.0452 4.0452 4.0452 4.0452
4.6000000000000005 0 3 1.0 0.0 0.0 0.0 0.0 0.0 0.0 0.0 0.0 0.0 4.0452 4.0452 4.0452 4.0452
4.601 0 3 1.0 0.0 0.0 0.0 0.0 0.0 0.0 0.0 0.0 0.0 4.0452 4.0452 4.0452 4.0452
4.602 0 3 1.0 0.0 0.0 0.0 0.0 0.0 0.0 0.0 0.0 0.0 4.0452 4.0452 4.0452 4.0452
4.603 0 3 1.0 0.0 0.0 0.0 0.0 0.0 0.0 0.0 0.0 0.0 4.0452 4.0452 4.0452 4.0452
4.604 0 3 1.0 0.0 0.0 0.0 0.0 0.0 0.0 0.0 0.0 0.0 4.0452 4.0452 4.0452 4.0452
4.605 0 3 1.0 0.0 0.0 0.0 0.0 0.0 0.0 0.0 0.0 0.0 4.0452 4.0452 4.0452 4.0452
4.606 0 3 1.0 0.0 0.0 0.0 0.0 0.0 0.0 0.0 0.0 0.0 4.0452 4.0452 4.0452 4.0452
4.607 0 3 1.0 0.0 0.0 0.0 0.0 0.0 0.0 0.0 0.0 0.0 4.0452 4.0452 4.0452 4.0452
4.6080000000000005 0 3 1.0 0.0 0.0 0.0 0.0 0.0 0.0 0.0 0.0 0.0 4.0452 4.0452 4.0452 4.0452
4.609 0 3 1.0 0.0 0.0 0.0 0.0 0.0 0.0 0.0 0.0 0.0 4.0452 4.0452 4.0452 4.0452
4.61 0 3 1.0 0.0 0.0 0.0 0.0 0.0 0.0 0.0 0.0 0.0 4.0452 4.0452 4.0452 4.0452
4.611 0 3 1.0 0.0 0.0 0.0 0.0 0.0 0.0 0.0 0.0 0.0 4.0452 4.0452 4.0452 4.0452
4.612 0 3 1.0 0.0 0.0 0.0 0.0 0.0 0.0 0.0 0.0 0.0 4.0452 4.0452 4.0452 4.0452
4.613 0 3 1.0 0.0 0.0 0.0 0.0 0.0 0.0 0.0 0.0 0.0 4.0452 4.0452 4.0452 4.0452
4.614 0 3 1.0 0.0 0.0 0.0 0.0 0.0 0.0 0.0 0.0 0.0 4.0452 4.0452 4.0452 4.0452
4.615 0 3 1.0 0.0 0.0 0.0 0.0 0.0 0.0 0.0 0.0 0.0 4.0452 4.0452 4.0452 4.0452
4.616 0 3 1.0 0.0 0.0 0.0 0.0 0.0 0.0 0.0 0.0 0.0 4.0452 4.0452 4.0452 4.0452
4.617 0 3 1.0 0.0 0.0 0.0 0.0 0.0 0.0 0.0 0.0 0.0 4.0452 4.0452 4.0452 4.0452
4.618 0 3 1.0 0.0 0.0 0.0 0.0 0.0 0.0 0.0 0.0 0.0 4.0452 4.0452 4.0452 4.0452
4.619 0 3 1.0 0.0 0.0 0.0 0.0 0.0 0.0 0.0 0.0 0.0 4.0452 4.0452 4.0452 4.0452
4.62 0 3 1.0 0.0 0.0 0.0 0.0 0.0 0.0 0.0 0.0 0.0 4.0452 4.0452 4.0452 4.0452
4.621 0 3 1.0 0.0 0.0 0.0 0.0 0.0 0.0 0.0 0.0 0.0 4.0452 4.0452 4.0452 4.0452
4.622 0 3 1.0 0.0 0.0 0.0 0.0 0.0 0.0 0.0 0.0 0.0 4.0452 4.0452 4.0452 4.0452
4.623 0 3 1.0 0.0 0.0 0.0 0.0 0.0 0.0 0.0 0.0 0.0 4.0452 4.0452 4.0452 4.0452
4.624 0 3 1.0 0.0 0.0 0.0 0.0 0.0 0.0 0.0 0.0 0.0 4.0452 4.0452 4.0452 4.0452
4.625 0 3 1.0 0.0 0.0 0.0 0.0 0.0 0.0 0.0 0.0 0.0 4.0452 4.0452 4.0452 4.0452
4.626 0 3 1.0 0.0 0.0 0.0 0.0 0.0 0.0 0.0 0.0 0.0 4.0452 4.0452 4.0452 4.0452
4.627 0 3 1.0 0.0 0.0 0.0 0.0 0.0 0.0 0.0 0.0 0.0 4.0452 4.0452 4.0452 4.0452
4.628 0 3 1.0 0.0 0.0 0.0 0.0 0.0 0.0 0.0 0.0 0.0 4.0452 4.0452 4.0452 4.0452
4.6290000000000004 0 3 1.0 0.0 0.0 0.0 0.0 0.0 0.0 0.0 0.0 0.0 4.0452 4.0452 4.0452 4.0452
4.63 0 3 1.0 0.0 0.0 0.0 0.0 0.0 0.0 0.0 0.0 0.0 4.0452 4.0452 4.0452 4.0452
4.631 0 3 1.0 0.0 0.0 0.0 0.0 0.0 0.0 0.0 0.0 0.0 4.0452 4.0452 4.0452 4.0452
4.632 0 3 1.0 0.0 0.0 0.0 0.0 0.0 0.0 0.0 0.0 0.0 4.0452 4.0452 4.0452 4.0452
4.633 0 3 1.0 0.0 0.0 0.0 0.0 0.0 0.0 0.0 0.0 0.0 4.0452 4.0452 4.0452 4.0452
4.634 0 3 1.0 0.0 0.0 0.0 0.0 0.0 0.0 0.0 0.0 0.0 4.0452 4.0452 4.0452 4.0452
4.635 0 3 1.0 0.0 0.0 0.0 0.0 0.0 0.0 0.0 0.0 0.0 4.0452 4.0452 4.0452 4.0452
4.636 0 3 1.0 0.0 0.0 0.0 0.0 0.0 0.0 0.0 0.0 0.0 4.0452 4.0452 4.0452 4.0452
4.6370000000000005 0 3 1.0 0.0 0.0 0.0 0.0 0.0 0.0 0.0 0.0 0.0 4.0452 4.0452 4.0452 4.0452
4.638 0 3 1.0 0.0 0.0 0.0 0.0 0.0 0.0 0.0 0.0 0.0 4.0452 4.0452 4.0452 4.0452
4.639 0 3 1.0 0.0 0.0 0.0 0.0 0.0 0.0 0.0 0.0 0.0 4.0452 4.0452 4.0452 4.0452
4.64 0 3 1.0 0.0 0.0 0.0 0.0 0.0 0.0 0.0 0.0 0.0 4.0452 4.0452 4.0452 4.0452
4.641 0 3 1.0 0.0 0.0 0.0 0.0 0.0 0.0 0.0 0.0 0.0 4.0452 4.0452 4.0452 4.0452
4.642 0 3 1.0 0.0 0.0 0.0 0.0 0.0 0.0 0.0 0.0 0.0 4.0452 4.0452 4.0452 4.0452
4.643 0 3 1.0 0.0 0.0 0.0 0.0 0.0 0.0 0.0 0.0 0.0 4.0452 4.0452 4.0452 4.0452
4.644 0 3 1.0 0.0 0.0 0.0 0.0 0.0 0.0 0.0 0.0 0.0 4.0452 4.0452 4.0452 4.0452
4.6450000000000005 0 3 1.0 0.0 0.0 0.0 0.0 0.0 0.0 0.0 0.0 0.0 4.0452 4.0452 4.0452 4.0452
4.646 0 3 1.0 0.0 0.0 0.0 0.0 0.0 0.0 0.0 0.0 0.0 4.0452 4.0452 4.0452 4.0452
4.647 0 3 1.0 0.0 0.0 0.0 0.0 0.0 0.0 0.0 0.0 0.0 4.0452 4.0452 4.0452 4.0452
4.648 0 3 1.0 0.0 0.0 0.0 0.0 0.0 0.0 0.0 0.0 0.0 4.0452 4.0452 4.0452 4.0452
4.649 0 3 1.0 0.0 0.0 0.0 0.0 0.0 0.0 0.0 0.0 0.0 4.0452 4.0452 4.0452 4.0452
4.65 0 3 1.0 0.0 0.0 0.0 0.0 0.0 0.0 0.0 0.0 0.0 4.0452 4.0452 4.0452 4.0452
4.651 0 3 1.0 0.0 0.0 0.0 0.0 0.0 0.0 0.0 0.0 0.0 4.0452 4.0452 4.0452 4.0452
4.652 0 3 1.0 0.0 0.0 0.0 0.0 0.0 0.0 0.0 0.0 0.0 4.0452 4.0452 4.0452 4.0452
4.6530000000000005 0 3 1.0 0.0 0.0 0.0 0.0 0.0 0.0 0.0 0.0 0.0 4.0452 4.0452 4.0452 4.0452
4.654 0 3 1.0 0.0 0.0 0.0 0.0 0.0 0.0 0.0 0.0 0.0 4.0452 4.0452 4.0452 4.0452
4.655 0 3 1.0 0.0 0.0 0.0 0.0 0.0 0.0 0.0 0.0 0.0 4.0452 4.0452 4.0452 4.0452
4.656 0 3 1.0 0.0 0.0 0.0 0.0 0.0 0.0 0.0 0.0 0.0 4.0452 4.0452 4.0452 4.0452
4.657 0 3 1.0 0.0 0.0 0.0 0.0 0.0 0.0 0.0 0.0 0.0 4.0452 4.0452 4.0452 4.0452
4.658 0 3 1.0 0.0 0.0 0.0 0.0 0.0 0.0 0.0 0.0 0.0 4.0452 4.0452 4.0452 4.0452
4.659 0 3 1.0 0.0 0.0 0.0 0.0 0.0 0.0 0.0 0.0 0.0 4.0452 4.0452 4.0452 4.0452
4.66 0 3 1.0 0.0 0.0 0.0 0.0 0.0 0.0 0.0 0.0 0.0 4.0452 4.0452 4.0452 4.0452
4.6610000000000005 0 3 1.0 0.0 0.0 0.0 0.0 0.0 0.0 0.0 0.0 0.0 4.0452 4.0452 4.0452 4.0452
4.662 0 3 1.0 0.0 0.0 0.0 0.0 0.0 0.0 0.0 0.0 0.0 4.0452 4.0452 4.0452 4.0452
4.663 0 3 1.0 0.0 0.0 0.0 0.0 0.0 0.0 0.0 0.0 0.0 4.0452 4.0452 4.0452 4.0452
4.664 0 3 1.0 0.0 0.0 0.0 0.0 0.0 0.0 0.0 0.0 0.0 4.0452 4.0452 4.0452 4.0452
4.665 0 3 1.0 0.0 0.0 0.0 0.0 0.0 0.0 0.0 0.0 0.0 4.0452 4.0452 4.0452 4.0452
4.666 0 3 1.0 0.0 0.0 0.0 0.0 0.0 0.0 0.0 0.0 0.0 4.0452 4.0452 4.0452 4.0452
4.667 0 3 1.0 0.0 0.0 0.0 0.0 0.0 0.0 0.0 0.0 0.0 4.0452 4.0452 4.0452 4.0452
4.668 0 3 1.0 0.0 0.0 0.0 0.0 0.0 0.0 0.0 0.0 0.0 4.0452 4.0452 4.0452 4.0452
4.6690000000000005 0 3 1.0 0.0 0.0 0.0 0.0 0.0 0.0 0.0 0.0 0.0 4.0452 4.0452 4.0452 4.0452
4.67 0 3 1.0 0.0 0.0 0.0 0.0 0.0 0.0 0.0 0.0 0.0 4.0452 4.0452 4.0452 4.0452
4.671 0 3 1.0 0.0 0.0 0.0 0.0 0.0 0.0 0.0 0.0 0.0 4.0452 4.0452 4.0452 4.0452
4.672 0 3 1.0 0.0 0.0 0.0 0.0 0.0 0.0 0.0 0.0 0.0 4.0452 4.0452 4.0452 4.0452
4.673 0 3 1.0 0.0 0.0 0.0 0.0 0.0 0.0 0.0 0.0 0.0 4.0452 4.0452 4.0452 4.0452
4.674 0 3 1.0 0.0 0.0 0.0 0.0 0.0 0.0 0.0 0.0 0.0 4.0452 4.0452 4.0452 4.0452
4.675 0 3 1.0 0.0 0.0 0.0 0.0 0.0 0.0 0.0 0.0 0.0 4.0452 4.0452 4.0452 4.0452
4.676 0 3 1.0 0.0 0.0 0.0 0.0 0.0 0.0 0.0 0.0 0.0 4.0452 4.0452 4.0452 4.0452
4.6770000000000005 0 3 1.0 0.0 0.0 0.0 0.0 0.0 0.0 0.0 0.0 0.0 4.0452 4.0452 4.0452 4.0452
4.678 0 3 1.0 0.0 0.0 0.0 0.0 0.0 0.0 0.0 0.0 0.0 4.0452 4.0452 4.0452 4.0452
4.679 0 3 1.0 0.0 0.0 0.0 0.0 0.0 0.0 0.0 0.0 0.0 4.0452 4.0452 4.0452 4.0452
4.68 0 3 1.0 0.0 0.0 0.0 0.0 0.0 0.0 0.0 0.0 0.0 4.0452 4.0452 4.0452 4.0452
4.681 0 3 1.0 0.0 0.0 0.0 0.0 0.0 0.0 0.0 0.0 0.0 4.0452 4.0452 4.0452 4.0452
4.682 0 3 1.0 0.0 0.0 0.0 0.0 0.0 0.0 0.0 0.0 0.0 4.0452 4.0452 4.0452 4.0452
4.683 0 3 1.0 0.0 0.0 0.0 0.0 0.0 0.0 0.0 0.0 0.0 4.0452 4.0452 4.0452 4.0452
4.684 0 3 1.0 0.0 0.0 0.0 0.0 0.0 0.0 0.0 0.0 0.0 4.0452 4.0452 4.0452 4.0452
4.6850000000000005 0 3 1.0 0.0 0.0 0.0 0.0 0.0 0.0 0.0 0.0 0.0 4.0452 4.0452 4.0452 4.0452
4.686 0 3 1.0 0.0 0.0 0.0 0.0 0.0 0.0 0.0 0.0 0.0 4.0452 4.0452 4.0452 4.0452
4.687 0 3 1.0 0.0 0.0 0.0 0.0 0.0 0.0 0.0 0.0 0.0 4.0452 4.0452 4.0452 4.0452
4.688 0 3 1.0 0.0 0.0 0.0 0.0 0.0 0.0 0.0 0.0 0.0 4.0452 4.0452 4.0452 4.0452
4.689 0 3 1.0 0.0 0.0 0.0 0.0 0.0 0.0 0.0 0.0 0.0 4.0452 4.0452 4.0452 4.0452
4.69 0 3 1.0 0.0 0.0 0.0 0.0 0.0 0.0 0.0 0.0 0.0 4.0452 4.0452 4.0452 4.0452
4.691 0 3 1.0 0.0 0.0 0.0 0.0 0.0 0.0 0.0 0.0 0.0 4.0452 4.0452 4.0452 4.0452
4.692 0 3 1.0 0.0 0.0 0.0 0.0 0.0 0.0 0.0 0.0 0.0 4.0452 4.0452 4.0452 4.0452
4.6930000000000005 0 3 1.0 0.0 0.0 0.0 0.0 0.0 0.0 0.0 0.0 0.0 4.0452 4.0452 4.0452 4.0452
4.694 0 3 1.0 0.0 0.0 0.0 0.0 0.0 0.0 0.0 0.0 0.0 4.0452 4.0452 4.0452 4.0452
4.695 0 3 1.0 0.0 0.0 0.0 0.0 0.0 0.0 0.0 0.0 0.0 4.0452 4.0452 4.0452 4.0452
4.696 0 3 1.0 0.0 0.0 0.0 0.0 0.0 0.0 0.0 0.0 0.0 4.0452 4.0452 4.0452 4.0452
4.697 0 3 1.0 0.0 0.0 0.0 0.0 0.0 0.0 0.0 0.0 0.0 4.0452 4.0452 4.0452 4.0452
4.698 0 3 1.0 0.0 0.0 0.0 0.0 0.0 0.0 0.0 0.0 0.0 4.0452 4.0452 4.0452 4.0452
4.699 0 3 1.0 0.0 0.0 0.0 0.0 0.0 0.0 0.0 0.0 0.0 4.0452 4.0452 4.0452 4.0452
4.7 0 3 1.0 0.0 0.0 0.0 0.0 0.0 0.0 0.0 0.0 0.0 4.0452 4.0452 4.0452 4.0452
4.7010000000000005 0 3 1.0 0.0 0.0 0.0 0.0 0.0 0.0 0.0 0.0 0.0 4.0452 4.0452 4.0452 4.0452
4.702 0 3 1.0 0.0 0.0 0.0 0.0 0.0 0.0 0.0 0.0 0.0 4.0452 4.0452 4.0452 4.0452
4.703 0 3 1.0 0.0 0.0 0.0 0.0 0.0 0.0 0.0 0.0 0.0 4.0452 4.0452 4.0452 4.0452
4.704 0 3 1.0 0.0 0.0 0.0 0.0 0.0 0.0 0.0 0.0 0.0 4.0452 4.0452 4.0452 4.0452
4.705 0 3 1.0 0.0 0.0 0.0 0.0 0.0 0.0 0.0 0.0 0.0 4.0452 4.0452 4.0452 4.0452
4.706 0 3 1.0 0.0 0.0 0.0 0.0 0.0 0.0 0.0 0.0 0.0 4.0452 4.0452 4.0452 4.0452
4.707 0 3 1.0 0.0 0.0 0.0 0.0 0.0 0.0 0.0 0.0 0.0 4.0452 4.0452 4.0452 4.0452
4.708 0 3 1.0 0.0 0.0 0.0 0.0 0.0 0.0 0.0 0.0 0.0 4.0452 4.0452 4.0452 4.0452
4.7090000000000005 0 3 1.0 0.0 0.0 0.0 0.0 0.0 0.0 0.0 0.0 0.0 4.0452 4.0452 4.0452 4.0452
4.71 0 3 1.0 0.0 0.0 0.0 0.0 0.0 0.0 0.0 0.0 0.0 4.0452 4.0452 4.0452 4.0452
4.711 0 3 1.0 0.0 0.0 0.0 0.0 0.0 0.0 0.0 0.0 0.0 4.0452 4.0452 4.0452 4.0452
4.712 0 3 1.0 0.0 0.0 0.0 0.0 0.0 0.0 0.0 0.0 0.0 4.0452 4.0452 4.0452 4.0452
4.713 0 3 1.0 0.0 0.0 0.0 0.0 0.0 0.0 0.0 0.0 0.0 4.0452 4.0452 4.0452 4.0452
4.714 0 3 1.0 0.0 0.0 0.0 0.0 0.0 0.0 0.0 0.0 0.0 4.0452 4.0452 4.0452 4.0452
4.715 0 3 1.0 0.0 0.0 0.0 0.0 0.0 0.0 0.0 0.0 0.0 4.0452 4.0452 4.0452 4.0452
4.716 0 3 1.0 0.0 0.0 0.0 0.0 0.0 0.0 0.0 0.0 0.0 4.0452 4.0452 4.0452 4.0452
4.7170000000000005 0 3 1.0 0.0 0.0 0.0 0.0 0.0 0.0 0.0 0.0 0.0 4.0452 4.0452 4.0452 4.0452
4.718 0 3 1.0 0.0 0.0 0.0 0.0 0.0 0.0 0.0 0.0 0.0 4.0452 4.0452 4.0452 4.0452
4.719 0 3 1.0 0.0 0.0 0.0 0.0 0.0 0.0 0.0 0.0 0.0 4.0452 4.0452 4.0452 4.0452
4.72 0 3 1.0 0.0 0.0 0.0 0.0 0.0 0.0 0.0 0.0 0.0 4.0452 4.0452 4.0452 4.0452
4.721 0 3 1.0 0.0 0.0 0.0 0.0 0.0 0.0 0.0 0.0 0.0 4.0452 4.0452 4.0452 4.0452
4.722 0 3 1.0 0.0 0.0 0.0 0.0 0.0 0.0 0.0 0.0 0.0 4.0452 4.0452 4.0452 4.0452
4.723 0 3 1.0 0.0 0.0 0.0 0.0 0.0 0.0 0.0 0.0 0.0 4.0452 4.0452 4.0452 4.0452
4.724 0 3 1.0 0.0 0.0 0.0 0.0 0.0 0.0 0.0 0.0 0.0 4.0452 4.0452 4.0452 4.0452
4.7250000000000005 0 3 1.0 0.0 0.0 0.0 0.0 0.0 0.0 0.0 0.0 0.0 4.0452 4.0452 4.0452 4.0452
4.726 0 3 1.0 0.0 0.0 0.0 0.0 0.0 0.0 0.0 0.0 0.0 4.0452 4.0452 4.0452 4.0452
4.727 0 3 1.0 0.0 0.0 0.0 0.0 0.0 0.0 0.0 0.0 0.0 4.0452 4.0452 4.0452 4.0452
4.728 0 3 1.0 0.0 0.0 0.0 0.0 0.0 0.0 0.0 0.0 0.0 4.0452 4.0452 4.0452 4.0452
4.729 0 3 1.0 0.0 0.0 0.0 0.0 0.0 0.0 0.0 0.0 0.0 4.0452 4.0452 4.0452 4.0452
4.73 0 3 1.0 0.0 0.0 0.0 0.0 0.0 0.0 0.0 0.0 0.0 4.0452 4.0452 4.0452 4.0452
4.731 0 3 1.0 0.0 0.0 0.0 0.0 0.0 0.0 0.0 0.0 0.0 4.0452 4.0452 4.0452 4.0452
4.732 0 3 1.0 0.0 0.0 0.0 0.0 0.0 0.0 0.0 0.0 0.0 4.0452 4.0452 4.0452 4.0452
4.7330000000000005 0 3 1.0 0.0 0.0 0.0 0.0 0.0 0.0 0.0 0.0 0.0 4.0452 4.0452 4.0452 4.0452
4.734 0 3 1.0 0.0 0.0 0.0 0.0 0.0 0.0 0.0 0.0 0.0 4.0452 4.0452 4.0452 4.0452
4.735 0 3 1.0 0.0 0.0 0.0 0.0 0.0 0.0 0.0 0.0 0.0 4.0452 4.0452 4.0452 4.0452
4.736 0 3 1.0 0.0 0.0 0.0 0.0 0.0 0.0 0.0 0.0 0.0 4.0452 4.0452 4.0452 4.0452
4.737 0 3 1.0 0.0 0.0 0.0 0.0 0.0 0.0 0.0 0.0 0.0 4.0452 4.0452 4.0452 4.0452
4.738 0 3 1.0 0.0 0.0 0.0 0.0 0.0 0.0 0.0 0.0 0.0 4.0452 4.0452 4.0452 4.0452
4.739 0 3 1.0 0.0 0.0 0.0 0.0 0.0 0.0 0.0 0.0 0.0 4.0452 4.0452 4.0452 4.0452
4.74 0 3 1.0 0.0 0.0 0.0 0.0 0.0 0.0 0.0 0.0 0.0 4.0452 4.0452 4.0452 4.0452
4.741 0 3 1.0 0.0 0.0 0.0 0.0 0.0 0.0 0.0 0.0 0.0 4.0452 4.0452 4.0452 4.0452
4.742 0 3 1.0 0.0 0.0 0.0 0.0 0.0 0.0 0.0 0.0 0.0 4.0452 4.0452 4.0452 4.0452
4.743 0 3 1.0 0.0 0.0 0.0 0.0 0.0 0.0 0.0 0.0 0.0 4.0452 4.0452 4.0452 4.0452
4.744 0 3 1.0 0.0 0.0 0.0 0.0 0.0 0.0 0.0 0.0 0.0 4.0452 4.0452 4.0452 4.0452
4.745 0 3 1.0 0.0 0.0 0.0 0.0 0.0 0.0 0.0 0.0 0.0 4.0452 4.0452 4.0452 4.0452
4.746 0 3 1.0 0.0 0.0 0.0 0.0 0.0 0.0 0.0 0.0 0.0 4.0452 4.0452 4.0452 4.0452
4.747 0 3 1.0 0.0 0.0 0.0 0.0 0.0 0.0 0.0 0.0 0.0 4.0452 4.0452 4.0452 4.0452
4.748 0 3 1.0 0.0 0.0 0.0 0.0 0.0 0.0 0.0 0.0 0.0 4.0452 4.0452 4.0452 4.0452
4.749 0 3 1.0 0.0 0.0 0.0 0.0 0.0 0.0 0.0 0.0 0.0 4.0452 4.0452 4.0452 4.0452
4.75 0 3 1.0 0.0 0.0 0.0 0.0 0.0 0.0 0.0 0.0 0.0 4.0452 4.0452 4.0452 4.0452
4.751 0 3 1.0 0.0 0.0 0.0 0.0 0.0 0.0 0.0 0.0 0.0 4.0452 4.0452 4.0452 4.0452
4.752 0 3 1.0 0.0 0.0 0.0 0.0 0.0 0.0 0.0 0.0 0.0 4.0452 4.0452 4.0452 4.0452
4.753 0 3 1.0 0.0 0.0 0.0 0.0 0.0 0.0 0.0 0.0 0.0 4.0452 4.0452 4.0452 4.0452
4.7540000000000004 0 3 1.0 0.0 0.0 0.0 0.0 0.0 0.0 0.0 0.0 0.0 4.0452 4.0452 4.0452 4.0452
4.755 0 3 1.0 0.0 0.0 0.0 0.0 0.0 0.0 0.0 0.0 0.0 4.0452 4.0452 4.0452 4.0452
4.756 0 3 1.0 0.0 0.0 0.0 0.0 0.0 0.0 0.0 0.0 0.0 4.0452 4.0452 4.0452 4.0452
4.757 0 3 1.0 0.0 0.0 0.0 0.0 0.0 0.0 0.0 0.0 0.0 4.0452 4.0452 4.0452 4.0452
4.758 0 3 1.0 0.0 0.0 0.0 0.0 0.0 0.0 0.0 0.0 0.0 4.0452 4.0452 4.0452 4.0452
4.759 0 3 1.0 0.0 0.0 0.0 0.0 0.0 0.0 0.0 0.0 0.0 4.0452 4.0452 4.0452 4.0452
4.76 0 3 1.0 0.0 0.0 0.0 0.0 0.0 0.0 0.0 0.0 0.0 4.0452 4.0452 4.0452 4.0452
4.761 0 3 1.0 0.0 0.0 0.0 0.0 0.0 0.0 0.0 0.0 0.0 4.0452 4.0452 4.0452 4.0452
4.7620000000000005 0 3 1.0 0.0 0.0 0.0 0.0 0.0 0.0 0.0 0.0 0.0 4.0452 4.0452 4.0452 4.0452
4.763 0 3 1.0 0.0 0.0 0.0 0.0 0.0 0.0 0.0 0.0 0.0 4.0452 4.0452 4.0452 4.0452
4.764 0 3 1.0 0.0 0.0 0.0 0.0 0.0 0.0 0.0 0.0 0.0 4.0452 4.0452 4.0452 4.0452
4.765 0 3 1.0 0.0 0.0 0.0 0.0 0.0 0.0 0.0 0.0 0.0 4.0452 4.0452 4.0452 4.0452
4.766 0 3 1.0 0.0 0.0 0.0 0.0 0.0 0.0 0.0 0.0 0.0 4.0452 4.0452 4.0452 4.0452
4.767 0 3 1.0 0.0 0.0 0.0 0.0 0.0 0.0 0.0 0.0 0.0 4.0452 4.0452 4.0452 4.0452
4.768 0 3 1.0 0.0 0.0 0.0 0.0 0.0 0.0 0.0 0.0 0.0 4.0452 4.0452 4.0452 4.0452
4.769 0 3 1.0 0.0 0.0 0.0 0.0 0.0 0.0 0.0 0.0 0.0 4.0452 4.0452 4.0452 4.0452
4.7700000000000005 0 3 1.0 0.0 0.0 0.0 0.0 0.0 0.0 0.0 0.0 0.0 4.0452 4.0452 4.0452 4.0452
4.771 0 3 1.0 0.0 0.0 0.0 0.0 0.0 0.0 0.0 0.0 0.0 4.0452 4.0452 4.0452 4.0452
4.772 0 3 1.0 0.0 0.0 0.0 0.0 0.0 0.0 0.0 0.0 0.0 4.0452 4.0452 4.0452 4.0452
4.773 0 3 1.0 0.0 0.0 0.0 0.0 0.0 0.0 0.0 0.0 0.0 4.0452 4.0452 4.0452 4.0452
4.774 0 3 1.0 0.0 0.0 0.0 0.0 0.0 0.0 0.0 0.0 0.0 4.0452 4.0452 4.0452 4.0452
4.775 0 3 1.0 0.0 0.0 0.0 0.0 0.0 0.0 0.0 0.0 0.0 4.0452 4.0452 4.0452 4.0452
4.776 0 3 1.0 0.0 0.0 0.0 0.0 0.0 0.0 0.0 0.0 0.0 4.0452 4.0452 4.0452 4.0452
4.777 0 3 1.0 0.0 0.0 0.0 0.0 0.0 0.0 0.0 0.0 0.0 4.0452 4.0452 4.0452 4.0452
4.7780000000000005 0 3 1.0 0.0 0.0 0.0 0.0 0.0 0.0 0.0 0.0 0.0 4.0452 4.0452 4.0452 4.0452
4.779 0 3 1.0 0.0 0.0 0.0 0.0 0.0 0.0 0.0 0.0 0.0 4.0452 4.0452 4.0452 4.0452
4.78 0 3 1.0 0.0 0.0 0.0 0.0 0.0 0.0 0.0 0.0 0.0 4.0452 4.0452 4.0452 4.0452
4.781 0 3 1.0 0.0 0.0 0.0 0.0 0.0 0.0 0.0 0.0 0.0 4.0452 4.0452 4.0452 4.0452
4.782 0 3 1.0 0.0 0.0 0.0 0.0 0.0 0.0 0.0 0.0 0.0 4.0452 4.0452 4.0452 4.0452
4.783 0 3 1.0 0.0 0.0 0.0 0.0 0.0 0.0 0.0 0.0 0.0 4.0452 4.0452 4.0452 4.0452
4.784 0 3 1.0 0.0 0.0 0.0 0.0 0.0 0.0 0.0 0.0 0.0 4.0452 4.0452 4.0452 4.0452
4.785 0 3 1.0 0.0 0.0 0.0 0.0 0.0 0.0 0.0 0.0 0.0 4.0452 4.0452 4.0452 4.0452
4.7860000000000005 0 3 1.0 0.0 0.0 0.0 0.0 0.0 0.0 0.0 0.0 0.0 4.0452 4.0452 4.0452 4.0452
4.787 0 3 1.0 0.0 0.0 0.0 0.0 0.0 0.0 0.0 0.0 0.0 4.0452 4.0452 4.0452 4.0452
4.788 0 3 1.0 0.0 0.0 0.0 0.0 0.0 0.0 0.0 0.0 0.0 4.0452 4.0452 4.0452 4.0452
4.789 0 3 1.0 0.0 0.0 0.0 0.0 0.0 0.0 0.0 0.0 0.0 4.0452 4.0452 4.0452 4.0452
4.79 0 3 1.0 0.0 0.0 0.0 0.0 0.0 0.0 0.0 0.0 0.0 4.0452 4.0452 4.0452 4.0452
4.791 0 3 1.0 0.0 0.0 0.0 0.0 0.0 0.0 0.0 0.0 0.0 4.0452 4.0452 4.0452 4.0452
4.792 0 3 1.0 0.0 0.0 0.0 0.0 0.0 0.0 0.0 0.0 0.0 4.0452 4.0452 4.0452 4.0452
4.793 0 3 1.0 0.0 0.0 0.0 0.0 0.0 0.0 0.0 0.0 0.0 4.0452 4.0452 4.0452 4.0452
4.7940000000000005 0 3 1.0 0.0 0.0 0.0 0.0 0.0 0.0 0.0 0.0 0.0 4.0452 4.0452 4.0452 4.0452
4.795 0 3 1.0 0.0 0.0 0.0 0.0 0.0 0.0 0.0 0.0 0.0 4.0452 4.0452 4.0452 4.0452
4.796 0 3 1.0 0.0 0.0 0.0 0.0 0.0 0.0 0.0 0.0 0.0 4.0452 4.0452 4.0452 4.0452
4.797 0 3 1.0 0.0 0.0 0.0 0.0 0.0 0.0 0.0 0.0 0.0 4.0452 4.0452 4.0452 4.0452
4.798 0 3 1.0 0.0 0.0 0.0 0.0 0.0 0.0 0.0 0.0 0.0 4.0452 4.0452 4.0452 4.0452
4.799 0 3 1.0 0.0 0.0 0.0 0.0 0.0 0.0 0.0 0.0 0.0 4.0452 4.0452 4.0452 4.0452
4.8 0 3 1.0 0.0 0.0 0.0 0.0 0.0 0.0 0.0 0.0 0.0 4.0452 4.0452 4.0452 4.0452
4.801 0 3 1.0 0.0 0.0 0.0 0.0 0.0 0.0 0.0 0.0 0.0 4.0452 4.0452 4.0452 4.0452
4.8020000000000005 0 3 1.0 0.0 0.0 0.0 0.0 0.0 0.0 0.0 0.0 0.0 4.0452 4.0452 4.0452 4.0452
4.803 0 3 1.0 0.0 0.0 0.0 0.0 0.0 0.0 0.0 0.0 0.0 4.0452 4.0452 4.0452 4.0452
4.804 0 3 1.0 0.0 0.0 0.0 0.0 0.0 0.0 0.0 0.0 0.0 4.0452 4.0452 4.0452 4.0452
4.805 0 3 1.0 0.0 0.0 0.0 0.0 0.0 0.0 0.0 0.0 0.0 4.0452 4.0452 4.0452 4.0452
4.806 0 3 1.0 0.0 0.0 0.0 0.0 0.0 0.0 0.0 0.0 0.0 4.0452 4.0452 4.0452 4.0452
4.807 0 3 1.0 0.0 0.0 0.0 0.0 0.0 0.0 0.0 0.0 0.0 4.0452 4.0452 4.0452 4.0452
4.808 0 3 1.0 0.0 0.0 0.0 0.0 0.0 0.0 0.0 0.0 0.0 4.0452 4.0452 4.0452 4.0452
4.809 0 3 1.0 0.0 0.0 0.0 0.0 0.0 0.0 0.0 0.0 0.0 4.0452 4.0452 4.0452 4.0452
4.8100000000000005 0 3 1.0 0.0 0.0 0.0 0.0 0.0 0.0 0.0 0.0 0.0 4.0452 4.0452 4.0452 4.0452
4.811 0 3 1.0 0.0 0.0 0.0 0.0 0.0 0.0 0.0 0.0 0.0 4.0452 4.0452 4.0452 4.0452
4.812 0 3 1.0 0.0 0.0 0.0 0.0 0.0 0.0 0.0 0.0 0.0 4.0452 4.0452 4.0452 4.0452
4.813 0 3 1.0 0.0 0.0 0.0 0.0 0.0 0.0 0.0 0.0 0.0 4.0452 4.0452 4.0452 4.0452
4.814 0 3 1.0 0.0 0.0 0.0 0.0 0.0 0.0 0.0 0.0 0.0 4.0452 4.0452 4.0452 4.0452
4.815 0 3 1.0 0.0 0.0 0.0 0.0 0.0 0.0 0.0 0.0 0.0 4.0452 4.0452 4.0452 4.0452
4.816 0 3 1.0 0.0 0.0 0.0 0.0 0.0 0.0 0.0 0.0 0.0 4.0452 4.0452 4.0452 4.0452
4.817 0 3 1.0 0.0 0.0 0.0 0.0 0.0 0.0 0.0 0.0 0.0 4.0452 4.0452 4.0452 4.0452
4.8180000000000005 0 3 1.0 0.0 0.0 0.0 0.0 0.0 0.0 0.0 0.0 0.0 4.0452 4.0452 4.0452 4.0452
4.819 0 3 1.0 0.0 0.0 0.0 0.0 0.0 0.0 0.0 0.0 0.0 4.0452 4.0452 4.0452 4.0452
4.82 0 3 1.0 0.0 0.0 0.0 0.0 0.0 0.0 0.0 0.0 0.0 4.0452 4.0452 4.0452 4.0452
4.821 0 3 1.0 0.0 0.0 0.0 0.0 0.0 0.0 0.0 0.0 0.0 4.0452 4.0452 4.0452 4.0452
4.822 0 3 1.0 0.0 0.0 0.0 0.0 0.0 0.0 0.0 0.0 0.0 4.0452 4.0452 4.0452 4.0452
4.823 0 3 1.0 0.0 0.0 0.0 0.0 0.0 0.0 0.0 0.0 0.0 4.0452 4.0452 4.0452 4.0452
4.824 0 3 1.0 0.0 0.0 0.0 0.0 0.0 0.0 0.0 0.0 0.0 4.0452 4.0452 4.0452 4.0452
4.825 0 3 1.0 0.0 0.0 0.0 0.0 0.0 0.0 0.0 0.0 0.0 4.0452 4.0452 4.0452 4.0452
4.8260000000000005 0 3 1.0 0.0 0.0 0.0 0.0 0.0 0.0 0.0 0.0 0.0 4.0452 4.0452 4.0452 4.0452
4.827 0 3 1.0 0.0 0.0 0.0 0.0 0.0 0.0 0.0 0.0 0.0 4.0452 4.0452 4.0452 4.0452
4.828 0 3 1.0 0.0 0.0 0.0 0.0 0.0 0.0 0.0 0.0 0.0 4.0452 4.0452 4.0452 4.0452
4.829 0 3 1.0 0.0 0.0 0.0 0.0 0.0 0.0 0.0 0.0 0.0 4.0452 4.0452 4.0452 4.0452
4.83 0 3 1.0 0.0 0.0 0.0 0.0 0.0 0.0 0.0 0.0 0.0 4.0452 4.0452 4.0452 4.0452
4.831 0 3 1.0 0.0 0.0 0.0 0.0 0.0 0.0 0.0 0.0 0.0 4.0452 4.0452 4.0452 4.0452
4.832 0 3 1.0 0.0 0.0 0.0 0.0 0.0 0.0 0.0 0.0 0.0 4.0452 4.0452 4.0452 4.0452
4.833 0 3 1.0 0.0 0.0 0.0 0.0 0.0 0.0 0.0 0.0 0.0 4.0452 4.0452 4.0452 4.0452
4.8340000000000005 0 3 1.0 0.0 0.0 0.0 0.0 0.0 0.0 0.0 0.0 0.0 4.0452 4.0452 4.0452 4.0452
4.835 0 3 1.0 0.0 0.0 0.0 0.0 0.0 0.0 0.0 0.0 0.0 4.0452 4.0452 4.0452 4.0452
4.836 0 3 1.0 0.0 0.0 0.0 0.0 0.0 0.0 0.0 0.0 0.0 4.0452 4.0452 4.0452 4.0452
4.837 0 3 1.0 0.0 0.0 0.0 0.0 0.0 0.0 0.0 0.0 0.0 4.0452 4.0452 4.0452 4.0452
4.838 0 3 1.0 0.0 0.0 0.0 0.0 0.0 0.0 0.0 0.0 0.0 4.0452 4.0452 4.0452 4.0452
4.839 0 3 1.0 0.0 0.0 0.0 0.0 0.0 0.0 0.0 0.0 0.0 4.0452 4.0452 4.0452 4.0452
4.84 0 3 1.0 0.0 0.0 0.0 0.0 0.0 0.0 0.0 0.0 0.0 4.0452 4.0452 4.0452 4.0452
4.841 0 3 1.0 0.0 0.0 0.0 0.0 0.0 0.0 0.0 0.0 0.0 4.0452 4.0452 4.0452 4.0452
4.8420000000000005 0 3 1.0 0.0 0.0 0.0 0.0 0.0 0.0 0.0 0.0 0.0 4.0452 4.0452 4.0452 4.0452
4.843 0 3 1.0 0.0 0.0 0.0 0.0 0.0 0.0 0.0 0.0 0.0 4.0452 4.0452 4.0452 4.0452
4.844 0 3 1.0 0.0 0.0 0.0 0.0 0.0 0.0 0.0 0.0 0.0 4.0452 4.0452 4.0452 4.0452
4.845 0 3 1.0 0.0 0.0 0.0 0.0 0.0 0.0 0.0 0.0 0.0 4.0452 4.0452 4.0452 4.0452
4.846 0 3 1.0 0.0 0.0 0.0 0.0 0.0 0.0 0.0 0.0 0.0 4.0452 4.0452 4.0452 4.0452
4.847 0 3 1.0 0.0 0.0 0.0 0.0 0.0 0.0 0.0 0.0 0.0 4.0452 4.0452 4.0452 4.0452
4.848 0 3 1.0 0.0 0.0 0.0 0.0 0.0 0.0 0.0 0.0 0.0 4.0452 4.0452 4.0452 4.0452
4.849 0 3 1.0 0.0 0.0 0.0 0.0 0.0 0.0 0.0 0.0 0.0 4.0452 4.0452 4.0452 4.0452
4.8500000000000005 0 3 1.0 0.0 0.0 0.0 0.0 0.0 0.0 0.0 0.0 0.0 4.0452 4.0452 4.0452 4.0452
4.851 0 3 1.0 0.0 0.0 0.0 0.0 0.0 0.0 0.0 0.0 0.0 4.0452 4.0452 4.0452 4.0452
4.852 0 3 1.0 0.0 0.0 0.0 0.0 0.0 0.0 0.0 0.0 0.0 4.0452 4.0452 4.0452 4.0452
4.853 0 3 1.0 0.0 0.0 0.0 0.0 0.0 0.0 0.0 0.0 0.0 4.0452 4.0452 4.0452 4.0452
4.854 0 3 1.0 0.0 0.0 0.0 0.0 0.0 0.0 0.0 0.0 0.0 4.0452 4.0452 4.0452 4.0452
4.855 0 3 1.0 0.0 0.0 0.0 0.0 0.0 0.0 0.0 0.0 0.0 4.0452 4.0452 4.0452 4.0452
4.856 0 3 1.0 0.0 0.0 0.0 0.0 0.0 0.0 0.0 0.0 0.0 4.0452 4.0452 4.0452 4.0452
4.857 0 3 1.0 0.0 0.0 0.0 0.0 0.0 0.0 0.0 0.0 0.0 4.0452 4.0452 4.0452 4.0452
4.8580000000000005 0 3 1.0 0.0 0.0 0.0 0.0 0.0 0.0 0.0 0.0 0.0 4.0452 4.0452 4.0452 4.0452
4.859 0 3 1.0 0.0 0.0 0.0 0.0 0.0 0.0 0.0 0.0 0.0 4.0452 4.0452 4.0452 4.0452
4.86 0 3 1.0 0.0 0.0 0.0 0.0 0.0 0.0 0.0 0.0 0.0 4.0452 4.0452 4.0452 4.0452
4.861 0 3 1.0 0.0 0.0 0.0 0.0 0.0 0.0 0.0 0.0 0.0 4.0452 4.0452 4.0452 4.0452
4.862 0 3 1.0 0.0 0.0 0.0 0.0 0.0 0.0 0.0 0.0 0.0 4.0452 4.0452 4.0452 4.0452
4.863 0 3 1.0 0.0 0.0 0.0 0.0 0.0 0.0 0.0 0.0 0.0 4.0452 4.0452 4.0452 4.0452
4.864 0 3 1.0 0.0 0.0 0.0 0.0 0.0 0.0 0.0 0.0 0.0 4.0452 4.0452 4.0452 4.0452
4.865 0 3 1.0 0.0 0.0 0.0 0.0 0.0 0.0 0.0 0.0 0.0 4.0452 4.0452 4.0452 4.0452
4.866 0 3 1.0 0.0 0.0 0.0 0.0 0.0 0.0 0.0 0.0 0.0 4.0452 4.0452 4.0452 4.0452
4.867 0 3 1.0 0.0 0.0 0.0 0.0 0.0 0.0 0.0 0.0 0.0 4.0452 4.0452 4.0452 4.0452
4.868 0 3 1.0 0.0 0.0 0.0 0.0 0.0 0.0 0.0 0.0 0.0 4.0452 4.0452 4.0452 4.0452
4.869 0 3 1.0 0.0 0.0 0.0 0.0 0.0 0.0 0.0 0.0 0.0 4.0452 4.0452 4.0452 4.0452
4.87 0 3 1.0 0.0 0.0 0.0 0.0 0.0 0.0 0.0 0.0 0.0 4.0452 4.0452 4.0452 4.0452
4.871 0 3 1.0 0.0 0.0 0.0 0.0 0.0 0.0 0.0 0.0 0.0 4.0452 4.0452 4.0452 4.0452
4.872 0 3 1.0 0.0 0.0 0.0 0.0 0.0 0.0 0.0 0.0 0.0 4.0452 4.0452 4.0452 4.0452
4.873 0 3 1.0 0.0 0.0 0.0 0.0 0.0 0.0 0.0 0.0 0.0 4.0452 4.0452 4.0452 4.0452
4.874 0 3 1.0 0.0 0.0 0.0 0.0 0.0 0.0 0.0 0.0 0.0 4.0452 4.0452 4.0452 4.0452
4.875 0 3 1.0 0.0 0.0 0.0 0.0 0.0 0.0 0.0 0.0 0.0 4.0452 4.0452 4.0452 4.0452
4.876 0 3 1.0 0.0 0.0 0.0 0.0 0.0 0.0 0.0 0.0 0.0 4.0452 4.0452 4.0452 4.0452
4.877 0 3 1.0 0.0 0.0 0.0 0.0 0.0 0.0 0.0 0.0 0.0 4.0452 4.0452 4.0452 4.0452
4.878 0 3 1.0 0.0 0.0 0.0 0.0 0.0 0.0 0.0 0.0 0.0 4.0452 4.0452 4.0452 4.0452
4.8790000000000004 0 3 1.0 0.0 0.0 0.0 0.0 0.0 0.0 0.0 0.0 0.0 4.0452 4.0452 4.0452 4.0452
4.88 0 3 1.0 0.0 0.0 0.0 0.0 0.0 0.0 0.0 0.0 0.0 4.0452 4.0452 4.0452 4.0452
4.881 0 3 1.0 0.0 0.0 0.0 0.0 0.0 0.0 0.0 0.0 0.0 4.0452 4.0452 4.0452 4.0452
4.882 0 3 1.0 0.0 0.0 0.0 0.0 0.0 0.0 0.0 0.0 0.0 4.0452 4.0452 4.0452 4.0452
4.883 0 3 1.0 0.0 0.0 0.0 0.0 0.0 0.0 0.0 0.0 0.0 4.0452 4.0452 4.0452 4.0452
4.884 0 3 1.0 0.0 0.0 0.0 0.0 0.0 0.0 0.0 0.0 0.0 4.0452 4.0452 4.0452 4.0452
4.885 0 3 1.0 0.0 0.0 0.0 0.0 0.0 0.0 0.0 0.0 0.0 4.0452 4.0452 4.0452 4.0452
4.886 0 3 1.0 0.0 0.0 0.0 0.0 0.0 0.0 0.0 0.0 0.0 4.0452 4.0452 4.0452 4.0452
4.8870000000000005 0 3 1.0 0.0 0.0 0.0 0.0 0.0 0.0 0.0 0.0 0.0 4.0452 4.0452 4.0452 4.0452
4.888 0 3 1.0 0.0 0.0 0.0 0.0 0.0 0.0 0.0 0.0 0.0 4.0452 4.0452 4.0452 4.0452
4.889 0 3 1.0 0.0 0.0 0.0 0.0 0.0 0.0 0.0 0.0 0.0 4.0452 4.0452 4.0452 4.0452
4.89 0 3 1.0 0.0 0.0 0.0 0.0 0.0 0.0 0.0 0.0 0.0 4.0452 4.0452 4.0452 4.0452
4.891 0 3 1.0 0.0 0.0 0.0 0.0 0.0 0.0 0.0 0.0 0.0 4.0452 4.0452 4.0452 4.0452
4.892 0 3 1.0 0.0 0.0 0.0 0.0 0.0 0.0 0.0 0.0 0.0 4.0452 4.0452 4.0452 4.0452
4.893 0 3 1.0 0.0 0.0 0.0 0.0 0.0 0.0 0.0 0.0 0.0 4.0452 4.0452 4.0452 4.0452
4.894 0 3 1.0 0.0 0.0 0.0 0.0 0.0 0.0 0.0 0.0 0.0 4.0452 4.0452 4.0452 4.0452
4.8950000000000005 0 3 1.0 0.0 0.0 0.0 0.0 0.0 0.0 0.0 0.0 0.0 4.0452 4.0452 4.0452 4.0452
4.896 0 3 1.0 0.0 0.0 0.0 0.0 0.0 0.0 0.0 0.0 0.0 4.0452 4.0452 4.0452 4.0452
4.897 0 3 1.0 0.0 0.0 0.0 0.0 0.0 0.0 0.0 0.0 0.0 4.0452 4.0452 4.0452 4.0452
4.898 0 3 1.0 0.0 0.0 0.0 0.0 0.0 0.0 0.0 0.0 0.0 4.0452 4.0452 4.0452 4.0452
4.899 0 3 1.0 0.0 0.0 0.0 0.0 0.0 0.0 0.0 0.0 0.0 4.0452 4.0452 4.0452 4.0452
4.9 0 3 1.0 0.0 0.0 0.0 0.0 0.0 0.0 0.0 0.0 0.0 4.0452 4.0452 4.0452 4.0452
4.901 0 3 1.0 0.0 0.0 0.0 0.0 0.0 0.0 0.0 0.0 0.0 4.0452 4.0452 4.0452 4.0452
4.902 0 3 1.0 0.0 0.0 0.0 0.0 0.0 0.0 0.0 0.0 0.0 4.0452 4.0452 4.0452 4.0452
4.9030000000000005 0 3 1.0 0.0 0.0 0.0 0.0 0.0 0.0 0.0 0.0 0.0 4.0452 4.0452 4.0452 4.0452
4.904 0 3 1.0 0.0 0.0 0.0 0.0 0.0 0.0 0.0 0.0 0.0 4.0452 4.0452 4.0452 4.0452
4.905 0 3 1.0 0.0 0.0 0.0 0.0 0.0 0.0 0.0 0.0 0.0 4.0452 4.0452 4.0452 4.0452
4.906 0 3 1.0 0.0 0.0 0.0 0.0 0.0 0.0 0.0 0.0 0.0 4.0452 4.0452 4.0452 4.0452
4.907 0 3 1.0 0.0 0.0 0.0 0.0 0.0 0.0 0.0 0.0 0.0 4.0452 4.0452 4.0452 4.0452
4.908 0 3 1.0 0.0 0.0 0.0 0.0 0.0 0.0 0.0 0.0 0.0 4.0452 4.0452 4.0452 4.0452
4.909 0 3 1.0 0.0 0.0 0.0 0.0 0.0 0.0 0.0 0.0 0.0 4.0452 4.0452 4.0452 4.0452
4.91 0 3 1.0 0.0 0.0 0.0 0.0 0.0 0.0 0.0 0.0 0.0 4.0452 4.0452 4.0452 4.0452
4.9110000000000005 0 3 1.0 0.0 0.0 0.0 0.0 0.0 0.0 0.0 0.0 0.0 4.0452 4.0452 4.0452 4.0452
4.912 0 3 1.0 0.0 0.0 0.0 0.0 0.0 0.0 0.0 0.0 0.0 4.0452 4.0452 4.0452 4.0452
4.913 0 3 1.0 0.0 0.0 0.0 0.0 0.0 0.0 0.0 0.0 0.0 4.0452 4.0452 4.0452 4.0452
4.914 0 3 1.0 0.0 0.0 0.0 0.0 0.0 0.0 0.0 0.0 0.0 4.0452 4.0452 4.0452 4.0452
4.915 0 3 1.0 0.0 0.0 0.0 0.0 0.0 0.0 0.0 0.0 0.0 4.0452 4.0452 4.0452 4.0452
4.916 0 3 1.0 0.0 0.0 0.0 0.0 0.0 0.0 0.0 0.0 0.0 4.0452 4.0452 4.0452 4.0452
4.917 0 3 1.0 0.0 0.0 0.0 0.0 0.0 0.0 0.0 0.0 0.0 4.0452 4.0452 4.0452 4.0452
4.918 0 3 1.0 0.0 0.0 0.0 0.0 0.0 0.0 0.0 0.0 0.0 4.0452 4.0452 4.0452 4.0452
4.9190000000000005 0 3 1.0 0.0 0.0 0.0 0.0 0.0 0.0 0.0 0.0 0.0 4.0452 4.0452 4.0452 4.0452
4.92 0 3 1.0 0.0 0.0 0.0 0.0 0.0 0.0 0.0 0.0 0.0 4.0452 4.0452 4.0452 4.0452
4.921 0 3 1.0 0.0 0.0 0.0 0.0 0.0 0.0 0.0 0.0 0.0 4.0452 4.0452 4.0452 4.0452
4.922 0 3 1.0 0.0 0.0 0.0 0.0 0.0 0.0 0.0 0.0 0.0 4.0452 4.0452 4.0452 4.0452
4.923 0 3 1.0 0.0 0.0 0.0 0.0 0.0 0.0 0.0 0.0 0.0 4.0452 4.0452 4.0452 4.0452
4.924 0 3 1.0 0.0 0.0 0.0 0.0 0.0 0.0 0.0 0.0 0.0 4.0452 4.0452 4.0452 4.0452
4.925 0 3 1.0 0.0 0.0 0.0 0.0 0.0 0.0 0.0 0.0 0.0 4.0452 4.0452 4.0452 4.0452
4.926 0 3 1.0 0.0 0.0 0.0 0.0 0.0 0.0 0.0 0.0 0.0 4.0452 4.0452 4.0452 4.0452
4.9270000000000005 0 3 1.0 0.0 0.0 0.0 0.0 0.0 0.0 0.0 0.0 0.0 4.0452 4.0452 4.0452 4.0452
4.928 0 3 1.0 0.0 0.0 0.0 0.0 0.0 0.0 0.0 0.0 0.0 4.0452 4.0452 4.0452 4.0452
4.929 0 3 1.0 0.0 0.0 0.0 0.0 0.0 0.0 0.0 0.0 0.0 4.0452 4.0452 4.0452 4.0452
4.93 0 3 1.0 0.0 0.0 0.0 0.0 0.0 0.0 0.0 0.0 0.0 4.0452 4.0452 4.0452 4.0452
4.931 0 3 1.0 0.0 0.0 0.0 0.0 0.0 0.0 0.0 0.0 0.0 4.0452 4.0452 4.0452 4.0452
4.932 0 3 1.0 0.0 0.0 0.0 0.0 0.0 0.0 0.0 0.0 0.0 4.0452 4.0452 4.0452 4.0452
4.933 0 3 1.0 0.0 0.0 0.0 0.0 0.0 0.0 0.0 0.0 0.0 4.0452 4.0452 4.0452 4.0452
4.934 0 3 1.0 0.0 0.0 0.0 0.0 0.0 0.0 0.0 0.0 0.0 4.0452 4.0452 4.0452 4.0452
4.9350000000000005 0 3 1.0 0.0 0.0 0.0 0.0 0.0 0.0 0.0 0.0 0.0 4.0452 4.0452 4.0452 4.0452
4.936 0 3 1.0 0.0 0.0 0.0 0.0 0.0 0.0 0.0 0.0 0.0 4.0452 4.0452 4.0452 4.0452
4.937 0 3 1.0 0.0 0.0 0.0 0.0 0.0 0.0 0.0 0.0 0.0 4.0452 4.0452 4.0452 4.0452
4.938 0 3 1.0 0.0 0.0 0.0 0.0 0.0 0.0 0.0 0.0 0.0 4.0452 4.0452 4.0452 4.0452
4.939 0 3 1.0 0.0 0.0 0.0 0.0 0.0 0.0 0.0 0.0 0.0 4.0452 4.0452 4.0452 4.0452
4.94 0 3 1.0 0.0 0.0 0.0 0.0 0.0 0.0 0.0 0.0 0.0 4.0452 4.0452 4.0452 4.0452
4.941 0 3 1.0 0.0 0.0 0.0 0.0 0.0 0.0 0.0 0.0 0.0 4.0452 4.0452 4.0452 4.0452
4.942 0 3 1.0 0.0 0.0 0.0 0.0 0.0 0.0 0.0 0.0 0.0 4.0452 4.0452 4.0452 4.0452
4.9430000000000005 0 3 1.0 0.0 0.0 0.0 0.0 0.0 0.0 0.0 0.0 0.0 4.0452 4.0452 4.0452 4.0452
4.944 0 3 1.0 0.0 0.0 0.0 0.0 0.0 0.0 0.0 0.0 0.0 4.0452 4.0452 4.0452 4.0452
4.945 0 3 1.0 0.0 0.0 0.0 0.0 0.0 0.0 0.0 0.0 0.0 4.0452 4.0452 4.0452 4.0452
4.946 0 3 1.0 0.0 0.0 0.0 0.0 0.0 0.0 0.0 0.0 0.0 4.0452 4.0452 4.0452 4.0452
4.947 0 3 1.0 0.0 0.0 0.0 0.0 0.0 0.0 0.0 0.0 0.0 4.0452 4.0452 4.0452 4.0452
4.948 0 3 1.0 0.0 0.0 0.0 0.0 0.0 0.0 0.0 0.0 0.0 4.0452 4.0452 4.0452 4.0452
4.949 0 3 1.0 0.0 0.0 0.0 0.0 0.0 0.0 0.0 0.0 0.0 4.0452 4.0452 4.0452 4.0452
4.95 0 3 1.0 0.0 0.0 0.0 0.0 0.0 0.0 0.0 0.0 0.0 4.0452 4.0452 4.0452 4.0452
4.9510000000000005 0 3 1.0 0.0 0.0 0.0 0.0 0.0 0.0 0.0 0.0 0.0 4.0452 4.0452 4.0452 4.0452
4.952 0 3 1.0 0.0 0.0 0.0 0.0 0.0 0.0 0.0 0.0 0.0 4.0452 4.0452 4.0452 4.0452
4.953 0 3 1.0 0.0 0.0 0.0 0.0 0.0 0.0 0.0 0.0 0.0 4.0452 4.0452 4.0452 4.0452
4.954 0 3 1.0 0.0 0.0 0.0 0.0 0.0 0.0 0.0 0.0 0.0 4.0452 4.0452 4.0452 4.0452
4.955 0 3 1.0 0.0 0.0 0.0 0.0 0.0 0.0 0.0 0.0 0.0 4.0452 4.0452 4.0452 4.0452
4.956 0 3 1.0 0.0 0.0 0.0 0.0 0.0 0.0 0.0 0.0 0.0 4.0452 4.0452 4.0452 4.0452
4.957 0 3 1.0 0.0 0.0 0.0 0.0 0.0 0.0 0.0 0.0 0.0 4.0452 4.0452 4.0452 4.0452
4.958 0 3 1.0 0.0 0.0 0.0 0.0 0.0 0.0 0.0 0.0 0.0 4.0452 4.0452 4.0452 4.0452
4.9590000000000005 0 3 1.0 0.0 0.0 0.0 0.0 0.0 0.0 0.0 0.0 0.0 4.0452 4.0452 4.0452 4.0452
4.96 0 3 1.0 0.0 0.0 0.0 0.0 0.0 0.0 0.0 0.0 0.0 4.0452 4.0452 4.0452 4.0452
4.961 0 3 1.0 0.0 0.0 0.0 0.0 0.0 0.0 0.0 0.0 0.0 4.0452 4.0452 4.0452 4.0452
4.962 0 3 1.0 0.0 0.0 0.0 0.0 0.0 0.0 0.0 0.0 0.0 4.0452 4.0452 4.0452 4.0452
4.963 0 3 1.0 0.0 0.0 0.0 0.0 0.0 0.0 0.0 0.0 0.0 4.0452 4.0452 4.0452 4.0452
4.964 0 3 1.0 0.0 0.0 0.0 0.0 0.0 0.0 0.0 0.0 0.0 4.0452 4.0452 4.0452 4.0452
4.965 0 3 1.0 0.0 0.0 0.0 0.0 0.0 0.0 0.0 0.0 0.0 4.0452 4.0452 4.0452 4.0452
4.966 0 3 1.0 0.0 0.0 0.0 0.0 0.0 0.0 0.0 0.0 0.0 4.0452 4.0452 4.0452 4.0452
4.9670000000000005 0 3 1.0 0.0 0.0 0.0 0.0 0.0 0.0 0.0 0.0 0.0 4.0452 4.0452 4.0452 4.0452
4.968 0 3 1.0 0.0 0.0 0.0 0.0 0.0 0.0 0.0 0.0 0.0 4.0452 4.0452 4.0452 4.0452
4.969 0 3 1.0 0.0 0.0 0.0 0.0 0.0 0.0 0.0 0.0 0.0 4.0452 4.0452 4.0452 4.0452
4.97 0 3 1.0 0.0 0.0 0.0 0.0 0.0 0.0 0.0 0.0 0.0 4.0452 4.0452 4.0452 4.0452
4.971 0 3 1.0 0.0 0.0 0.0 0.0 0.0 0.0 0.0 0.0 0.0 4.0452 4.0452 4.0452 4.0452
4.972 0 3 1.0 0.0 0.0 0.0 0.0 0.0 0.0 0.0 0.0 0.0 4.0452 4.0452 4.0452 4.0452
4.973 0 3 1.0 0.0 0.0 0.0 0.0 0.0 0.0 0.0 0.0 0.0 4.0452 4.0452 4.0452 4.0452
4.974 0 3 1.0 0.0 0.0 0.0 0.0 0.0 0.0 0.0 0.0 0.0 4.0452 4.0452 4.0452 4.0452
4.9750000000000005 0 3 1.0 0.0 0.0 0.0 0.0 0.0 0.0 0.0 0.0 0.0 4.0452 4.0452 4.0452 4.0452
4.976 0 3 1.0 0.0 0.0 0.0 0.0 0.0 0.0 0.0 0.0 0.0 4.0452 4.0452 4.0452 4.0452
4.977 0 3 1.0 0.0 0.0 0.0 0.0 0.0 0.0 0.0 0.0 0.0 4.0452 4.0452 4.0452 4.0452
4.978 0 3 1.0 0.0 0.0 0.0 0.0 0.0 0.0 0.0 0.0 0.0 4.0452 4.0452 4.0452 4.0452
4.979 0 3 1.0 0.0 0.0 0.0 0.0 0.0 0.0 0.0 0.0 0.0 4.0452 4.0452 4.0452 4.0452
4.98 0 3 1.0 0.0 0.0 0.0 0.0 0.0 0.0 0.0 0.0 0.0 4.0452 4.0452 4.0452 4.0452
4.981 0 3 1.0 0.0 0.0 0.0 0.0 0.0 0.0 0.0 0.0 0.0 4.0452 4.0452 4.0452 4.0452
4.982 0 3 1.0 0.0 0.0 0.0 0.0 0.0 0.0 0.0 0.0 0.0 4.0452 4.0452 4.0452 4.0452
4.9830000000000005 0 3 1.0 0.0 0.0 0.0 0.0 0.0 0.0 0.0 0.0 0.0 4.0452 4.0452 4.0452 4.0452
4.984 0 3 1.0 0.0 0.0 0.0 0.0 0.0 0.0 0.0 0.0 0.0 4.0452 4.0452 4.0452 4.0452
4.985 0 3 1.0 0.0 0.0 0.0 0.0 0.0 0.0 0.0 0.0 0.0 4.0452 4.0452 4.0452 4.0452
4.986 0 3 1.0 0.0 0.0 0.0 0.0 0.0 0.0 0.0 0.0 0.0 4.0452 4.0452 4.0452 4.0452
4.987 0 3 1.0 0.0 0.0 0.0 0.0 0.0 0.0 0.0 0.0 0.0 4.0452 4.0452 4.0452 4.0452
4.988 0 3 1.0 0.0 0.0 0.0 0.0 0.0 0.0 0.0 0.0 0.0 4.0452 4.0452 4.0452 4.0452
4.989 0 3 1.0 0.0 0.0 0.0 0.0 0.0 0.0 0.0 0.0 0.0 4.0452 4.0452 4.0452 4.0452
4.99 0 3 1.0 0.0 0.0 0.0 0.0 0.0 0.0 0.0 0.0 0.0 4.0452 4.0452 4.0452 4.0452
4.9910000000000005 0 3 1.0 0.0 0.0 0.0 0.0 0.0 0.0 0.0 0.0 0.0 4.0452 4.0452 4.0452 4.0452
4.992 0 3 1.0 0.0 0.0 0.0 0.0 0.0 0.0 0.0 0.0 0.0 4.0452 4.0452 4.0452 4.0452
4.993 0 3 1.0 0.0 0.0 0.0 0.0 0.0 0.0 0.0 0.0 0.0 4.0452 4.0452 4.0452 4.0452
4.994 0 3 1.0 0.0 0.0 0.0 0.0 0.0 0.0 0.0 0.0 0.0 4.0452 4.0452 4.0452 4.0452
4.995 0 3 1.0 0.0 0.0 0.0 0.0 0.0 0.0 0.0 0.0 0.0 4.0452 4.0452 4.0452 4.0452
4.996 0 3 1.0 0.0 0.0 0.0 0.0 0.0 0.0 0.0 0.0 0.0 4.0452 4.0452 4.0452 4.0452
4.997 0 3 1.0 0.0 0.0 0.0 0.0 0.0 0.0 0.0 0.0 0.0 4.0452 4.0452 4.0452 4.0452
4.998 0 3 1.0 0.0 0.0 0.0 0.0 0.0 0.0 0.0 0.0 0.0 4.0452 4.0452 4.0452 4.0452
4.999 0 3 1.0 0.0 0.0 0.0 0.0 0.0 0.0 0.0 0.0 0.0 4.0452 4.0452 4.0452 4.0452
5.0 0 3 1.0 0.0 0.0 0.0 0.0 0.0 0.0 0.0 0.0 0.0 4.0452 4.0452 4.0452 4.0452
5.001 0 3 1.0 0.0 0.0 0.0 0.0 0.0 0.0 0.0 0.0 0.0 4.0452 4.0452 4.0452 4.0452
5.002 0 3 1.0 0.0 0.0 0.0 0.0 0.0 0.0 0.0 0.0 0.0 4.0452 4.0452 4.0452 4.0452
5.003 0 3 1.0 0.0 0.0 0.0 0.0 0.0 0.0 0.0 0.0 0.0 4.0452 4.0452 4.0452 4.0452
5.0040000000000004 0 3 1.0 0.0 0.0 0.0 0.0 0.0 0.0 0.0 0.0 0.0 4.0452 4.0452 4.0452 4.0452
5.005 0 3 1.0 0.0 0.0 0.0 0.0 0.0 0.0 0.0 0.0 0.0 4.0452 4.0452 4.0452 4.0452
5.006 0 3 1.0 0.0 0.0 0.0 0.0 0.0 0.0 0.0 0.0 0.0 4.0452 4.0452 4.0452 4.0452
5.007 0 3 1.0 0.0 0.0 0.0 0.0 0.0 0.0 0.0 0.0 0.0 4.0452 4.0452 4.0452 4.0452
5.008 0 3 1.0 0.0 0.0 0.0 0.0 0.0 0.0 0.0 0.0 0.0 4.0452 4.0452 4.0452 4.0452
5.009 0 3 1.0 0.0 0.0 0.0 0.0 0.0 0.0 0.0 0.0 0.0 4.0452 4.0452 4.0452 4.0452
5.01 0 3 1.0 0.0 0.0 0.0 0.0 0.0 0.0 0.0 0.0 0.0 4.0452 4.0452 4.0452 4.0452
5.011 0 3 1.0 0.0 0.0 0.0 0.0 0.0 0.0 0.0 0.0 0.0 4.0452 4.0452 4.0452 4.0452
5.0120000000000005 0 3 1.0 0.0 0.0 0.0 0.0 0.0 0.0 0.0 0.0 0.0 4.0452 4.0452 4.0452 4.0452
5.013 0 3 1.0 0.0 0.0 0.0 0.0 0.0 0.0 0.0 0.0 0.0 4.0452 4.0452 4.0452 4.0452
5.014 0 3 1.0 0.0 0.0 0.0 0.0 0.0 0.0 0.0 0.0 0.0 4.0452 4.0452 4.0452 4.0452
5.015 0 3 1.0 0.0 0.0 0.0 0.0 0.0 0.0 0.0 0.0 0.0 4.0452 4.0452 4.0452 4.0452
5.016 0 3 1.0 0.0 0.0 0.0 0.0 0.0 0.0 0.0 0.0 0.0 4.0452 4.0452 4.0452 4.0452
5.017 0 3 1.0 0.0 0.0 0.0 0.0 0.0 0.0 0.0 0.0 0.0 4.0452 4.0452 4.0452 4.0452
5.018 0 3 1.0 0.0 0.0 0.0 0.0 0.0 0.0 0.0 0.0 0.0 4.0452 4.0452 4.0452 4.0452
5.019 0 3 1.0 0.0 0.0 0.0 0.0 0.0 0.0 0.0 0.0 0.0 4.0452 4.0452 4.0452 4.0452
5.0200000000000005 0 3 1.0 0.0 0.0 0.0 0.0 0.0 0.0 0.0 0.0 0.0 4.0452 4.0452 4.0452 4.0452
5.021 0 3 1.0 0.0 0.0 0.0 0.0 0.0 0.0 0.0 0.0 0.0 4.0452 4.0452 4.0452 4.0452
5.022 0 3 1.0 0.0 0.0 0.0 0.0 0.0 0.0 0.0 0.0 0.0 4.0452 4.0452 4.0452 4.0452
5.023 0 3 1.0 0.0 0.0 0.0 0.0 0.0 0.0 0.0 0.0 0.0 4.0452 4.0452 4.0452 4.0452
5.024 0 3 1.0 0.0 0.0 0.0 0.0 0.0 0.0 0.0 0.0 0.0 4.0452 4.0452 4.0452 4.0452
5.025 0 3 1.0 0.0 0.0 0.0 0.0 0.0 0.0 0.0 0.0 0.0 4.0452 4.0452 4.0452 4.0452
5.026 0 3 1.0 0.0 0.0 0.0 0.0 0.0 0.0 0.0 0.0 0.0 4.0452 4.0452 4.0452 4.0452
5.027 0 3 1.0 0.0 0.0 0.0 0.0 0.0 0.0 0.0 0.0 0.0 4.0452 4.0452 4.0452 4.0452
5.0280000000000005 0 3 1.0 0.0 0.0 0.0 0.0 0.0 0.0 0.0 0.0 0.0 4.0452 4.0452 4.0452 4.0452
5.029 0 3 1.0 0.0 0.0 0.0 0.0 0.0 0.0 0.0 0.0 0.0 4.0452 4.0452 4.0452 4.0452
5.03 0 3 1.0 0.0 0.0 0.0 0.0 0.0 0.0 0.0 0.0 0.0 4.0452 4.0452 4.0452 4.0452
5.031 0 3 1.0 0.0 0.0 0.0 0.0 0.0 0.0 0.0 0.0 0.0 4.0452 4.0452 4.0452 4.0452
5.032 0 3 1.0 0.0 0.0 0.0 0.0 0.0 0.0 0.0 0.0 0.0 4.0452 4.0452 4.0452 4.0452
5.033 0 3 1.0 0.0 0.0 0.0 0.0 0.0 0.0 0.0 0.0 0.0 4.0452 4.0452 4.0452 4.0452
5.034 0 3 1.0 0.0 0.0 0.0 0.0 0.0 0.0 0.0 0.0 0.0 4.0452 4.0452 4.0452 4.0452
5.035 0 3 1.0 0.0 0.0 0.0 0.0 0.0 0.0 0.0 0.0 0.0 4.0452 4.0452 4.0452 4.0452
5.0360000000000005 0 3 1.0 0.0 0.0 0.0 0.0 0.0 0.0 0.0 0.0 0.0 4.0452 4.0452 4.0452 4.0452
5.037 0 3 1.0 0.0 0.0 0.0 0.0 0.0 0.0 0.0 0.0 0.0 4.0452 4.0452 4.0452 4.0452
5.038 0 3 1.0 0.0 0.0 0.0 0.0 0.0 0.0 0.0 0.0 0.0 4.0452 4.0452 4.0452 4.0452
5.039 0 3 1.0 0.0 0.0 0.0 0.0 0.0 0.0 0.0 0.0 0.0 4.0452 4.0452 4.0452 4.0452
5.04 0 3 1.0 0.0 0.0 0.0 0.0 0.0 0.0 0.0 0.0 0.0 4.0452 4.0452 4.0452 4.0452
5.041 0 3 1.0 0.0 0.0 0.0 0.0 0.0 0.0 0.0 0.0 0.0 4.0452 4.0452 4.0452 4.0452
5.042 0 3 1.0 0.0 0.0 0.0 0.0 0.0 0.0 0.0 0.0 0.0 4.0452 4.0452 4.0452 4.0452
5.043 0 3 1.0 0.0 0.0 0.0 0.0 0.0 0.0 0.0 0.0 0.0 4.0452 4.0452 4.0452 4.0452
5.0440000000000005 0 3 1.0 0.0 0.0 0.0 0.0 0.0 0.0 0.0 0.0 0.0 4.0452 4.0452 4.0452 4.0452
5.045 0 3 1.0 0.0 0.0 0.0 0.0 0.0 0.0 0.0 0.0 0.0 4.0452 4.0452 4.0452 4.0452
5.046 0 3 1.0 0.0 0.0 0.0 0.0 0.0 0.0 0.0 0.0 0.0 4.0452 4.0452 4.0452 4.0452
5.047 0 3 1.0 0.0 0.0 0.0 0.0 0.0 0.0 0.0 0.0 0.0 4.0452 4.0452 4.0452 4.0452
5.048 0 3 1.0 0.0 0.0 0.0 0.0 0.0 0.0 0.0 0.0 0.0 4.0452 4.0452 4.0452 4.0452
5.049 0 3 1.0 0.0 0.0 0.0 0.0 0.0 0.0 0.0 0.0 0.0 4.0452 4.0452 4.0452 4.0452
5.05 0 3 1.0 0.0 0.0 0.0 0.0 0.0 0.0 0.0 0.0 0.0 4.0452 4.0452 4.0452 4.0452
5.051 0 3 1.0 0.0 0.0 0.0 0.0 0.0 0.0 0.0 0.0 0.0 4.0452 4.0452 4.0452 4.0452
5.0520000000000005 0 3 1.0 0.0 0.0 0.0 0.0 0.0 0.0 0.0 0.0 0.0 4.0452 4.0452 4.0452 4.0452
5.053 0 3 1.0 0.0 0.0 0.0 0.0 0.0 0.0 0.0 0.0 0.0 4.0452 4.0452 4.0452 4.0452
5.054 0 3 1.0 0.0 0.0 0.0 0.0 0.0 0.0 0.0 0.0 0.0 4.0452 4.0452 4.0452 4.0452
5.055 0 3 1.0 0.0 0.0 0.0 0.0 0.0 0.0 0.0 0.0 0.0 4.0452 4.0452 4.0452 4.0452
5.056 0 3 1.0 0.0 0.0 0.0 0.0 0.0 0.0 0.0 0.0 0.0 4.0452 4.0452 4.0452 4.0452
5.057 0 3 1.0 0.0 0.0 0.0 0.0 0.0 0.0 0.0 0.0 0.0 4.0452 4.0452 4.0452 4.0452
5.058 0 3 1.0 0.0 0.0 0.0 0.0 0.0 0.0 0.0 0.0 0.0 4.0452 4.0452 4.0452 4.0452
5.059 0 3 1.0 0.0 0.0 0.0 0.0 0.0 0.0 0.0 0.0 0.0 4.0452 4.0452 4.0452 4.0452
5.0600000000000005 0 3 1.0 0.0 0.0 0.0 0.0 0.0 0.0 0.0 0.0 0.0 4.0452 4.0452 4.0452 4.0452
5.061 0 3 1.0 0.0 0.0 0.0 0.0 0.0 0.0 0.0 0.0 0.0 4.0452 4.0452 4.0452 4.0452
5.062 0 3 1.0 0.0 0.0 0.0 0.0 0.0 0.0 0.0 0.0 0.0 4.0452 4.0452 4.0452 4.0452
5.063 0 3 1.0 0.0 0.0 0.0 0.0 0.0 0.0 0.0 0.0 0.0 4.0452 4.0452 4.0452 4.0452
5.064 0 3 1.0 0.0 0.0 0.0 0.0 0.0 0.0 0.0 0.0 0.0 4.0452 4.0452 4.0452 4.0452
5.065 0 3 1.0 0.0 0.0 0.0 0.0 0.0 0.0 0.0 0.0 0.0 4.0452 4.0452 4.0452 4.0452
5.066 0 3 1.0 0.0 0.0 0.0 0.0 0.0 0.0 0.0 0.0 0.0 4.0452 4.0452 4.0452 4.0452
5.067 0 3 1.0 0.0 0.0 0.0 0.0 0.0 0.0 0.0 0.0 0.0 4.0452 4.0452 4.0452 4.0452
5.0680000000000005 0 3 1.0 0.0 0.0 0.0 0.0 0.0 0.0 0.0 0.0 0.0 4.0452 4.0452 4.0452 4.0452
5.069 0 3 1.0 0.0 0.0 0.0 0.0 0.0 0.0 0.0 0.0 0.0 4.0452 4.0452 4.0452 4.0452
5.07 0 3 1.0 0.0 0.0 0.0 0.0 0.0 0.0 0.0 0.0 0.0 4.0452 4.0452 4.0452 4.0452
5.071 0 3 1.0 0.0 0.0 0.0 0.0 0.0 0.0 0.0 0.0 0.0 4.0452 4.0452 4.0452 4.0452
5.072 0 3 1.0 0.0 0.0 0.0 0.0 0.0 0.0 0.0 0.0 0.0 4.0452 4.0452 4.0452 4.0452
5.073 0 3 1.0 0.0 0.0 0.0 0.0 0.0 0.0 0.0 0.0 0.0 4.0452 4.0452 4.0452 4.0452
5.074 0 3 1.0 0.0 0.0 0.0 0.0 0.0 0.0 0.0 0.0 0.0 4.0452 4.0452 4.0452 4.0452
5.075 0 3 1.0 0.0 0.0 0.0 0.0 0.0 0.0 0.0 0.0 0.0 4.0452 4.0452 4.0452 4.0452
5.0760000000000005 0 3 1.0 0.0 0.0 0.0 0.0 0.0 0.0 0.0 0.0 0.0 4.0452 4.0452 4.0452 4.0452
5.077 0 3 1.0 0.0 0.0 0.0 0.0 0.0 0.0 0.0 0.0 0.0 4.0452 4.0452 4.0452 4.0452
5.078 0 3 1.0 0.0 0.0 0.0 0.0 0.0 0.0 0.0 0.0 0.0 4.0452 4.0452 4.0452 4.0452
5.079 0 3 1.0 0.0 0.0 0.0 0.0 0.0 0.0 0.0 0.0 0.0 4.0452 4.0452 4.0452 4.0452
5.08 0 3 1.0 0.0 0.0 0.0 0.0 0.0 0.0 0.0 0.0 0.0 4.0452 4.0452 4.0452 4.0452
5.081 0 3 1.0 0.0 0.0 0.0 0.0 0.0 0.0 0.0 0.0 0.0 4.0452 4.0452 4.0452 4.0452
5.082 0 3 1.0 0.0 0.0 0.0 0.0 0.0 0.0 0.0 0.0 0.0 4.0452 4.0452 4.0452 4.0452
5.083 0 3 1.0 0.0 0.0 0.0 0.0 0.0 0.0 0.0 0.0 0.0 4.0452 4.0452 4.0452 4.0452
5.0840000000000005 0 3 1.0 0.0 0.0 0.0 0.0 0.0 0.0 0.0 0.0 0.0 4.0452 4.0452 4.0452 4.0452
5.085 0 3 1.0 0.0 0.0 0.0 0.0 0.0 0.0 0.0 0.0 0.0 4.0452 4.0452 4.0452 4.0452
5.086 0 3 1.0 0.0 0.0 0.0 0.0 0.0 0.0 0.0 0.0 0.0 4.0452 4.0452 4.0452 4.0452
5.087 0 3 1.0 0.0 0.0 0.0 0.0 0.0 0.0 0.0 0.0 0.0 4.0452 4.0452 4.0452 4.0452
5.088 0 3 1.0 0.0 0.0 0.0 0.0 0.0 0.0 0.0 0.0 0.0 4.0452 4.0452 4.0452 4.0452
5.089 0 3 1.0 0.0 0.0 0.0 0.0 0.0 0.0 0.0 0.0 0.0 4.0452 4.0452 4.0452 4.0452
5.09 0 3 1.0 0.0 0.0 0.0 0.0 0.0 0.0 0.0 0.0 0.0 4.0452 4.0452 4.0452 4.0452
5.091 0 3 1.0 0.0 0.0 0.0 0.0 0.0 0.0 0.0 0.0 0.0 4.0452 4.0452 4.0452 4.0452
5.0920000000000005 0 3 1.0 0.0 0.0 0.0 0.0 0.0 0.0 0.0 0.0 0.0 4.0452 4.0452 4.0452 4.0452
5.093 0 3 1.0 0.0 0.0 0.0 0.0 0.0 0.0 0.0 0.0 0.0 4.0452 4.0452 4.0452 4.0452
5.094 0 3 1.0 0.0 0.0 0.0 0.0 0.0 0.0 0.0 0.0 0.0 4.0452 4.0452 4.0452 4.0452
5.095 0 3 1.0 0.0 0.0 0.0 0.0 0.0 0.0 0.0 0.0 0.0 4.0452 4.0452 4.0452 4.0452
5.096 0 3 1.0 0.0 0.0 0.0 0.0 0.0 0.0 0.0 0.0 0.0 4.0452 4.0452 4.0452 4.0452
5.097 0 3 1.0 0.0 0.0 0.0 0.0 0.0 0.0 0.0 0.0 0.0 4.0452 4.0452 4.0452 4.0452
5.098 0 3 1.0 0.0 0.0 0.0 0.0 0.0 0.0 0.0 0.0 0.0 4.0452 4.0452 4.0452 4.0452
5.099 0 3 1.0 0.0 0.0 0.0 0.0 0.0 0.0 0.0 0.0 0.0 4.0452 4.0452 4.0452 4.0452
5.1000000000000005 0 3 1.0 0.0 0.0 0.0 0.0 0.0 0.0 0.0 0.0 0.0 4.0452 4.0452 4.0452 4.0452
5.101 0 3 1.0 0.0 0.0 0.0 0.0 0.0 0.0 0.0 0.0 0.0 4.0452 4.0452 4.0452 4.0452
5.102 0 3 1.0 0.0 0.0 0.0 0.0 0.0 0.0 0.0 0.0 0.0 4.0452 4.0452 4.0452 4.0452
5.103 0 3 1.0 0.0 0.0 0.0 0.0 0.0 0.0 0.0 0.0 0.0 4.0452 4.0452 4.0452 4.0452
5.104 0 3 1.0 0.0 0.0 0.0 0.0 0.0 0.0 0.0 0.0 0.0 4.0452 4.0452 4.0452 4.0452
5.105 0 3 1.0 0.0 0.0 0.0 0.0 0.0 0.0 0.0 0.0 0.0 4.0452 4.0452 4.0452 4.0452
5.106 0 3 1.0 0.0 0.0 0.0 0.0 0.0 0.0 0.0 0.0 0.0 4.0452 4.0452 4.0452 4.0452
5.107 0 3 1.0 0.0 0.0 0.0 0.0 0.0 0.0 0.0 0.0 0.0 4.0452 4.0452 4.0452 4.0452
5.1080000000000005 0 3 1.0 0.0 0.0 0.0 0.0 0.0 0.0 0.0 0.0 0.0 4.0452 4.0452 4.0452 4.0452
5.109 0 3 1.0 0.0 0.0 0.0 0.0 0.0 0.0 0.0 0.0 0.0 4.0452 4.0452 4.0452 4.0452
5.11 0 3 1.0 0.0 0.0 0.0 0.0 0.0 0.0 0.0 0.0 0.0 4.0452 4.0452 4.0452 4.0452
5.111 0 3 1.0 0.0 0.0 0.0 0.0 0.0 0.0 0.0 0.0 0.0 4.0452 4.0452 4.0452 4.0452
5.112 0 3 1.0 0.0 0.0 0.0 0.0 0.0 0.0 0.0 0.0 0.0 4.0452 4.0452 4.0452 4.0452
5.113 0 3 1.0 0.0 0.0 0.0 0.0 0.0 0.0 0.0 0.0 0.0 4.0452 4.0452 4.0452 4.0452
5.114 0 3 1.0 0.0 0.0 0.0 0.0 0.0 0.0 0.0 0.0 0.0 4.0452 4.0452 4.0452 4.0452
5.115 0 3 1.0 0.0 0.0 0.0 0.0 0.0 0.0 0.0 0.0 0.0 4.0452 4.0452 4.0452 4.0452
5.1160000000000005 0 3 1.0 0.0 0.0 0.0 0.0 0.0 0.0 0.0 0.0 0.0 4.0452 4.0452 4.0452 4.0452
5.117 0 3 1.0 0.0 0.0 0.0 0.0 0.0 0.0 0.0 0.0 0.0 4.0452 4.0452 4.0452 4.0452
5.118 0 3 1.0 0.0 0.0 0.0 0.0 0.0 0.0 0.0 0.0 0.0 4.0452 4.0452 4.0452 4.0452
5.119 0 3 1.0 0.0 0.0 0.0 0.0 0.0 0.0 0.0 0.0 0.0 4.0452 4.0452 4.0452 4.0452
5.12 0 3 1.0 0.0 0.0 0.0 0.0 0.0 0.0 0.0 0.0 0.0 4.0452 4.0452 4.0452 4.0452
5.121 0 3 1.0 0.0 0.0 0.0 0.0 0.0 0.0 0.0 0.0 0.0 4.0452 4.0452 4.0452 4.0452
5.122 0 3 1.0 0.0 0.0 0.0 0.0 0.0 0.0 0.0 0.0 0.0 4.0452 4.0452 4.0452 4.0452
5.123 0 3 1.0 0.0 0.0 0.0 0.0 0.0 0.0 0.0 0.0 0.0 4.0452 4.0452 4.0452 4.0452
5.124 0 3 1.0 0.0 0.0 0.0 0.0 0.0 0.0 0.0 0.0 0.0 4.0452 4.0452 4.0452 4.0452
5.125 0 3 1.0 0.0 0.0 0.0 0.0 0.0 0.0 0.0 0.0 0.0 4.0452 4.0452 4.0452 4.0452
5.126 0 3 1.0 0.0 0.0 0.0 0.0 0.0 0.0 0.0 0.0 0.0 4.0452 4.0452 4.0452 4.0452
5.127 0 3 1.0 0.0 0.0 0.0 0.0 0.0 0.0 0.0 0.0 0.0 4.0452 4.0452 4.0452 4.0452
5.128 0 3 1.0 0.0 0.0 0.0 0.0 0.0 0.0 0.0 0.0 0.0 4.0452 4.0452 4.0452 4.0452
5.1290000000000004 0 3 1.0 0.0 0.0 0.0 0.0 0.0 0.0 0.0 0.0 0.0 4.0452 4.0452 4.0452 4.0452
5.13 0 3 1.0 0.0 0.0 0.0 0.0 0.0 0.0 0.0 0.0 0.0 4.0452 4.0452 4.0452 4.0452
5.131 0 3 1.0 0.0 0.0 0.0 0.0 0.0 0.0 0.0 0.0 0.0 4.0452 4.0452 4.0452 4.0452
5.132 0 3 1.0 0.0 0.0 0.0 0.0 0.0 0.0 0.0 0.0 0.0 4.0452 4.0452 4.0452 4.0452
5.133 0 3 1.0 0.0 0.0 0.0 0.0 0.0 0.0 0.0 0.0 0.0 4.0452 4.0452 4.0452 4.0452
5.134 0 3 1.0 0.0 0.0 0.0 0.0 0.0 0.0 0.0 0.0 0.0 4.0452 4.0452 4.0452 4.0452
5.135 0 3 1.0 0.0 0.0 0.0 0.0 0.0 0.0 0.0 0.0 0.0 4.0452 4.0452 4.0452 4.0452
5.136 0 3 1.0 0.0 0.0 0.0 0.0 0.0 0.0 0.0 0.0 0.0 4.0452 4.0452 4.0452 4.0452
5.1370000000000005 0 3 1.0 0.0 0.0 0.0 0.0 0.0 0.0 0.0 0.0 0.0 4.0452 4.0452 4.0452 4.0452
5.138 0 3 1.0 0.0 0.0 0.0 0.0 0.0 0.0 0.0 0.0 0.0 4.0452 4.0452 4.0452 4.0452
5.139 0 3 1.0 0.0 0.0 0.0 0.0 0.0 0.0 0.0 0.0 0.0 4.0452 4.0452 4.0452 4.0452
5.14 0 3 1.0 0.0 0.0 0.0 0.0 0.0 0.0 0.0 0.0 0.0 4.0452 4.0452 4.0452 4.0452
5.141 0 3 1.0 0.0 0.0 0.0 0.0 0.0 0.0 0.0 0.0 0.0 4.0452 4.0452 4.0452 4.0452
5.142 0 3 1.0 0.0 0.0 0.0 0.0 0.0 0.0 0.0 0.0 0.0 4.0452 4.0452 4.0452 4.0452
5.143 0 3 1.0 0.0 0.0 0.0 0.0 0.0 0.0 0.0 0.0 0.0 4.0452 4.0452 4.0452 4.0452
5.144 0 3 1.0 0.0 0.0 0.0 0.0 0.0 0.0 0.0 0.0 0.0 4.0452 4.0452 4.0452 4.0452
5.1450000000000005 0 3 1.0 0.0 0.0 0.0 0.0 0.0 0.0 0.0 0.0 0.0 4.0452 4.0452 4.0452 4.0452
5.146 0 3 1.0 0.0 0.0 0.0 0.0 0.0 0.0 0.0 0.0 0.0 4.0452 4.0452 4.0452 4.0452
5.147 0 3 1.0 0.0 0.0 0.0 0.0 0.0 0.0 0.0 0.0 0.0 4.0452 4.0452 4.0452 4.0452
5.148 0 3 1.0 0.0 0.0 0.0 0.0 0.0 0.0 0.0 0.0 0.0 4.0452 4.0452 4.0452 4.0452
5.149 0 3 1.0 0.0 0.0 0.0 0.0 0.0 0.0 0.0 0.0 0.0 4.0452 4.0452 4.0452 4.0452
5.15 0 3 1.0 0.0 0.0 0.0 0.0 0.0 0.0 0.0 0.0 0.0 4.0452 4.0452 4.0452 4.0452
5.151 0 3 1.0 0.0 0.0 0.0 0.0 0.0 0.0 0.0 0.0 0.0 4.0452 4.0452 4.0452 4.0452
5.152 0 3 1.0 0.0 0.0 0.0 0.0 0.0 0.0 0.0 0.0 0.0 4.0452 4.0452 4.0452 4.0452
5.1530000000000005 0 3 1.0 0.0 0.0 0.0 0.0 0.0 0.0 0.0 0.0 0.0 4.0452 4.0452 4.0452 4.0452
5.154 0 3 1.0 0.0 0.0 0.0 0.0 0.0 0.0 0.0 0.0 0.0 4.0452 4.0452 4.0452 4.0452
5.155 0 3 1.0 0.0 0.0 0.0 0.0 0.0 0.0 0.0 0.0 0.0 4.0452 4.0452 4.0452 4.0452
5.156 0 3 1.0 0.0 0.0 0.0 0.0 0.0 0.0 0.0 0.0 0.0 4.0452 4.0452 4.0452 4.0452
5.157 0 3 1.0 0.0 0.0 0.0 0.0 0.0 0.0 0.0 0.0 0.0 4.0452 4.0452 4.0452 4.0452
5.158 0 3 1.0 0.0 0.0 0.0 0.0 0.0 0.0 0.0 0.0 0.0 4.0452 4.0452 4.0452 4.0452
5.159 0 3 1.0 0.0 0.0 0.0 0.0 0.0 0.0 0.0 0.0 0.0 4.0452 4.0452 4.0452 4.0452
5.16 0 3 1.0 0.0 0.0 0.0 0.0 0.0 0.0 0.0 0.0 0.0 4.0452 4.0452 4.0452 4.0452
5.1610000000000005 0 3 1.0 0.0 0.0 0.0 0.0 0.0 0.0 0.0 0.0 0.0 4.0452 4.0452 4.0452 4.0452
5.162 0 3 1.0 0.0 0.0 0.0 0.0 0.0 0.0 0.0 0.0 0.0 4.0452 4.0452 4.0452 4.0452
5.163 0 3 1.0 0.0 0.0 0.0 0.0 0.0 0.0 0.0 0.0 0.0 4.0452 4.0452 4.0452 4.0452
5.164 0 3 1.0 0.0 0.0 0.0 0.0 0.0 0.0 0.0 0.0 0.0 4.0452 4.0452 4.0452 4.0452
5.165 0 3 1.0 0.0 0.0 0.0 0.0 0.0 0.0 0.0 0.0 0.0 4.0452 4.0452 4.0452 4.0452
5.166 0 3 1.0 0.0 0.0 0.0 0.0 0.0 0.0 0.0 0.0 0.0 4.0452 4.0452 4.0452 4.0452
5.167 0 3 1.0 0.0 0.0 0.0 0.0 0.0 0.0 0.0 0.0 0.0 4.0452 4.0452 4.0452 4.0452
5.168 0 3 1.0 0.0 0.0 0.0 0.0 0.0 0.0 0.0 0.0 0.0 4.0452 4.0452 4.0452 4.0452
5.1690000000000005 0 3 1.0 0.0 0.0 0.0 0.0 0.0 0.0 0.0 0.0 0.0 4.0452 4.0452 4.0452 4.0452
5.17 0 3 1.0 0.0 0.0 0.0 0.0 0.0 0.0 0.0 0.0 0.0 4.0452 4.0452 4.0452 4.0452
5.171 0 3 1.0 0.0 0.0 0.0 0.0 0.0 0.0 0.0 0.0 0.0 4.0452 4.0452 4.0452 4.0452
5.172 0 3 1.0 0.0 0.0 0.0 0.0 0.0 0.0 0.0 0.0 0.0 4.0452 4.0452 4.0452 4.0452
5.173 0 3 1.0 0.0 0.0 0.0 0.0 0.0 0.0 0.0 0.0 0.0 4.0452 4.0452 4.0452 4.0452
5.174 0 3 1.0 0.0 0.0 0.0 0.0 0.0 0.0 0.0 0.0 0.0 4.0452 4.0452 4.0452 4.0452
5.175 0 3 1.0 0.0 0.0 0.0 0.0 0.0 0.0 0.0 0.0 0.0 4.0452 4.0452 4.0452 4.0452
5.176 0 3 1.0 0.0 0.0 0.0 0.0 0.0 0.0 0.0 0.0 0.0 4.0452 4.0452 4.0452 4.0452
5.1770000000000005 0 3 1.0 0.0 0.0 0.0 0.0 0.0 0.0 0.0 0.0 0.0 4.0452 4.0452 4.0452 4.0452
5.178 0 3 1.0 0.0 0.0 0.0 0.0 0.0 0.0 0.0 0.0 0.0 4.0452 4.0452 4.0452 4.0452
5.179 0 3 1.0 0.0 0.0 0.0 0.0 0.0 0.0 0.0 0.0 0.0 4.0452 4.0452 4.0452 4.0452
5.18 0 3 1.0 0.0 0.0 0.0 0.0 0.0 0.0 0.0 0.0 0.0 4.0452 4.0452 4.0452 4.0452
5.181 0 3 1.0 0.0 0.0 0.0 0.0 0.0 0.0 0.0 0.0 0.0 4.0452 4.0452 4.0452 4.0452
5.182 0 3 1.0 0.0 0.0 0.0 0.0 0.0 0.0 0.0 0.0 0.0 4.0452 4.0452 4.0452 4.0452
5.183 0 3 1.0 0.0 0.0 0.0 0.0 0.0 0.0 0.0 0.0 0.0 4.0452 4.0452 4.0452 4.0452
5.184 0 3 1.0 0.0 0.0 0.0 0.0 0.0 0.0 0.0 0.0 0.0 4.0452 4.0452 4.0452 4.0452
5.1850000000000005 0 3 1.0 0.0 0.0 0.0 0.0 0.0 0.0 0.0 0.0 0.0 4.0452 4.0452 4.0452 4.0452
5.186 0 3 1.0 0.0 0.0 0.0 0.0 0.0 0.0 0.0 0.0 0.0 4.0452 4.0452 4.0452 4.0452
5.187 0 3 1.0 0.0 0.0 0.0 0.0 0.0 0.0 0.0 0.0 0.0 4.0452 4.0452 4.0452 4.0452
5.188 0 3 1.0 0.0 0.0 0.0 0.0 0.0 0.0 0.0 0.0 0.0 4.0452 4.0452 4.0452 4.0452
5.189 0 3 1.0 0.0 0.0 0.0 0.0 0.0 0.0 0.0 0.0 0.0 4.0452 4.0452 4.0452 4.0452
5.19 0 3 1.0 0.0 0.0 0.0 0.0 0.0 0.0 0.0 0.0 0.0 4.0452 4.0452 4.0452 4.0452
5.191 0 3 1.0 0.0 0.0 0.0 0.0 0.0 0.0 0.0 0.0 0.0 4.0452 4.0452 4.0452 4.0452
5.192 0 3 1.0 0.0 0.0 0.0 0.0 0.0 0.0 0.0 0.0 0.0 4.0452 4.0452 4.0452 4.0452
5.1930000000000005 0 3 1.0 0.0 0.0 0.0 0.0 0.0 0.0 0.0 0.0 0.0 4.0452 4.0452 4.0452 4.0452
5.194 0 3 1.0 0.0 0.0 0.0 0.0 0.0 0.0 0.0 0.0 0.0 4.0452 4.0452 4.0452 4.0452
5.195 0 3 1.0 0.0 0.0 0.0 0.0 0.0 0.0 0.0 0.0 0.0 4.0452 4.0452 4.0452 4.0452
5.196 0 3 1.0 0.0 0.0 0.0 0.0 0.0 0.0 0.0 0.0 0.0 4.0452 4.0452 4.0452 4.0452
5.197 0 3 1.0 0.0 0.0 0.0 0.0 0.0 0.0 0.0 0.0 0.0 4.0452 4.0452 4.0452 4.0452
5.198 0 3 1.0 0.0 0.0 0.0 0.0 0.0 0.0 0.0 0.0 0.0 4.0452 4.0452 4.0452 4.0452
5.199 0 3 1.0 0.0 0.0 0.0 0.0 0.0 0.0 0.0 0.0 0.0 4.0452 4.0452 4.0452 4.0452
5.2 0 3 1.0 0.0 0.0 0.0 0.0 0.0 0.0 0.0 0.0 0.0 4.0452 4.0452 4.0452 4.0452
5.2010000000000005 0 3 1.0 0.0 0.0 0.0 0.0 0.0 0.0 0.0 0.0 0.0 4.0452 4.0452 4.0452 4.0452
5.202 0 3 1.0 0.0 0.0 0.0 0.0 0.0 0.0 0.0 0.0 0.0 4.0452 4.0452 4.0452 4.0452
5.203 0 3 1.0 0.0 0.0 0.0 0.0 0.0 0.0 0.0 0.0 0.0 4.0452 4.0452 4.0452 4.0452
5.204 0 3 1.0 0.0 0.0 0.0 0.0 0.0 0.0 0.0 0.0 0.0 4.0452 4.0452 4.0452 4.0452
5.205 0 3 1.0 0.0 0.0 0.0 0.0 0.0 0.0 0.0 0.0 0.0 4.0452 4.0452 4.0452 4.0452
5.206 0 3 1.0 0.0 0.0 0.0 0.0 0.0 0.0 0.0 0.0 0.0 4.0452 4.0452 4.0452 4.0452
5.207 0 3 1.0 0.0 0.0 0.0 0.0 0.0 0.0 0.0 0.0 0.0 4.0452 4.0452 4.0452 4.0452
5.208 0 3 1.0 0.0 0.0 0.0 0.0 0.0 0.0 0.0 0.0 0.0 4.0452 4.0452 4.0452 4.0452
5.2090000000000005 0 3 1.0 0.0 0.0 0.0 0.0 0.0 0.0 0.0 0.0 0.0 4.0452 4.0452 4.0452 4.0452
5.21 0 3 1.0 0.0 0.0 0.0 0.0 0.0 0.0 0.0 0.0 0.0 4.0452 4.0452 4.0452 4.0452
5.211 0 3 1.0 0.0 0.0 0.0 0.0 0.0 0.0 0.0 0.0 0.0 4.0452 4.0452 4.0452 4.0452
5.212 0 3 1.0 0.0 0.0 0.0 0.0 0.0 0.0 0.0 0.0 0.0 4.0452 4.0452 4.0452 4.0452
5.213 0 3 1.0 0.0 0.0 0.0 0.0 0.0 0.0 0.0 0.0 0.0 4.0452 4.0452 4.0452 4.0452
5.214 0 3 1.0 0.0 0.0 0.0 0.0 0.0 0.0 0.0 0.0 0.0 4.0452 4.0452 4.0452 4.0452
5.215 0 3 1.0 0.0 0.0 0.0 0.0 0.0 0.0 0.0 0.0 0.0 4.0452 4.0452 4.0452 4.0452
5.216 0 3 1.0 0.0 0.0 0.0 0.0 0.0 0.0 0.0 0.0 0.0 4.0452 4.0452 4.0452 4.0452
5.2170000000000005 0 3 1.0 0.0 0.0 0.0 0.0 0.0 0.0 0.0 0.0 0.0 4.0452 4.0452 4.0452 4.0452
5.218 0 3 1.0 0.0 0.0 0.0 0.0 0.0 0.0 0.0 0.0 0.0 4.0452 4.0452 4.0452 4.0452
5.219 0 3 1.0 0.0 0.0 0.0 0.0 0.0 0.0 0.0 0.0 0.0 4.0452 4.0452 4.0452 4.0452
5.22 0 3 1.0 0.0 0.0 0.0 0.0 0.0 0.0 0.0 0.0 0.0 4.0452 4.0452 4.0452 4.0452
5.221 0 3 1.0 0.0 0.0 0.0 0.0 0.0 0.0 0.0 0.0 0.0 4.0452 4.0452 4.0452 4.0452
5.222 0 3 1.0 0.0 0.0 0.0 0.0 0.0 0.0 0.0 0.0 0.0 4.0452 4.0452 4.0452 4.0452
5.223 0 3 1.0 0.0 0.0 0.0 0.0 0.0 0.0 0.0 0.0 0.0 4.0452 4.0452 4.0452 4.0452
5.224 0 3 1.0 0.0 0.0 0.0 0.0 0.0 0.0 0.0 0.0 0.0 4.0452 4.0452 4.0452 4.0452
5.2250000000000005 0 3 1.0 0.0 0.0 0.0 0.0 0.0 0.0 0.0 0.0 0.0 4.0452 4.0452 4.0452 4.0452
5.226 0 3 1.0 0.0 0.0 0.0 0.0 0.0 0.0 0.0 0.0 0.0 4.0452 4.0452 4.0452 4.0452
5.227 0 3 1.0 0.0 0.0 0.0 0.0 0.0 0.0 0.0 0.0 0.0 4.0452 4.0452 4.0452 4.0452
5.228 0 3 1.0 0.0 0.0 0.0 0.0 0.0 0.0 0.0 0.0 0.0 4.0452 4.0452 4.0452 4.0452
5.229 0 3 1.0 0.0 0.0 0.0 0.0 0.0 0.0 0.0 0.0 0.0 4.0452 4.0452 4.0452 4.0452
5.23 0 3 1.0 0.0 0.0 0.0 0.0 0.0 0.0 0.0 0.0 0.0 4.0452 4.0452 4.0452 4.0452
5.231 0 3 1.0 0.0 0.0 0.0 0.0 0.0 0.0 0.0 0.0 0.0 4.0452 4.0452 4.0452 4.0452
5.232 0 3 1.0 0.0 0.0 0.0 0.0 0.0 0.0 0.0 0.0 0.0 4.0452 4.0452 4.0452 4.0452
5.2330000000000005 0 3 1.0 0.0 0.0 0.0 0.0 0.0 0.0 0.0 0.0 0.0 4.0452 4.0452 4.0452 4.0452
5.234 0 3 1.0 0.0 0.0 0.0 0.0 0.0 0.0 0.0 0.0 0.0 4.0452 4.0452 4.0452 4.0452
5.235 0 3 1.0 0.0 0.0 0.0 0.0 0.0 0.0 0.0 0.0 0.0 4.0452 4.0452 4.0452 4.0452
5.236 0 3 1.0 0.0 0.0 0.0 0.0 0.0 0.0 0.0 0.0 0.0 4.0452 4.0452 4.0452 4.0452
5.237 0 3 1.0 0.0 0.0 0.0 0.0 0.0 0.0 0.0 0.0 0.0 4.0452 4.0452 4.0452 4.0452
5.238 0 3 1.0 0.0 0.0 0.0 0.0 0.0 0.0 0.0 0.0 0.0 4.0452 4.0452 4.0452 4.0452
5.239 0 3 1.0 0.0 0.0 0.0 0.0 0.0 0.0 0.0 0.0 0.0 4.0452 4.0452 4.0452 4.0452
5.24 0 3 1.0 0.0 0.0 0.0 0.0 0.0 0.0 0.0 0.0 0.0 4.0452 4.0452 4.0452 4.0452
5.2410000000000005 0 3 1.0 0.0 0.0 0.0 0.0 0.0 0.0 0.0 0.0 0.0 4.0452 4.0452 4.0452 4.0452
5.242 0 3 1.0 0.0 0.0 0.0 0.0 0.0 0.0 0.0 0.0 0.0 4.0452 4.0452 4.0452 4.0452
5.243 0 3 1.0 0.0 0.0 0.0 0.0 0.0 0.0 0.0 0.0 0.0 4.0452 4.0452 4.0452 4.0452
5.244 0 3 1.0 0.0 0.0 0.0 0.0 0.0 0.0 0.0 0.0 0.0 4.0452 4.0452 4.0452 4.0452
5.245 0 3 1.0 0.0 0.0 0.0 0.0 0.0 0.0 0.0 0.0 0.0 4.0452 4.0452 4.0452 4.0452
5.246 0 3 1.0 0.0 0.0 0.0 0.0 0.0 0.0 0.0 0.0 0.0 4.0452 4.0452 4.0452 4.0452
5.247 0 3 1.0 0.0 0.0 0.0 0.0 0.0 0.0 0.0 0.0 0.0 4.0452 4.0452 4.0452 4.0452
5.248 0 3 1.0 0.0 0.0 0.0 0.0 0.0 0.0 0.0 0.0 0.0 4.0452 4.0452 4.0452 4.0452
5.249 0 3 1.0 0.0 0.0 0.0 0.0 0.0 0.0 0.0 0.0 0.0 4.0452 4.0452 4.0452 4.0452
5.25 0 3 1.0 0.0 0.0 0.0 0.0 0.0 0.0 0.0 0.0 0.0 4.0452 4.0452 4.0452 4.0452
5.251 0 3 1.0 0.0 0.0 0.0 0.0 0.0 0.0 0.0 0.0 0.0 4.0452 4.0452 4.0452 4.0452
5.252 0 3 1.0 0.0 0.0 0.0 0.0 0.0 0.0 0.0 0.0 0.0 4.0452 4.0452 4.0452 4.0452
5.253 0 3 1.0 0.0 0.0 0.0 0.0 0.0 0.0 0.0 0.0 0.0 4.0452 4.0452 4.0452 4.0452
5.2540000000000004 0 3 1.0 0.0 0.0 0.0 0.0 0.0 0.0 0.0 0.0 0.0 4.0452 4.0452 4.0452 4.0452
5.255 0 3 1.0 0.0 0.0 0.0 0.0 0.0 0.0 0.0 0.0 0.0 4.0452 4.0452 4.0452 4.0452
5.256 0 3 1.0 0.0 0.0 0.0 0.0 0.0 0.0 0.0 0.0 0.0 4.0452 4.0452 4.0452 4.0452
5.257 0 3 1.0 0.0 0.0 0.0 0.0 0.0 0.0 0.0 0.0 0.0 4.0452 4.0452 4.0452 4.0452
5.258 0 3 1.0 0.0 0.0 0.0 0.0 0.0 0.0 0.0 0.0 0.0 4.0452 4.0452 4.0452 4.0452
5.259 0 3 1.0 0.0 0.0 0.0 0.0 0.0 0.0 0.0 0.0 0.0 4.0452 4.0452 4.0452 4.0452
5.26 0 3 1.0 0.0 0.0 0.0 0.0 0.0 0.0 0.0 0.0 0.0 4.0452 4.0452 4.0452 4.0452
5.261 0 3 1.0 0.0 0.0 0.0 0.0 0.0 0.0 0.0 0.0 0.0 4.0452 4.0452 4.0452 4.0452
5.2620000000000005 0 3 1.0 0.0 0.0 0.0 0.0 0.0 0.0 0.0 0.0 0.0 4.0452 4.0452 4.0452 4.0452
5.263 0 3 1.0 0.0 0.0 0.0 0.0 0.0 0.0 0.0 0.0 0.0 4.0452 4.0452 4.0452 4.0452
5.264 0 3 1.0 0.0 0.0 0.0 0.0 0.0 0.0 0.0 0.0 0.0 4.0452 4.0452 4.0452 4.0452
5.265 0 3 1.0 0.0 0.0 0.0 0.0 0.0 0.0 0.0 0.0 0.0 4.0452 4.0452 4.0452 4.0452
5.266 0 3 1.0 0.0 0.0 0.0 0.0 0.0 0.0 0.0 0.0 0.0 4.0452 4.0452 4.0452 4.0452
5.267 0 3 1.0 0.0 0.0 0.0 0.0 0.0 0.0 0.0 0.0 0.0 4.0452 4.0452 4.0452 4.0452
5.268 0 3 1.0 0.0 0.0 0.0 0.0 0.0 0.0 0.0 0.0 0.0 4.0452 4.0452 4.0452 4.0452
5.269 0 3 1.0 0.0 0.0 0.0 0.0 0.0 0.0 0.0 0.0 0.0 4.0452 4.0452 4.0452 4.0452
5.2700000000000005 0 3 1.0 0.0 0.0 0.0 0.0 0.0 0.0 0.0 0.0 0.0 4.0452 4.0452 4.0452 4.0452
5.271 0 3 1.0 0.0 0.0 0.0 0.0 0.0 0.0 0.0 0.0 0.0 4.0452 4.0452 4.0452 4.0452
5.272 0 3 1.0 0.0 0.0 0.0 0.0 0.0 0.0 0.0 0.0 0.0 4.0452 4.0452 4.0452 4.0452
5.273 0 3 1.0 0.0 0.0 0.0 0.0 0.0 0.0 0.0 0.0 0.0 4.0452 4.0452 4.0452 4.0452
5.274 0 3 1.0 0.0 0.0 0.0 0.0 0.0 0.0 0.0 0.0 0.0 4.0452 4.0452 4.0452 4.0452
5.275 0 3 1.0 0.0 0.0 0.0 0.0 0.0 0.0 0.0 0.0 0.0 4.0452 4.0452 4.0452 4.0452
5.276 0 3 1.0 0.0 0.0 0.0 0.0 0.0 0.0 0.0 0.0 0.0 4.0452 4.0452 4.0452 4.0452
5.277 0 3 1.0 0.0 0.0 0.0 0.0 0.0 0.0 0.0 0.0 0.0 4.0452 4.0452 4.0452 4.0452
5.2780000000000005 0 3 1.0 0.0 0.0 0.0 0.0 0.0 0.0 0.0 0.0 0.0 4.0452 4.0452 4.0452 4.0452
5.279 0 3 1.0 0.0 0.0 0.0 0.0 0.0 0.0 0.0 0.0 0.0 4.0452 4.0452 4.0452 4.0452
5.28 0 3 1.0 0.0 0.0 0.0 0.0 0.0 0.0 0.0 0.0 0.0 4.0452 4.0452 4.0452 4.0452
5.281 0 3 1.0 0.0 0.0 0.0 0.0 0.0 0.0 0.0 0.0 0.0 4.0452 4.0452 4.0452 4.0452
5.282 0 3 1.0 0.0 0.0 0.0 0.0 0.0 0.0 0.0 0.0 0.0 4.0452 4.0452 4.0452 4.0452
5.283 0 3 1.0 0.0 0.0 0.0 0.0 0.0 0.0 0.0 0.0 0.0 4.0452 4.0452 4.0452 4.0452
5.284 0 3 1.0 0.0 0.0 0.0 0.0 0.0 0.0 0.0 0.0 0.0 4.0452 4.0452 4.0452 4.0452
5.285 0 3 1.0 0.0 0.0 0.0 0.0 0.0 0.0 0.0 0.0 0.0 4.0452 4.0452 4.0452 4.0452
5.2860000000000005 0 3 1.0 0.0 0.0 0.0 0.0 0.0 0.0 0.0 0.0 0.0 4.0452 4.0452 4.0452 4.0452
5.287 0 3 1.0 0.0 0.0 0.0 0.0 0.0 0.0 0.0 0.0 0.0 4.0452 4.0452 4.0452 4.0452
5.288 0 3 1.0 0.0 0.0 0.0 0.0 0.0 0.0 0.0 0.0 0.0 4.0452 4.0452 4.0452 4.0452
5.289 0 3 1.0 0.0 0.0 0.0 0.0 0.0 0.0 0.0 0.0 0.0 4.0452 4.0452 4.0452 4.0452
5.29 0 3 1.0 0.0 0.0 0.0 0.0 0.0 0.0 0.0 0.0 0.0 4.0452 4.0452 4.0452 4.0452
5.291 0 3 1.0 0.0 0.0 0.0 0.0 0.0 0.0 0.0 0.0 0.0 4.0452 4.0452 4.0452 4.0452
5.292 0 3 1.0 0.0 0.0 0.0 0.0 0.0 0.0 0.0 0.0 0.0 4.0452 4.0452 4.0452 4.0452
5.293 0 3 1.0 0.0 0.0 0.0 0.0 0.0 0.0 0.0 0.0 0.0 4.0452 4.0452 4.0452 4.0452
5.2940000000000005 0 3 1.0 0.0 0.0 0.0 0.0 0.0 0.0 0.0 0.0 0.0 4.0452 4.0452 4.0452 4.0452
5.295 0 3 1.0 0.0 0.0 0.0 0.0 0.0 0.0 0.0 0.0 0.0 4.0452 4.0452 4.0452 4.0452
5.296 0 3 1.0 0.0 0.0 0.0 0.0 0.0 0.0 0.0 0.0 0.0 4.0452 4.0452 4.0452 4.0452
5.297 0 3 1.0 0.0 0.0 0.0 0.0 0.0 0.0 0.0 0.0 0.0 4.0452 4.0452 4.0452 4.0452
5.298 0 3 1.0 0.0 0.0 0.0 0.0 0.0 0.0 0.0 0.0 0.0 4.0452 4.0452 4.0452 4.0452
5.299 0 3 1.0 0.0 0.0 0.0 0.0 0.0 0.0 0.0 0.0 0.0 4.0452 4.0452 4.0452 4.0452
5.3 0 3 1.0 0.0 0.0 0.0 0.0 0.0 0.0 0.0 0.0 0.0 4.0452 4.0452 4.0452 4.0452
5.301 0 3 1.0 0.0 0.0 0.0 0.0 0.0 0.0 0.0 0.0 0.0 4.0452 4.0452 4.0452 4.0452
5.3020000000000005 0 3 1.0 0.0 0.0 0.0 0.0 0.0 0.0 0.0 0.0 0.0 4.0452 4.0452 4.0452 4.0452
5.303 0 3 1.0 0.0 0.0 0.0 0.0 0.0 0.0 0.0 0.0 0.0 4.0452 4.0452 4.0452 4.0452
5.304 0 3 1.0 0.0 0.0 0.0 0.0 0.0 0.0 0.0 0.0 0.0 4.0452 4.0452 4.0452 4.0452
5.305 0 3 1.0 0.0 0.0 0.0 0.0 0.0 0.0 0.0 0.0 0.0 4.0452 4.0452 4.0452 4.0452
5.306 0 3 1.0 0.0 0.0 0.0 0.0 0.0 0.0 0.0 0.0 0.0 4.0452 4.0452 4.0452 4.0452
5.307 0 3 1.0 0.0 0.0 0.0 0.0 0.0 0.0 0.0 0.0 0.0 4.0452 4.0452 4.0452 4.0452
5.308 0 3 1.0 0.0 0.0 0.0 0.0 0.0 0.0 0.0 0.0 0.0 4.0452 4.0452 4.0452 4.0452
5.309 0 3 1.0 0.0 0.0 0.0 0.0 0.0 0.0 0.0 0.0 0.0 4.0452 4.0452 4.0452 4.0452
5.3100000000000005 0 3 1.0 0.0 0.0 0.0 0.0 0.0 0.0 0.0 0.0 0.0 4.0452 4.0452 4.0452 4.0452
5.311 0 3 1.0 0.0 0.0 0.0 0.0 0.0 0.0 0.0 0.0 0.0 4.0452 4.0452 4.0452 4.0452
5.312 0 3 1.0 0.0 0.0 0.0 0.0 0.0 0.0 0.0 0.0 0.0 4.0452 4.0452 4.0452 4.0452
5.313 0 3 1.0 0.0 0.0 0.0 0.0 0.0 0.0 0.0 0.0 0.0 4.0452 4.0452 4.0452 4.0452
5.314 0 3 1.0 0.0 0.0 0.0 0.0 0.0 0.0 0.0 0.0 0.0 4.0452 4.0452 4.0452 4.0452
5.315 0 3 1.0 0.0 0.0 0.0 0.0 0.0 0.0 0.0 0.0 0.0 4.0452 4.0452 4.0452 4.0452
5.316 0 3 1.0 0.0 0.0 0.0 0.0 0.0 0.0 0.0 0.0 0.0 4.0452 4.0452 4.0452 4.0452
5.317 0 3 1.0 0.0 0.0 0.0 0.0 0.0 0.0 0.0 0.0 0.0 4.0452 4.0452 4.0452 4.0452
5.3180000000000005 0 3 1.0 0.0 0.0 0.0 0.0 0.0 0.0 0.0 0.0 0.0 4.0452 4.0452 4.0452 4.0452
5.319 0 3 1.0 0.0 0.0 0.0 0.0 0.0 0.0 0.0 0.0 0.0 4.0452 4.0452 4.0452 4.0452
5.32 0 3 1.0 0.0 0.0 0.0 0.0 0.0 0.0 0.0 0.0 0.0 4.0452 4.0452 4.0452 4.0452
5.321 0 3 1.0 0.0 0.0 0.0 0.0 0.0 0.0 0.0 0.0 0.0 4.0452 4.0452 4.0452 4.0452
5.322 0 3 1.0 0.0 0.0 0.0 0.0 0.0 0.0 0.0 0.0 0.0 4.0452 4.0452 4.0452 4.0452
5.323 0 3 1.0 0.0 0.0 0.0 0.0 0.0 0.0 0.0 0.0 0.0 4.0452 4.0452 4.0452 4.0452
5.324 0 3 1.0 0.0 0.0 0.0 0.0 0.0 0.0 0.0 0.0 0.0 4.0452 4.0452 4.0452 4.0452
5.325 0 3 1.0 0.0 0.0 0.0 0.0 0.0 0.0 0.0 0.0 0.0 4.0452 4.0452 4.0452 4.0452
5.3260000000000005 0 3 1.0 0.0 0.0 0.0 0.0 0.0 0.0 0.0 0.0 0.0 4.0452 4.0452 4.0452 4.0452
5.327 0 3 1.0 0.0 0.0 0.0 0.0 0.0 0.0 0.0 0.0 0.0 4.0452 4.0452 4.0452 4.0452
5.328 0 3 1.0 0.0 0.0 0.0 0.0 0.0 0.0 0.0 0.0 0.0 4.0452 4.0452 4.0452 4.0452
5.329 0 3 1.0 0.0 0.0 0.0 0.0 0.0 0.0 0.0 0.0 0.0 4.0452 4.0452 4.0452 4.0452
5.33 0 3 1.0 0.0 0.0 0.0 0.0 0.0 0.0 0.0 0.0 0.0 4.0452 4.0452 4.0452 4.0452
5.331 0 3 1.0 0.0 0.0 0.0 0.0 0.0 0.0 0.0 0.0 0.0 4.0452 4.0452 4.0452 4.0452
5.332 0 3 1.0 0.0 0.0 0.0 0.0 0.0 0.0 0.0 0.0 0.0 4.0452 4.0452 4.0452 4.0452
5.333 0 3 1.0 0.0 0.0 0.0 0.0 0.0 0.0 0.0 0.0 0.0 4.0452 4.0452 4.0452 4.0452
5.3340000000000005 0 3 1.0 0.0 0.0 0.0 0.0 0.0 0.0 0.0 0.0 0.0 4.0452 4.0452 4.0452 4.0452
5.335 0 3 1.0 0.0 0.0 0.0 0.0 0.0 0.0 0.0 0.0 0.0 4.0452 4.0452 4.0452 4.0452
5.336 0 3 1.0 0.0 0.0 0.0 0.0 0.0 0.0 0.0 0.0 0.0 4.0452 4.0452 4.0452 4.0452
5.337 0 3 1.0 0.0 0.0 0.0 0.0 0.0 0.0 0.0 0.0 0.0 4.0452 4.0452 4.0452 4.0452
5.338 0 3 1.0 0.0 0.0 0.0 0.0 0.0 0.0 0.0 0.0 0.0 4.0452 4.0452 4.0452 4.0452
5.339 0 3 1.0 0.0 0.0 0.0 0.0 0.0 0.0 0.0 0.0 0.0 4.0452 4.0452 4.0452 4.0452
5.34 0 3 1.0 0.0 0.0 0.0 0.0 0.0 0.0 0.0 0.0 0.0 4.0452 4.0452 4.0452 4.0452
5.341 0 3 1.0 0.0 0.0 0.0 0.0 0.0 0.0 0.0 0.0 0.0 4.0452 4.0452 4.0452 4.0452
5.3420000000000005 0 3 1.0 0.0 0.0 0.0 0.0 0.0 0.0 0.0 0.0 0.0 4.0452 4.0452 4.0452 4.0452
5.343 0 3 1.0 0.0 0.0 0.0 0.0 0.0 0.0 0.0 0.0 0.0 4.0452 4.0452 4.0452 4.0452
5.344 0 3 1.0 0.0 0.0 0.0 0.0 0.0 0.0 0.0 0.0 0.0 4.0452 4.0452 4.0452 4.0452
5.345 0 3 1.0 0.0 0.0 0.0 0.0 0.0 0.0 0.0 0.0 0.0 4.0452 4.0452 4.0452 4.0452
5.346 0 3 1.0 0.0 0.0 0.0 0.0 0.0 0.0 0.0 0.0 0.0 4.0452 4.0452 4.0452 4.0452
5.347 0 3 1.0 0.0 0.0 0.0 0.0 0.0 0.0 0.0 0.0 0.0 4.0452 4.0452 4.0452 4.0452
5.348 0 3 1.0 0.0 0.0 0.0 0.0 0.0 0.0 0.0 0.0 0.0 4.0452 4.0452 4.0452 4.0452
5.349 0 3 1.0 0.0 0.0 0.0 0.0 0.0 0.0 0.0 0.0 0.0 4.0452 4.0452 4.0452 4.0452
5.3500000000000005 0 3 1.0 0.0 0.0 0.0 0.0 0.0 0.0 0.0 0.0 0.0 4.0452 4.0452 4.0452 4.0452
5.351 0 3 1.0 0.0 0.0 0.0 0.0 0.0 0.0 0.0 0.0 0.0 4.0452 4.0452 4.0452 4.0452
5.352 0 3 1.0 0.0 0.0 0.0 0.0 0.0 0.0 0.0 0.0 0.0 4.0452 4.0452 4.0452 4.0452
5.353 0 3 1.0 0.0 0.0 0.0 0.0 0.0 0.0 0.0 0.0 0.0 4.0452 4.0452 4.0452 4.0452
5.354 0 3 1.0 0.0 0.0 0.0 0.0 0.0 0.0 0.0 0.0 0.0 4.0452 4.0452 4.0452 4.0452
5.355 0 3 1.0 0.0 0.0 0.0 0.0 0.0 0.0 0.0 0.0 0.0 4.0452 4.0452 4.0452 4.0452
5.356 0 3 1.0 0.0 0.0 0.0 0.0 0.0 0.0 0.0 0.0 0.0 4.0452 4.0452 4.0452 4.0452
5.357 0 3 1.0 0.0 0.0 0.0 0.0 0.0 0.0 0.0 0.0 0.0 4.0452 4.0452 4.0452 4.0452
5.3580000000000005 0 3 1.0 0.0 0.0 0.0 0.0 0.0 0.0 0.0 0.0 0.0 4.0452 4.0452 4.0452 4.0452
5.359 0 3 1.0 0.0 0.0 0.0 0.0 0.0 0.0 0.0 0.0 0.0 4.0452 4.0452 4.0452 4.0452
5.36 0 3 1.0 0.0 0.0 0.0 0.0 0.0 0.0 0.0 0.0 0.0 4.0452 4.0452 4.0452 4.0452
5.361 0 3 1.0 0.0 0.0 0.0 0.0 0.0 0.0 0.0 0.0 0.0 4.0452 4.0452 4.0452 4.0452
5.362 0 3 1.0 0.0 0.0 0.0 0.0 0.0 0.0 0.0 0.0 0.0 4.0452 4.0452 4.0452 4.0452
5.363 0 3 1.0 0.0 0.0 0.0 0.0 0.0 0.0 0.0 0.0 0.0 4.0452 4.0452 4.0452 4.0452
5.364 0 3 1.0 0.0 0.0 0.0 0.0 0.0 0.0 0.0 0.0 0.0 4.0452 4.0452 4.0452 4.0452
5.365 0 3 1.0 0.0 0.0 0.0 0.0 0.0 0.0 0.0 0.0 0.0 4.0452 4.0452 4.0452 4.0452
5.3660000000000005 0 3 1.0 0.0 0.0 0.0 0.0 0.0 0.0 0.0 0.0 0.0 4.0452 4.0452 4.0452 4.0452
5.367 0 3 1.0 0.0 0.0 0.0 0.0 0.0 0.0 0.0 0.0 0.0 4.0452 4.0452 4.0452 4.0452
5.368 0 3 1.0 0.0 0.0 0.0 0.0 0.0 0.0 0.0 0.0 0.0 4.0452 4.0452 4.0452 4.0452
5.369 0 3 1.0 0.0 0.0 0.0 0.0 0.0 0.0 0.0 0.0 0.0 4.0452 4.0452 4.0452 4.0452
5.37 0 3 1.0 0.0 0.0 0.0 0.0 0.0 0.0 0.0 0.0 0.0 4.0452 4.0452 4.0452 4.0452
5.371 0 3 1.0 0.0 0.0 0.0 0.0 0.0 0.0 0.0 0.0 0.0 4.0452 4.0452 4.0452 4.0452
5.372 0 3 1.0 0.0 0.0 0.0 0.0 0.0 0.0 0.0 0.0 0.0 4.0452 4.0452 4.0452 4.0452
5.373 0 3 1.0 0.0 0.0 0.0 0.0 0.0 0.0 0.0 0.0 0.0 4.0452 4.0452 4.0452 4.0452
5.3740000000000006 0 3 1.0 0.0 0.0 0.0 0.0 0.0 0.0 0.0 0.0 0.0 4.0452 4.0452 4.0452 4.0452
5.375 0 3 1.0 0.0 0.0 0.0 0.0 0.0 0.0 0.0 0.0 0.0 4.0452 4.0452 4.0452 4.0452
5.376 0 3 1.0 0.0 0.0 0.0 0.0 0.0 0.0 0.0 0.0 0.0 4.0452 4.0452 4.0452 4.0452
5.377 0 3 1.0 0.0 0.0 0.0 0.0 0.0 0.0 0.0 0.0 0.0 4.0452 4.0452 4.0452 4.0452
5.378 0 3 1.0 0.0 0.0 0.0 0.0 0.0 0.0 0.0 0.0 0.0 4.0452 4.0452 4.0452 4.0452
5.3790000000000004 0 3 1.0 0.0 0.0 0.0 0.0 0.0 0.0 0.0 0.0 0.0 4.0452 4.0452 4.0452 4.0452
5.38 0 3 1.0 0.0 0.0 0.0 0.0 0.0 0.0 0.0 0.0 0.0 4.0452 4.0452 4.0452 4.0452
5.381 0 3 1.0 0.0 0.0 0.0 0.0 0.0 0.0 0.0 0.0 0.0 4.0452 4.0452 4.0452 4.0452
5.382 0 3 1.0 0.0 0.0 0.0 0.0 0.0 0.0 0.0 0.0 0.0 4.0452 4.0452 4.0452 4.0452
5.383 0 3 1.0 0.0 0.0 0.0 0.0 0.0 0.0 0.0 0.0 0.0 4.0452 4.0452 4.0452 4.0452
5.384 0 3 1.0 0.0 0.0 0.0 0.0 0.0 0.0 0.0 0.0 0.0 4.0452 4.0452 4.0452 4.0452
5.385 0 3 1.0 0.0 0.0 0.0 0.0 0.0 0.0 0.0 0.0 0.0 4.0452 4.0452 4.0452 4.0452
5.386 0 3 1.0 0.0 0.0 0.0 0.0 0.0 0.0 0.0 0.0 0.0 4.0452 4.0452 4.0452 4.0452
5.3870000000000005 0 3 1.0 0.0 0.0 0.0 0.0 0.0 0.0 0.0 0.0 0.0 4.0452 4.0452 4.0452 4.0452
5.388 0 3 1.0 0.0 0.0 0.0 0.0 0.0 0.0 0.0 0.0 0.0 4.0452 4.0452 4.0452 4.0452
5.389 0 3 1.0 0.0 0.0 0.0 0.0 0.0 0.0 0.0 0.0 0.0 4.0452 4.0452 4.0452 4.0452
5.39 0 3 1.0 0.0 0.0 0.0 0.0 0.0 0.0 0.0 0.0 0.0 4.0452 4.0452 4.0452 4.0452
5.391 0 3 1.0 0.0 0.0 0.0 0.0 0.0 0.0 0.0 0.0 0.0 4.0452 4.0452 4.0452 4.0452
5.392 0 3 1.0 0.0 0.0 0.0 0.0 0.0 0.0 0.0 0.0 0.0 4.0452 4.0452 4.0452 4.0452
5.393 0 3 1.0 0.0 0.0 0.0 0.0 0.0 0.0 0.0 0.0 0.0 4.0452 4.0452 4.0452 4.0452
5.394 0 3 1.0 0.0 0.0 0.0 0.0 0.0 0.0 0.0 0.0 0.0 4.0452 4.0452 4.0452 4.0452
5.3950000000000005 0 3 1.0 0.0 0.0 0.0 0.0 0.0 0.0 0.0 0.0 0.0 4.0452 4.0452 4.0452 4.0452
5.396 0 3 1.0 0.0 0.0 0.0 0.0 0.0 0.0 0.0 0.0 0.0 4.0452 4.0452 4.0452 4.0452
5.397 0 3 1.0 0.0 0.0 0.0 0.0 0.0 0.0 0.0 0.0 0.0 4.0452 4.0452 4.0452 4.0452
5.398 0 3 1.0 0.0 0.0 0.0 0.0 0.0 0.0 0.0 0.0 0.0 4.0452 4.0452 4.0452 4.0452
5.399 0 3 1.0 0.0 0.0 0.0 0.0 0.0 0.0 0.0 0.0 0.0 4.0452 4.0452 4.0452 4.0452
5.4 0 3 1.0 0.0 0.0 0.0 0.0 0.0 0.0 0.0 0.0 0.0 4.0452 4.0452 4.0452 4.0452
5.401 0 3 1.0 0.0 0.0 0.0 0.0 0.0 0.0 0.0 0.0 0.0 4.0452 4.0452 4.0452 4.0452
5.402 0 3 1.0 0.0 0.0 0.0 0.0 0.0 0.0 0.0 0.0 0.0 4.0452 4.0452 4.0452 4.0452
5.4030000000000005 0 3 1.0 0.0 0.0 0.0 0.0 0.0 0.0 0.0 0.0 0.0 4.0452 4.0452 4.0452 4.0452
5.404 0 3 1.0 0.0 0.0 0.0 0.0 0.0 0.0 0.0 0.0 0.0 4.0452 4.0452 4.0452 4.0452
5.405 0 3 1.0 0.0 0.0 0.0 0.0 0.0 0.0 0.0 0.0 0.0 4.0452 4.0452 4.0452 4.0452
5.406 0 3 1.0 0.0 0.0 0.0 0.0 0.0 0.0 0.0 0.0 0.0 4.0452 4.0452 4.0452 4.0452
5.407 0 3 1.0 0.0 0.0 0.0 0.0 0.0 0.0 0.0 0.0 0.0 4.0452 4.0452 4.0452 4.0452
5.408 0 3 1.0 0.0 0.0 0.0 0.0 0.0 0.0 0.0 0.0 0.0 4.0452 4.0452 4.0452 4.0452
5.409 0 3 1.0 0.0 0.0 0.0 0.0 0.0 0.0 0.0 0.0 0.0 4.0452 4.0452 4.0452 4.0452
5.41 0 3 1.0 0.0 0.0 0.0 0.0 0.0 0.0 0.0 0.0 0.0 4.0452 4.0452 4.0452 4.0452
5.4110000000000005 0 3 1.0 0.0 0.0 0.0 0.0 0.0 0.0 0.0 0.0 0.0 4.0452 4.0452 4.0452 4.0452
5.412 0 3 1.0 0.0 0.0 0.0 0.0 0.0 0.0 0.0 0.0 0.0 4.0452 4.0452 4.0452 4.0452
5.413 0 3 1.0 0.0 0.0 0.0 0.0 0.0 0.0 0.0 0.0 0.0 4.0452 4.0452 4.0452 4.0452
5.414 0 3 1.0 0.0 0.0 0.0 0.0 0.0 0.0 0.0 0.0 0.0 4.0452 4.0452 4.0452 4.0452
5.415 0 3 1.0 0.0 0.0 0.0 0.0 0.0 0.0 0.0 0.0 0.0 4.0452 4.0452 4.0452 4.0452
5.416 0 3 1.0 0.0 0.0 0.0 0.0 0.0 0.0 0.0 0.0 0.0 4.0452 4.0452 4.0452 4.0452
5.417 0 3 1.0 0.0 0.0 0.0 0.0 0.0 0.0 0.0 0.0 0.0 4.0452 4.0452 4.0452 4.0452
5.418 0 3 1.0 0.0 0.0 0.0 0.0 0.0 0.0 0.0 0.0 0.0 4.0452 4.0452 4.0452 4.0452
5.4190000000000005 0 3 1.0 0.0 0.0 0.0 0.0 0.0 0.0 0.0 0.0 0.0 4.0452 4.0452 4.0452 4.0452
5.42 0 3 1.0 0.0 0.0 0.0 0.0 0.0 0.0 0.0 0.0 0.0 4.0452 4.0452 4.0452 4.0452
5.421 0 3 1.0 0.0 0.0 0.0 0.0 0.0 0.0 0.0 0.0 0.0 4.0452 4.0452 4.0452 4.0452
5.422 0 3 1.0 0.0 0.0 0.0 0.0 0.0 0.0 0.0 0.0 0.0 4.0452 4.0452 4.0452 4.0452
5.423 0 3 1.0 0.0 0.0 0.0 0.0 0.0 0.0 0.0 0.0 0.0 4.0452 4.0452 4.0452 4.0452
5.424 0 3 1.0 0.0 0.0 0.0 0.0 0.0 0.0 0.0 0.0 0.0 4.0452 4.0452 4.0452 4.0452
5.425 0 3 1.0 0.0 0.0 0.0 0.0 0.0 0.0 0.0 0.0 0.0 4.0452 4.0452 4.0452 4.0452
5.426 0 3 1.0 0.0 0.0 0.0 0.0 0.0 0.0 0.0 0.0 0.0 4.0452 4.0452 4.0452 4.0452
5.4270000000000005 0 3 1.0 0.0 0.0 0.0 0.0 0.0 0.0 0.0 0.0 0.0 4.0452 4.0452 4.0452 4.0452
5.428 0 3 1.0 0.0 0.0 0.0 0.0 0.0 0.0 0.0 0.0 0.0 4.0452 4.0452 4.0452 4.0452
5.429 0 3 1.0 0.0 0.0 0.0 0.0 0.0 0.0 0.0 0.0 0.0 4.0452 4.0452 4.0452 4.0452
5.43 0 3 1.0 0.0 0.0 0.0 0.0 0.0 0.0 0.0 0.0 0.0 4.0452 4.0452 4.0452 4.0452
5.431 0 3 1.0 0.0 0.0 0.0 0.0 0.0 0.0 0.0 0.0 0.0 4.0452 4.0452 4.0452 4.0452
5.432 0 3 1.0 0.0 0.0 0.0 0.0 0.0 0.0 0.0 0.0 0.0 4.0452 4.0452 4.0452 4.0452
5.433 0 3 1.0 0.0 0.0 0.0 0.0 0.0 0.0 0.0 0.0 0.0 4.0452 4.0452 4.0452 4.0452
5.434 0 3 1.0 0.0 0.0 0.0 0.0 0.0 0.0 0.0 0.0 0.0 4.0452 4.0452 4.0452 4.0452
5.4350000000000005 0 3 1.0 0.0 0.0 0.0 0.0 0.0 0.0 0.0 0.0 0.0 4.0452 4.0452 4.0452 4.0452
5.436 0 3 1.0 0.0 0.0 0.0 0.0 0.0 0.0 0.0 0.0 0.0 4.0452 4.0452 4.0452 4.0452
5.437 0 3 1.0 0.0 0.0 0.0 0.0 0.0 0.0 0.0 0.0 0.0 4.0452 4.0452 4.0452 4.0452
5.438 0 3 1.0 0.0 0.0 0.0 0.0 0.0 0.0 0.0 0.0 0.0 4.0452 4.0452 4.0452 4.0452
5.439 0 3 1.0 0.0 0.0 0.0 0.0 0.0 0.0 0.0 0.0 0.0 4.0452 4.0452 4.0452 4.0452
5.44 0 3 1.0 0.0 0.0 0.0 0.0 0.0 0.0 0.0 0.0 0.0 4.0452 4.0452 4.0452 4.0452
5.441 0 3 1.0 0.0 0.0 0.0 0.0 0.0 0.0 0.0 0.0 0.0 4.0452 4.0452 4.0452 4.0452
5.442 0 3 1.0 0.0 0.0 0.0 0.0 0.0 0.0 0.0 0.0 0.0 4.0452 4.0452 4.0452 4.0452
5.4430000000000005 0 3 1.0 0.0 0.0 0.0 0.0 0.0 0.0 0.0 0.0 0.0 4.0452 4.0452 4.0452 4.0452
5.444 0 3 1.0 0.0 0.0 0.0 0.0 0.0 0.0 0.0 0.0 0.0 4.0452 4.0452 4.0452 4.0452
5.445 0 3 1.0 0.0 0.0 0.0 0.0 0.0 0.0 0.0 0.0 0.0 4.0452 4.0452 4.0452 4.0452
5.446 0 3 1.0 0.0 0.0 0.0 0.0 0.0 0.0 0.0 0.0 0.0 4.0452 4.0452 4.0452 4.0452
5.447 0 3 1.0 0.0 0.0 0.0 0.0 0.0 0.0 0.0 0.0 0.0 4.0452 4.0452 4.0452 4.0452
5.448 0 3 1.0 0.0 0.0 0.0 0.0 0.0 0.0 0.0 0.0 0.0 4.0452 4.0452 4.0452 4.0452
5.449 0 3 1.0 0.0 0.0 0.0 0.0 0.0 0.0 0.0 0.0 0.0 4.0452 4.0452 4.0452 4.0452
5.45 0 3 1.0 0.0 0.0 0.0 0.0 0.0 0.0 0.0 0.0 0.0 4.0452 4.0452 4.0452 4.0452
5.4510000000000005 0 3 1.0 0.0 0.0 0.0 0.0 0.0 0.0 0.0 0.0 0.0 4.0452 4.0452 4.0452 4.0452
5.452 0 3 1.0 0.0 0.0 0.0 0.0 0.0 0.0 0.0 0.0 0.0 4.0452 4.0452 4.0452 4.0452
5.453 0 3 1.0 0.0 0.0 0.0 0.0 0.0 0.0 0.0 0.0 0.0 4.0452 4.0452 4.0452 4.0452
5.454 0 3 1.0 0.0 0.0 0.0 0.0 0.0 0.0 0.0 0.0 0.0 4.0452 4.0452 4.0452 4.0452
5.455 0 3 1.0 0.0 0.0 0.0 0.0 0.0 0.0 0.0 0.0 0.0 4.0452 4.0452 4.0452 4.0452
5.456 0 3 1.0 0.0 0.0 0.0 0.0 0.0 0.0 0.0 0.0 0.0 4.0452 4.0452 4.0452 4.0452
5.457 0 3 1.0 0.0 0.0 0.0 0.0 0.0 0.0 0.0 0.0 0.0 4.0452 4.0452 4.0452 4.0452
5.458 0 3 1.0 0.0 0.0 0.0 0.0 0.0 0.0 0.0 0.0 0.0 4.0452 4.0452 4.0452 4.0452
5.4590000000000005 0 3 1.0 0.0 0.0 0.0 0.0 0.0 0.0 0.0 0.0 0.0 4.0452 4.0452 4.0452 4.0452
5.46 0 3 1.0 0.0 0.0 0.0 0.0 0.0 0.0 0.0 0.0 0.0 4.0452 4.0452 4.0452 4.0452
5.461 0 3 1.0 0.0 0.0 0.0 0.0 0.0 0.0 0.0 0.0 0.0 4.0452 4.0452 4.0452 4.0452
5.462 0 3 1.0 0.0 0.0 0.0 0.0 0.0 0.0 0.0 0.0 0.0 4.0452 4.0452 4.0452 4.0452
5.463 0 3 1.0 0.0 0.0 0.0 0.0 0.0 0.0 0.0 0.0 0.0 4.0452 4.0452 4.0452 4.0452
5.464 0 3 1.0 0.0 0.0 0.0 0.0 0.0 0.0 0.0 0.0 0.0 4.0452 4.0452 4.0452 4.0452
5.465 0 3 1.0 0.0 0.0 0.0 0.0 0.0 0.0 0.0 0.0 0.0 4.0452 4.0452 4.0452 4.0452
5.466 0 3 1.0 0.0 0.0 0.0 0.0 0.0 0.0 0.0 0.0 0.0 4.0452 4.0452 4.0452 4.0452
5.4670000000000005 0 3 1.0 0.0 0.0 0.0 0.0 0.0 0.0 0.0 0.0 0.0 4.0452 4.0452 4.0452 4.0452
5.468 0 3 1.0 0.0 0.0 0.0 0.0 0.0 0.0 0.0 0.0 0.0 4.0452 4.0452 4.0452 4.0452
5.469 0 3 1.0 0.0 0.0 0.0 0.0 0.0 0.0 0.0 0.0 0.0 4.0452 4.0452 4.0452 4.0452
5.47 0 3 1.0 0.0 0.0 0.0 0.0 0.0 0.0 0.0 0.0 0.0 4.0452 4.0452 4.0452 4.0452
5.471 0 3 1.0 0.0 0.0 0.0 0.0 0.0 0.0 0.0 0.0 0.0 4.0452 4.0452 4.0452 4.0452
5.472 0 3 1.0 0.0 0.0 0.0 0.0 0.0 0.0 0.0 0.0 0.0 4.0452 4.0452 4.0452 4.0452
5.473 0 3 1.0 0.0 0.0 0.0 0.0 0.0 0.0 0.0 0.0 0.0 4.0452 4.0452 4.0452 4.0452
5.474 0 3 1.0 0.0 0.0 0.0 0.0 0.0 0.0 0.0 0.0 0.0 4.0452 4.0452 4.0452 4.0452
5.4750000000000005 0 3 1.0 0.0 0.0 0.0 0.0 0.0 0.0 0.0 0.0 0.0 4.0452 4.0452 4.0452 4.0452
5.476 0 3 1.0 0.0 0.0 0.0 0.0 0.0 0.0 0.0 0.0 0.0 4.0452 4.0452 4.0452 4.0452
5.477 0 3 1.0 0.0 0.0 0.0 0.0 0.0 0.0 0.0 0.0 0.0 4.0452 4.0452 4.0452 4.0452
5.478 0 3 1.0 0.0 0.0 0.0 0.0 0.0 0.0 0.0 0.0 0.0 4.0452 4.0452 4.0452 4.0452
5.479 0 3 1.0 0.0 0.0 0.0 0.0 0.0 0.0 0.0 0.0 0.0 4.0452 4.0452 4.0452 4.0452
5.48 0 3 1.0 0.0 0.0 0.0 0.0 0.0 0.0 0.0 0.0 0.0 4.0452 4.0452 4.0452 4.0452
5.481 0 3 1.0 0.0 0.0 0.0 0.0 0.0 0.0 0.0 0.0 0.0 4.0452 4.0452 4.0452 4.0452
5.482 0 3 1.0 0.0 0.0 0.0 0.0 0.0 0.0 0.0 0.0 0.0 4.0452 4.0452 4.0452 4.0452
5.4830000000000005 0 3 1.0 0.0 0.0 0.0 0.0 0.0 0.0 0.0 0.0 0.0 4.0452 4.0452 4.0452 4.0452
5.484 0 3 1.0 0.0 0.0 0.0 0.0 0.0 0.0 0.0 0.0 0.0 4.0452 4.0452 4.0452 4.0452
5.485 0 3 1.0 0.0 0.0 0.0 0.0 0.0 0.0 0.0 0.0 0.0 4.0452 4.0452 4.0452 4.0452
5.486 0 3 1.0 0.0 0.0 0.0 0.0 0.0 0.0 0.0 0.0 0.0 4.0452 4.0452 4.0452 4.0452
5.487 0 3 1.0 0.0 0.0 0.0 0.0 0.0 0.0 0.0 0.0 0.0 4.0452 4.0452 4.0452 4.0452
5.488 0 3 1.0 0.0 0.0 0.0 0.0 0.0 0.0 0.0 0.0 0.0 4.0452 4.0452 4.0452 4.0452
5.489 0 3 1.0 0.0 0.0 0.0 0.0 0.0 0.0 0.0 0.0 0.0 4.0452 4.0452 4.0452 4.0452
5.49 0 3 1.0 0.0 0.0 0.0 0.0 0.0 0.0 0.0 0.0 0.0 4.0452 4.0452 4.0452 4.0452
5.4910000000000005 0 3 1.0 0.0 0.0 0.0 0.0 0.0 0.0 0.0 0.0 0.0 4.0452 4.0452 4.0452 4.0452
5.492 0 3 1.0 0.0 0.0 0.0 0.0 0.0 0.0 0.0 0.0 0.0 4.0452 4.0452 4.0452 4.0452
5.493 0 3 1.0 0.0 0.0 0.0 0.0 0.0 0.0 0.0 0.0 0.0 4.0452 4.0452 4.0452 4.0452
5.494 0 3 1.0 0.0 0.0 0.0 0.0 0.0 0.0 0.0 0.0 0.0 4.0452 4.0452 4.0452 4.0452
5.495 0 3 1.0 0.0 0.0 0.0 0.0 0.0 0.0 0.0 0.0 0.0 4.0452 4.0452 4.0452 4.0452
5.496 0 3 1.0 0.0 0.0 0.0 0.0 0.0 0.0 0.0 0.0 0.0 4.0452 4.0452 4.0452 4.0452
5.497 0 3 1.0 0.0 0.0 0.0 0.0 0.0 0.0 0.0 0.0 0.0 4.0452 4.0452 4.0452 4.0452
5.498 0 3 1.0 0.0 0.0 0.0 0.0 0.0 0.0 0.0 0.0 0.0 4.0452 4.0452 4.0452 4.0452
5.4990000000000006 0 3 1.0 0.0 0.0 0.0 0.0 0.0 0.0 0.0 0.0 0.0 4.0452 4.0452 4.0452 4.0452
5.5 0 3 1.0 0.0 0.0 0.0 0.0 0.0 0.0 0.0 0.0 0.0 4.0452 4.0452 4.0452 4.0452
5.501 0 3 1.0 0.0 0.0 0.0 0.0 0.0 0.0 0.0 0.0 0.0 4.0452 4.0452 4.0452 4.0452
5.502 0 3 1.0 0.0 0.0 0.0 0.0 0.0 0.0 0.0 0.0 0.0 4.0452 4.0452 4.0452 4.0452
5.503 0 3 1.0 0.0 0.0 0.0 0.0 0.0 0.0 0.0 0.0 0.0 4.0452 4.0452 4.0452 4.0452
5.5040000000000004 0 3 1.0 0.0 0.0 0.0 0.0 0.0 0.0 0.0 0.0 0.0 4.0452 4.0452 4.0452 4.0452
5.505 0 3 1.0 0.0 0.0 0.0 0.0 0.0 0.0 0.0 0.0 0.0 4.0452 4.0452 4.0452 4.0452
5.506 0 3 1.0 0.0 0.0 0.0 0.0 0.0 0.0 0.0 0.0 0.0 4.0452 4.0452 4.0452 4.0452
5.507 0 3 1.0 0.0 0.0 0.0 0.0 0.0 0.0 0.0 0.0 0.0 4.0452 4.0452 4.0452 4.0452
5.508 0 3 1.0 0.0 0.0 0.0 0.0 0.0 0.0 0.0 0.0 0.0 4.0452 4.0452 4.0452 4.0452
5.509 0 3 1.0 0.0 0.0 0.0 0.0 0.0 0.0 0.0 0.0 0.0 4.0452 4.0452 4.0452 4.0452
5.51 0 3 1.0 0.0 0.0 0.0 0.0 0.0 0.0 0.0 0.0 0.0 4.0452 4.0452 4.0452 4.0452
5.511 0 3 1.0 0.0 0.0 0.0 0.0 0.0 0.0 0.0 0.0 0.0 4.0452 4.0452 4.0452 4.0452
5.5120000000000005 0 3 1.0 0.0 0.0 0.0 0.0 0.0 0.0 0.0 0.0 0.0 4.0452 4.0452 4.0452 4.0452
5.513 0 3 1.0 0.0 0.0 0.0 0.0 0.0 0.0 0.0 0.0 0.0 4.0452 4.0452 4.0452 4.0452
5.514 0 3 1.0 0.0 0.0 0.0 0.0 0.0 0.0 0.0 0.0 0.0 4.0452 4.0452 4.0452 4.0452
5.515 0 3 1.0 0.0 0.0 0.0 0.0 0.0 0.0 0.0 0.0 0.0 4.0452 4.0452 4.0452 4.0452
5.516 0 3 1.0 0.0 0.0 0.0 0.0 0.0 0.0 0.0 0.0 0.0 4.0452 4.0452 4.0452 4.0452
5.517 0 3 1.0 0.0 0.0 0.0 0.0 0.0 0.0 0.0 0.0 0.0 4.0452 4.0452 4.0452 4.0452
5.518 0 3 1.0 0.0 0.0 0.0 0.0 0.0 0.0 0.0 0.0 0.0 4.0452 4.0452 4.0452 4.0452
5.519 0 3 1.0 0.0 0.0 0.0 0.0 0.0 0.0 0.0 0.0 0.0 4.0452 4.0452 4.0452 4.0452
5.5200000000000005 0 3 1.0 0.0 0.0 0.0 0.0 0.0 0.0 0.0 0.0 0.0 4.0452 4.0452 4.0452 4.0452
5.521 0 3 1.0 0.0 0.0 0.0 0.0 0.0 0.0 0.0 0.0 0.0 4.0452 4.0452 4.0452 4.0452
5.522 0 3 1.0 0.0 0.0 0.0 0.0 0.0 0.0 0.0 0.0 0.0 4.0452 4.0452 4.0452 4.0452
5.523 0 3 1.0 0.0 0.0 0.0 0.0 0.0 0.0 0.0 0.0 0.0 4.0452 4.0452 4.0452 4.0452
5.524 0 3 1.0 0.0 0.0 0.0 0.0 0.0 0.0 0.0 0.0 0.0 4.0452 4.0452 4.0452 4.0452
5.525 0 3 1.0 0.0 0.0 0.0 0.0 0.0 0.0 0.0 0.0 0.0 4.0452 4.0452 4.0452 4.0452
5.526 0 3 1.0 0.0 0.0 0.0 0.0 0.0 0.0 0.0 0.0 0.0 4.0452 4.0452 4.0452 4.0452
5.527 0 3 1.0 0.0 0.0 0.0 0.0 0.0 0.0 0.0 0.0 0.0 4.0452 4.0452 4.0452 4.0452
5.5280000000000005 0 3 1.0 0.0 0.0 0.0 0.0 0.0 0.0 0.0 0.0 0.0 4.0452 4.0452 4.0452 4.0452
5.529 0 3 1.0 0.0 0.0 0.0 0.0 0.0 0.0 0.0 0.0 0.0 4.0452 4.0452 4.0452 4.0452
5.53 0 3 1.0 0.0 0.0 0.0 0.0 0.0 0.0 0.0 0.0 0.0 4.0452 4.0452 4.0452 4.0452
5.531 0 3 1.0 0.0 0.0 0.0 0.0 0.0 0.0 0.0 0.0 0.0 4.0452 4.0452 4.0452 4.0452
5.532 0 3 1.0 0.0 0.0 0.0 0.0 0.0 0.0 0.0 0.0 0.0 4.0452 4.0452 4.0452 4.0452
5.533 0 3 1.0 0.0 0.0 0.0 0.0 0.0 0.0 0.0 0.0 0.0 4.0452 4.0452 4.0452 4.0452
5.534 0 3 1.0 0.0 0.0 0.0 0.0 0.0 0.0 0.0 0.0 0.0 4.0452 4.0452 4.0452 4.0452
5.535 0 3 1.0 0.0 0.0 0.0 0.0 0.0 0.0 0.0 0.0 0.0 4.0452 4.0452 4.0452 4.0452
5.5360000000000005 0 3 1.0 0.0 0.0 0.0 0.0 0.0 0.0 0.0 0.0 0.0 4.0452 4.0452 4.0452 4.0452
5.537 0 3 1.0 0.0 0.0 0.0 0.0 0.0 0.0 0.0 0.0 0.0 4.0452 4.0452 4.0452 4.0452
5.538 0 3 1.0 0.0 0.0 0.0 0.0 0.0 0.0 0.0 0.0 0.0 4.0452 4.0452 4.0452 4.0452
5.539 0 3 1.0 0.0 0.0 0.0 0.0 0.0 0.0 0.0 0.0 0.0 4.0452 4.0452 4.0452 4.0452
5.54 0 3 1.0 0.0 0.0 0.0 0.0 0.0 0.0 0.0 0.0 0.0 4.0452 4.0452 4.0452 4.0452
5.541 0 3 1.0 0.0 0.0 0.0 0.0 0.0 0.0 0.0 0.0 0.0 4.0452 4.0452 4.0452 4.0452
5.542 0 3 1.0 0.0 0.0 0.0 0.0 0.0 0.0 0.0 0.0 0.0 4.0452 4.0452 4.0452 4.0452
5.543 0 3 1.0 0.0 0.0 0.0 0.0 0.0 0.0 0.0 0.0 0.0 4.0452 4.0452 4.0452 4.0452
5.5440000000000005 0 3 1.0 0.0 0.0 0.0 0.0 0.0 0.0 0.0 0.0 0.0 4.0452 4.0452 4.0452 4.0452
5.545 0 3 1.0 0.0 0.0 0.0 0.0 0.0 0.0 0.0 0.0 0.0 4.0452 4.0452 4.0452 4.0452
5.546 0 3 1.0 0.0 0.0 0.0 0.0 0.0 0.0 0.0 0.0 0.0 4.0452 4.0452 4.0452 4.0452
5.547 0 3 1.0 0.0 0.0 0.0 0.0 0.0 0.0 0.0 0.0 0.0 4.0452 4.0452 4.0452 4.0452
5.548 0 3 1.0 0.0 0.0 0.0 0.0 0.0 0.0 0.0 0.0 0.0 4.0452 4.0452 4.0452 4.0452
5.549 0 3 1.0 0.0 0.0 0.0 0.0 0.0 0.0 0.0 0.0 0.0 4.0452 4.0452 4.0452 4.0452
5.55 0 3 1.0 0.0 0.0 0.0 0.0 0.0 0.0 0.0 0.0 0.0 4.0452 4.0452 4.0452 4.0452
5.551 0 3 1.0 0.0 0.0 0.0 0.0 0.0 0.0 0.0 0.0 0.0 4.0452 4.0452 4.0452 4.0452
5.5520000000000005 0 3 1.0 0.0 0.0 0.0 0.0 0.0 0.0 0.0 0.0 0.0 4.0452 4.0452 4.0452 4.0452
5.553 0 3 1.0 0.0 0.0 0.0 0.0 0.0 0.0 0.0 0.0 0.0 4.0452 4.0452 4.0452 4.0452
5.554 0 3 1.0 0.0 0.0 0.0 0.0 0.0 0.0 0.0 0.0 0.0 4.0452 4.0452 4.0452 4.0452
5.555 0 3 1.0 0.0 0.0 0.0 0.0 0.0 0.0 0.0 0.0 0.0 4.0452 4.0452 4.0452 4.0452
5.556 0 3 1.0 0.0 0.0 0.0 0.0 0.0 0.0 0.0 0.0 0.0 4.0452 4.0452 4.0452 4.0452
5.557 0 3 1.0 0.0 0.0 0.0 0.0 0.0 0.0 0.0 0.0 0.0 4.0452 4.0452 4.0452 4.0452
5.558 0 3 1.0 0.0 0.0 0.0 0.0 0.0 0.0 0.0 0.0 0.0 4.0452 4.0452 4.0452 4.0452
5.559 0 3 1.0 0.0 0.0 0.0 0.0 0.0 0.0 0.0 0.0 0.0 4.0452 4.0452 4.0452 4.0452
5.5600000000000005 0 3 1.0 0.0 0.0 0.0 0.0 0.0 0.0 0.0 0.0 0.0 4.0452 4.0452 4.0452 4.0452
5.561 0 3 1.0 0.0 0.0 0.0 0.0 0.0 0.0 0.0 0.0 0.0 4.0452 4.0452 4.0452 4.0452
5.562 0 3 1.0 0.0 0.0 0.0 0.0 0.0 0.0 0.0 0.0 0.0 4.0452 4.0452 4.0452 4.0452
5.563 0 3 1.0 0.0 0.0 0.0 0.0 0.0 0.0 0.0 0.0 0.0 4.0452 4.0452 4.0452 4.0452
5.564 0 3 1.0 0.0 0.0 0.0 0.0 0.0 0.0 0.0 0.0 0.0 4.0452 4.0452 4.0452 4.0452
5.565 0 3 1.0 0.0 0.0 0.0 0.0 0.0 0.0 0.0 0.0 0.0 4.0452 4.0452 4.0452 4.0452
5.566 0 3 1.0 0.0 0.0 0.0 0.0 0.0 0.0 0.0 0.0 0.0 4.0452 4.0452 4.0452 4.0452
5.567 0 3 1.0 0.0 0.0 0.0 0.0 0.0 0.0 0.0 0.0 0.0 4.0452 4.0452 4.0452 4.0452
5.5680000000000005 0 3 1.0 0.0 0.0 0.0 0.0 0.0 0.0 0.0 0.0 0.0 4.0452 4.0452 4.0452 4.0452
5.569 0 3 1.0 0.0 0.0 0.0 0.0 0.0 0.0 0.0 0.0 0.0 4.0452 4.0452 4.0452 4.0452
5.57 0 3 1.0 0.0 0.0 0.0 0.0 0.0 0.0 0.0 0.0 0.0 4.0452 4.0452 4.0452 4.0452
5.571 0 3 1.0 0.0 0.0 0.0 0.0 0.0 0.0 0.0 0.0 0.0 4.0452 4.0452 4.0452 4.0452
5.572 0 3 1.0 0.0 0.0 0.0 0.0 0.0 0.0 0.0 0.0 0.0 4.0452 4.0452 4.0452 4.0452
5.573 0 3 1.0 0.0 0.0 0.0 0.0 0.0 0.0 0.0 0.0 0.0 4.0452 4.0452 4.0452 4.0452
5.574 0 3 1.0 0.0 0.0 0.0 0.0 0.0 0.0 0.0 0.0 0.0 4.0452 4.0452 4.0452 4.0452
5.575 0 3 1.0 0.0 0.0 0.0 0.0 0.0 0.0 0.0 0.0 0.0 4.0452 4.0452 4.0452 4.0452
5.5760000000000005 0 3 1.0 0.0 0.0 0.0 0.0 0.0 0.0 0.0 0.0 0.0 4.0452 4.0452 4.0452 4.0452
5.577 0 3 1.0 0.0 0.0 0.0 0.0 0.0 0.0 0.0 0.0 0.0 4.0452 4.0452 4.0452 4.0452
5.578 0 3 1.0 0.0 0.0 0.0 0.0 0.0 0.0 0.0 0.0 0.0 4.0452 4.0452 4.0452 4.0452
5.579 0 3 1.0 0.0 0.0 0.0 0.0 0.0 0.0 0.0 0.0 0.0 4.0452 4.0452 4.0452 4.0452
5.58 0 3 1.0 0.0 0.0 0.0 0.0 0.0 0.0 0.0 0.0 0.0 4.0452 4.0452 4.0452 4.0452
5.581 0 3 1.0 0.0 0.0 0.0 0.0 0.0 0.0 0.0 0.0 0.0 4.0452 4.0452 4.0452 4.0452
5.582 0 3 1.0 0.0 0.0 0.0 0.0 0.0 0.0 0.0 0.0 0.0 4.0452 4.0452 4.0452 4.0452
5.583 0 3 1.0 0.0 0.0 0.0 0.0 0.0 0.0 0.0 0.0 0.0 4.0452 4.0452 4.0452 4.0452
5.5840000000000005 0 3 1.0 0.0 0.0 0.0 0.0 0.0 0.0 0.0 0.0 0.0 4.0452 4.0452 4.0452 4.0452
5.585 0 3 1.0 0.0 0.0 0.0 0.0 0.0 0.0 0.0 0.0 0.0 4.0452 4.0452 4.0452 4.0452
5.586 0 3 1.0 0.0 0.0 0.0 0.0 0.0 0.0 0.0 0.0 0.0 4.0452 4.0452 4.0452 4.0452
5.587 0 3 1.0 0.0 0.0 0.0 0.0 0.0 0.0 0.0 0.0 0.0 4.0452 4.0452 4.0452 4.0452
5.588 0 3 1.0 0.0 0.0 0.0 0.0 0.0 0.0 0.0 0.0 0.0 4.0452 4.0452 4.0452 4.0452
5.589 0 3 1.0 0.0 0.0 0.0 0.0 0.0 0.0 0.0 0.0 0.0 4.0452 4.0452 4.0452 4.0452
5.59 0 3 1.0 0.0 0.0 0.0 0.0 0.0 0.0 0.0 0.0 0.0 4.0452 4.0452 4.0452 4.0452
5.591 0 3 1.0 0.0 0.0 0.0 0.0 0.0 0.0 0.0 0.0 0.0 4.0452 4.0452 4.0452 4.0452
5.5920000000000005 0 3 1.0 0.0 0.0 0.0 0.0 0.0 0.0 0.0 0.0 0.0 4.0452 4.0452 4.0452 4.0452
5.593 0 3 1.0 0.0 0.0 0.0 0.0 0.0 0.0 0.0 0.0 0.0 4.0452 4.0452 4.0452 4.0452
5.594 0 3 1.0 0.0 0.0 0.0 0.0 0.0 0.0 0.0 0.0 0.0 4.0452 4.0452 4.0452 4.0452
5.595 0 3 1.0 0.0 0.0 0.0 0.0 0.0 0.0 0.0 0.0 0.0 4.0452 4.0452 4.0452 4.0452
5.596 0 3 1.0 0.0 0.0 0.0 0.0 0.0 0.0 0.0 0.0 0.0 4.0452 4.0452 4.0452 4.0452
5.597 0 3 1.0 0.0 0.0 0.0 0.0 0.0 0.0 0.0 0.0 0.0 4.0452 4.0452 4.0452 4.0452
5.598 0 3 1.0 0.0 0.0 0.0 0.0 0.0 0.0 0.0 0.0 0.0 4.0452 4.0452 4.0452 4.0452
5.599 0 3 1.0 0.0 0.0 0.0 0.0 0.0 0.0 0.0 0.0 0.0 4.0452 4.0452 4.0452 4.0452
5.6000000000000005 0 3 1.0 0.0 0.0 0.0 0.0 0.0 0.0 0.0 0.0 0.0 4.0452 4.0452 4.0452 4.0452
5.601 0 3 1.0 0.0 0.0 0.0 0.0 0.0 0.0 0.0 0.0 0.0 4.0452 4.0452 4.0452 4.0452
5.602 0 3 1.0 0.0 0.0 0.0 0.0 0.0 0.0 0.0 0.0 0.0 4.0452 4.0452 4.0452 4.0452
5.603 0 3 1.0 0.0 0.0 0.0 0.0 0.0 0.0 0.0 0.0 0.0 4.0452 4.0452 4.0452 4.0452
5.604 0 3 1.0 0.0 0.0 0.0 0.0 0.0 0.0 0.0 0.0 0.0 4.0452 4.0452 4.0452 4.0452
5.605 0 3 1.0 0.0 0.0 0.0 0.0 0.0 0.0 0.0 0.0 0.0 4.0452 4.0452 4.0452 4.0452
5.606 0 3 1.0 0.0 0.0 0.0 0.0 0.0 0.0 0.0 0.0 0.0 4.0452 4.0452 4.0452 4.0452
5.607 0 3 1.0 0.0 0.0 0.0 0.0 0.0 0.0 0.0 0.0 0.0 4.0452 4.0452 4.0452 4.0452
5.6080000000000005 0 3 1.0 0.0 0.0 0.0 0.0 0.0 0.0 0.0 0.0 0.0 4.0452 4.0452 4.0452 4.0452
5.609 0 3 1.0 0.0 0.0 0.0 0.0 0.0 0.0 0.0 0.0 0.0 4.0452 4.0452 4.0452 4.0452
5.61 0 3 1.0 0.0 0.0 0.0 0.0 0.0 0.0 0.0 0.0 0.0 4.0452 4.0452 4.0452 4.0452
5.611 0 3 1.0 0.0 0.0 0.0 0.0 0.0 0.0 0.0 0.0 0.0 4.0452 4.0452 4.0452 4.0452
5.612 0 3 1.0 0.0 0.0 0.0 0.0 0.0 0.0 0.0 0.0 0.0 4.0452 4.0452 4.0452 4.0452
5.613 0 3 1.0 0.0 0.0 0.0 0.0 0.0 0.0 0.0 0.0 0.0 4.0452 4.0452 4.0452 4.0452
5.614 0 3 1.0 0.0 0.0 0.0 0.0 0.0 0.0 0.0 0.0 0.0 4.0452 4.0452 4.0452 4.0452
5.615 0 3 1.0 0.0 0.0 0.0 0.0 0.0 0.0 0.0 0.0 0.0 4.0452 4.0452 4.0452 4.0452
5.6160000000000005 0 3 1.0 0.0 0.0 0.0 0.0 0.0 0.0 0.0 0.0 0.0 4.0452 4.0452 4.0452 4.0452
5.617 0 3 1.0 0.0 0.0 0.0 0.0 0.0 0.0 0.0 0.0 0.0 4.0452 4.0452 4.0452 4.0452
5.618 0 3 1.0 0.0 0.0 0.0 0.0 0.0 0.0 0.0 0.0 0.0 4.0452 4.0452 4.0452 4.0452
5.619 0 3 1.0 0.0 0.0 0.0 0.0 0.0 0.0 0.0 0.0 0.0 4.0452 4.0452 4.0452 4.0452
5.62 0 3 1.0 0.0 0.0 0.0 0.0 0.0 0.0 0.0 0.0 0.0 4.0452 4.0452 4.0452 4.0452
5.621 0 3 1.0 0.0 0.0 0.0 0.0 0.0 0.0 0.0 0.0 0.0 4.0452 4.0452 4.0452 4.0452
5.622 0 3 1.0 0.0 0.0 0.0 0.0 0.0 0.0 0.0 0.0 0.0 4.0452 4.0452 4.0452 4.0452
5.623 0 3 1.0 0.0 0.0 0.0 0.0 0.0 0.0 0.0 0.0 0.0 4.0452 4.0452 4.0452 4.0452
5.6240000000000006 0 3 1.0 0.0 0.0 0.0 0.0 0.0 0.0 0.0 0.0 0.0 4.0452 4.0452 4.0452 4.0452
5.625 0 3 1.0 0.0 0.0 0.0 0.0 0.0 0.0 0.0 0.0 0.0 4.0452 4.0452 4.0452 4.0452
5.626 0 3 1.0 0.0 0.0 0.0 0.0 0.0 0.0 0.0 0.0 0.0 4.0452 4.0452 4.0452 4.0452
5.627 0 3 1.0 0.0 0.0 0.0 0.0 0.0 0.0 0.0 0.0 0.0 4.0452 4.0452 4.0452 4.0452
5.628 0 3 1.0 0.0 0.0 0.0 0.0 0.0 0.0 0.0 0.0 0.0 4.0452 4.0452 4.0452 4.0452
5.6290000000000004 0 3 1.0 0.0 0.0 0.0 0.0 0.0 0.0 0.0 0.0 0.0 4.0452 4.0452 4.0452 4.0452
5.63 0 3 1.0 0.0 0.0 0.0 0.0 0.0 0.0 0.0 0.0 0.0 4.0452 4.0452 4.0452 4.0452
5.631 0 3 1.0 0.0 0.0 0.0 0.0 0.0 0.0 0.0 0.0 0.0 4.0452 4.0452 4.0452 4.0452
5.632 0 3 1.0 0.0 0.0 0.0 0.0 0.0 0.0 0.0 0.0 0.0 4.0452 4.0452 4.0452 4.0452
5.633 0 3 1.0 0.0 0.0 0.0 0.0 0.0 0.0 0.0 0.0 0.0 4.0452 4.0452 4.0452 4.0452
5.634 0 3 1.0 0.0 0.0 0.0 0.0 0.0 0.0 0.0 0.0 0.0 4.0452 4.0452 4.0452 4.0452
5.635 0 3 1.0 0.0 0.0 0.0 0.0 0.0 0.0 0.0 0.0 0.0 4.0452 4.0452 4.0452 4.0452
5.636 0 3 1.0 0.0 0.0 0.0 0.0 0.0 0.0 0.0 0.0 0.0 4.0452 4.0452 4.0452 4.0452
5.6370000000000005 0 3 1.0 0.0 0.0 0.0 0.0 0.0 0.0 0.0 0.0 0.0 4.0452 4.0452 4.0452 4.0452
5.638 0 3 1.0 0.0 0.0 0.0 0.0 0.0 0.0 0.0 0.0 0.0 4.0452 4.0452 4.0452 4.0452
5.639 0 3 1.0 0.0 0.0 0.0 0.0 0.0 0.0 0.0 0.0 0.0 4.0452 4.0452 4.0452 4.0452
5.64 0 3 1.0 0.0 0.0 0.0 0.0 0.0 0.0 0.0 0.0 0.0 4.0452 4.0452 4.0452 4.0452
5.641 0 3 1.0 0.0 0.0 0.0 0.0 0.0 0.0 0.0 0.0 0.0 4.0452 4.0452 4.0452 4.0452
5.642 0 3 1.0 0.0 0.0 0.0 0.0 0.0 0.0 0.0 0.0 0.0 4.0452 4.0452 4.0452 4.0452
5.643 0 3 1.0 0.0 0.0 0.0 0.0 0.0 0.0 0.0 0.0 0.0 4.0452 4.0452 4.0452 4.0452
5.644 0 3 1.0 0.0 0.0 0.0 0.0 0.0 0.0 0.0 0.0 0.0 4.0452 4.0452 4.0452 4.0452
5.6450000000000005 0 3 1.0 0.0 0.0 0.0 0.0 0.0 0.0 0.0 0.0 0.0 4.0452 4.0452 4.0452 4.0452
5.646 0 3 1.0 0.0 0.0 0.0 0.0 0.0 0.0 0.0 0.0 0.0 4.0452 4.0452 4.0452 4.0452
5.647 0 3 1.0 0.0 0.0 0.0 0.0 0.0 0.0 0.0 0.0 0.0 4.0452 4.0452 4.0452 4.0452
5.648 0 3 1.0 0.0 0.0 0.0 0.0 0.0 0.0 0.0 0.0 0.0 4.0452 4.0452 4.0452 4.0452
5.649 0 3 1.0 0.0 0.0 0.0 0.0 0.0 0.0 0.0 0.0 0.0 4.0452 4.0452 4.0452 4.0452
5.65 0 3 1.0 0.0 0.0 0.0 0.0 0.0 0.0 0.0 0.0 0.0 4.0452 4.0452 4.0452 4.0452
5.651 0 3 1.0 0.0 0.0 0.0 0.0 0.0 0.0 0.0 0.0 0.0 4.0452 4.0452 4.0452 4.0452
5.652 0 3 1.0 0.0 0.0 0.0 0.0 0.0 0.0 0.0 0.0 0.0 4.0452 4.0452 4.0452 4.0452
5.6530000000000005 0 3 1.0 0.0 0.0 0.0 0.0 0.0 0.0 0.0 0.0 0.0 4.0452 4.0452 4.0452 4.0452
5.654 0 3 1.0 0.0 0.0 0.0 0.0 0.0 0.0 0.0 0.0 0.0 4.0452 4.0452 4.0452 4.0452
5.655 0 3 1.0 0.0 0.0 0.0 0.0 0.0 0.0 0.0 0.0 0.0 4.0452 4.0452 4.0452 4.0452
5.656 0 3 1.0 0.0 0.0 0.0 0.0 0.0 0.0 0.0 0.0 0.0 4.0452 4.0452 4.0452 4.0452
5.657 0 3 1.0 0.0 0.0 0.0 0.0 0.0 0.0 0.0 0.0 0.0 4.0452 4.0452 4.0452 4.0452
5.658 0 3 1.0 0.0 0.0 0.0 0.0 0.0 0.0 0.0 0.0 0.0 4.0452 4.0452 4.0452 4.0452
5.659 0 3 1.0 0.0 0.0 0.0 0.0 0.0 0.0 0.0 0.0 0.0 4.0452 4.0452 4.0452 4.0452
5.66 0 3 1.0 0.0 0.0 0.0 0.0 0.0 0.0 0.0 0.0 0.0 4.0452 4.0452 4.0452 4.0452
5.6610000000000005 0 3 1.0 0.0 0.0 0.0 0.0 0.0 0.0 0.0 0.0 0.0 4.0452 4.0452 4.0452 4.0452
5.662 0 3 1.0 0.0 0.0 0.0 0.0 0.0 0.0 0.0 0.0 0.0 4.0452 4.0452 4.0452 4.0452
5.663 0 3 1.0 0.0 0.0 0.0 0.0 0.0 0.0 0.0 0.0 0.0 4.0452 4.0452 4.0452 4.0452
5.664 0 3 1.0 0.0 0.0 0.0 0.0 0.0 0.0 0.0 0.0 0.0 4.0452 4.0452 4.0452 4.0452
5.665 0 3 1.0 0.0 0.0 0.0 0.0 0.0 0.0 0.0 0.0 0.0 4.0452 4.0452 4.0452 4.0452
5.666 0 3 1.0 0.0 0.0 0.0 0.0 0.0 0.0 0.0 0.0 0.0 4.0452 4.0452 4.0452 4.0452
5.667 0 3 1.0 0.0 0.0 0.0 0.0 0.0 0.0 0.0 0.0 0.0 4.0452 4.0452 4.0452 4.0452
5.668 0 3 1.0 0.0 0.0 0.0 0.0 0.0 0.0 0.0 0.0 0.0 4.0452 4.0452 4.0452 4.0452
5.6690000000000005 0 3 1.0 0.0 0.0 0.0 0.0 0.0 0.0 0.0 0.0 0.0 4.0452 4.0452 4.0452 4.0452
5.67 0 3 1.0 0.0 0.0 0.0 0.0 0.0 0.0 0.0 0.0 0.0 4.0452 4.0452 4.0452 4.0452
5.671 0 3 1.0 0.0 0.0 0.0 0.0 0.0 0.0 0.0 0.0 0.0 4.0452 4.0452 4.0452 4.0452
5.672 0 3 1.0 0.0 0.0 0.0 0.0 0.0 0.0 0.0 0.0 0.0 4.0452 4.0452 4.0452 4.0452
5.673 0 3 1.0 0.0 0.0 0.0 0.0 0.0 0.0 0.0 0.0 0.0 4.0452 4.0452 4.0452 4.0452
5.674 0 3 1.0 0.0 0.0 0.0 0.0 0.0 0.0 0.0 0.0 0.0 4.0452 4.0452 4.0452 4.0452
5.675 0 3 1.0 0.0 0.0 0.0 0.0 0.0 0.0 0.0 0.0 0.0 4.0452 4.0452 4.0452 4.0452
5.676 0 3 1.0 0.0 0.0 0.0 0.0 0.0 0.0 0.0 0.0 0.0 4.0452 4.0452 4.0452 4.0452
5.6770000000000005 0 3 1.0 0.0 0.0 0.0 0.0 0.0 0.0 0.0 0.0 0.0 4.0452 4.0452 4.0452 4.0452
5.678 0 3 1.0 0.0 0.0 0.0 0.0 0.0 0.0 0.0 0.0 0.0 4.0452 4.0452 4.0452 4.0452
5.679 0 3 1.0 0.0 0.0 0.0 0.0 0.0 0.0 0.0 0.0 0.0 4.0452 4.0452 4.0452 4.0452
5.68 0 3 1.0 0.0 0.0 0.0 0.0 0.0 0.0 0.0 0.0 0.0 4.0452 4.0452 4.0452 4.0452
5.681 0 3 1.0 0.0 0.0 0.0 0.0 0.0 0.0 0.0 0.0 0.0 4.0452 4.0452 4.0452 4.0452
5.682 0 3 1.0 0.0 0.0 0.0 0.0 0.0 0.0 0.0 0.0 0.0 4.0452 4.0452 4.0452 4.0452
5.683 0 3 1.0 0.0 0.0 0.0 0.0 0.0 0.0 0.0 0.0 0.0 4.0452 4.0452 4.0452 4.0452
5.684 0 3 1.0 0.0 0.0 0.0 0.0 0.0 0.0 0.0 0.0 0.0 4.0452 4.0452 4.0452 4.0452
5.6850000000000005 0 3 1.0 0.0 0.0 0.0 0.0 0.0 0.0 0.0 0.0 0.0 4.0452 4.0452 4.0452 4.0452
5.686 0 3 1.0 0.0 0.0 0.0 0.0 0.0 0.0 0.0 0.0 0.0 4.0452 4.0452 4.0452 4.0452
5.687 0 3 1.0 0.0 0.0 0.0 0.0 0.0 0.0 0.0 0.0 0.0 4.0452 4.0452 4.0452 4.0452
5.688 0 3 1.0 0.0 0.0 0.0 0.0 0.0 0.0 0.0 0.0 0.0 4.0452 4.0452 4.0452 4.0452
5.689 0 3 1.0 0.0 0.0 0.0 0.0 0.0 0.0 0.0 0.0 0.0 4.0452 4.0452 4.0452 4.0452
5.69 0 3 1.0 0.0 0.0 0.0 0.0 0.0 0.0 0.0 0.0 0.0 4.0452 4.0452 4.0452 4.0452
5.691 0 3 1.0 0.0 0.0 0.0 0.0 0.0 0.0 0.0 0.0 0.0 4.0452 4.0452 4.0452 4.0452
5.692 0 3 1.0 0.0 0.0 0.0 0.0 0.0 0.0 0.0 0.0 0.0 4.0452 4.0452 4.0452 4.0452
5.6930000000000005 0 3 1.0 0.0 0.0 0.0 0.0 0.0 0.0 0.0 0.0 0.0 4.0452 4.0452 4.0452 4.0452
5.694 0 3 1.0 0.0 0.0 0.0 0.0 0.0 0.0 0.0 0.0 0.0 4.0452 4.0452 4.0452 4.0452
5.695 0 3 1.0 0.0 0.0 0.0 0.0 0.0 0.0 0.0 0.0 0.0 4.0452 4.0452 4.0452 4.0452
5.696 0 3 1.0 0.0 0.0 0.0 0.0 0.0 0.0 0.0 0.0 0.0 4.0452 4.0452 4.0452 4.0452
5.697 0 3 1.0 0.0 0.0 0.0 0.0 0.0 0.0 0.0 0.0 0.0 4.0452 4.0452 4.0452 4.0452
5.698 0 3 1.0 0.0 0.0 0.0 0.0 0.0 0.0 0.0 0.0 0.0 4.0452 4.0452 4.0452 4.0452
5.699 0 3 1.0 0.0 0.0 0.0 0.0 0.0 0.0 0.0 0.0 0.0 4.0452 4.0452 4.0452 4.0452
5.7 0 3 1.0 0.0 0.0 0.0 0.0 0.0 0.0 0.0 0.0 0.0 4.0452 4.0452 4.0452 4.0452
5.7010000000000005 0 3 1.0 0.0 0.0 0.0 0.0 0.0 0.0 0.0 0.0 0.0 4.0452 4.0452 4.0452 4.0452
5.702 0 3 1.0 0.0 0.0 0.0 0.0 0.0 0.0 0.0 0.0 0.0 4.0452 4.0452 4.0452 4.0452
5.703 0 3 1.0 0.0 0.0 0.0 0.0 0.0 0.0 0.0 0.0 0.0 4.0452 4.0452 4.0452 4.0452
5.704 0 3 1.0 0.0 0.0 0.0 0.0 0.0 0.0 0.0 0.0 0.0 4.0452 4.0452 4.0452 4.0452
5.705 0 3 1.0 0.0 0.0 0.0 0.0 0.0 0.0 0.0 0.0 0.0 4.0452 4.0452 4.0452 4.0452
5.706 0 3 1.0 0.0 0.0 0.0 0.0 0.0 0.0 0.0 0.0 0.0 4.0452 4.0452 4.0452 4.0452
5.707 0 3 1.0 0.0 0.0 0.0 0.0 0.0 0.0 0.0 0.0 0.0 4.0452 4.0452 4.0452 4.0452
5.708 0 3 1.0 0.0 0.0 0.0 0.0 0.0 0.0 0.0 0.0 0.0 4.0452 4.0452 4.0452 4.0452
5.7090000000000005 0 3 1.0 0.0 0.0 0.0 0.0 0.0 0.0 0.0 0.0 0.0 4.0452 4.0452 4.0452 4.0452
5.71 0 3 1.0 0.0 0.0 0.0 0.0 0.0 0.0 0.0 0.0 0.0 4.0452 4.0452 4.0452 4.0452
5.711 0 3 1.0 0.0 0.0 0.0 0.0 0.0 0.0 0.0 0.0 0.0 4.0452 4.0452 4.0452 4.0452
5.712 0 3 1.0 0.0 0.0 0.0 0.0 0.0 0.0 0.0 0.0 0.0 4.0452 4.0452 4.0452 4.0452
5.713 0 3 1.0 0.0 0.0 0.0 0.0 0.0 0.0 0.0 0.0 0.0 4.0452 4.0452 4.0452 4.0452
5.714 0 3 1.0 0.0 0.0 0.0 0.0 0.0 0.0 0.0 0.0 0.0 4.0452 4.0452 4.0452 4.0452
5.715 0 3 1.0 0.0 0.0 0.0 0.0 0.0 0.0 0.0 0.0 0.0 4.0452 4.0452 4.0452 4.0452
5.716 0 3 1.0 0.0 0.0 0.0 0.0 0.0 0.0 0.0 0.0 0.0 4.0452 4.0452 4.0452 4.0452
5.7170000000000005 0 3 1.0 0.0 0.0 0.0 0.0 0.0 0.0 0.0 0.0 0.0 4.0452 4.0452 4.0452 4.0452
5.718 0 3 1.0 0.0 0.0 0.0 0.0 0.0 0.0 0.0 0.0 0.0 4.0452 4.0452 4.0452 4.0452
5.719 0 3 1.0 0.0 0.0 0.0 0.0 0.0 0.0 0.0 0.0 0.0 4.0452 4.0452 4.0452 4.0452
5.72 0 3 1.0 0.0 0.0 0.0 0.0 0.0 0.0 0.0 0.0 0.0 4.0452 4.0452 4.0452 4.0452
5.721 0 3 1.0 0.0 0.0 0.0 0.0 0.0 0.0 0.0 0.0 0.0 4.0452 4.0452 4.0452 4.0452
5.722 0 3 1.0 0.0 0.0 0.0 0.0 0.0 0.0 0.0 0.0 0.0 4.0452 4.0452 4.0452 4.0452
5.723 0 3 1.0 0.0 0.0 0.0 0.0 0.0 0.0 0.0 0.0 0.0 4.0452 4.0452 4.0452 4.0452
5.724 0 3 1.0 0.0 0.0 0.0 0.0 0.0 0.0 0.0 0.0 0.0 4.0452 4.0452 4.0452 4.0452
5.7250000000000005 0 3 1.0 0.0 0.0 0.0 0.0 0.0 0.0 0.0 0.0 0.0 4.0452 4.0452 4.0452 4.0452
5.726 0 3 1.0 0.0 0.0 0.0 0.0 0.0 0.0 0.0 0.0 0.0 4.0452 4.0452 4.0452 4.0452
5.727 0 3 1.0 0.0 0.0 0.0 0.0 0.0 0.0 0.0 0.0 0.0 4.0452 4.0452 4.0452 4.0452
5.728 0 3 1.0 0.0 0.0 0.0 0.0 0.0 0.0 0.0 0.0 0.0 4.0452 4.0452 4.0452 4.0452
5.729 0 3 1.0 0.0 0.0 0.0 0.0 0.0 0.0 0.0 0.0 0.0 4.0452 4.0452 4.0452 4.0452
5.73 0 3 1.0 0.0 0.0 0.0 0.0 0.0 0.0 0.0 0.0 0.0 4.0452 4.0452 4.0452 4.0452
5.731 0 3 1.0 0.0 0.0 0.0 0.0 0.0 0.0 0.0 0.0 0.0 4.0452 4.0452 4.0452 4.0452
5.732 0 3 1.0 0.0 0.0 0.0 0.0 0.0 0.0 0.0 0.0 0.0 4.0452 4.0452 4.0452 4.0452
5.7330000000000005 0 3 1.0 0.0 0.0 0.0 0.0 0.0 0.0 0.0 0.0 0.0 4.0452 4.0452 4.0452 4.0452
5.734 0 3 1.0 0.0 0.0 0.0 0.0 0.0 0.0 0.0 0.0 0.0 4.0452 4.0452 4.0452 4.0452
5.735 0 3 1.0 0.0 0.0 0.0 0.0 0.0 0.0 0.0 0.0 0.0 4.0452 4.0452 4.0452 4.0452
5.736 0 3 1.0 0.0 0.0 0.0 0.0 0.0 0.0 0.0 0.0 0.0 4.0452 4.0452 4.0452 4.0452
5.737 0 3 1.0 0.0 0.0 0.0 0.0 0.0 0.0 0.0 0.0 0.0 4.0452 4.0452 4.0452 4.0452
5.738 0 3 1.0 0.0 0.0 0.0 0.0 0.0 0.0 0.0 0.0 0.0 4.0452 4.0452 4.0452 4.0452
5.739 0 3 1.0 0.0 0.0 0.0 0.0 0.0 0.0 0.0 0.0 0.0 4.0452 4.0452 4.0452 4.0452
5.74 0 3 1.0 0.0 0.0 0.0 0.0 0.0 0.0 0.0 0.0 0.0 4.0452 4.0452 4.0452 4.0452
5.7410000000000005 0 3 1.0 0.0 0.0 0.0 0.0 0.0 0.0 0.0 0.0 0.0 4.0452 4.0452 4.0452 4.0452
5.742 0 3 1.0 0.0 0.0 0.0 0.0 0.0 0.0 0.0 0.0 0.0 4.0452 4.0452 4.0452 4.0452
5.743 0 3 1.0 0.0 0.0 0.0 0.0 0.0 0.0 0.0 0.0 0.0 4.0452 4.0452 4.0452 4.0452
5.744 0 3 1.0 0.0 0.0 0.0 0.0 0.0 0.0 0.0 0.0 0.0 4.0452 4.0452 4.0452 4.0452
5.745 0 3 1.0 0.0 0.0 0.0 0.0 0.0 0.0 0.0 0.0 0.0 4.0452 4.0452 4.0452 4.0452
5.746 0 3 1.0 0.0 0.0 0.0 0.0 0.0 0.0 0.0 0.0 0.0 4.0452 4.0452 4.0452 4.0452
5.747 0 3 1.0 0.0 0.0 0.0 0.0 0.0 0.0 0.0 0.0 0.0 4.0452 4.0452 4.0452 4.0452
5.748 0 3 1.0 0.0 0.0 0.0 0.0 0.0 0.0 0.0 0.0 0.0 4.0452 4.0452 4.0452 4.0452
5.7490000000000006 0 3 1.0 0.0 0.0 0.0 0.0 0.0 0.0 0.0 0.0 0.0 4.0452 4.0452 4.0452 4.0452
5.75 0 3 1.0 0.0 0.0 0.0 0.0 0.0 0.0 0.0 0.0 0.0 4.0452 4.0452 4.0452 4.0452
5.751 0 3 1.0 0.0 0.0 0.0 0.0 0.0 0.0 0.0 0.0 0.0 4.0452 4.0452 4.0452 4.0452
5.752 0 3 1.0 0.0 0.0 0.0 0.0 0.0 0.0 0.0 0.0 0.0 4.0452 4.0452 4.0452 4.0452
5.753 0 3 1.0 0.0 0.0 0.0 0.0 0.0 0.0 0.0 0.0 0.0 4.0452 4.0452 4.0452 4.0452
5.7540000000000004 0 3 1.0 0.0 0.0 0.0 0.0 0.0 0.0 0.0 0.0 0.0 4.0452 4.0452 4.0452 4.0452
5.755 0 3 1.0 0.0 0.0 0.0 0.0 0.0 0.0 0.0 0.0 0.0 4.0452 4.0452 4.0452 4.0452
5.756 0 3 1.0 0.0 0.0 0.0 0.0 0.0 0.0 0.0 0.0 0.0 4.0452 4.0452 4.0452 4.0452
5.757000000000001 0 3 1.0 0.0 0.0 0.0 0.0 0.0 0.0 0.0 0.0 0.0 4.0452 4.0452 4.0452 4.0452
5.758 0 3 1.0 0.0 0.0 0.0 0.0 0.0 0.0 0.0 0.0 0.0 4.0452 4.0452 4.0452 4.0452
5.759 0 3 1.0 0.0 0.0 0.0 0.0 0.0 0.0 0.0 0.0 0.0 4.0452 4.0452 4.0452 4.0452
5.76 0 3 1.0 0.0 0.0 0.0 0.0 0.0 0.0 0.0 0.0 0.0 4.0452 4.0452 4.0452 4.0452
5.761 0 3 1.0 0.0 0.0 0.0 0.0 0.0 0.0 0.0 0.0 0.0 4.0452 4.0452 4.0452 4.0452
5.7620000000000005 0 3 1.0 0.0 0.0 0.0 0.0 0.0 0.0 0.0 0.0 0.0 4.0452 4.0452 4.0452 4.0452
5.763 0 3 1.0 0.0 0.0 0.0 0.0 0.0 0.0 0.0 0.0 0.0 4.0452 4.0452 4.0452 4.0452
5.764 0 3 1.0 0.0 0.0 0.0 0.0 0.0 0.0 0.0 0.0 0.0 4.0452 4.0452 4.0452 4.0452
5.765 0 3 1.0 0.0 0.0 0.0 0.0 0.0 0.0 0.0 0.0 0.0 4.0452 4.0452 4.0452 4.0452
5.766 0 3 1.0 0.0 0.0 0.0 0.0 0.0 0.0 0.0 0.0 0.0 4.0452 4.0452 4.0452 4.0452
5.767 0 3 1.0 0.0 0.0 0.0 0.0 0.0 0.0 0.0 0.0 0.0 4.0452 4.0452 4.0452 4.0452
5.768 0 3 1.0 0.0 0.0 0.0 0.0 0.0 0.0 0.0 0.0 0.0 4.0452 4.0452 4.0452 4.0452
5.769 0 3 1.0 0.0 0.0 0.0 0.0 0.0 0.0 0.0 0.0 0.0 4.0452 4.0452 4.0452 4.0452
5.7700000000000005 0 3 1.0 0.0 0.0 0.0 0.0 0.0 0.0 0.0 0.0 0.0 4.0452 4.0452 4.0452 4.0452
5.771 0 3 1.0 0.0 0.0 0.0 0.0 0.0 0.0 0.0 0.0 0.0 4.0452 4.0452 4.0452 4.0452
5.772 0 3 1.0 0.0 0.0 0.0 0.0 0.0 0.0 0.0 0.0 0.0 4.0452 4.0452 4.0452 4.0452
5.773 0 3 1.0 0.0 0.0 0.0 0.0 0.0 0.0 0.0 0.0 0.0 4.0452 4.0452 4.0452 4.0452
5.774 0 3 1.0 0.0 0.0 0.0 0.0 0.0 0.0 0.0 0.0 0.0 4.0452 4.0452 4.0452 4.0452
5.775 0 3 1.0 0.0 0.0 0.0 0.0 0.0 0.0 0.0 0.0 0.0 4.0452 4.0452 4.0452 4.0452
5.776 0 3 1.0 0.0 0.0 0.0 0.0 0.0 0.0 0.0 0.0 0.0 4.0452 4.0452 4.0452 4.0452
5.777 0 3 1.0 0.0 0.0 0.0 0.0 0.0 0.0 0.0 0.0 0.0 4.0452 4.0452 4.0452 4.0452
5.7780000000000005 0 3 1.0 0.0 0.0 0.0 0.0 0.0 0.0 0.0 0.0 0.0 4.0452 4.0452 4.0452 4.0452
5.779 0 3 1.0 0.0 0.0 0.0 0.0 0.0 0.0 0.0 0.0 0.0 4.0452 4.0452 4.0452 4.0452
5.78 0 3 1.0 0.0 0.0 0.0 0.0 0.0 0.0 0.0 0.0 0.0 4.0452 4.0452 4.0452 4.0452
5.781 0 3 1.0 0.0 0.0 0.0 0.0 0.0 0.0 0.0 0.0 0.0 4.0452 4.0452 4.0452 4.0452
5.782 0 3 1.0 0.0 0.0 0.0 0.0 0.0 0.0 0.0 0.0 0.0 4.0452 4.0452 4.0452 4.0452
5.783 0 3 1.0 0.0 0.0 0.0 0.0 0.0 0.0 0.0 0.0 0.0 4.0452 4.0452 4.0452 4.0452
5.784 0 3 1.0 0.0 0.0 0.0 0.0 0.0 0.0 0.0 0.0 0.0 4.0452 4.0452 4.0452 4.0452
5.785 0 3 1.0 0.0 0.0 0.0 0.0 0.0 0.0 0.0 0.0 0.0 4.0452 4.0452 4.0452 4.0452
5.7860000000000005 0 3 1.0 0.0 0.0 0.0 0.0 0.0 0.0 0.0 0.0 0.0 4.0452 4.0452 4.0452 4.0452
5.787 0 3 1.0 0.0 0.0 0.0 0.0 0.0 0.0 0.0 0.0 0.0 4.0452 4.0452 4.0452 4.0452
5.788 0 3 1.0 0.0 0.0 0.0 0.0 0.0 0.0 0.0 0.0 0.0 4.0452 4.0452 4.0452 4.0452
5.789 0 3 1.0 0.0 0.0 0.0 0.0 0.0 0.0 0.0 0.0 0.0 4.0452 4.0452 4.0452 4.0452
5.79 0 3 1.0 0.0 0.0 0.0 0.0 0.0 0.0 0.0 0.0 0.0 4.0452 4.0452 4.0452 4.0452
5.791 0 3 1.0 0.0 0.0 0.0 0.0 0.0 0.0 0.0 0.0 0.0 4.0452 4.0452 4.0452 4.0452
5.792 0 3 1.0 0.0 0.0 0.0 0.0 0.0 0.0 0.0 0.0 0.0 4.0452 4.0452 4.0452 4.0452
5.793 0 3 1.0 0.0 0.0 0.0 0.0 0.0 0.0 0.0 0.0 0.0 4.0452 4.0452 4.0452 4.0452
5.7940000000000005 0 3 1.0 0.0 0.0 0.0 0.0 0.0 0.0 0.0 0.0 0.0 4.0452 4.0452 4.0452 4.0452
5.795 0 3 1.0 0.0 0.0 0.0 0.0 0.0 0.0 0.0 0.0 0.0 4.0452 4.0452 4.0452 4.0452
5.796 0 3 1.0 0.0 0.0 0.0 0.0 0.0 0.0 0.0 0.0 0.0 4.0452 4.0452 4.0452 4.0452
5.797 0 3 1.0 0.0 0.0 0.0 0.0 0.0 0.0 0.0 0.0 0.0 4.0452 4.0452 4.0452 4.0452
5.798 0 3 1.0 0.0 0.0 0.0 0.0 0.0 0.0 0.0 0.0 0.0 4.0452 4.0452 4.0452 4.0452
5.799 0 3 1.0 0.0 0.0 0.0 0.0 0.0 0.0 0.0 0.0 0.0 4.0452 4.0452 4.0452 4.0452
5.8 0 3 1.0 0.0 0.0 0.0 0.0 0.0 0.0 0.0 0.0 0.0 4.0452 4.0452 4.0452 4.0452
5.801 0 3 1.0 0.0 0.0 0.0 0.0 0.0 0.0 0.0 0.0 0.0 4.0452 4.0452 4.0452 4.0452
5.8020000000000005 0 3 1.0 0.0 0.0 0.0 0.0 0.0 0.0 0.0 0.0 0.0 4.0452 4.0452 4.0452 4.0452
5.803 0 3 1.0 0.0 0.0 0.0 0.0 0.0 0.0 0.0 0.0 0.0 4.0452 4.0452 4.0452 4.0452
5.804 0 3 1.0 0.0 0.0 0.0 0.0 0.0 0.0 0.0 0.0 0.0 4.0452 4.0452 4.0452 4.0452
5.805 0 3 1.0 0.0 0.0 0.0 0.0 0.0 0.0 0.0 0.0 0.0 4.0452 4.0452 4.0452 4.0452
5.806 0 3 1.0 0.0 0.0 0.0 0.0 0.0 0.0 0.0 0.0 0.0 4.0452 4.0452 4.0452 4.0452
5.807 0 3 1.0 0.0 0.0 0.0 0.0 0.0 0.0 0.0 0.0 0.0 4.0452 4.0452 4.0452 4.0452
5.808 0 3 1.0 0.0 0.0 0.0 0.0 0.0 0.0 0.0 0.0 0.0 4.0452 4.0452 4.0452 4.0452
5.809 0 3 1.0 0.0 0.0 0.0 0.0 0.0 0.0 0.0 0.0 0.0 4.0452 4.0452 4.0452 4.0452
5.8100000000000005 0 3 1.0 0.0 0.0 0.0 0.0 0.0 0.0 0.0 0.0 0.0 4.0452 4.0452 4.0452 4.0452
5.811 0 3 1.0 0.0 0.0 0.0 0.0 0.0 0.0 0.0 0.0 0.0 4.0452 4.0452 4.0452 4.0452
5.812 0 3 1.0 0.0 0.0 0.0 0.0 0.0 0.0 0.0 0.0 0.0 4.0452 4.0452 4.0452 4.0452
5.813 0 3 1.0 0.0 0.0 0.0 0.0 0.0 0.0 0.0 0.0 0.0 4.0452 4.0452 4.0452 4.0452
5.814 0 3 1.0 0.0 0.0 0.0 0.0 0.0 0.0 0.0 0.0 0.0 4.0452 4.0452 4.0452 4.0452
5.815 0 3 1.0 0.0 0.0 0.0 0.0 0.0 0.0 0.0 0.0 0.0 4.0452 4.0452 4.0452 4.0452
5.816 0 3 1.0 0.0 0.0 0.0 0.0 0.0 0.0 0.0 0.0 0.0 4.0452 4.0452 4.0452 4.0452
5.817 0 3 1.0 0.0 0.0 0.0 0.0 0.0 0.0 0.0 0.0 0.0 4.0452 4.0452 4.0452 4.0452
5.8180000000000005 0 3 1.0 0.0 0.0 0.0 0.0 0.0 0.0 0.0 0.0 0.0 4.0452 4.0452 4.0452 4.0452
5.819 0 3 1.0 0.0 0.0 0.0 0.0 0.0 0.0 0.0 0.0 0.0 4.0452 4.0452 4.0452 4.0452
5.82 0 3 1.0 0.0 0.0 0.0 0.0 0.0 0.0 0.0 0.0 0.0 4.0452 4.0452 4.0452 4.0452
5.821 0 3 1.0 0.0 0.0 0.0 0.0 0.0 0.0 0.0 0.0 0.0 4.0452 4.0452 4.0452 4.0452
5.822 0 3 1.0 0.0 0.0 0.0 0.0 0.0 0.0 0.0 0.0 0.0 4.0452 4.0452 4.0452 4.0452
5.823 0 3 1.0 0.0 0.0 0.0 0.0 0.0 0.0 0.0 0.0 0.0 4.0452 4.0452 4.0452 4.0452
5.824 0 3 1.0 0.0 0.0 0.0 0.0 0.0 0.0 0.0 0.0 0.0 4.0452 4.0452 4.0452 4.0452
5.825 0 3 1.0 0.0 0.0 0.0 0.0 0.0 0.0 0.0 0.0 0.0 4.0452 4.0452 4.0452 4.0452
5.8260000000000005 0 3 1.0 0.0 0.0 0.0 0.0 0.0 0.0 0.0 0.0 0.0 4.0452 4.0452 4.0452 4.0452
5.827 0 3 1.0 0.0 0.0 0.0 0.0 0.0 0.0 0.0 0.0 0.0 4.0452 4.0452 4.0452 4.0452
5.828 0 3 1.0 0.0 0.0 0.0 0.0 0.0 0.0 0.0 0.0 0.0 4.0452 4.0452 4.0452 4.0452
5.829 0 3 1.0 0.0 0.0 0.0 0.0 0.0 0.0 0.0 0.0 0.0 4.0452 4.0452 4.0452 4.0452
5.83 0 3 1.0 0.0 0.0 0.0 0.0 0.0 0.0 0.0 0.0 0.0 4.0452 4.0452 4.0452 4.0452
5.831 0 3 1.0 0.0 0.0 0.0 0.0 0.0 0.0 0.0 0.0 0.0 4.0452 4.0452 4.0452 4.0452
5.832 0 3 1.0 0.0 0.0 0.0 0.0 0.0 0.0 0.0 0.0 0.0 4.0452 4.0452 4.0452 4.0452
5.833 0 3 1.0 0.0 0.0 0.0 0.0 0.0 0.0 0.0 0.0 0.0 4.0452 4.0452 4.0452 4.0452
5.8340000000000005 0 3 1.0 0.0 0.0 0.0 0.0 0.0 0.0 0.0 0.0 0.0 4.0452 4.0452 4.0452 4.0452
5.835 0 3 1.0 0.0 0.0 0.0 0.0 0.0 0.0 0.0 0.0 0.0 4.0452 4.0452 4.0452 4.0452
5.836 0 3 1.0 0.0 0.0 0.0 0.0 0.0 0.0 0.0 0.0 0.0 4.0452 4.0452 4.0452 4.0452
5.837 0 3 1.0 0.0 0.0 0.0 0.0 0.0 0.0 0.0 0.0 0.0 4.0452 4.0452 4.0452 4.0452
5.838 0 3 1.0 0.0 0.0 0.0 0.0 0.0 0.0 0.0 0.0 0.0 4.0452 4.0452 4.0452 4.0452
5.839 0 3 1.0 0.0 0.0 0.0 0.0 0.0 0.0 0.0 0.0 0.0 4.0452 4.0452 4.0452 4.0452
5.84 0 3 1.0 0.0 0.0 0.0 0.0 0.0 0.0 0.0 0.0 0.0 4.0452 4.0452 4.0452 4.0452
5.841 0 3 1.0 0.0 0.0 0.0 0.0 0.0 0.0 0.0 0.0 0.0 4.0452 4.0452 4.0452 4.0452
5.8420000000000005 0 3 1.0 0.0 0.0 0.0 0.0 0.0 0.0 0.0 0.0 0.0 4.0452 4.0452 4.0452 4.0452
5.843 0 3 1.0 0.0 0.0 0.0 0.0 0.0 0.0 0.0 0.0 0.0 4.0452 4.0452 4.0452 4.0452
5.844 0 3 1.0 0.0 0.0 0.0 0.0 0.0 0.0 0.0 0.0 0.0 4.0452 4.0452 4.0452 4.0452
5.845 0 3 1.0 0.0 0.0 0.0 0.0 0.0 0.0 0.0 0.0 0.0 4.0452 4.0452 4.0452 4.0452
5.846 0 3 1.0 0.0 0.0 0.0 0.0 0.0 0.0 0.0 0.0 0.0 4.0452 4.0452 4.0452 4.0452
5.847 0 3 1.0 0.0 0.0 0.0 0.0 0.0 0.0 0.0 0.0 0.0 4.0452 4.0452 4.0452 4.0452
5.848 0 3 1.0 0.0 0.0 0.0 0.0 0.0 0.0 0.0 0.0 0.0 4.0452 4.0452 4.0452 4.0452
5.849 0 3 1.0 0.0 0.0 0.0 0.0 0.0 0.0 0.0 0.0 0.0 4.0452 4.0452 4.0452 4.0452
5.8500000000000005 0 3 1.0 0.0 0.0 0.0 0.0 0.0 0.0 0.0 0.0 0.0 4.0452 4.0452 4.0452 4.0452
5.851 0 3 1.0 0.0 0.0 0.0 0.0 0.0 0.0 0.0 0.0 0.0 4.0452 4.0452 4.0452 4.0452
5.852 0 3 1.0 0.0 0.0 0.0 0.0 0.0 0.0 0.0 0.0 0.0 4.0452 4.0452 4.0452 4.0452
5.853 0 3 1.0 0.0 0.0 0.0 0.0 0.0 0.0 0.0 0.0 0.0 4.0452 4.0452 4.0452 4.0452
5.854 0 3 1.0 0.0 0.0 0.0 0.0 0.0 0.0 0.0 0.0 0.0 4.0452 4.0452 4.0452 4.0452
5.855 0 3 1.0 0.0 0.0 0.0 0.0 0.0 0.0 0.0 0.0 0.0 4.0452 4.0452 4.0452 4.0452
5.856 0 3 1.0 0.0 0.0 0.0 0.0 0.0 0.0 0.0 0.0 0.0 4.0452 4.0452 4.0452 4.0452
5.857 0 3 1.0 0.0 0.0 0.0 0.0 0.0 0.0 0.0 0.0 0.0 4.0452 4.0452 4.0452 4.0452
5.8580000000000005 0 3 1.0 0.0 0.0 0.0 0.0 0.0 0.0 0.0 0.0 0.0 4.0452 4.0452 4.0452 4.0452
5.859 0 3 1.0 0.0 0.0 0.0 0.0 0.0 0.0 0.0 0.0 0.0 4.0452 4.0452 4.0452 4.0452
5.86 0 3 1.0 0.0 0.0 0.0 0.0 0.0 0.0 0.0 0.0 0.0 4.0452 4.0452 4.0452 4.0452
5.861 0 3 1.0 0.0 0.0 0.0 0.0 0.0 0.0 0.0 0.0 0.0 4.0452 4.0452 4.0452 4.0452
5.862 0 3 1.0 0.0 0.0 0.0 0.0 0.0 0.0 0.0 0.0 0.0 4.0452 4.0452 4.0452 4.0452
5.863 0 3 1.0 0.0 0.0 0.0 0.0 0.0 0.0 0.0 0.0 0.0 4.0452 4.0452 4.0452 4.0452
5.864 0 3 1.0 0.0 0.0 0.0 0.0 0.0 0.0 0.0 0.0 0.0 4.0452 4.0452 4.0452 4.0452
5.865 0 3 1.0 0.0 0.0 0.0 0.0 0.0 0.0 0.0 0.0 0.0 4.0452 4.0452 4.0452 4.0452
5.8660000000000005 0 3 1.0 0.0 0.0 0.0 0.0 0.0 0.0 0.0 0.0 0.0 4.0452 4.0452 4.0452 4.0452
5.867 0 3 1.0 0.0 0.0 0.0 0.0 0.0 0.0 0.0 0.0 0.0 4.0452 4.0452 4.0452 4.0452
5.868 0 3 1.0 0.0 0.0 0.0 0.0 0.0 0.0 0.0 0.0 0.0 4.0452 4.0452 4.0452 4.0452
5.869 0 3 1.0 0.0 0.0 0.0 0.0 0.0 0.0 0.0 0.0 0.0 4.0452 4.0452 4.0452 4.0452
5.87 0 3 1.0 0.0 0.0 0.0 0.0 0.0 0.0 0.0 0.0 0.0 4.0452 4.0452 4.0452 4.0452
5.871 0 3 1.0 0.0 0.0 0.0 0.0 0.0 0.0 0.0 0.0 0.0 4.0452 4.0452 4.0452 4.0452
5.872 0 3 1.0 0.0 0.0 0.0 0.0 0.0 0.0 0.0 0.0 0.0 4.0452 4.0452 4.0452 4.0452
5.873 0 3 1.0 0.0 0.0 0.0 0.0 0.0 0.0 0.0 0.0 0.0 4.0452 4.0452 4.0452 4.0452
5.8740000000000006 0 3 1.0 0.0 0.0 0.0 0.0 0.0 0.0 0.0 0.0 0.0 4.0452 4.0452 4.0452 4.0452
5.875 0 3 1.0 0.0 0.0 0.0 0.0 0.0 0.0 0.0 0.0 0.0 4.0452 4.0452 4.0452 4.0452
5.876 0 3 1.0 0.0 0.0 0.0 0.0 0.0 0.0 0.0 0.0 0.0 4.0452 4.0452 4.0452 4.0452
5.877 0 3 1.0 0.0 0.0 0.0 0.0 0.0 0.0 0.0 0.0 0.0 4.0452 4.0452 4.0452 4.0452
5.878 0 3 1.0 0.0 0.0 0.0 0.0 0.0 0.0 0.0 0.0 0.0 4.0452 4.0452 4.0452 4.0452
5.8790000000000004 0 3 1.0 0.0 0.0 0.0 0.0 0.0 0.0 0.0 0.0 0.0 4.0452 4.0452 4.0452 4.0452
5.88 0 3 1.0 0.0 0.0 0.0 0.0 0.0 0.0 0.0 0.0 0.0 4.0452 4.0452 4.0452 4.0452
5.881 0 3 1.0 0.0 0.0 0.0 0.0 0.0 0.0 0.0 0.0 0.0 4.0452 4.0452 4.0452 4.0452
5.882000000000001 0 3 1.0 0.0 0.0 0.0 0.0 0.0 0.0 0.0 0.0 0.0 4.0452 4.0452 4.0452 4.0452
5.883 0 3 1.0 0.0 0.0 0.0 0.0 0.0 0.0 0.0 0.0 0.0 4.0452 4.0452 4.0452 4.0452
5.884 0 3 1.0 0.0 0.0 0.0 0.0 0.0 0.0 0.0 0.0 0.0 4.0452 4.0452 4.0452 4.0452
5.885 0 3 1.0 0.0 0.0 0.0 0.0 0.0 0.0 0.0 0.0 0.0 4.0452 4.0452 4.0452 4.0452
5.886 0 3 1.0 0.0 0.0 0.0 0.0 0.0 0.0 0.0 0.0 0.0 4.0452 4.0452 4.0452 4.0452
5.8870000000000005 0 3 1.0 0.0 0.0 0.0 0.0 0.0 0.0 0.0 0.0 0.0 4.0452 4.0452 4.0452 4.0452
5.888 0 3 1.0 0.0 0.0 0.0 0.0 0.0 0.0 0.0 0.0 0.0 4.0452 4.0452 4.0452 4.0452
5.889 0 3 1.0 0.0 0.0 0.0 0.0 0.0 0.0 0.0 0.0 0.0 4.0452 4.0452 4.0452 4.0452
5.89 0 3 1.0 0.0 0.0 0.0 0.0 0.0 0.0 0.0 0.0 0.0 4.0452 4.0452 4.0452 4.0452
5.891 0 3 1.0 0.0 0.0 0.0 0.0 0.0 0.0 0.0 0.0 0.0 4.0452 4.0452 4.0452 4.0452
5.892 0 3 1.0 0.0 0.0 0.0 0.0 0.0 0.0 0.0 0.0 0.0 4.0452 4.0452 4.0452 4.0452
5.893 0 3 1.0 0.0 0.0 0.0 0.0 0.0 0.0 0.0 0.0 0.0 4.0452 4.0452 4.0452 4.0452
5.894 0 3 1.0 0.0 0.0 0.0 0.0 0.0 0.0 0.0 0.0 0.0 4.0452 4.0452 4.0452 4.0452
5.8950000000000005 0 3 1.0 0.0 0.0 0.0 0.0 0.0 0.0 0.0 0.0 0.0 4.0452 4.0452 4.0452 4.0452
5.896 0 3 1.0 0.0 0.0 0.0 0.0 0.0 0.0 0.0 0.0 0.0 4.0452 4.0452 4.0452 4.0452
5.897 0 3 1.0 0.0 0.0 0.0 0.0 0.0 0.0 0.0 0.0 0.0 4.0452 4.0452 4.0452 4.0452
5.898 0 3 1.0 0.0 0.0 0.0 0.0 0.0 0.0 0.0 0.0 0.0 4.0452 4.0452 4.0452 4.0452
5.899 0 3 1.0 0.0 0.0 0.0 0.0 0.0 0.0 0.0 0.0 0.0 4.0452 4.0452 4.0452 4.0452
5.9 0 3 1.0 0.0 0.0 0.0 0.0 0.0 0.0 0.0 0.0 0.0 4.0452 4.0452 4.0452 4.0452
5.901 0 3 1.0 0.0 0.0 0.0 0.0 0.0 0.0 0.0 0.0 0.0 4.0452 4.0452 4.0452 4.0452
5.902 0 3 1.0 0.0 0.0 0.0 0.0 0.0 0.0 0.0 0.0 0.0 4.0452 4.0452 4.0452 4.0452
5.9030000000000005 0 3 1.0 0.0 0.0 0.0 0.0 0.0 0.0 0.0 0.0 0.0 4.0452 4.0452 4.0452 4.0452
5.904 0 3 1.0 0.0 0.0 0.0 0.0 0.0 0.0 0.0 0.0 0.0 4.0452 4.0452 4.0452 4.0452
5.905 0 3 1.0 0.0 0.0 0.0 0.0 0.0 0.0 0.0 0.0 0.0 4.0452 4.0452 4.0452 4.0452
5.906 0 3 1.0 0.0 0.0 0.0 0.0 0.0 0.0 0.0 0.0 0.0 4.0452 4.0452 4.0452 4.0452
5.907 0 3 1.0 0.0 0.0 0.0 0.0 0.0 0.0 0.0 0.0 0.0 4.0452 4.0452 4.0452 4.0452
5.908 0 3 1.0 0.0 0.0 0.0 0.0 0.0 0.0 0.0 0.0 0.0 4.0452 4.0452 4.0452 4.0452
5.909 0 3 1.0 0.0 0.0 0.0 0.0 0.0 0.0 0.0 0.0 0.0 4.0452 4.0452 4.0452 4.0452
5.91 0 3 1.0 0.0 0.0 0.0 0.0 0.0 0.0 0.0 0.0 0.0 4.0452 4.0452 4.0452 4.0452
5.9110000000000005 0 3 1.0 0.0 0.0 0.0 0.0 0.0 0.0 0.0 0.0 0.0 4.0452 4.0452 4.0452 4.0452
5.912 0 3 1.0 0.0 0.0 0.0 0.0 0.0 0.0 0.0 0.0 0.0 4.0452 4.0452 4.0452 4.0452
5.913 0 3 1.0 0.0 0.0 0.0 0.0 0.0 0.0 0.0 0.0 0.0 4.0452 4.0452 4.0452 4.0452
5.914 0 3 1.0 0.0 0.0 0.0 0.0 0.0 0.0 0.0 0.0 0.0 4.0452 4.0452 4.0452 4.0452
5.915 0 3 1.0 0.0 0.0 0.0 0.0 0.0 0.0 0.0 0.0 0.0 4.0452 4.0452 4.0452 4.0452
5.916 0 3 1.0 0.0 0.0 0.0 0.0 0.0 0.0 0.0 0.0 0.0 4.0452 4.0452 4.0452 4.0452
5.917 0 3 1.0 0.0 0.0 0.0 0.0 0.0 0.0 0.0 0.0 0.0 4.0452 4.0452 4.0452 4.0452
5.918 0 3 1.0 0.0 0.0 0.0 0.0 0.0 0.0 0.0 0.0 0.0 4.0452 4.0452 4.0452 4.0452
5.9190000000000005 0 3 1.0 0.0 0.0 0.0 0.0 0.0 0.0 0.0 0.0 0.0 4.0452 4.0452 4.0452 4.0452
5.92 0 3 1.0 0.0 0.0 0.0 0.0 0.0 0.0 0.0 0.0 0.0 4.0452 4.0452 4.0452 4.0452
5.921 0 3 1.0 0.0 0.0 0.0 0.0 0.0 0.0 0.0 0.0 0.0 4.0452 4.0452 4.0452 4.0452
5.922 0 3 1.0 0.0 0.0 0.0 0.0 0.0 0.0 0.0 0.0 0.0 4.0452 4.0452 4.0452 4.0452
5.923 0 3 1.0 0.0 0.0 0.0 0.0 0.0 0.0 0.0 0.0 0.0 4.0452 4.0452 4.0452 4.0452
5.924 0 3 1.0 0.0 0.0 0.0 0.0 0.0 0.0 0.0 0.0 0.0 4.0452 4.0452 4.0452 4.0452
5.925 0 3 1.0 0.0 0.0 0.0 0.0 0.0 0.0 0.0 0.0 0.0 4.0452 4.0452 4.0452 4.0452
5.926 0 3 1.0 0.0 0.0 0.0 0.0 0.0 0.0 0.0 0.0 0.0 4.0452 4.0452 4.0452 4.0452
5.9270000000000005 0 3 1.0 0.0 0.0 0.0 0.0 0.0 0.0 0.0 0.0 0.0 4.0452 4.0452 4.0452 4.0452
5.928 0 3 1.0 0.0 0.0 0.0 0.0 0.0 0.0 0.0 0.0 0.0 4.0452 4.0452 4.0452 4.0452
5.929 0 3 1.0 0.0 0.0 0.0 0.0 0.0 0.0 0.0 0.0 0.0 4.0452 4.0452 4.0452 4.0452
5.93 0 3 1.0 0.0 0.0 0.0 0.0 0.0 0.0 0.0 0.0 0.0 4.0452 4.0452 4.0452 4.0452
5.931 0 3 1.0 0.0 0.0 0.0 0.0 0.0 0.0 0.0 0.0 0.0 4.0452 4.0452 4.0452 4.0452
5.932 0 3 1.0 0.0 0.0 0.0 0.0 0.0 0.0 0.0 0.0 0.0 4.0452 4.0452 4.0452 4.0452
5.933 0 3 1.0 0.0 0.0 0.0 0.0 0.0 0.0 0.0 0.0 0.0 4.0452 4.0452 4.0452 4.0452
5.934 0 3 1.0 0.0 0.0 0.0 0.0 0.0 0.0 0.0 0.0 0.0 4.0452 4.0452 4.0452 4.0452
5.9350000000000005 0 3 1.0 0.0 0.0 0.0 0.0 0.0 0.0 0.0 0.0 0.0 4.0452 4.0452 4.0452 4.0452
5.936 0 3 1.0 0.0 0.0 0.0 0.0 0.0 0.0 0.0 0.0 0.0 4.0452 4.0452 4.0452 4.0452
5.937 0 3 1.0 0.0 0.0 0.0 0.0 0.0 0.0 0.0 0.0 0.0 4.0452 4.0452 4.0452 4.0452
5.938 0 3 1.0 0.0 0.0 0.0 0.0 0.0 0.0 0.0 0.0 0.0 4.0452 4.0452 4.0452 4.0452
5.939 0 3 1.0 0.0 0.0 0.0 0.0 0.0 0.0 0.0 0.0 0.0 4.0452 4.0452 4.0452 4.0452
5.94 0 3 1.0 0.0 0.0 0.0 0.0 0.0 0.0 0.0 0.0 0.0 4.0452 4.0452 4.0452 4.0452
5.941 0 3 1.0 0.0 0.0 0.0 0.0 0.0 0.0 0.0 0.0 0.0 4.0452 4.0452 4.0452 4.0452
5.942 0 3 1.0 0.0 0.0 0.0 0.0 0.0 0.0 0.0 0.0 0.0 4.0452 4.0452 4.0452 4.0452
5.9430000000000005 0 3 1.0 0.0 0.0 0.0 0.0 0.0 0.0 0.0 0.0 0.0 4.0452 4.0452 4.0452 4.0452
5.944 0 3 1.0 0.0 0.0 0.0 0.0 0.0 0.0 0.0 0.0 0.0 4.0452 4.0452 4.0452 4.0452
5.945 0 3 1.0 0.0 0.0 0.0 0.0 0.0 0.0 0.0 0.0 0.0 4.0452 4.0452 4.0452 4.0452
5.946 0 3 1.0 0.0 0.0 0.0 0.0 0.0 0.0 0.0 0.0 0.0 4.0452 4.0452 4.0452 4.0452
5.947 0 3 1.0 0.0 0.0 0.0 0.0 0.0 0.0 0.0 0.0 0.0 4.0452 4.0452 4.0452 4.0452
5.948 0 3 1.0 0.0 0.0 0.0 0.0 0.0 0.0 0.0 0.0 0.0 4.0452 4.0452 4.0452 4.0452
5.949 0 3 1.0 0.0 0.0 0.0 0.0 0.0 0.0 0.0 0.0 0.0 4.0452 4.0452 4.0452 4.0452
5.95 0 3 1.0 0.0 0.0 0.0 0.0 0.0 0.0 0.0 0.0 0.0 4.0452 4.0452 4.0452 4.0452
5.9510000000000005 0 3 1.0 0.0 0.0 0.0 0.0 0.0 0.0 0.0 0.0 0.0 4.0452 4.0452 4.0452 4.0452
5.952 0 3 1.0 0.0 0.0 0.0 0.0 0.0 0.0 0.0 0.0 0.0 4.0452 4.0452 4.0452 4.0452
5.953 0 3 1.0 0.0 0.0 0.0 0.0 0.0 0.0 0.0 0.0 0.0 4.0452 4.0452 4.0452 4.0452
5.954 0 3 1.0 0.0 0.0 0.0 0.0 0.0 0.0 0.0 0.0 0.0 4.0452 4.0452 4.0452 4.0452
5.955 0 3 1.0 0.0 0.0 0.0 0.0 0.0 0.0 0.0 0.0 0.0 4.0452 4.0452 4.0452 4.0452
5.956 0 3 1.0 0.0 0.0 0.0 0.0 0.0 0.0 0.0 0.0 0.0 4.0452 4.0452 4.0452 4.0452
5.957 0 3 1.0 0.0 0.0 0.0 0.0 0.0 0.0 0.0 0.0 0.0 4.0452 4.0452 4.0452 4.0452
5.958 0 3 1.0 0.0 0.0 0.0 0.0 0.0 0.0 0.0 0.0 0.0 4.0452 4.0452 4.0452 4.0452
5.9590000000000005 0 3 1.0 0.0 0.0 0.0 0.0 0.0 0.0 0.0 0.0 0.0 4.0452 4.0452 4.0452 4.0452
5.96 0 3 1.0 0.0 0.0 0.0 0.0 0.0 0.0 0.0 0.0 0.0 4.0452 4.0452 4.0452 4.0452
5.961 0 3 1.0 0.0 0.0 0.0 0.0 0.0 0.0 0.0 0.0 0.0 4.0452 4.0452 4.0452 4.0452
5.962 0 3 1.0 0.0 0.0 0.0 0.0 0.0 0.0 0.0 0.0 0.0 4.0452 4.0452 4.0452 4.0452
5.963 0 3 1.0 0.0 0.0 0.0 0.0 0.0 0.0 0.0 0.0 0.0 4.0452 4.0452 4.0452 4.0452
5.964 0 3 1.0 0.0 0.0 0.0 0.0 0.0 0.0 0.0 0.0 0.0 4.0452 4.0452 4.0452 4.0452
5.965 0 3 1.0 0.0 0.0 0.0 0.0 0.0 0.0 0.0 0.0 0.0 4.0452 4.0452 4.0452 4.0452
5.966 0 3 1.0 0.0 0.0 0.0 0.0 0.0 0.0 0.0 0.0 0.0 4.0452 4.0452 4.0452 4.0452
5.9670000000000005 0 3 1.0 0.0 0.0 0.0 0.0 0.0 0.0 0.0 0.0 0.0 4.0452 4.0452 4.0452 4.0452
5.968 0 3 1.0 0.0 0.0 0.0 0.0 0.0 0.0 0.0 0.0 0.0 4.0452 4.0452 4.0452 4.0452
5.969 0 3 1.0 0.0 0.0 0.0 0.0 0.0 0.0 0.0 0.0 0.0 4.0452 4.0452 4.0452 4.0452
5.97 0 3 1.0 0.0 0.0 0.0 0.0 0.0 0.0 0.0 0.0 0.0 4.0452 4.0452 4.0452 4.0452
5.971 0 3 1.0 0.0 0.0 0.0 0.0 0.0 0.0 0.0 0.0 0.0 4.0452 4.0452 4.0452 4.0452
5.972 0 3 1.0 0.0 0.0 0.0 0.0 0.0 0.0 0.0 0.0 0.0 4.0452 4.0452 4.0452 4.0452
5.973 0 3 1.0 0.0 0.0 0.0 0.0 0.0 0.0 0.0 0.0 0.0 4.0452 4.0452 4.0452 4.0452
5.974 0 3 1.0 0.0 0.0 0.0 0.0 0.0 0.0 0.0 0.0 0.0 4.0452 4.0452 4.0452 4.0452
5.9750000000000005 0 3 1.0 0.0 0.0 0.0 0.0 0.0 0.0 0.0 0.0 0.0 4.0452 4.0452 4.0452 4.0452
5.976 0 3 1.0 0.0 0.0 0.0 0.0 0.0 0.0 0.0 0.0 0.0 4.0452 4.0452 4.0452 4.0452
5.977 0 3 1.0 0.0 0.0 0.0 0.0 0.0 0.0 0.0 0.0 0.0 4.0452 4.0452 4.0452 4.0452
5.978 0 3 1.0 0.0 0.0 0.0 0.0 0.0 0.0 0.0 0.0 0.0 4.0452 4.0452 4.0452 4.0452
5.979 0 3 1.0 0.0 0.0 0.0 0.0 0.0 0.0 0.0 0.0 0.0 4.0452 4.0452 4.0452 4.0452
5.98 0 3 1.0 0.0 0.0 0.0 0.0 0.0 0.0 0.0 0.0 0.0 4.0452 4.0452 4.0452 4.0452
5.981 0 3 1.0 0.0 0.0 0.0 0.0 0.0 0.0 0.0 0.0 0.0 4.0452 4.0452 4.0452 4.0452
5.982 0 3 1.0 0.0 0.0 0.0 0.0 0.0 0.0 0.0 0.0 0.0 4.0452 4.0452 4.0452 4.0452
5.9830000000000005 0 3 1.0 0.0 0.0 0.0 0.0 0.0 0.0 0.0 0.0 0.0 4.0452 4.0452 4.0452 4.0452
5.984 0 3 1.0 0.0 0.0 0.0 0.0 0.0 0.0 0.0 0.0 0.0 4.0452 4.0452 4.0452 4.0452
5.985 0 3 1.0 0.0 0.0 0.0 0.0 0.0 0.0 0.0 0.0 0.0 4.0452 4.0452 4.0452 4.0452
5.986 0 3 1.0 0.0 0.0 0.0 0.0 0.0 0.0 0.0 0.0 0.0 4.0452 4.0452 4.0452 4.0452
5.987 0 3 1.0 0.0 0.0 0.0 0.0 0.0 0.0 0.0 0.0 0.0 4.0452 4.0452 4.0452 4.0452
5.988 0 3 1.0 0.0 0.0 0.0 0.0 0.0 0.0 0.0 0.0 0.0 4.0452 4.0452 4.0452 4.0452
5.989 0 3 1.0 0.0 0.0 0.0 0.0 0.0 0.0 0.0 0.0 0.0 4.0452 4.0452 4.0452 4.0452
5.99 0 3 1.0 0.0 0.0 0.0 0.0 0.0 0.0 0.0 0.0 0.0 4.0452 4.0452 4.0452 4.0452
5.9910000000000005 0 3 1.0 0.0 0.0 0.0 0.0 0.0 0.0 0.0 0.0 0.0 4.0452 4.0452 4.0452 4.0452
5.992 0 3 1.0 0.0 0.0 0.0 0.0 0.0 0.0 0.0 0.0 0.0 4.0452 4.0452 4.0452 4.0452
5.993 0 3 1.0 0.0 0.0 0.0 0.0 0.0 0.0 0.0 0.0 0.0 4.0452 4.0452 4.0452 4.0452
5.994 0 3 1.0 0.0 0.0 0.0 0.0 0.0 0.0 0.0 0.0 0.0 4.0452 4.0452 4.0452 4.0452
5.995 0 3 1.0 0.0 0.0 0.0 0.0 0.0 0.0 0.0 0.0 0.0 4.0452 4.0452 4.0452 4.0452
5.996 0 3 1.0 0.0 0.0 0.0 0.0 0.0 0.0 0.0 0.0 0.0 4.0452 4.0452 4.0452 4.0452
5.997 0 3 1.0 0.0 0.0 0.0 0.0 0.0 0.0 0.0 0.0 0.0 4.0452 4.0452 4.0452 4.0452
5.998 0 3 1.0 0.0 0.0 0.0 0.0 0.0 0.0 0.0 0.0 0.0 4.0452 4.0452 4.0452 4.0452
5.9990000000000006 0 3 1.0 0.0 0.0 0.0 0.0 0.0 0.0 0.0 0.0 0.0 4.0452 4.0452 4.0452 4.0452
6.0 0 3 1.0 0.0 0.0 0.0 0.0 0.0 0.0 0.0 0.0 0.0 4.0452 4.0452 4.0452 4.0452
6.001 0 3 1.0 0.0 0.0 0.0 0.0 0.0 0.0 0.0 0.0 0.0 4.0452 4.0452 4.0452 4.0452
6.002 0 3 1.0 0.0 0.0 0.0 0.0 0.0 0.0 0.0 0.0 0.0 4.0452 4.0452 4.0452 4.0452
6.003 0 3 1.0 0.0 0.0 0.0 0.0 0.0 0.0 0.0 0.0 0.0 4.0452 4.0452 4.0452 4.0452
6.0040000000000004 0 3 1.0 0.0 0.0 0.0 0.0 0.0 0.0 0.0 0.0 0.0 4.0452 4.0452 4.0452 4.0452
6.005 0 3 1.0 0.0 0.0 0.0 0.0 0.0 0.0 0.0 0.0 0.0 4.0452 4.0452 4.0452 4.0452
6.006 0 3 1.0 0.0 0.0 0.0 0.0 0.0 0.0 0.0 0.0 0.0 4.0452 4.0452 4.0452 4.0452
6.007000000000001 0 3 1.0 0.0 0.0 0.0 0.0 0.0 0.0 0.0 0.0 0.0 4.0452 4.0452 4.0452 4.0452
6.008 0 3 1.0 0.0 0.0 0.0 0.0 0.0 0.0 0.0 0.0 0.0 4.0452 4.0452 4.0452 4.0452
6.009 0 3 1.0 0.0 0.0 0.0 0.0 0.0 0.0 0.0 0.0 0.0 4.0452 4.0452 4.0452 4.0452
6.01 0 3 1.0 0.0 0.0 0.0 0.0 0.0 0.0 0.0 0.0 0.0 4.0452 4.0452 4.0452 4.0452
6.011 0 3 1.0 0.0 0.0 0.0 0.0 0.0 0.0 0.0 0.0 0.0 4.0452 4.0452 4.0452 4.0452
6.0120000000000005 0 3 1.0 0.0 0.0 0.0 0.0 0.0 0.0 0.0 0.0 0.0 4.0452 4.0452 4.0452 4.0452
6.013 0 3 1.0 0.0 0.0 0.0 0.0 0.0 0.0 0.0 0.0 0.0 4.0452 4.0452 4.0452 4.0452
6.014 0 3 1.0 0.0 0.0 0.0 0.0 0.0 0.0 0.0 0.0 0.0 4.0452 4.0452 4.0452 4.0452
6.015000000000001 0 3 1.0 0.0 0.0 0.0 0.0 0.0 0.0 0.0 0.0 0.0 4.0452 4.0452 4.0452 4.0452
6.016 0 3 1.0 0.0 0.0 0.0 0.0 0.0 0.0 0.0 0.0 0.0 4.0452 4.0452 4.0452 4.0452
6.017 0 3 1.0 0.0 0.0 0.0 0.0 0.0 0.0 0.0 0.0 0.0 4.0452 4.0452 4.0452 4.0452
6.018 0 3 1.0 0.0 0.0 0.0 0.0 0.0 0.0 0.0 0.0 0.0 4.0452 4.0452 4.0452 4.0452
6.019 0 3 1.0 0.0 0.0 0.0 0.0 0.0 0.0 0.0 0.0 0.0 4.0452 4.0452 4.0452 4.0452
6.0200000000000005 0 3 1.0 0.0 0.0 0.0 0.0 0.0 0.0 0.0 0.0 0.0 4.0452 4.0452 4.0452 4.0452
6.021 0 3 1.0 0.0 0.0 0.0 0.0 0.0 0.0 0.0 0.0 0.0 4.0452 4.0452 4.0452 4.0452
6.022 0 3 1.0 0.0 0.0 0.0 0.0 0.0 0.0 0.0 0.0 0.0 4.0452 4.0452 4.0452 4.0452
6.023 0 3 1.0 0.0 0.0 0.0 0.0 0.0 0.0 0.0 0.0 0.0 4.0452 4.0452 4.0452 4.0452
6.024 0 3 1.0 0.0 0.0 0.0 0.0 0.0 0.0 0.0 0.0 0.0 4.0452 4.0452 4.0452 4.0452
6.025 0 3 1.0 0.0 0.0 0.0 0.0 0.0 0.0 0.0 0.0 0.0 4.0452 4.0452 4.0452 4.0452
6.026 0 3 1.0 0.0 0.0 0.0 0.0 0.0 0.0 0.0 0.0 0.0 4.0452 4.0452 4.0452 4.0452
6.027 0 3 1.0 0.0 0.0 0.0 0.0 0.0 0.0 0.0 0.0 0.0 4.0452 4.0452 4.0452 4.0452
6.0280000000000005 0 3 1.0 0.0 0.0 0.0 0.0 0.0 0.0 0.0 0.0 0.0 4.0452 4.0452 4.0452 4.0452
6.029 0 3 1.0 0.0 0.0 0.0 0.0 0.0 0.0 0.0 0.0 0.0 4.0452 4.0452 4.0452 4.0452
6.03 0 3 1.0 0.0 0.0 0.0 0.0 0.0 0.0 0.0 0.0 0.0 4.0452 4.0452 4.0452 4.0452
6.031 0 3 1.0 0.0 0.0 0.0 0.0 0.0 0.0 0.0 0.0 0.0 4.0452 4.0452 4.0452 4.0452
6.032 0 3 1.0 0.0 0.0 0.0 0.0 0.0 0.0 0.0 0.0 0.0 4.0452 4.0452 4.0452 4.0452
6.033 0 3 1.0 0.0 0.0 0.0 0.0 0.0 0.0 0.0 0.0 0.0 4.0452 4.0452 4.0452 4.0452
6.034 0 3 1.0 0.0 0.0 0.0 0.0 0.0 0.0 0.0 0.0 0.0 4.0452 4.0452 4.0452 4.0452
6.035 0 3 1.0 0.0 0.0 0.0 0.0 0.0 0.0 0.0 0.0 0.0 4.0452 4.0452 4.0452 4.0452
6.0360000000000005 0 3 1.0 0.0 0.0 0.0 0.0 0.0 0.0 0.0 0.0 0.0 4.0452 4.0452 4.0452 4.0452
6.037 0 3 1.0 0.0 0.0 0.0 0.0 0.0 0.0 0.0 0.0 0.0 4.0452 4.0452 4.0452 4.0452
6.038 0 3 1.0 0.0 0.0 0.0 0.0 0.0 0.0 0.0 0.0 0.0 4.0452 4.0452 4.0452 4.0452
6.039 0 3 1.0 0.0 0.0 0.0 0.0 0.0 0.0 0.0 0.0 0.0 4.0452 4.0452 4.0452 4.0452
6.04 0 3 1.0 0.0 0.0 0.0 0.0 0.0 0.0 0.0 0.0 0.0 4.0452 4.0452 4.0452 4.0452
6.041 0 3 1.0 0.0 0.0 0.0 0.0 0.0 0.0 0.0 0.0 0.0 4.0452 4.0452 4.0452 4.0452
6.042 0 3 1.0 0.0 0.0 0.0 0.0 0.0 0.0 0.0 0.0 0.0 4.0452 4.0452 4.0452 4.0452
6.043 0 3 1.0 0.0 0.0 0.0 0.0 0.0 0.0 0.0 0.0 0.0 4.0452 4.0452 4.0452 4.0452
6.0440000000000005 0 3 1.0 0.0 0.0 0.0 0.0 0.0 0.0 0.0 0.0 0.0 4.0452 4.0452 4.0452 4.0452
6.045 0 3 1.0 0.0 0.0 0.0 0.0 0.0 0.0 0.0 0.0 0.0 4.0452 4.0452 4.0452 4.0452
6.046 0 3 1.0 0.0 0.0 0.0 0.0 0.0 0.0 0.0 0.0 0.0 4.0452 4.0452 4.0452 4.0452
6.047 0 3 1.0 0.0 0.0 0.0 0.0 0.0 0.0 0.0 0.0 0.0 4.0452 4.0452 4.0452 4.0452
6.048 0 3 1.0 0.0 0.0 0.0 0.0 0.0 0.0 0.0 0.0 0.0 4.0452 4.0452 4.0452 4.0452
6.049 0 3 1.0 0.0 0.0 0.0 0.0 0.0 0.0 0.0 0.0 0.0 4.0452 4.0452 4.0452 4.0452
6.05 0 3 1.0 0.0 0.0 0.0 0.0 0.0 0.0 0.0 0.0 0.0 4.0452 4.0452 4.0452 4.0452
6.051 0 3 1.0 0.0 0.0 0.0 0.0 0.0 0.0 0.0 0.0 0.0 4.0452 4.0452 4.0452 4.0452
6.0520000000000005 0 3 1.0 0.0 0.0 0.0 0.0 0.0 0.0 0.0 0.0 0.0 4.0452 4.0452 4.0452 4.0452
6.053 0 3 1.0 0.0 0.0 0.0 0.0 0.0 0.0 0.0 0.0 0.0 4.0452 4.0452 4.0452 4.0452
6.054 0 3 1.0 0.0 0.0 0.0 0.0 0.0 0.0 0.0 0.0 0.0 4.0452 4.0452 4.0452 4.0452
6.055 0 3 1.0 0.0 0.0 0.0 0.0 0.0 0.0 0.0 0.0 0.0 4.0452 4.0452 4.0452 4.0452
6.056 0 3 1.0 0.0 0.0 0.0 0.0 0.0 0.0 0.0 0.0 0.0 4.0452 4.0452 4.0452 4.0452
6.057 0 3 1.0 0.0 0.0 0.0 0.0 0.0 0.0 0.0 0.0 0.0 4.0452 4.0452 4.0452 4.0452
6.058 0 3 1.0 0.0 0.0 0.0 0.0 0.0 0.0 0.0 0.0 0.0 4.0452 4.0452 4.0452 4.0452
6.059 0 3 1.0 0.0 0.0 0.0 0.0 0.0 0.0 0.0 0.0 0.0 4.0452 4.0452 4.0452 4.0452
6.0600000000000005 0 3 1.0 0.0 0.0 0.0 0.0 0.0 0.0 0.0 0.0 0.0 4.0452 4.0452 4.0452 4.0452
6.061 0 3 1.0 0.0 0.0 0.0 0.0 0.0 0.0 0.0 0.0 0.0 4.0452 4.0452 4.0452 4.0452
6.062 0 3 1.0 0.0 0.0 0.0 0.0 0.0 0.0 0.0 0.0 0.0 4.0452 4.0452 4.0452 4.0452
6.063 0 3 1.0 0.0 0.0 0.0 0.0 0.0 0.0 0.0 0.0 0.0 4.0452 4.0452 4.0452 4.0452
6.064 0 3 1.0 0.0 0.0 0.0 0.0 0.0 0.0 0.0 0.0 0.0 4.0452 4.0452 4.0452 4.0452
6.065 0 3 1.0 0.0 0.0 0.0 0.0 0.0 0.0 0.0 0.0 0.0 4.0452 4.0452 4.0452 4.0452
6.066 0 3 1.0 0.0 0.0 0.0 0.0 0.0 0.0 0.0 0.0 0.0 4.0452 4.0452 4.0452 4.0452
6.067 0 3 1.0 0.0 0.0 0.0 0.0 0.0 0.0 0.0 0.0 0.0 4.0452 4.0452 4.0452 4.0452
6.0680000000000005 0 3 1.0 0.0 0.0 0.0 0.0 0.0 0.0 0.0 0.0 0.0 4.0452 4.0452 4.0452 4.0452
6.069 0 3 1.0 0.0 0.0 0.0 0.0 0.0 0.0 0.0 0.0 0.0 4.0452 4.0452 4.0452 4.0452
6.07 0 3 1.0 0.0 0.0 0.0 0.0 0.0 0.0 0.0 0.0 0.0 4.0452 4.0452 4.0452 4.0452
6.071 0 3 1.0 0.0 0.0 0.0 0.0 0.0 0.0 0.0 0.0 0.0 4.0452 4.0452 4.0452 4.0452
6.072 0 3 1.0 0.0 0.0 0.0 0.0 0.0 0.0 0.0 0.0 0.0 4.0452 4.0452 4.0452 4.0452
6.073 0 3 1.0 0.0 0.0 0.0 0.0 0.0 0.0 0.0 0.0 0.0 4.0452 4.0452 4.0452 4.0452
6.074 0 3 1.0 0.0 0.0 0.0 0.0 0.0 0.0 0.0 0.0 0.0 4.0452 4.0452 4.0452 4.0452
6.075 0 3 1.0 0.0 0.0 0.0 0.0 0.0 0.0 0.0 0.0 0.0 4.0452 4.0452 4.0452 4.0452
6.0760000000000005 0 3 1.0 0.0 0.0 0.0 0.0 0.0 0.0 0.0 0.0 0.0 4.0452 4.0452 4.0452 4.0452
6.077 0 3 1.0 0.0 0.0 0.0 0.0 0.0 0.0 0.0 0.0 0.0 4.0452 4.0452 4.0452 4.0452
6.078 0 3 1.0 0.0 0.0 0.0 0.0 0.0 0.0 0.0 0.0 0.0 4.0452 4.0452 4.0452 4.0452
6.079 0 3 1.0 0.0 0.0 0.0 0.0 0.0 0.0 0.0 0.0 0.0 4.0452 4.0452 4.0452 4.0452
6.08 0 3 1.0 0.0 0.0 0.0 0.0 0.0 0.0 0.0 0.0 0.0 4.0452 4.0452 4.0452 4.0452
6.081 0 3 1.0 0.0 0.0 0.0 0.0 0.0 0.0 0.0 0.0 0.0 4.0452 4.0452 4.0452 4.0452
6.082 0 3 1.0 0.0 0.0 0.0 0.0 0.0 0.0 0.0 0.0 0.0 4.0452 4.0452 4.0452 4.0452
6.083 0 3 1.0 0.0 0.0 0.0 0.0 0.0 0.0 0.0 0.0 0.0 4.0452 4.0452 4.0452 4.0452
6.0840000000000005 0 3 1.0 0.0 0.0 0.0 0.0 0.0 0.0 0.0 0.0 0.0 4.0452 4.0452 4.0452 4.0452
6.085 0 3 1.0 0.0 0.0 0.0 0.0 0.0 0.0 0.0 0.0 0.0 4.0452 4.0452 4.0452 4.0452
6.086 0 3 1.0 0.0 0.0 0.0 0.0 0.0 0.0 0.0 0.0 0.0 4.0452 4.0452 4.0452 4.0452
6.087 0 3 1.0 0.0 0.0 0.0 0.0 0.0 0.0 0.0 0.0 0.0 4.0452 4.0452 4.0452 4.0452
6.088 0 3 1.0 0.0 0.0 0.0 0.0 0.0 0.0 0.0 0.0 0.0 4.0452 4.0452 4.0452 4.0452
6.089 0 3 1.0 0.0 0.0 0.0 0.0 0.0 0.0 0.0 0.0 0.0 4.0452 4.0452 4.0452 4.0452
6.09 0 3 1.0 0.0 0.0 0.0 0.0 0.0 0.0 0.0 0.0 0.0 4.0452 4.0452 4.0452 4.0452
6.091 0 3 1.0 0.0 0.0 0.0 0.0 0.0 0.0 0.0 0.0 0.0 4.0452 4.0452 4.0452 4.0452
6.0920000000000005 0 3 1.0 0.0 0.0 0.0 0.0 0.0 0.0 0.0 0.0 0.0 4.0452 4.0452 4.0452 4.0452
6.093 0 3 1.0 0.0 0.0 0.0 0.0 0.0 0.0 0.0 0.0 0.0 4.0452 4.0452 4.0452 4.0452
6.094 0 3 1.0 0.0 0.0 0.0 0.0 0.0 0.0 0.0 0.0 0.0 4.0452 4.0452 4.0452 4.0452
6.095 0 3 1.0 0.0 0.0 0.0 0.0 0.0 0.0 0.0 0.0 0.0 4.0452 4.0452 4.0452 4.0452
6.096 0 3 1.0 0.0 0.0 0.0 0.0 0.0 0.0 0.0 0.0 0.0 4.0452 4.0452 4.0452 4.0452
6.097 0 3 1.0 0.0 0.0 0.0 0.0 0.0 0.0 0.0 0.0 0.0 4.0452 4.0452 4.0452 4.0452
6.098 0 3 1.0 0.0 0.0 0.0 0.0 0.0 0.0 0.0 0.0 0.0 4.0452 4.0452 4.0452 4.0452
6.099 0 3 1.0 0.0 0.0 0.0 0.0 0.0 0.0 0.0 0.0 0.0 4.0452 4.0452 4.0452 4.0452
6.1000000000000005 0 3 1.0 0.0 0.0 0.0 0.0 0.0 0.0 0.0 0.0 0.0 4.0452 4.0452 4.0452 4.0452
6.101 0 3 1.0 0.0 0.0 0.0 0.0 0.0 0.0 0.0 0.0 0.0 4.0452 4.0452 4.0452 4.0452
6.102 0 3 1.0 0.0 0.0 0.0 0.0 0.0 0.0 0.0 0.0 0.0 4.0452 4.0452 4.0452 4.0452
6.103 0 3 1.0 0.0 0.0 0.0 0.0 0.0 0.0 0.0 0.0 0.0 4.0452 4.0452 4.0452 4.0452
6.104 0 3 1.0 0.0 0.0 0.0 0.0 0.0 0.0 0.0 0.0 0.0 4.0452 4.0452 4.0452 4.0452
6.105 0 3 1.0 0.0 0.0 0.0 0.0 0.0 0.0 0.0 0.0 0.0 4.0452 4.0452 4.0452 4.0452
6.106 0 3 1.0 0.0 0.0 0.0 0.0 0.0 0.0 0.0 0.0 0.0 4.0452 4.0452 4.0452 4.0452
6.107 0 3 1.0 0.0 0.0 0.0 0.0 0.0 0.0 0.0 0.0 0.0 4.0452 4.0452 4.0452 4.0452
6.1080000000000005 0 3 1.0 0.0 0.0 0.0 0.0 0.0 0.0 0.0 0.0 0.0 4.0452 4.0452 4.0452 4.0452
6.109 0 3 1.0 0.0 0.0 0.0 0.0 0.0 0.0 0.0 0.0 0.0 4.0452 4.0452 4.0452 4.0452
6.11 0 3 1.0 0.0 0.0 0.0 0.0 0.0 0.0 0.0 0.0 0.0 4.0452 4.0452 4.0452 4.0452
6.111 0 3 1.0 0.0 0.0 0.0 0.0 0.0 0.0 0.0 0.0 0.0 4.0452 4.0452 4.0452 4.0452
6.112 0 3 1.0 0.0 0.0 0.0 0.0 0.0 0.0 0.0 0.0 0.0 4.0452 4.0452 4.0452 4.0452
6.113 0 3 1.0 0.0 0.0 0.0 0.0 0.0 0.0 0.0 0.0 0.0 4.0452 4.0452 4.0452 4.0452
6.114 0 3 1.0 0.0 0.0 0.0 0.0 0.0 0.0 0.0 0.0 0.0 4.0452 4.0452 4.0452 4.0452
6.115 0 3 1.0 0.0 0.0 0.0 0.0 0.0 0.0 0.0 0.0 0.0 4.0452 4.0452 4.0452 4.0452
6.1160000000000005 0 3 1.0 0.0 0.0 0.0 0.0 0.0 0.0 0.0 0.0 0.0 4.0452 4.0452 4.0452 4.0452
6.117 0 3 1.0 0.0 0.0 0.0 0.0 0.0 0.0 0.0 0.0 0.0 4.0452 4.0452 4.0452 4.0452
6.118 0 3 1.0 0.0 0.0 0.0 0.0 0.0 0.0 0.0 0.0 0.0 4.0452 4.0452 4.0452 4.0452
6.119 0 3 1.0 0.0 0.0 0.0 0.0 0.0 0.0 0.0 0.0 0.0 4.0452 4.0452 4.0452 4.0452
6.12 0 3 1.0 0.0 0.0 0.0 0.0 0.0 0.0 0.0 0.0 0.0 4.0452 4.0452 4.0452 4.0452
6.121 0 3 1.0 0.0 0.0 0.0 0.0 0.0 0.0 0.0 0.0 0.0 4.0452 4.0452 4.0452 4.0452
6.122 0 3 1.0 0.0 0.0 0.0 0.0 0.0 0.0 0.0 0.0 0.0 4.0452 4.0452 4.0452 4.0452
6.123 0 3 1.0 0.0 0.0 0.0 0.0 0.0 0.0 0.0 0.0 0.0 4.0452 4.0452 4.0452 4.0452
6.1240000000000006 0 3 1.0 0.0 0.0 0.0 0.0 0.0 0.0 0.0 0.0 0.0 4.0452 4.0452 4.0452 4.0452
6.125 0 3 1.0 0.0 0.0 0.0 0.0 0.0 0.0 0.0 0.0 0.0 4.0452 4.0452 4.0452 4.0452
6.126 0 3 1.0 0.0 0.0 0.0 0.0 0.0 0.0 0.0 0.0 0.0 4.0452 4.0452 4.0452 4.0452
6.127 0 3 1.0 0.0 0.0 0.0 0.0 0.0 0.0 0.0 0.0 0.0 4.0452 4.0452 4.0452 4.0452
6.128 0 3 1.0 0.0 0.0 0.0 0.0 0.0 0.0 0.0 0.0 0.0 4.0452 4.0452 4.0452 4.0452
6.1290000000000004 0 3 1.0 0.0 0.0 0.0 0.0 0.0 0.0 0.0 0.0 0.0 4.0452 4.0452 4.0452 4.0452
6.13 0 3 1.0 0.0 0.0 0.0 0.0 0.0 0.0 0.0 0.0 0.0 4.0452 4.0452 4.0452 4.0452
6.131 0 3 1.0 0.0 0.0 0.0 0.0 0.0 0.0 0.0 0.0 0.0 4.0452 4.0452 4.0452 4.0452
6.132000000000001 0 3 1.0 0.0 0.0 0.0 0.0 0.0 0.0 0.0 0.0 0.0 4.0452 4.0452 4.0452 4.0452
6.133 0 3 1.0 0.0 0.0 0.0 0.0 0.0 0.0 0.0 0.0 0.0 4.0452 4.0452 4.0452 4.0452
6.134 0 3 1.0 0.0 0.0 0.0 0.0 0.0 0.0 0.0 0.0 0.0 4.0452 4.0452 4.0452 4.0452
6.135 0 3 1.0 0.0 0.0 0.0 0.0 0.0 0.0 0.0 0.0 0.0 4.0452 4.0452 4.0452 4.0452
6.136 0 3 1.0 0.0 0.0 0.0 0.0 0.0 0.0 0.0 0.0 0.0 4.0452 4.0452 4.0452 4.0452
6.1370000000000005 0 3 1.0 0.0 0.0 0.0 0.0 0.0 0.0 0.0 0.0 0.0 4.0452 4.0452 4.0452 4.0452
6.138 0 3 1.0 0.0 0.0 0.0 0.0 0.0 0.0 0.0 0.0 0.0 4.0452 4.0452 4.0452 4.0452
6.139 0 3 1.0 0.0 0.0 0.0 0.0 0.0 0.0 0.0 0.0 0.0 4.0452 4.0452 4.0452 4.0452
6.140000000000001 0 3 1.0 0.0 0.0 0.0 0.0 0.0 0.0 0.0 0.0 0.0 4.0452 4.0452 4.0452 4.0452
6.141 0 3 1.0 0.0 0.0 0.0 0.0 0.0 0.0 0.0 0.0 0.0 4.0452 4.0452 4.0452 4.0452
6.142 0 3 1.0 0.0 0.0 0.0 0.0 0.0 0.0 0.0 0.0 0.0 4.0452 4.0452 4.0452 4.0452
6.143 0 3 1.0 0.0 0.0 0.0 0.0 0.0 0.0 0.0 0.0 0.0 4.0452 4.0452 4.0452 4.0452
6.144 0 3 1.0 0.0 0.0 0.0 0.0 0.0 0.0 0.0 0.0 0.0 4.0452 4.0452 4.0452 4.0452
6.1450000000000005 0 3 1.0 0.0 0.0 0.0 0.0 0.0 0.0 0.0 0.0 0.0 4.0452 4.0452 4.0452 4.0452
6.146 0 3 1.0 0.0 0.0 0.0 0.0 0.0 0.0 0.0 0.0 0.0 4.0452 4.0452 4.0452 4.0452
6.147 0 3 1.0 0.0 0.0 0.0 0.0 0.0 0.0 0.0 0.0 0.0 4.0452 4.0452 4.0452 4.0452
6.148 0 3 1.0 0.0 0.0 0.0 0.0 0.0 0.0 0.0 0.0 0.0 4.0452 4.0452 4.0452 4.0452
6.149 0 3 1.0 0.0 0.0 0.0 0.0 0.0 0.0 0.0 0.0 0.0 4.0452 4.0452 4.0452 4.0452
6.15 0 3 1.0 0.0 0.0 0.0 0.0 0.0 0.0 0.0 0.0 0.0 4.0452 4.0452 4.0452 4.0452
6.151 0 3 1.0 0.0 0.0 0.0 0.0 0.0 0.0 0.0 0.0 0.0 4.0452 4.0452 4.0452 4.0452
6.152 0 3 1.0 0.0 0.0 0.0 0.0 0.0 0.0 0.0 0.0 0.0 4.0452 4.0452 4.0452 4.0452
6.1530000000000005 0 3 1.0 0.0 0.0 0.0 0.0 0.0 0.0 0.0 0.0 0.0 4.0452 4.0452 4.0452 4.0452
6.154 0 3 1.0 0.0 0.0 0.0 0.0 0.0 0.0 0.0 0.0 0.0 4.0452 4.0452 4.0452 4.0452
6.155 0 3 1.0 0.0 0.0 0.0 0.0 0.0 0.0 0.0 0.0 0.0 4.0452 4.0452 4.0452 4.0452
6.156 0 3 1.0 0.0 0.0 0.0 0.0 0.0 0.0 0.0 0.0 0.0 4.0452 4.0452 4.0452 4.0452
6.157 0 3 1.0 0.0 0.0 0.0 0.0 0.0 0.0 0.0 0.0 0.0 4.0452 4.0452 4.0452 4.0452
6.158 0 3 1.0 0.0 0.0 0.0 0.0 0.0 0.0 0.0 0.0 0.0 4.0452 4.0452 4.0452 4.0452
6.159 0 3 1.0 0.0 0.0 0.0 0.0 0.0 0.0 0.0 0.0 0.0 4.0452 4.0452 4.0452 4.0452
6.16 0 3 1.0 0.0 0.0 0.0 0.0 0.0 0.0 0.0 0.0 0.0 4.0452 4.0452 4.0452 4.0452
6.1610000000000005 0 3 1.0 0.0 0.0 0.0 0.0 0.0 0.0 0.0 0.0 0.0 4.0452 4.0452 4.0452 4.0452
6.162 0 3 1.0 0.0 0.0 0.0 0.0 0.0 0.0 0.0 0.0 0.0 4.0452 4.0452 4.0452 4.0452
6.163 0 3 1.0 0.0 0.0 0.0 0.0 0.0 0.0 0.0 0.0 0.0 4.0452 4.0452 4.0452 4.0452
6.164 0 3 1.0 0.0 0.0 0.0 0.0 0.0 0.0 0.0 0.0 0.0 4.0452 4.0452 4.0452 4.0452
6.165 0 3 1.0 0.0 0.0 0.0 0.0 0.0 0.0 0.0 0.0 0.0 4.0452 4.0452 4.0452 4.0452
6.166 0 3 1.0 0.0 0.0 0.0 0.0 0.0 0.0 0.0 0.0 0.0 4.0452 4.0452 4.0452 4.0452
6.167 0 3 1.0 0.0 0.0 0.0 0.0 0.0 0.0 0.0 0.0 0.0 4.0452 4.0452 4.0452 4.0452
6.168 0 3 1.0 0.0 0.0 0.0 0.0 0.0 0.0 0.0 0.0 0.0 4.0452 4.0452 4.0452 4.0452
6.1690000000000005 0 3 1.0 0.0 0.0 0.0 0.0 0.0 0.0 0.0 0.0 0.0 4.0452 4.0452 4.0452 4.0452
6.17 0 3 1.0 0.0 0.0 0.0 0.0 0.0 0.0 0.0 0.0 0.0 4.0452 4.0452 4.0452 4.0452
6.171 0 3 1.0 0.0 0.0 0.0 0.0 0.0 0.0 0.0 0.0 0.0 4.0452 4.0452 4.0452 4.0452
6.172 0 3 1.0 0.0 0.0 0.0 0.0 0.0 0.0 0.0 0.0 0.0 4.0452 4.0452 4.0452 4.0452
6.173 0 3 1.0 0.0 0.0 0.0 0.0 0.0 0.0 0.0 0.0 0.0 4.0452 4.0452 4.0452 4.0452
6.174 0 3 1.0 0.0 0.0 0.0 0.0 0.0 0.0 0.0 0.0 0.0 4.0452 4.0452 4.0452 4.0452
6.175 0 3 1.0 0.0 0.0 0.0 0.0 0.0 0.0 0.0 0.0 0.0 4.0452 4.0452 4.0452 4.0452
6.176 0 3 1.0 0.0 0.0 0.0 0.0 0.0 0.0 0.0 0.0 0.0 4.0452 4.0452 4.0452 4.0452
6.1770000000000005 0 3 1.0 0.0 0.0 0.0 0.0 0.0 0.0 0.0 0.0 0.0 4.0452 4.0452 4.0452 4.0452
6.178 0 3 1.0 0.0 0.0 0.0 0.0 0.0 0.0 0.0 0.0 0.0 4.0452 4.0452 4.0452 4.0452
6.179 0 3 1.0 0.0 0.0 0.0 0.0 0.0 0.0 0.0 0.0 0.0 4.0452 4.0452 4.0452 4.0452
6.18 0 3 1.0 0.0 0.0 0.0 0.0 0.0 0.0 0.0 0.0 0.0 4.0452 4.0452 4.0452 4.0452
6.181 0 3 1.0 0.0 0.0 0.0 0.0 0.0 0.0 0.0 0.0 0.0 4.0452 4.0452 4.0452 4.0452
6.182 0 3 1.0 0.0 0.0 0.0 0.0 0.0 0.0 0.0 0.0 0.0 4.0452 4.0452 4.0452 4.0452
6.183 0 3 1.0 0.0 0.0 0.0 0.0 0.0 0.0 0.0 0.0 0.0 4.0452 4.0452 4.0452 4.0452
6.184 0 3 1.0 0.0 0.0 0.0 0.0 0.0 0.0 0.0 0.0 0.0 4.0452 4.0452 4.0452 4.0452
6.1850000000000005 0 3 1.0 0.0 0.0 0.0 0.0 0.0 0.0 0.0 0.0 0.0 4.0452 4.0452 4.0452 4.0452
6.186 0 3 1.0 0.0 0.0 0.0 0.0 0.0 0.0 0.0 0.0 0.0 4.0452 4.0452 4.0452 4.0452
6.187 0 3 1.0 0.0 0.0 0.0 0.0 0.0 0.0 0.0 0.0 0.0 4.0452 4.0452 4.0452 4.0452
6.188 0 3 1.0 0.0 0.0 0.0 0.0 0.0 0.0 0.0 0.0 0.0 4.0452 4.0452 4.0452 4.0452
6.189 0 3 1.0 0.0 0.0 0.0 0.0 0.0 0.0 0.0 0.0 0.0 4.0452 4.0452 4.0452 4.0452
6.19 0 3 1.0 0.0 0.0 0.0 0.0 0.0 0.0 0.0 0.0 0.0 4.0452 4.0452 4.0452 4.0452
6.191 0 3 1.0 0.0 0.0 0.0 0.0 0.0 0.0 0.0 0.0 0.0 4.0452 4.0452 4.0452 4.0452
6.192 0 3 1.0 0.0 0.0 0.0 0.0 0.0 0.0 0.0 0.0 0.0 4.0452 4.0452 4.0452 4.0452
6.1930000000000005 0 3 1.0 0.0 0.0 0.0 0.0 0.0 0.0 0.0 0.0 0.0 4.0452 4.0452 4.0452 4.0452
6.194 0 3 1.0 0.0 0.0 0.0 0.0 0.0 0.0 0.0 0.0 0.0 4.0452 4.0452 4.0452 4.0452
6.195 0 3 1.0 0.0 0.0 0.0 0.0 0.0 0.0 0.0 0.0 0.0 4.0452 4.0452 4.0452 4.0452
6.196 0 3 1.0 0.0 0.0 0.0 0.0 0.0 0.0 0.0 0.0 0.0 4.0452 4.0452 4.0452 4.0452
6.197 0 3 1.0 0.0 0.0 0.0 0.0 0.0 0.0 0.0 0.0 0.0 4.0452 4.0452 4.0452 4.0452
6.198 0 3 1.0 0.0 0.0 0.0 0.0 0.0 0.0 0.0 0.0 0.0 4.0452 4.0452 4.0452 4.0452
6.199 0 3 1.0 0.0 0.0 0.0 0.0 0.0 0.0 0.0 0.0 0.0 4.0452 4.0452 4.0452 4.0452
6.2 0 3 1.0 0.0 0.0 0.0 0.0 0.0 0.0 0.0 0.0 0.0 4.0452 4.0452 4.0452 4.0452
6.2010000000000005 0 3 1.0 0.0 0.0 0.0 0.0 0.0 0.0 0.0 0.0 0.0 4.0452 4.0452 4.0452 4.0452
6.202 0 3 1.0 0.0 0.0 0.0 0.0 0.0 0.0 0.0 0.0 0.0 4.0452 4.0452 4.0452 4.0452
6.203 0 3 1.0 0.0 0.0 0.0 0.0 0.0 0.0 0.0 0.0 0.0 4.0452 4.0452 4.0452 4.0452
6.204 0 3 1.0 0.0 0.0 0.0 0.0 0.0 0.0 0.0 0.0 0.0 4.0452 4.0452 4.0452 4.0452
6.205 0 3 1.0 0.0 0.0 0.0 0.0 0.0 0.0 0.0 0.0 0.0 4.0452 4.0452 4.0452 4.0452
6.206 0 3 1.0 0.0 0.0 0.0 0.0 0.0 0.0 0.0 0.0 0.0 4.0452 4.0452 4.0452 4.0452
6.207 0 3 1.0 0.0 0.0 0.0 0.0 0.0 0.0 0.0 0.0 0.0 4.0452 4.0452 4.0452 4.0452
6.208 0 3 1.0 0.0 0.0 0.0 0.0 0.0 0.0 0.0 0.0 0.0 4.0452 4.0452 4.0452 4.0452
6.2090000000000005 0 3 1.0 0.0 0.0 0.0 0.0 0.0 0.0 0.0 0.0 0.0 4.0452 4.0452 4.0452 4.0452
6.21 0 3 1.0 0.0 0.0 0.0 0.0 0.0 0.0 0.0 0.0 0.0 4.0452 4.0452 4.0452 4.0452
6.211 0 3 1.0 0.0 0.0 0.0 0.0 0.0 0.0 0.0 0.0 0.0 4.0452 4.0452 4.0452 4.0452
6.212 0 3 1.0 0.0 0.0 0.0 0.0 0.0 0.0 0.0 0.0 0.0 4.0452 4.0452 4.0452 4.0452
6.213 0 3 1.0 0.0 0.0 0.0 0.0 0.0 0.0 0.0 0.0 0.0 4.0452 4.0452 4.0452 4.0452
6.214 0 3 1.0 0.0 0.0 0.0 0.0 0.0 0.0 0.0 0.0 0.0 4.0452 4.0452 4.0452 4.0452
6.215 0 3 1.0 0.0 0.0 0.0 0.0 0.0 0.0 0.0 0.0 0.0 4.0452 4.0452 4.0452 4.0452
6.216 0 3 1.0 0.0 0.0 0.0 0.0 0.0 0.0 0.0 0.0 0.0 4.0452 4.0452 4.0452 4.0452
6.2170000000000005 0 3 1.0 0.0 0.0 0.0 0.0 0.0 0.0 0.0 0.0 0.0 4.0452 4.0452 4.0452 4.0452
6.218 0 3 1.0 0.0 0.0 0.0 0.0 0.0 0.0 0.0 0.0 0.0 4.0452 4.0452 4.0452 4.0452
6.219 0 3 1.0 0.0 0.0 0.0 0.0 0.0 0.0 0.0 0.0 0.0 4.0452 4.0452 4.0452 4.0452
6.22 0 3 1.0 0.0 0.0 0.0 0.0 0.0 0.0 0.0 0.0 0.0 4.0452 4.0452 4.0452 4.0452
6.221 0 3 1.0 0.0 0.0 0.0 0.0 0.0 0.0 0.0 0.0 0.0 4.0452 4.0452 4.0452 4.0452
6.222 0 3 1.0 0.0 0.0 0.0 0.0 0.0 0.0 0.0 0.0 0.0 4.0452 4.0452 4.0452 4.0452
6.223 0 3 1.0 0.0 0.0 0.0 0.0 0.0 0.0 0.0 0.0 0.0 4.0452 4.0452 4.0452 4.0452
6.224 0 3 1.0 0.0 0.0 0.0 0.0 0.0 0.0 0.0 0.0 0.0 4.0452 4.0452 4.0452 4.0452
6.2250000000000005 0 3 1.0 0.0 0.0 0.0 0.0 0.0 0.0 0.0 0.0 0.0 4.0452 4.0452 4.0452 4.0452
6.226 0 3 1.0 0.0 0.0 0.0 0.0 0.0 0.0 0.0 0.0 0.0 4.0452 4.0452 4.0452 4.0452
6.227 0 3 1.0 0.0 0.0 0.0 0.0 0.0 0.0 0.0 0.0 0.0 4.0452 4.0452 4.0452 4.0452
6.228 0 3 1.0 0.0 0.0 0.0 0.0 0.0 0.0 0.0 0.0 0.0 4.0452 4.0452 4.0452 4.0452
6.229 0 3 1.0 0.0 0.0 0.0 0.0 0.0 0.0 0.0 0.0 0.0 4.0452 4.0452 4.0452 4.0452
6.23 0 3 1.0 0.0 0.0 0.0 0.0 0.0 0.0 0.0 0.0 0.0 4.0452 4.0452 4.0452 4.0452
6.231 0 3 1.0 0.0 0.0 0.0 0.0 0.0 0.0 0.0 0.0 0.0 4.0452 4.0452 4.0452 4.0452
6.232 0 3 1.0 0.0 0.0 0.0 0.0 0.0 0.0 0.0 0.0 0.0 4.0452 4.0452 4.0452 4.0452
6.2330000000000005 0 3 1.0 0.0 0.0 0.0 0.0 0.0 0.0 0.0 0.0 0.0 4.0452 4.0452 4.0452 4.0452
6.234 0 3 1.0 0.0 0.0 0.0 0.0 0.0 0.0 0.0 0.0 0.0 4.0452 4.0452 4.0452 4.0452
6.235 0 3 1.0 0.0 0.0 0.0 0.0 0.0 0.0 0.0 0.0 0.0 4.0452 4.0452 4.0452 4.0452
6.236 0 3 1.0 0.0 0.0 0.0 0.0 0.0 0.0 0.0 0.0 0.0 4.0452 4.0452 4.0452 4.0452
6.237 0 3 1.0 0.0 0.0 0.0 0.0 0.0 0.0 0.0 0.0 0.0 4.0452 4.0452 4.0452 4.0452
6.238 0 3 1.0 0.0 0.0 0.0 0.0 0.0 0.0 0.0 0.0 0.0 4.0452 4.0452 4.0452 4.0452
6.239 0 3 1.0 0.0 0.0 0.0 0.0 0.0 0.0 0.0 0.0 0.0 4.0452 4.0452 4.0452 4.0452
6.24 0 3 1.0 0.0 0.0 0.0 0.0 0.0 0.0 0.0 0.0 0.0 4.0452 4.0452 4.0452 4.0452
6.2410000000000005 0 3 1.0 0.0 0.0 0.0 0.0 0.0 0.0 0.0 0.0 0.0 4.0452 4.0452 4.0452 4.0452
6.242 0 3 1.0 0.0 0.0 0.0 0.0 0.0 0.0 0.0 0.0 0.0 4.0452 4.0452 4.0452 4.0452
6.243 0 3 1.0 0.0 0.0 0.0 0.0 0.0 0.0 0.0 0.0 0.0 4.0452 4.0452 4.0452 4.0452
6.244 0 3 1.0 0.0 0.0 0.0 0.0 0.0 0.0 0.0 0.0 0.0 4.0452 4.0452 4.0452 4.0452
6.245 0 3 1.0 0.0 0.0 0.0 0.0 0.0 0.0 0.0 0.0 0.0 4.0452 4.0452 4.0452 4.0452
6.246 0 3 1.0 0.0 0.0 0.0 0.0 0.0 0.0 0.0 0.0 0.0 4.0452 4.0452 4.0452 4.0452
6.247 0 3 1.0 0.0 0.0 0.0 0.0 0.0 0.0 0.0 0.0 0.0 4.0452 4.0452 4.0452 4.0452
6.248 0 3 1.0 0.0 0.0 0.0 0.0 0.0 0.0 0.0 0.0 0.0 4.0452 4.0452 4.0452 4.0452
6.2490000000000006 0 3 1.0 0.0 0.0 0.0 0.0 0.0 0.0 0.0 0.0 0.0 4.0452 4.0452 4.0452 4.0452
6.25 0 3 1.0 0.0 0.0 0.0 0.0 0.0 0.0 0.0 0.0 0.0 4.0452 4.0452 4.0452 4.0452
6.251 0 3 1.0 0.0 0.0 0.0 0.0 0.0 0.0 0.0 0.0 0.0 4.0452 4.0452 4.0452 4.0452
6.252 0 3 1.0 0.0 0.0 0.0 0.0 0.0 0.0 0.0 0.0 0.0 4.0452 4.0452 4.0452 4.0452
6.253 0 3 1.0 0.0 0.0 0.0 0.0 0.0 0.0 0.0 0.0 0.0 4.0452 4.0452 4.0452 4.0452
6.2540000000000004 0 3 1.0 0.0 0.0 0.0 0.0 0.0 0.0 0.0 0.0 0.0 4.0452 4.0452 4.0452 4.0452
6.255 0 3 1.0 0.0 0.0 0.0 0.0 0.0 0.0 0.0 0.0 0.0 4.0452 4.0452 4.0452 4.0452
6.256 0 3 1.0 0.0 0.0 0.0 0.0 0.0 0.0 0.0 0.0 0.0 4.0452 4.0452 4.0452 4.0452
6.257000000000001 0 3 1.0 0.0 0.0 0.0 0.0 0.0 0.0 0.0 0.0 0.0 4.0452 4.0452 4.0452 4.0452
6.258 0 3 1.0 0.0 0.0 0.0 0.0 0.0 0.0 0.0 0.0 0.0 4.0452 4.0452 4.0452 4.0452
6.259 0 3 1.0 0.0 0.0 0.0 0.0 0.0 0.0 0.0 0.0 0.0 4.0452 4.0452 4.0452 4.0452
6.26 0 3 1.0 0.0 0.0 0.0 0.0 0.0 0.0 0.0 0.0 0.0 4.0452 4.0452 4.0452 4.0452
6.261 0 3 1.0 0.0 0.0 0.0 0.0 0.0 0.0 0.0 0.0 0.0 4.0452 4.0452 4.0452 4.0452
6.2620000000000005 0 3 1.0 0.0 0.0 0.0 0.0 0.0 0.0 0.0 0.0 0.0 4.0452 4.0452 4.0452 4.0452
6.263 0 3 1.0 0.0 0.0 0.0 0.0 0.0 0.0 0.0 0.0 0.0 4.0452 4.0452 4.0452 4.0452
6.264 0 3 1.0 0.0 0.0 0.0 0.0 0.0 0.0 0.0 0.0 0.0 4.0452 4.0452 4.0452 4.0452
6.265000000000001 0 3 1.0 0.0 0.0 0.0 0.0 0.0 0.0 0.0 0.0 0.0 4.0452 4.0452 4.0452 4.0452
6.266 0 3 1.0 0.0 0.0 0.0 0.0 0.0 0.0 0.0 0.0 0.0 4.0452 4.0452 4.0452 4.0452
6.267 0 3 1.0 0.0 0.0 0.0 0.0 0.0 0.0 0.0 0.0 0.0 4.0452 4.0452 4.0452 4.0452
6.268 0 3 1.0 0.0 0.0 0.0 0.0 0.0 0.0 0.0 0.0 0.0 4.0452 4.0452 4.0452 4.0452
6.269 0 3 1.0 0.0 0.0 0.0 0.0 0.0 0.0 0.0 0.0 0.0 4.0452 4.0452 4.0452 4.0452
6.2700000000000005 0 3 1.0 0.0 0.0 0.0 0.0 0.0 0.0 0.0 0.0 0.0 4.0452 4.0452 4.0452 4.0452
6.271 0 3 1.0 0.0 0.0 0.0 0.0 0.0 0.0 0.0 0.0 0.0 4.0452 4.0452 4.0452 4.0452
6.272 0 3 1.0 0.0 0.0 0.0 0.0 0.0 0.0 0.0 0.0 0.0 4.0452 4.0452 4.0452 4.0452
6.273 0 3 1.0 0.0 0.0 0.0 0.0 0.0 0.0 0.0 0.0 0.0 4.0452 4.0452 4.0452 4.0452
6.274 0 3 1.0 0.0 0.0 0.0 0.0 0.0 0.0 0.0 0.0 0.0 4.0452 4.0452 4.0452 4.0452
6.275 0 3 1.0 0.0 0.0 0.0 0.0 0.0 0.0 0.0 0.0 0.0 4.0452 4.0452 4.0452 4.0452
6.276 0 3 1.0 0.0 0.0 0.0 0.0 0.0 0.0 0.0 0.0 0.0 4.0452 4.0452 4.0452 4.0452
6.277 0 3 1.0 0.0 0.0 0.0 0.0 0.0 0.0 0.0 0.0 0.0 4.0452 4.0452 4.0452 4.0452
6.2780000000000005 0 3 1.0 0.0 0.0 0.0 0.0 0.0 0.0 0.0 0.0 0.0 4.0452 4.0452 4.0452 4.0452
6.279 0 3 1.0 0.0 0.0 0.0 0.0 0.0 0.0 0.0 0.0 0.0 4.0452 4.0452 4.0452 4.0452
6.28 0 3 1.0 0.0 0.0 0.0 0.0 0.0 0.0 0.0 0.0 0.0 4.0452 4.0452 4.0452 4.0452
6.281 0 3 1.0 0.0 0.0 0.0 0.0 0.0 0.0 0.0 0.0 0.0 4.0452 4.0452 4.0452 4.0452
6.282 0 3 1.0 0.0 0.0 0.0 0.0 0.0 0.0 0.0 0.0 0.0 4.0452 4.0452 4.0452 4.0452
6.283 0 3 1.0 0.0 0.0 0.0 0.0 0.0 0.0 0.0 0.0 0.0 4.0452 4.0452 4.0452 4.0452
6.284 0 3 1.0 0.0 0.0 0.0 0.0 0.0 0.0 0.0 0.0 0.0 4.0452 4.0452 4.0452 4.0452
6.285 0 3 1.0 0.0 0.0 0.0 0.0 0.0 0.0 0.0 0.0 0.0 4.0452 4.0452 4.0452 4.0452
6.2860000000000005 0 3 1.0 0.0 0.0 0.0 0.0 0.0 0.0 0.0 0.0 0.0 4.0452 4.0452 4.0452 4.0452
6.287 0 3 1.0 0.0 0.0 0.0 0.0 0.0 0.0 0.0 0.0 0.0 4.0452 4.0452 4.0452 4.0452
6.288 0 3 1.0 0.0 0.0 0.0 0.0 0.0 0.0 0.0 0.0 0.0 4.0452 4.0452 4.0452 4.0452
6.289 0 3 1.0 0.0 0.0 0.0 0.0 0.0 0.0 0.0 0.0 0.0 4.0452 4.0452 4.0452 4.0452
6.29 0 3 1.0 0.0 0.0 0.0 0.0 0.0 0.0 0.0 0.0 0.0 4.0452 4.0452 4.0452 4.0452
6.291 0 3 1.0 0.0 0.0 0.0 0.0 0.0 0.0 0.0 0.0 0.0 4.0452 4.0452 4.0452 4.0452
6.292 0 3 1.0 0.0 0.0 0.0 0.0 0.0 0.0 0.0 0.0 0.0 4.0452 4.0452 4.0452 4.0452
6.293 0 3 1.0 0.0 0.0 0.0 0.0 0.0 0.0 0.0 0.0 0.0 4.0452 4.0452 4.0452 4.0452
6.2940000000000005 0 3 1.0 0.0 0.0 0.0 0.0 0.0 0.0 0.0 0.0 0.0 4.0452 4.0452 4.0452 4.0452
6.295 0 3 1.0 0.0 0.0 0.0 0.0 0.0 0.0 0.0 0.0 0.0 4.0452 4.0452 4.0452 4.0452
6.296 0 3 1.0 0.0 0.0 0.0 0.0 0.0 0.0 0.0 0.0 0.0 4.0452 4.0452 4.0452 4.0452
6.297 0 3 1.0 0.0 0.0 0.0 0.0 0.0 0.0 0.0 0.0 0.0 4.0452 4.0452 4.0452 4.0452
6.298 0 3 1.0 0.0 0.0 0.0 0.0 0.0 0.0 0.0 0.0 0.0 4.0452 4.0452 4.0452 4.0452
6.299 0 3 1.0 0.0 0.0 0.0 0.0 0.0 0.0 0.0 0.0 0.0 4.0452 4.0452 4.0452 4.0452
6.3 0 3 1.0 0.0 0.0 0.0 0.0 0.0 0.0 0.0 0.0 0.0 4.0452 4.0452 4.0452 4.0452
6.301 0 3 1.0 0.0 0.0 0.0 0.0 0.0 0.0 0.0 0.0 0.0 4.0452 4.0452 4.0452 4.0452
6.3020000000000005 0 3 1.0 0.0 0.0 0.0 0.0 0.0 0.0 0.0 0.0 0.0 4.0452 4.0452 4.0452 4.0452
6.303 0 3 1.0 0.0 0.0 0.0 0.0 0.0 0.0 0.0 0.0 0.0 4.0452 4.0452 4.0452 4.0452
6.304 0 3 1.0 0.0 0.0 0.0 0.0 0.0 0.0 0.0 0.0 0.0 4.0452 4.0452 4.0452 4.0452
6.305 0 3 1.0 0.0 0.0 0.0 0.0 0.0 0.0 0.0 0.0 0.0 4.0452 4.0452 4.0452 4.0452
6.306 0 3 1.0 0.0 0.0 0.0 0.0 0.0 0.0 0.0 0.0 0.0 4.0452 4.0452 4.0452 4.0452
6.307 0 3 1.0 0.0 0.0 0.0 0.0 0.0 0.0 0.0 0.0 0.0 4.0452 4.0452 4.0452 4.0452
6.308 0 3 1.0 0.0 0.0 0.0 0.0 0.0 0.0 0.0 0.0 0.0 4.0452 4.0452 4.0452 4.0452
6.309 0 3 1.0 0.0 0.0 0.0 0.0 0.0 0.0 0.0 0.0 0.0 4.0452 4.0452 4.0452 4.0452
6.3100000000000005 0 3 1.0 0.0 0.0 0.0 0.0 0.0 0.0 0.0 0.0 0.0 4.0452 4.0452 4.0452 4.0452
6.311 0 3 1.0 0.0 0.0 0.0 0.0 0.0 0.0 0.0 0.0 0.0 4.0452 4.0452 4.0452 4.0452
6.312 0 3 1.0 0.0 0.0 0.0 0.0 0.0 0.0 0.0 0.0 0.0 4.0452 4.0452 4.0452 4.0452
6.313 0 3 1.0 0.0 0.0 0.0 0.0 0.0 0.0 0.0 0.0 0.0 4.0452 4.0452 4.0452 4.0452
6.314 0 3 1.0 0.0 0.0 0.0 0.0 0.0 0.0 0.0 0.0 0.0 4.0452 4.0452 4.0452 4.0452
6.315 0 3 1.0 0.0 0.0 0.0 0.0 0.0 0.0 0.0 0.0 0.0 4.0452 4.0452 4.0452 4.0452
6.316 0 3 1.0 0.0 0.0 0.0 0.0 0.0 0.0 0.0 0.0 0.0 4.0452 4.0452 4.0452 4.0452
6.317 0 3 1.0 0.0 0.0 0.0 0.0 0.0 0.0 0.0 0.0 0.0 4.0452 4.0452 4.0452 4.0452
6.3180000000000005 0 3 1.0 0.0 0.0 0.0 0.0 0.0 0.0 0.0 0.0 0.0 4.0452 4.0452 4.0452 4.0452
6.319 0 3 1.0 0.0 0.0 0.0 0.0 0.0 0.0 0.0 0.0 0.0 4.0452 4.0452 4.0452 4.0452
6.32 0 3 1.0 0.0 0.0 0.0 0.0 0.0 0.0 0.0 0.0 0.0 4.0452 4.0452 4.0452 4.0452
6.321 0 3 1.0 0.0 0.0 0.0 0.0 0.0 0.0 0.0 0.0 0.0 4.0452 4.0452 4.0452 4.0452
6.322 0 3 1.0 0.0 0.0 0.0 0.0 0.0 0.0 0.0 0.0 0.0 4.0452 4.0452 4.0452 4.0452
6.323 0 3 1.0 0.0 0.0 0.0 0.0 0.0 0.0 0.0 0.0 0.0 4.0452 4.0452 4.0452 4.0452
6.324 0 3 1.0 0.0 0.0 0.0 0.0 0.0 0.0 0.0 0.0 0.0 4.0452 4.0452 4.0452 4.0452
6.325 0 3 1.0 0.0 0.0 0.0 0.0 0.0 0.0 0.0 0.0 0.0 4.0452 4.0452 4.0452 4.0452
6.3260000000000005 0 3 1.0 0.0 0.0 0.0 0.0 0.0 0.0 0.0 0.0 0.0 4.0452 4.0452 4.0452 4.0452
6.327 0 3 1.0 0.0 0.0 0.0 0.0 0.0 0.0 0.0 0.0 0.0 4.0452 4.0452 4.0452 4.0452
6.328 0 3 1.0 0.0 0.0 0.0 0.0 0.0 0.0 0.0 0.0 0.0 4.0452 4.0452 4.0452 4.0452
6.329 0 3 1.0 0.0 0.0 0.0 0.0 0.0 0.0 0.0 0.0 0.0 4.0452 4.0452 4.0452 4.0452
6.33 0 3 1.0 0.0 0.0 0.0 0.0 0.0 0.0 0.0 0.0 0.0 4.0452 4.0452 4.0452 4.0452
6.331 0 3 1.0 0.0 0.0 0.0 0.0 0.0 0.0 0.0 0.0 0.0 4.0452 4.0452 4.0452 4.0452
6.332 0 3 1.0 0.0 0.0 0.0 0.0 0.0 0.0 0.0 0.0 0.0 4.0452 4.0452 4.0452 4.0452
6.333 0 3 1.0 0.0 0.0 0.0 0.0 0.0 0.0 0.0 0.0 0.0 4.0452 4.0452 4.0452 4.0452
6.3340000000000005 0 3 1.0 0.0 0.0 0.0 0.0 0.0 0.0 0.0 0.0 0.0 4.0452 4.0452 4.0452 4.0452
6.335 0 3 1.0 0.0 0.0 0.0 0.0 0.0 0.0 0.0 0.0 0.0 4.0452 4.0452 4.0452 4.0452
6.336 0 3 1.0 0.0 0.0 0.0 0.0 0.0 0.0 0.0 0.0 0.0 4.0452 4.0452 4.0452 4.0452
6.337 0 3 1.0 0.0 0.0 0.0 0.0 0.0 0.0 0.0 0.0 0.0 4.0452 4.0452 4.0452 4.0452
6.338 0 3 1.0 0.0 0.0 0.0 0.0 0.0 0.0 0.0 0.0 0.0 4.0452 4.0452 4.0452 4.0452
6.339 0 3 1.0 0.0 0.0 0.0 0.0 0.0 0.0 0.0 0.0 0.0 4.0452 4.0452 4.0452 4.0452
6.34 0 3 1.0 0.0 0.0 0.0 0.0 0.0 0.0 0.0 0.0 0.0 4.0452 4.0452 4.0452 4.0452
6.341 0 3 1.0 0.0 0.0 0.0 0.0 0.0 0.0 0.0 0.0 0.0 4.0452 4.0452 4.0452 4.0452
6.3420000000000005 0 3 1.0 0.0 0.0 0.0 0.0 0.0 0.0 0.0 0.0 0.0 4.0452 4.0452 4.0452 4.0452
6.343 0 3 1.0 0.0 0.0 0.0 0.0 0.0 0.0 0.0 0.0 0.0 4.0452 4.0452 4.0452 4.0452
6.344 0 3 1.0 0.0 0.0 0.0 0.0 0.0 0.0 0.0 0.0 0.0 4.0452 4.0452 4.0452 4.0452
6.345 0 3 1.0 0.0 0.0 0.0 0.0 0.0 0.0 0.0 0.0 0.0 4.0452 4.0452 4.0452 4.0452
6.346 0 3 1.0 0.0 0.0 0.0 0.0 0.0 0.0 0.0 0.0 0.0 4.0452 4.0452 4.0452 4.0452
6.347 0 3 1.0 0.0 0.0 0.0 0.0 0.0 0.0 0.0 0.0 0.0 4.0452 4.0452 4.0452 4.0452
6.348 0 3 1.0 0.0 0.0 0.0 0.0 0.0 0.0 0.0 0.0 0.0 4.0452 4.0452 4.0452 4.0452
6.349 0 3 1.0 0.0 0.0 0.0 0.0 0.0 0.0 0.0 0.0 0.0 4.0452 4.0452 4.0452 4.0452
6.3500000000000005 0 3 1.0 0.0 0.0 0.0 0.0 0.0 0.0 0.0 0.0 0.0 4.0452 4.0452 4.0452 4.0452
6.351 0 3 1.0 0.0 0.0 0.0 0.0 0.0 0.0 0.0 0.0 0.0 4.0452 4.0452 4.0452 4.0452
6.352 0 3 1.0 0.0 0.0 0.0 0.0 0.0 0.0 0.0 0.0 0.0 4.0452 4.0452 4.0452 4.0452
6.353 0 3 1.0 0.0 0.0 0.0 0.0 0.0 0.0 0.0 0.0 0.0 4.0452 4.0452 4.0452 4.0452
6.354 0 3 1.0 0.0 0.0 0.0 0.0 0.0 0.0 0.0 0.0 0.0 4.0452 4.0452 4.0452 4.0452
6.355 0 3 1.0 0.0 0.0 0.0 0.0 0.0 0.0 0.0 0.0 0.0 4.0452 4.0452 4.0452 4.0452
6.356 0 3 1.0 0.0 0.0 0.0 0.0 0.0 0.0 0.0 0.0 0.0 4.0452 4.0452 4.0452 4.0452
6.357 0 3 1.0 0.0 0.0 0.0 0.0 0.0 0.0 0.0 0.0 0.0 4.0452 4.0452 4.0452 4.0452
6.3580000000000005 0 3 1.0 0.0 0.0 0.0 0.0 0.0 0.0 0.0 0.0 0.0 4.0452 4.0452 4.0452 4.0452
6.359 0 3 1.0 0.0 0.0 0.0 0.0 0.0 0.0 0.0 0.0 0.0 4.0452 4.0452 4.0452 4.0452
6.36 0 3 1.0 0.0 0.0 0.0 0.0 0.0 0.0 0.0 0.0 0.0 4.0452 4.0452 4.0452 4.0452
6.361 0 3 1.0 0.0 0.0 0.0 0.0 0.0 0.0 0.0 0.0 0.0 4.0452 4.0452 4.0452 4.0452
6.362 0 3 1.0 0.0 0.0 0.0 0.0 0.0 0.0 0.0 0.0 0.0 4.0452 4.0452 4.0452 4.0452
6.363 0 3 1.0 0.0 0.0 0.0 0.0 0.0 0.0 0.0 0.0 0.0 4.0452 4.0452 4.0452 4.0452
6.364 0 3 1.0 0.0 0.0 0.0 0.0 0.0 0.0 0.0 0.0 0.0 4.0452 4.0452 4.0452 4.0452
6.365 0 3 1.0 0.0 0.0 0.0 0.0 0.0 0.0 0.0 0.0 0.0 4.0452 4.0452 4.0452 4.0452
6.3660000000000005 0 3 1.0 0.0 0.0 0.0 0.0 0.0 0.0 0.0 0.0 0.0 4.0452 4.0452 4.0452 4.0452
6.367 0 3 1.0 0.0 0.0 0.0 0.0 0.0 0.0 0.0 0.0 0.0 4.0452 4.0452 4.0452 4.0452
6.368 0 3 1.0 0.0 0.0 0.0 0.0 0.0 0.0 0.0 0.0 0.0 4.0452 4.0452 4.0452 4.0452
6.369 0 3 1.0 0.0 0.0 0.0 0.0 0.0 0.0 0.0 0.0 0.0 4.0452 4.0452 4.0452 4.0452
6.37 0 3 1.0 0.0 0.0 0.0 0.0 0.0 0.0 0.0 0.0 0.0 4.0452 4.0452 4.0452 4.0452
6.371 0 3 1.0 0.0 0.0 0.0 0.0 0.0 0.0 0.0 0.0 0.0 4.0452 4.0452 4.0452 4.0452
6.372 0 3 1.0 0.0 0.0 0.0 0.0 0.0 0.0 0.0 0.0 0.0 4.0452 4.0452 4.0452 4.0452
6.373 0 3 1.0 0.0 0.0 0.0 0.0 0.0 0.0 0.0 0.0 0.0 4.0452 4.0452 4.0452 4.0452
6.3740000000000006 0 3 1.0 0.0 0.0 0.0 0.0 0.0 0.0 0.0 0.0 0.0 4.0452 4.0452 4.0452 4.0452
6.375 0 3 1.0 0.0 0.0 0.0 0.0 0.0 0.0 0.0 0.0 0.0 4.0452 4.0452 4.0452 4.0452
6.376 0 3 1.0 0.0 0.0 0.0 0.0 0.0 0.0 0.0 0.0 0.0 4.0452 4.0452 4.0452 4.0452
6.377 0 3 1.0 0.0 0.0 0.0 0.0 0.0 0.0 0.0 0.0 0.0 4.0452 4.0452 4.0452 4.0452
6.378 0 3 1.0 0.0 0.0 0.0 0.0 0.0 0.0 0.0 0.0 0.0 4.0452 4.0452 4.0452 4.0452
6.3790000000000004 0 3 1.0 0.0 0.0 0.0 0.0 0.0 0.0 0.0 0.0 0.0 4.0452 4.0452 4.0452 4.0452
6.38 0 3 1.0 0.0 0.0 0.0 0.0 0.0 0.0 0.0 0.0 0.0 4.0452 4.0452 4.0452 4.0452
6.381 0 3 1.0 0.0 0.0 0.0 0.0 0.0 0.0 0.0 0.0 0.0 4.0452 4.0452 4.0452 4.0452
6.382000000000001 0 3 1.0 0.0 0.0 0.0 0.0 0.0 0.0 0.0 0.0 0.0 4.0452 4.0452 4.0452 4.0452
6.383 0 3 1.0 0.0 0.0 0.0 0.0 0.0 0.0 0.0 0.0 0.0 4.0452 4.0452 4.0452 4.0452
6.384 0 3 1.0 0.0 0.0 0.0 0.0 0.0 0.0 0.0 0.0 0.0 4.0452 4.0452 4.0452 4.0452
6.385 0 3 1.0 0.0 0.0 0.0 0.0 0.0 0.0 0.0 0.0 0.0 4.0452 4.0452 4.0452 4.0452
6.386 0 3 1.0 0.0 0.0 0.0 0.0 0.0 0.0 0.0 0.0 0.0 4.0452 4.0452 4.0452 4.0452
6.3870000000000005 0 3 1.0 0.0 0.0 0.0 0.0 0.0 0.0 0.0 0.0 0.0 4.0452 4.0452 4.0452 4.0452
6.388 0 3 1.0 0.0 0.0 0.0 0.0 0.0 0.0 0.0 0.0 0.0 4.0452 4.0452 4.0452 4.0452
6.389 0 3 1.0 0.0 0.0 0.0 0.0 0.0 0.0 0.0 0.0 0.0 4.0452 4.0452 4.0452 4.0452
6.390000000000001 0 3 1.0 0.0 0.0 0.0 0.0 0.0 0.0 0.0 0.0 0.0 4.0452 4.0452 4.0452 4.0452
6.391 0 3 1.0 0.0 0.0 0.0 0.0 0.0 0.0 0.0 0.0 0.0 4.0452 4.0452 4.0452 4.0452
6.392 0 3 1.0 0.0 0.0 0.0 0.0 0.0 0.0 0.0 0.0 0.0 4.0452 4.0452 4.0452 4.0452
6.393 0 3 1.0 0.0 0.0 0.0 0.0 0.0 0.0 0.0 0.0 0.0 4.0452 4.0452 4.0452 4.0452
6.394 0 3 1.0 0.0 0.0 0.0 0.0 0.0 0.0 0.0 0.0 0.0 4.0452 4.0452 4.0452 4.0452
6.3950000000000005 0 3 1.0 0.0 0.0 0.0 0.0 0.0 0.0 0.0 0.0 0.0 4.0452 4.0452 4.0452 4.0452
6.396 0 3 1.0 0.0 0.0 0.0 0.0 0.0 0.0 0.0 0.0 0.0 4.0452 4.0452 4.0452 4.0452
6.397 0 3 1.0 0.0 0.0 0.0 0.0 0.0 0.0 0.0 0.0 0.0 4.0452 4.0452 4.0452 4.0452
6.398000000000001 0 3 1.0 0.0 0.0 0.0 0.0 0.0 0.0 0.0 0.0 0.0 4.0452 4.0452 4.0452 4.0452
6.399 0 3 1.0 0.0 0.0 0.0 0.0 0.0 0.0 0.0 0.0 0.0 4.0452 4.0452 4.0452 4.0452
6.4 0 3 1.0 0.0 0.0 0.0 0.0 0.0 0.0 0.0 0.0 0.0 4.0452 4.0452 4.0452 4.0452
6.401 0 3 1.0 0.0 0.0 0.0 0.0 0.0 0.0 0.0 0.0 0.0 4.0452 4.0452 4.0452 4.0452
6.402 0 3 1.0 0.0 0.0 0.0 0.0 0.0 0.0 0.0 0.0 0.0 4.0452 4.0452 4.0452 4.0452
6.4030000000000005 0 3 1.0 0.0 0.0 0.0 0.0 0.0 0.0 0.0 0.0 0.0 4.0452 4.0452 4.0452 4.0452
6.404 0 3 1.0 0.0 0.0 0.0 0.0 0.0 0.0 0.0 0.0 0.0 4.0452 4.0452 4.0452 4.0452
6.405 0 3 1.0 0.0 0.0 0.0 0.0 0.0 0.0 0.0 0.0 0.0 4.0452 4.0452 4.0452 4.0452
6.406 0 3 1.0 0.0 0.0 0.0 0.0 0.0 0.0 0.0 0.0 0.0 4.0452 4.0452 4.0452 4.0452
6.407 0 3 1.0 0.0 0.0 0.0 0.0 0.0 0.0 0.0 0.0 0.0 4.0452 4.0452 4.0452 4.0452
6.408 0 3 1.0 0.0 0.0 0.0 0.0 0.0 0.0 0.0 0.0 0.0 4.0452 4.0452 4.0452 4.0452
6.409 0 3 1.0 0.0 0.0 0.0 0.0 0.0 0.0 0.0 0.0 0.0 4.0452 4.0452 4.0452 4.0452
6.41 0 3 1.0 0.0 0.0 0.0 0.0 0.0 0.0 0.0 0.0 0.0 4.0452 4.0452 4.0452 4.0452
6.4110000000000005 0 3 1.0 0.0 0.0 0.0 0.0 0.0 0.0 0.0 0.0 0.0 4.0452 4.0452 4.0452 4.0452
6.412 0 3 1.0 0.0 0.0 0.0 0.0 0.0 0.0 0.0 0.0 0.0 4.0452 4.0452 4.0452 4.0452
6.413 0 3 1.0 0.0 0.0 0.0 0.0 0.0 0.0 0.0 0.0 0.0 4.0452 4.0452 4.0452 4.0452
6.414 0 3 1.0 0.0 0.0 0.0 0.0 0.0 0.0 0.0 0.0 0.0 4.0452 4.0452 4.0452 4.0452
6.415 0 3 1.0 0.0 0.0 0.0 0.0 0.0 0.0 0.0 0.0 0.0 4.0452 4.0452 4.0452 4.0452
6.416 0 3 1.0 0.0 0.0 0.0 0.0 0.0 0.0 0.0 0.0 0.0 4.0452 4.0452 4.0452 4.0452
6.417 0 3 1.0 0.0 0.0 0.0 0.0 0.0 0.0 0.0 0.0 0.0 4.0452 4.0452 4.0452 4.0452
6.418 0 3 1.0 0.0 0.0 0.0 0.0 0.0 0.0 0.0 0.0 0.0 4.0452 4.0452 4.0452 4.0452
6.4190000000000005 0 3 1.0 0.0 0.0 0.0 0.0 0.0 0.0 0.0 0.0 0.0 4.0452 4.0452 4.0452 4.0452
6.42 0 3 1.0 0.0 0.0 0.0 0.0 0.0 0.0 0.0 0.0 0.0 4.0452 4.0452 4.0452 4.0452
6.421 0 3 1.0 0.0 0.0 0.0 0.0 0.0 0.0 0.0 0.0 0.0 4.0452 4.0452 4.0452 4.0452
6.422 0 3 1.0 0.0 0.0 0.0 0.0 0.0 0.0 0.0 0.0 0.0 4.0452 4.0452 4.0452 4.0452
6.423 0 3 1.0 0.0 0.0 0.0 0.0 0.0 0.0 0.0 0.0 0.0 4.0452 4.0452 4.0452 4.0452
6.424 0 3 1.0 0.0 0.0 0.0 0.0 0.0 0.0 0.0 0.0 0.0 4.0452 4.0452 4.0452 4.0452
6.425 0 3 1.0 0.0 0.0 0.0 0.0 0.0 0.0 0.0 0.0 0.0 4.0452 4.0452 4.0452 4.0452
6.426 0 3 1.0 0.0 0.0 0.0 0.0 0.0 0.0 0.0 0.0 0.0 4.0452 4.0452 4.0452 4.0452
6.4270000000000005 0 3 1.0 0.0 0.0 0.0 0.0 0.0 0.0 0.0 0.0 0.0 4.0452 4.0452 4.0452 4.0452
6.428 0 3 1.0 0.0 0.0 0.0 0.0 0.0 0.0 0.0 0.0 0.0 4.0452 4.0452 4.0452 4.0452
6.429 0 3 1.0 0.0 0.0 0.0 0.0 0.0 0.0 0.0 0.0 0.0 4.0452 4.0452 4.0452 4.0452
6.43 0 3 1.0 0.0 0.0 0.0 0.0 0.0 0.0 0.0 0.0 0.0 4.0452 4.0452 4.0452 4.0452
6.431 0 3 1.0 0.0 0.0 0.0 0.0 0.0 0.0 0.0 0.0 0.0 4.0452 4.0452 4.0452 4.0452
6.432 0 3 1.0 0.0 0.0 0.0 0.0 0.0 0.0 0.0 0.0 0.0 4.0452 4.0452 4.0452 4.0452
6.433 0 3 1.0 0.0 0.0 0.0 0.0 0.0 0.0 0.0 0.0 0.0 4.0452 4.0452 4.0452 4.0452
6.434 0 3 1.0 0.0 0.0 0.0 0.0 0.0 0.0 0.0 0.0 0.0 4.0452 4.0452 4.0452 4.0452
6.4350000000000005 0 3 1.0 0.0 0.0 0.0 0.0 0.0 0.0 0.0 0.0 0.0 4.0452 4.0452 4.0452 4.0452
6.436 0 3 1.0 0.0 0.0 0.0 0.0 0.0 0.0 0.0 0.0 0.0 4.0452 4.0452 4.0452 4.0452
6.437 0 3 1.0 0.0 0.0 0.0 0.0 0.0 0.0 0.0 0.0 0.0 4.0452 4.0452 4.0452 4.0452
6.438 0 3 1.0 0.0 0.0 0.0 0.0 0.0 0.0 0.0 0.0 0.0 4.0452 4.0452 4.0452 4.0452
6.439 0 3 1.0 0.0 0.0 0.0 0.0 0.0 0.0 0.0 0.0 0.0 4.0452 4.0452 4.0452 4.0452
6.44 0 3 1.0 0.0 0.0 0.0 0.0 0.0 0.0 0.0 0.0 0.0 4.0452 4.0452 4.0452 4.0452
6.441 0 3 1.0 0.0 0.0 0.0 0.0 0.0 0.0 0.0 0.0 0.0 4.0452 4.0452 4.0452 4.0452
6.442 0 3 1.0 0.0 0.0 0.0 0.0 0.0 0.0 0.0 0.0 0.0 4.0452 4.0452 4.0452 4.0452
6.4430000000000005 0 3 1.0 0.0 0.0 0.0 0.0 0.0 0.0 0.0 0.0 0.0 4.0452 4.0452 4.0452 4.0452
6.444 0 3 1.0 0.0 0.0 0.0 0.0 0.0 0.0 0.0 0.0 0.0 4.0452 4.0452 4.0452 4.0452
6.445 0 3 1.0 0.0 0.0 0.0 0.0 0.0 0.0 0.0 0.0 0.0 4.0452 4.0452 4.0452 4.0452
6.446 0 3 1.0 0.0 0.0 0.0 0.0 0.0 0.0 0.0 0.0 0.0 4.0452 4.0452 4.0452 4.0452
6.447 0 3 1.0 0.0 0.0 0.0 0.0 0.0 0.0 0.0 0.0 0.0 4.0452 4.0452 4.0452 4.0452
6.448 0 3 1.0 0.0 0.0 0.0 0.0 0.0 0.0 0.0 0.0 0.0 4.0452 4.0452 4.0452 4.0452
6.449 0 3 1.0 0.0 0.0 0.0 0.0 0.0 0.0 0.0 0.0 0.0 4.0452 4.0452 4.0452 4.0452
6.45 0 3 1.0 0.0 0.0 0.0 0.0 0.0 0.0 0.0 0.0 0.0 4.0452 4.0452 4.0452 4.0452
6.4510000000000005 0 3 1.0 0.0 0.0 0.0 0.0 0.0 0.0 0.0 0.0 0.0 4.0452 4.0452 4.0452 4.0452
6.452 0 3 1.0 0.0 0.0 0.0 0.0 0.0 0.0 0.0 0.0 0.0 4.0452 4.0452 4.0452 4.0452
6.453 0 3 1.0 0.0 0.0 0.0 0.0 0.0 0.0 0.0 0.0 0.0 4.0452 4.0452 4.0452 4.0452
6.454 0 3 1.0 0.0 0.0 0.0 0.0 0.0 0.0 0.0 0.0 0.0 4.0452 4.0452 4.0452 4.0452
6.455 0 3 1.0 0.0 0.0 0.0 0.0 0.0 0.0 0.0 0.0 0.0 4.0452 4.0452 4.0452 4.0452
6.456 0 3 1.0 0.0 0.0 0.0 0.0 0.0 0.0 0.0 0.0 0.0 4.0452 4.0452 4.0452 4.0452
6.457 0 3 1.0 0.0 0.0 0.0 0.0 0.0 0.0 0.0 0.0 0.0 4.0452 4.0452 4.0452 4.0452
6.458 0 3 1.0 0.0 0.0 0.0 0.0 0.0 0.0 0.0 0.0 0.0 4.0452 4.0452 4.0452 4.0452
6.4590000000000005 0 3 1.0 0.0 0.0 0.0 0.0 0.0 0.0 0.0 0.0 0.0 4.0452 4.0452 4.0452 4.0452
6.46 0 3 1.0 0.0 0.0 0.0 0.0 0.0 0.0 0.0 0.0 0.0 4.0452 4.0452 4.0452 4.0452
6.461 0 3 1.0 0.0 0.0 0.0 0.0 0.0 0.0 0.0 0.0 0.0 4.0452 4.0452 4.0452 4.0452
6.462 0 3 1.0 0.0 0.0 0.0 0.0 0.0 0.0 0.0 0.0 0.0 4.0452 4.0452 4.0452 4.0452
6.463 0 3 1.0 0.0 0.0 0.0 0.0 0.0 0.0 0.0 0.0 0.0 4.0452 4.0452 4.0452 4.0452
6.464 0 3 1.0 0.0 0.0 0.0 0.0 0.0 0.0 0.0 0.0 0.0 4.0452 4.0452 4.0452 4.0452
6.465 0 3 1.0 0.0 0.0 0.0 0.0 0.0 0.0 0.0 0.0 0.0 4.0452 4.0452 4.0452 4.0452
6.466 0 3 1.0 0.0 0.0 0.0 0.0 0.0 0.0 0.0 0.0 0.0 4.0452 4.0452 4.0452 4.0452
6.4670000000000005 0 3 1.0 0.0 0.0 0.0 0.0 0.0 0.0 0.0 0.0 0.0 4.0452 4.0452 4.0452 4.0452
6.468 0 3 1.0 0.0 0.0 0.0 0.0 0.0 0.0 0.0 0.0 0.0 4.0452 4.0452 4.0452 4.0452
6.469 0 3 1.0 0.0 0.0 0.0 0.0 0.0 0.0 0.0 0.0 0.0 4.0452 4.0452 4.0452 4.0452
6.47 0 3 1.0 0.0 0.0 0.0 0.0 0.0 0.0 0.0 0.0 0.0 4.0452 4.0452 4.0452 4.0452
6.471 0 3 1.0 0.0 0.0 0.0 0.0 0.0 0.0 0.0 0.0 0.0 4.0452 4.0452 4.0452 4.0452
6.472 0 3 1.0 0.0 0.0 0.0 0.0 0.0 0.0 0.0 0.0 0.0 4.0452 4.0452 4.0452 4.0452
6.473 0 3 1.0 0.0 0.0 0.0 0.0 0.0 0.0 0.0 0.0 0.0 4.0452 4.0452 4.0452 4.0452
6.474 0 3 1.0 0.0 0.0 0.0 0.0 0.0 0.0 0.0 0.0 0.0 4.0452 4.0452 4.0452 4.0452
6.4750000000000005 0 3 1.0 0.0 0.0 0.0 0.0 0.0 0.0 0.0 0.0 0.0 4.0452 4.0452 4.0452 4.0452
6.476 0 3 1.0 0.0 0.0 0.0 0.0 0.0 0.0 0.0 0.0 0.0 4.0452 4.0452 4.0452 4.0452
6.477 0 3 1.0 0.0 0.0 0.0 0.0 0.0 0.0 0.0 0.0 0.0 4.0452 4.0452 4.0452 4.0452
6.478 0 3 1.0 0.0 0.0 0.0 0.0 0.0 0.0 0.0 0.0 0.0 4.0452 4.0452 4.0452 4.0452
6.479 0 3 1.0 0.0 0.0 0.0 0.0 0.0 0.0 0.0 0.0 0.0 4.0452 4.0452 4.0452 4.0452
6.48 0 3 1.0 0.0 0.0 0.0 0.0 0.0 0.0 0.0 0.0 0.0 4.0452 4.0452 4.0452 4.0452
6.481 0 3 1.0 0.0 0.0 0.0 0.0 0.0 0.0 0.0 0.0 0.0 4.0452 4.0452 4.0452 4.0452
6.482 0 3 1.0 0.0 0.0 0.0 0.0 0.0 0.0 0.0 0.0 0.0 4.0452 4.0452 4.0452 4.0452
6.4830000000000005 0 3 1.0 0.0 0.0 0.0 0.0 0.0 0.0 0.0 0.0 0.0 4.0452 4.0452 4.0452 4.0452
6.484 0 3 1.0 0.0 0.0 0.0 0.0 0.0 0.0 0.0 0.0 0.0 4.0452 4.0452 4.0452 4.0452
6.485 0 3 1.0 0.0 0.0 0.0 0.0 0.0 0.0 0.0 0.0 0.0 4.0452 4.0452 4.0452 4.0452
6.486 0 3 1.0 0.0 0.0 0.0 0.0 0.0 0.0 0.0 0.0 0.0 4.0452 4.0452 4.0452 4.0452
6.487 0 3 1.0 0.0 0.0 0.0 0.0 0.0 0.0 0.0 0.0 0.0 4.0452 4.0452 4.0452 4.0452
6.488 0 3 1.0 0.0 0.0 0.0 0.0 0.0 0.0 0.0 0.0 0.0 4.0452 4.0452 4.0452 4.0452
6.489 0 3 1.0 0.0 0.0 0.0 0.0 0.0 0.0 0.0 0.0 0.0 4.0452 4.0452 4.0452 4.0452
6.49 0 3 1.0 0.0 0.0 0.0 0.0 0.0 0.0 0.0 0.0 0.0 4.0452 4.0452 4.0452 4.0452
6.4910000000000005 0 3 1.0 0.0 0.0 0.0 0.0 0.0 0.0 0.0 0.0 0.0 4.0452 4.0452 4.0452 4.0452
6.492 0 3 1.0 0.0 0.0 0.0 0.0 0.0 0.0 0.0 0.0 0.0 4.0452 4.0452 4.0452 4.0452
6.493 0 3 1.0 0.0 0.0 0.0 0.0 0.0 0.0 0.0 0.0 0.0 4.0452 4.0452 4.0452 4.0452
6.494 0 3 1.0 0.0 0.0 0.0 0.0 0.0 0.0 0.0 0.0 0.0 4.0452 4.0452 4.0452 4.0452
6.495 0 3 1.0 0.0 0.0 0.0 0.0 0.0 0.0 0.0 0.0 0.0 4.0452 4.0452 4.0452 4.0452
6.496 0 3 1.0 0.0 0.0 0.0 0.0 0.0 0.0 0.0 0.0 0.0 4.0452 4.0452 4.0452 4.0452
6.497 0 3 1.0 0.0 0.0 0.0 0.0 0.0 0.0 0.0 0.0 0.0 4.0452 4.0452 4.0452 4.0452
6.498 0 3 1.0 0.0 0.0 0.0 0.0 0.0 0.0 0.0 0.0 0.0 4.0452 4.0452 4.0452 4.0452
6.4990000000000006 0 3 1.0 0.0 0.0 0.0 0.0 0.0 0.0 0.0 0.0 0.0 4.0452 4.0452 4.0452 4.0452
6.5 0 3 1.0 0.0 0.0 0.0 0.0 0.0 0.0 0.0 0.0 0.0 4.0452 4.0452 4.0452 4.0452
6.501 0 3 1.0 0.0 0.0 0.0 0.0 0.0 0.0 0.0 0.0 0.0 4.0452 4.0452 4.0452 4.0452
6.502 0 3 1.0 0.0 0.0 0.0 0.0 0.0 0.0 0.0 0.0 0.0 4.0452 4.0452 4.0452 4.0452
6.503 0 3 1.0 0.0 0.0 0.0 0.0 0.0 0.0 0.0 0.0 0.0 4.0452 4.0452 4.0452 4.0452
6.5040000000000004 0 3 1.0 0.0 0.0 0.0 0.0 0.0 0.0 0.0 0.0 0.0 4.0452 4.0452 4.0452 4.0452
6.505 0 3 1.0 0.0 0.0 0.0 0.0 0.0 0.0 0.0 0.0 0.0 4.0452 4.0452 4.0452 4.0452
6.506 0 3 1.0 0.0 0.0 0.0 0.0 0.0 0.0 0.0 0.0 0.0 4.0452 4.0452 4.0452 4.0452
6.507000000000001 0 3 1.0 0.0 0.0 0.0 0.0 0.0 0.0 0.0 0.0 0.0 4.0452 4.0452 4.0452 4.0452
6.508 0 3 1.0 0.0 0.0 0.0 0.0 0.0 0.0 0.0 0.0 0.0 4.0452 4.0452 4.0452 4.0452
6.509 0 3 1.0 0.0 0.0 0.0 0.0 0.0 0.0 0.0 0.0 0.0 4.0452 4.0452 4.0452 4.0452
6.51 0 3 1.0 0.0 0.0 0.0 0.0 0.0 0.0 0.0 0.0 0.0 4.0452 4.0452 4.0452 4.0452
6.511 0 3 1.0 0.0 0.0 0.0 0.0 0.0 0.0 0.0 0.0 0.0 4.0452 4.0452 4.0452 4.0452
6.5120000000000005 0 3 1.0 0.0 0.0 0.0 0.0 0.0 0.0 0.0 0.0 0.0 4.0452 4.0452 4.0452 4.0452
6.513 0 3 1.0 0.0 0.0 0.0 0.0 0.0 0.0 0.0 0.0 0.0 4.0452 4.0452 4.0452 4.0452
6.514 0 3 1.0 0.0 0.0 0.0 0.0 0.0 0.0 0.0 0.0 0.0 4.0452 4.0452 4.0452 4.0452
6.515000000000001 0 3 1.0 0.0 0.0 0.0 0.0 0.0 0.0 0.0 0.0 0.0 4.0452 4.0452 4.0452 4.0452
6.516 0 3 1.0 0.0 0.0 0.0 0.0 0.0 0.0 0.0 0.0 0.0 4.0452 4.0452 4.0452 4.0452
6.517 0 3 1.0 0.0 0.0 0.0 0.0 0.0 0.0 0.0 0.0 0.0 4.0452 4.0452 4.0452 4.0452
6.518 0 3 1.0 0.0 0.0 0.0 0.0 0.0 0.0 0.0 0.0 0.0 4.0452 4.0452 4.0452 4.0452
6.519 0 3 1.0 0.0 0.0 0.0 0.0 0.0 0.0 0.0 0.0 0.0 4.0452 4.0452 4.0452 4.0452
6.5200000000000005 0 3 1.0 0.0 0.0 0.0 0.0 0.0 0.0 0.0 0.0 0.0 4.0452 4.0452 4.0452 4.0452
6.521 0 3 1.0 0.0 0.0 0.0 0.0 0.0 0.0 0.0 0.0 0.0 4.0452 4.0452 4.0452 4.0452
6.522 0 3 1.0 0.0 0.0 0.0 0.0 0.0 0.0 0.0 0.0 0.0 4.0452 4.0452 4.0452 4.0452
6.523000000000001 0 3 1.0 0.0 0.0 0.0 0.0 0.0 0.0 0.0 0.0 0.0 4.0452 4.0452 4.0452 4.0452
6.524 0 3 1.0 0.0 0.0 0.0 0.0 0.0 0.0 0.0 0.0 0.0 4.0452 4.0452 4.0452 4.0452
6.525 0 3 1.0 0.0 0.0 0.0 0.0 0.0 0.0 0.0 0.0 0.0 4.0452 4.0452 4.0452 4.0452
6.526 0 3 1.0 0.0 0.0 0.0 0.0 0.0 0.0 0.0 0.0 0.0 4.0452 4.0452 4.0452 4.0452
6.527 0 3 1.0 0.0 0.0 0.0 0.0 0.0 0.0 0.0 0.0 0.0 4.0452 4.0452 4.0452 4.0452
6.5280000000000005 0 3 1.0 0.0 0.0 0.0 0.0 0.0 0.0 0.0 0.0 0.0 4.0452 4.0452 4.0452 4.0452
6.529 0 3 1.0 0.0 0.0 0.0 0.0 0.0 0.0 0.0 0.0 0.0 4.0452 4.0452 4.0452 4.0452
6.53 0 3 1.0 0.0 0.0 0.0 0.0 0.0 0.0 0.0 0.0 0.0 4.0452 4.0452 4.0452 4.0452
6.531 0 3 1.0 0.0 0.0 0.0 0.0 0.0 0.0 0.0 0.0 0.0 4.0452 4.0452 4.0452 4.0452
6.532 0 3 1.0 0.0 0.0 0.0 0.0 0.0 0.0 0.0 0.0 0.0 4.0452 4.0452 4.0452 4.0452
6.533 0 3 1.0 0.0 0.0 0.0 0.0 0.0 0.0 0.0 0.0 0.0 4.0452 4.0452 4.0452 4.0452
6.534 0 3 1.0 0.0 0.0 0.0 0.0 0.0 0.0 0.0 0.0 0.0 4.0452 4.0452 4.0452 4.0452
6.535 0 3 1.0 0.0 0.0 0.0 0.0 0.0 0.0 0.0 0.0 0.0 4.0452 4.0452 4.0452 4.0452
6.5360000000000005 0 3 1.0 0.0 0.0 0.0 0.0 0.0 0.0 0.0 0.0 0.0 4.0452 4.0452 4.0452 4.0452
6.537 0 3 1.0 0.0 0.0 0.0 0.0 0.0 0.0 0.0 0.0 0.0 4.0452 4.0452 4.0452 4.0452
6.538 0 3 1.0 0.0 0.0 0.0 0.0 0.0 0.0 0.0 0.0 0.0 4.0452 4.0452 4.0452 4.0452
6.539 0 3 1.0 0.0 0.0 0.0 0.0 0.0 0.0 0.0 0.0 0.0 4.0452 4.0452 4.0452 4.0452
6.54 0 3 1.0 0.0 0.0 0.0 0.0 0.0 0.0 0.0 0.0 0.0 4.0452 4.0452 4.0452 4.0452
6.541 0 3 1.0 0.0 0.0 0.0 0.0 0.0 0.0 0.0 0.0 0.0 4.0452 4.0452 4.0452 4.0452
6.542 0 3 1.0 0.0 0.0 0.0 0.0 0.0 0.0 0.0 0.0 0.0 4.0452 4.0452 4.0452 4.0452
6.543 0 3 1.0 0.0 0.0 0.0 0.0 0.0 0.0 0.0 0.0 0.0 4.0452 4.0452 4.0452 4.0452
6.5440000000000005 0 3 1.0 0.0 0.0 0.0 0.0 0.0 0.0 0.0 0.0 0.0 4.0452 4.0452 4.0452 4.0452
6.545 0 3 1.0 0.0 0.0 0.0 0.0 0.0 0.0 0.0 0.0 0.0 4.0452 4.0452 4.0452 4.0452
6.546 0 3 1.0 0.0 0.0 0.0 0.0 0.0 0.0 0.0 0.0 0.0 4.0452 4.0452 4.0452 4.0452
6.547 0 3 1.0 0.0 0.0 0.0 0.0 0.0 0.0 0.0 0.0 0.0 4.0452 4.0452 4.0452 4.0452
6.548 0 3 1.0 0.0 0.0 0.0 0.0 0.0 0.0 0.0 0.0 0.0 4.0452 4.0452 4.0452 4.0452
6.549 0 3 1.0 0.0 0.0 0.0 0.0 0.0 0.0 0.0 0.0 0.0 4.0452 4.0452 4.0452 4.0452
6.55 0 3 1.0 0.0 0.0 0.0 0.0 0.0 0.0 0.0 0.0 0.0 4.0452 4.0452 4.0452 4.0452
6.551 0 3 1.0 0.0 0.0 0.0 0.0 0.0 0.0 0.0 0.0 0.0 4.0452 4.0452 4.0452 4.0452
6.5520000000000005 0 3 1.0 0.0 0.0 0.0 0.0 0.0 0.0 0.0 0.0 0.0 4.0452 4.0452 4.0452 4.0452
6.553 0 3 1.0 0.0 0.0 0.0 0.0 0.0 0.0 0.0 0.0 0.0 4.0452 4.0452 4.0452 4.0452
6.554 0 3 1.0 0.0 0.0 0.0 0.0 0.0 0.0 0.0 0.0 0.0 4.0452 4.0452 4.0452 4.0452
6.555 0 3 1.0 0.0 0.0 0.0 0.0 0.0 0.0 0.0 0.0 0.0 4.0452 4.0452 4.0452 4.0452
6.556 0 3 1.0 0.0 0.0 0.0 0.0 0.0 0.0 0.0 0.0 0.0 4.0452 4.0452 4.0452 4.0452
6.557 0 3 1.0 0.0 0.0 0.0 0.0 0.0 0.0 0.0 0.0 0.0 4.0452 4.0452 4.0452 4.0452
6.558 0 3 1.0 0.0 0.0 0.0 0.0 0.0 0.0 0.0 0.0 0.0 4.0452 4.0452 4.0452 4.0452
6.559 0 3 1.0 0.0 0.0 0.0 0.0 0.0 0.0 0.0 0.0 0.0 4.0452 4.0452 4.0452 4.0452
6.5600000000000005 0 3 1.0 0.0 0.0 0.0 0.0 0.0 0.0 0.0 0.0 0.0 4.0452 4.0452 4.0452 4.0452
6.561 0 3 1.0 0.0 0.0 0.0 0.0 0.0 0.0 0.0 0.0 0.0 4.0452 4.0452 4.0452 4.0452
6.562 0 3 1.0 0.0 0.0 0.0 0.0 0.0 0.0 0.0 0.0 0.0 4.0452 4.0452 4.0452 4.0452
6.563 0 3 1.0 0.0 0.0 0.0 0.0 0.0 0.0 0.0 0.0 0.0 4.0452 4.0452 4.0452 4.0452
6.564 0 3 1.0 0.0 0.0 0.0 0.0 0.0 0.0 0.0 0.0 0.0 4.0452 4.0452 4.0452 4.0452
6.565 0 3 1.0 0.0 0.0 0.0 0.0 0.0 0.0 0.0 0.0 0.0 4.0452 4.0452 4.0452 4.0452
6.566 0 3 1.0 0.0 0.0 0.0 0.0 0.0 0.0 0.0 0.0 0.0 4.0452 4.0452 4.0452 4.0452
6.567 0 3 1.0 0.0 0.0 0.0 0.0 0.0 0.0 0.0 0.0 0.0 4.0452 4.0452 4.0452 4.0452
6.5680000000000005 0 3 1.0 0.0 0.0 0.0 0.0 0.0 0.0 0.0 0.0 0.0 4.0452 4.0452 4.0452 4.0452
6.569 0 3 1.0 0.0 0.0 0.0 0.0 0.0 0.0 0.0 0.0 0.0 4.0452 4.0452 4.0452 4.0452
6.57 0 3 1.0 0.0 0.0 0.0 0.0 0.0 0.0 0.0 0.0 0.0 4.0452 4.0452 4.0452 4.0452
6.571 0 3 1.0 0.0 0.0 0.0 0.0 0.0 0.0 0.0 0.0 0.0 4.0452 4.0452 4.0452 4.0452
6.572 0 3 1.0 0.0 0.0 0.0 0.0 0.0 0.0 0.0 0.0 0.0 4.0452 4.0452 4.0452 4.0452
6.573 0 3 1.0 0.0 0.0 0.0 0.0 0.0 0.0 0.0 0.0 0.0 4.0452 4.0452 4.0452 4.0452
6.574 0 3 1.0 0.0 0.0 0.0 0.0 0.0 0.0 0.0 0.0 0.0 4.0452 4.0452 4.0452 4.0452
6.575 0 3 1.0 0.0 0.0 0.0 0.0 0.0 0.0 0.0 0.0 0.0 4.0452 4.0452 4.0452 4.0452
6.5760000000000005 0 3 1.0 0.0 0.0 0.0 0.0 0.0 0.0 0.0 0.0 0.0 4.0452 4.0452 4.0452 4.0452
6.577 0 3 1.0 0.0 0.0 0.0 0.0 0.0 0.0 0.0 0.0 0.0 4.0452 4.0452 4.0452 4.0452
6.578 0 3 1.0 0.0 0.0 0.0 0.0 0.0 0.0 0.0 0.0 0.0 4.0452 4.0452 4.0452 4.0452
6.579 0 3 1.0 0.0 0.0 0.0 0.0 0.0 0.0 0.0 0.0 0.0 4.0452 4.0452 4.0452 4.0452
6.58 0 3 1.0 0.0 0.0 0.0 0.0 0.0 0.0 0.0 0.0 0.0 4.0452 4.0452 4.0452 4.0452
6.581 0 3 1.0 0.0 0.0 0.0 0.0 0.0 0.0 0.0 0.0 0.0 4.0452 4.0452 4.0452 4.0452
6.582 0 3 1.0 0.0 0.0 0.0 0.0 0.0 0.0 0.0 0.0 0.0 4.0452 4.0452 4.0452 4.0452
6.583 0 3 1.0 0.0 0.0 0.0 0.0 0.0 0.0 0.0 0.0 0.0 4.0452 4.0452 4.0452 4.0452
6.5840000000000005 0 3 1.0 0.0 0.0 0.0 0.0 0.0 0.0 0.0 0.0 0.0 4.0452 4.0452 4.0452 4.0452
6.585 0 3 1.0 0.0 0.0 0.0 0.0 0.0 0.0 0.0 0.0 0.0 4.0452 4.0452 4.0452 4.0452
6.586 0 3 1.0 0.0 0.0 0.0 0.0 0.0 0.0 0.0 0.0 0.0 4.0452 4.0452 4.0452 4.0452
6.587 0 3 1.0 0.0 0.0 0.0 0.0 0.0 0.0 0.0 0.0 0.0 4.0452 4.0452 4.0452 4.0452
6.588 0 3 1.0 0.0 0.0 0.0 0.0 0.0 0.0 0.0 0.0 0.0 4.0452 4.0452 4.0452 4.0452
6.589 0 3 1.0 0.0 0.0 0.0 0.0 0.0 0.0 0.0 0.0 0.0 4.0452 4.0452 4.0452 4.0452
6.59 0 3 1.0 0.0 0.0 0.0 0.0 0.0 0.0 0.0 0.0 0.0 4.0452 4.0452 4.0452 4.0452
6.591 0 3 1.0 0.0 0.0 0.0 0.0 0.0 0.0 0.0 0.0 0.0 4.0452 4.0452 4.0452 4.0452
6.5920000000000005 0 3 1.0 0.0 0.0 0.0 0.0 0.0 0.0 0.0 0.0 0.0 4.0452 4.0452 4.0452 4.0452
6.593 0 3 1.0 0.0 0.0 0.0 0.0 0.0 0.0 0.0 0.0 0.0 4.0452 4.0452 4.0452 4.0452
6.594 0 3 1.0 0.0 0.0 0.0 0.0 0.0 0.0 0.0 0.0 0.0 4.0452 4.0452 4.0452 4.0452
6.595 0 3 1.0 0.0 0.0 0.0 0.0 0.0 0.0 0.0 0.0 0.0 4.0452 4.0452 4.0452 4.0452
6.596 0 3 1.0 0.0 0.0 0.0 0.0 0.0 0.0 0.0 0.0 0.0 4.0452 4.0452 4.0452 4.0452
6.597 0 3 1.0 0.0 0.0 0.0 0.0 0.0 0.0 0.0 0.0 0.0 4.0452 4.0452 4.0452 4.0452
6.598 0 3 1.0 0.0 0.0 0.0 0.0 0.0 0.0 0.0 0.0 0.0 4.0452 4.0452 4.0452 4.0452
6.599 0 3 1.0 0.0 0.0 0.0 0.0 0.0 0.0 0.0 0.0 0.0 4.0452 4.0452 4.0452 4.0452
6.6000000000000005 0 3 1.0 0.0 0.0 0.0 0.0 0.0 0.0 0.0 0.0 0.0 4.0452 4.0452 4.0452 4.0452
6.601 0 3 1.0 0.0 0.0 0.0 0.0 0.0 0.0 0.0 0.0 0.0 4.0452 4.0452 4.0452 4.0452
6.602 0 3 1.0 0.0 0.0 0.0 0.0 0.0 0.0 0.0 0.0 0.0 4.0452 4.0452 4.0452 4.0452
6.603 0 3 1.0 0.0 0.0 0.0 0.0 0.0 0.0 0.0 0.0 0.0 4.0452 4.0452 4.0452 4.0452
6.604 0 3 1.0 0.0 0.0 0.0 0.0 0.0 0.0 0.0 0.0 0.0 4.0452 4.0452 4.0452 4.0452
6.605 0 3 1.0 0.0 0.0 0.0 0.0 0.0 0.0 0.0 0.0 0.0 4.0452 4.0452 4.0452 4.0452
6.606 0 3 1.0 0.0 0.0 0.0 0.0 0.0 0.0 0.0 0.0 0.0 4.0452 4.0452 4.0452 4.0452
6.607 0 3 1.0 0.0 0.0 0.0 0.0 0.0 0.0 0.0 0.0 0.0 4.0452 4.0452 4.0452 4.0452
6.6080000000000005 0 3 1.0 0.0 0.0 0.0 0.0 0.0 0.0 0.0 0.0 0.0 4.0452 4.0452 4.0452 4.0452
6.609 0 3 1.0 0.0 0.0 0.0 0.0 0.0 0.0 0.0 0.0 0.0 4.0452 4.0452 4.0452 4.0452
6.61 0 3 1.0 0.0 0.0 0.0 0.0 0.0 0.0 0.0 0.0 0.0 4.0452 4.0452 4.0452 4.0452
6.611 0 3 1.0 0.0 0.0 0.0 0.0 0.0 0.0 0.0 0.0 0.0 4.0452 4.0452 4.0452 4.0452
6.612 0 3 1.0 0.0 0.0 0.0 0.0 0.0 0.0 0.0 0.0 0.0 4.0452 4.0452 4.0452 4.0452
6.613 0 3 1.0 0.0 0.0 0.0 0.0 0.0 0.0 0.0 0.0 0.0 4.0452 4.0452 4.0452 4.0452
6.614 0 3 1.0 0.0 0.0 0.0 0.0 0.0 0.0 0.0 0.0 0.0 4.0452 4.0452 4.0452 4.0452
6.615 0 3 1.0 0.0 0.0 0.0 0.0 0.0 0.0 0.0 0.0 0.0 4.0452 4.0452 4.0452 4.0452
6.6160000000000005 0 3 1.0 0.0 0.0 0.0 0.0 0.0 0.0 0.0 0.0 0.0 4.0452 4.0452 4.0452 4.0452
6.617 0 3 1.0 0.0 0.0 0.0 0.0 0.0 0.0 0.0 0.0 0.0 4.0452 4.0452 4.0452 4.0452
6.618 0 3 1.0 0.0 0.0 0.0 0.0 0.0 0.0 0.0 0.0 0.0 4.0452 4.0452 4.0452 4.0452
6.619 0 3 1.0 0.0 0.0 0.0 0.0 0.0 0.0 0.0 0.0 0.0 4.0452 4.0452 4.0452 4.0452
6.62 0 3 1.0 0.0 0.0 0.0 0.0 0.0 0.0 0.0 0.0 0.0 4.0452 4.0452 4.0452 4.0452
6.621 0 3 1.0 0.0 0.0 0.0 0.0 0.0 0.0 0.0 0.0 0.0 4.0452 4.0452 4.0452 4.0452
6.622 0 3 1.0 0.0 0.0 0.0 0.0 0.0 0.0 0.0 0.0 0.0 4.0452 4.0452 4.0452 4.0452
6.623 0 3 1.0 0.0 0.0 0.0 0.0 0.0 0.0 0.0 0.0 0.0 4.0452 4.0452 4.0452 4.0452
6.6240000000000006 0 3 1.0 0.0 0.0 0.0 0.0 0.0 0.0 0.0 0.0 0.0 4.0452 4.0452 4.0452 4.0452
6.625 0 3 1.0 0.0 0.0 0.0 0.0 0.0 0.0 0.0 0.0 0.0 4.0452 4.0452 4.0452 4.0452
6.626 0 3 1.0 0.0 0.0 0.0 0.0 0.0 0.0 0.0 0.0 0.0 4.0452 4.0452 4.0452 4.0452
6.627 0 3 1.0 0.0 0.0 0.0 0.0 0.0 0.0 0.0 0.0 0.0 4.0452 4.0452 4.0452 4.0452
6.628 0 3 1.0 0.0 0.0 0.0 0.0 0.0 0.0 0.0 0.0 0.0 4.0452 4.0452 4.0452 4.0452
6.6290000000000004 0 3 1.0 0.0 0.0 0.0 0.0 0.0 0.0 0.0 0.0 0.0 4.0452 4.0452 4.0452 4.0452
6.63 0 3 1.0 0.0 0.0 0.0 0.0 0.0 0.0 0.0 0.0 0.0 4.0452 4.0452 4.0452 4.0452
6.631 0 3 1.0 0.0 0.0 0.0 0.0 0.0 0.0 0.0 0.0 0.0 4.0452 4.0452 4.0452 4.0452
6.632000000000001 0 3 1.0 0.0 0.0 0.0 0.0 0.0 0.0 0.0 0.0 0.0 4.0452 4.0452 4.0452 4.0452
6.633 0 3 1.0 0.0 0.0 0.0 0.0 0.0 0.0 0.0 0.0 0.0 4.0452 4.0452 4.0452 4.0452
6.634 0 3 1.0 0.0 0.0 0.0 0.0 0.0 0.0 0.0 0.0 0.0 4.0452 4.0452 4.0452 4.0452
6.635 0 3 1.0 0.0 0.0 0.0 0.0 0.0 0.0 0.0 0.0 0.0 4.0452 4.0452 4.0452 4.0452
6.636 0 3 1.0 0.0 0.0 0.0 0.0 0.0 0.0 0.0 0.0 0.0 4.0452 4.0452 4.0452 4.0452
6.6370000000000005 0 3 1.0 0.0 0.0 0.0 0.0 0.0 0.0 0.0 0.0 0.0 4.0452 4.0452 4.0452 4.0452
6.638 0 3 1.0 0.0 0.0 0.0 0.0 0.0 0.0 0.0 0.0 0.0 4.0452 4.0452 4.0452 4.0452
6.639 0 3 1.0 0.0 0.0 0.0 0.0 0.0 0.0 0.0 0.0 0.0 4.0452 4.0452 4.0452 4.0452
6.640000000000001 0 3 1.0 0.0 0.0 0.0 0.0 0.0 0.0 0.0 0.0 0.0 4.0452 4.0452 4.0452 4.0452
6.641 0 3 1.0 0.0 0.0 0.0 0.0 0.0 0.0 0.0 0.0 0.0 4.0452 4.0452 4.0452 4.0452
6.642 0 3 1.0 0.0 0.0 0.0 0.0 0.0 0.0 0.0 0.0 0.0 4.0452 4.0452 4.0452 4.0452
6.643 0 3 1.0 0.0 0.0 0.0 0.0 0.0 0.0 0.0 0.0 0.0 4.0452 4.0452 4.0452 4.0452
6.644 0 3 1.0 0.0 0.0 0.0 0.0 0.0 0.0 0.0 0.0 0.0 4.0452 4.0452 4.0452 4.0452
6.6450000000000005 0 3 1.0 0.0 0.0 0.0 0.0 0.0 0.0 0.0 0.0 0.0 4.0452 4.0452 4.0452 4.0452
6.646 0 3 1.0 0.0 0.0 0.0 0.0 0.0 0.0 0.0 0.0 0.0 4.0452 4.0452 4.0452 4.0452
6.647 0 3 1.0 0.0 0.0 0.0 0.0 0.0 0.0 0.0 0.0 0.0 4.0452 4.0452 4.0452 4.0452
6.648000000000001 0 3 1.0 0.0 0.0 0.0 0.0 0.0 0.0 0.0 0.0 0.0 4.0452 4.0452 4.0452 4.0452
6.649 0 3 1.0 0.0 0.0 0.0 0.0 0.0 0.0 0.0 0.0 0.0 4.0452 4.0452 4.0452 4.0452
6.65 0 3 1.0 0.0 0.0 0.0 0.0 0.0 0.0 0.0 0.0 0.0 4.0452 4.0452 4.0452 4.0452
6.651 0 3 1.0 0.0 0.0 0.0 0.0 0.0 0.0 0.0 0.0 0.0 4.0452 4.0452 4.0452 4.0452
6.652 0 3 1.0 0.0 0.0 0.0 0.0 0.0 0.0 0.0 0.0 0.0 4.0452 4.0452 4.0452 4.0452
6.6530000000000005 0 3 1.0 0.0 0.0 0.0 0.0 0.0 0.0 0.0 0.0 0.0 4.0452 4.0452 4.0452 4.0452
6.654 0 3 1.0 0.0 0.0 0.0 0.0 0.0 0.0 0.0 0.0 0.0 4.0452 4.0452 4.0452 4.0452
6.655 0 3 1.0 0.0 0.0 0.0 0.0 0.0 0.0 0.0 0.0 0.0 4.0452 4.0452 4.0452 4.0452
6.656000000000001 0 3 1.0 0.0 0.0 0.0 0.0 0.0 0.0 0.0 0.0 0.0 4.0452 4.0452 4.0452 4.0452
6.657 0 3 1.0 0.0 0.0 0.0 0.0 0.0 0.0 0.0 0.0 0.0 4.0452 4.0452 4.0452 4.0452
6.658 0 3 1.0 0.0 0.0 0.0 0.0 0.0 0.0 0.0 0.0 0.0 4.0452 4.0452 4.0452 4.0452
6.659 0 3 1.0 0.0 0.0 0.0 0.0 0.0 0.0 0.0 0.0 0.0 4.0452 4.0452 4.0452 4.0452
6.66 0 3 1.0 0.0 0.0 0.0 0.0 0.0 0.0 0.0 0.0 0.0 4.0452 4.0452 4.0452 4.0452
6.6610000000000005 0 3 1.0 0.0 0.0 0.0 0.0 0.0 0.0 0.0 0.0 0.0 4.0452 4.0452 4.0452 4.0452
6.662 0 3 1.0 0.0 0.0 0.0 0.0 0.0 0.0 0.0 0.0 0.0 4.0452 4.0452 4.0452 4.0452
6.663 0 3 1.0 0.0 0.0 0.0 0.0 0.0 0.0 0.0 0.0 0.0 4.0452 4.0452 4.0452 4.0452
6.664 0 3 1.0 0.0 0.0 0.0 0.0 0.0 0.0 0.0 0.0 0.0 4.0452 4.0452 4.0452 4.0452
6.665 0 3 1.0 0.0 0.0 0.0 0.0 0.0 0.0 0.0 0.0 0.0 4.0452 4.0452 4.0452 4.0452
6.666 0 3 1.0 0.0 0.0 0.0 0.0 0.0 0.0 0.0 0.0 0.0 4.0452 4.0452 4.0452 4.0452
6.667 0 3 1.0 0.0 0.0 0.0 0.0 0.0 0.0 0.0 0.0 0.0 4.0452 4.0452 4.0452 4.0452
6.668 0 3 1.0 0.0 0.0 0.0 0.0 0.0 0.0 0.0 0.0 0.0 4.0452 4.0452 4.0452 4.0452
6.6690000000000005 0 3 1.0 0.0 0.0 0.0 0.0 0.0 0.0 0.0 0.0 0.0 4.0452 4.0452 4.0452 4.0452
6.67 0 3 1.0 0.0 0.0 0.0 0.0 0.0 0.0 0.0 0.0 0.0 4.0452 4.0452 4.0452 4.0452
6.671 0 3 1.0 0.0 0.0 0.0 0.0 0.0 0.0 0.0 0.0 0.0 4.0452 4.0452 4.0452 4.0452
6.672 0 3 1.0 0.0 0.0 0.0 0.0 0.0 0.0 0.0 0.0 0.0 4.0452 4.0452 4.0452 4.0452
6.673 0 3 1.0 0.0 0.0 0.0 0.0 0.0 0.0 0.0 0.0 0.0 4.0452 4.0452 4.0452 4.0452
6.674 0 3 1.0 0.0 0.0 0.0 0.0 0.0 0.0 0.0 0.0 0.0 4.0452 4.0452 4.0452 4.0452
6.675 0 3 1.0 0.0 0.0 0.0 0.0 0.0 0.0 0.0 0.0 0.0 4.0452 4.0452 4.0452 4.0452
6.676 0 3 1.0 0.0 0.0 0.0 0.0 0.0 0.0 0.0 0.0 0.0 4.0452 4.0452 4.0452 4.0452
6.6770000000000005 0 3 1.0 0.0 0.0 0.0 0.0 0.0 0.0 0.0 0.0 0.0 4.0452 4.0452 4.0452 4.0452
6.678 0 3 1.0 0.0 0.0 0.0 0.0 0.0 0.0 0.0 0.0 0.0 4.0452 4.0452 4.0452 4.0452
6.679 0 3 1.0 0.0 0.0 0.0 0.0 0.0 0.0 0.0 0.0 0.0 4.0452 4.0452 4.0452 4.0452
6.68 0 3 1.0 0.0 0.0 0.0 0.0 0.0 0.0 0.0 0.0 0.0 4.0452 4.0452 4.0452 4.0452
6.681 0 3 1.0 0.0 0.0 0.0 0.0 0.0 0.0 0.0 0.0 0.0 4.0452 4.0452 4.0452 4.0452
6.682 0 3 1.0 0.0 0.0 0.0 0.0 0.0 0.0 0.0 0.0 0.0 4.0452 4.0452 4.0452 4.0452
6.683 0 3 1.0 0.0 0.0 0.0 0.0 0.0 0.0 0.0 0.0 0.0 4.0452 4.0452 4.0452 4.0452
6.684 0 3 1.0 0.0 0.0 0.0 0.0 0.0 0.0 0.0 0.0 0.0 4.0452 4.0452 4.0452 4.0452
6.6850000000000005 0 3 1.0 0.0 0.0 0.0 0.0 0.0 0.0 0.0 0.0 0.0 4.0452 4.0452 4.0452 4.0452
6.686 0 3 1.0 0.0 0.0 0.0 0.0 0.0 0.0 0.0 0.0 0.0 4.0452 4.0452 4.0452 4.0452
6.687 0 3 1.0 0.0 0.0 0.0 0.0 0.0 0.0 0.0 0.0 0.0 4.0452 4.0452 4.0452 4.0452
6.688 0 3 1.0 0.0 0.0 0.0 0.0 0.0 0.0 0.0 0.0 0.0 4.0452 4.0452 4.0452 4.0452
6.689 0 3 1.0 0.0 0.0 0.0 0.0 0.0 0.0 0.0 0.0 0.0 4.0452 4.0452 4.0452 4.0452
6.69 0 3 1.0 0.0 0.0 0.0 0.0 0.0 0.0 0.0 0.0 0.0 4.0452 4.0452 4.0452 4.0452
6.691 0 3 1.0 0.0 0.0 0.0 0.0 0.0 0.0 0.0 0.0 0.0 4.0452 4.0452 4.0452 4.0452
6.692 0 3 1.0 0.0 0.0 0.0 0.0 0.0 0.0 0.0 0.0 0.0 4.0452 4.0452 4.0452 4.0452
6.6930000000000005 0 3 1.0 0.0 0.0 0.0 0.0 0.0 0.0 0.0 0.0 0.0 4.0452 4.0452 4.0452 4.0452
6.694 0 3 1.0 0.0 0.0 0.0 0.0 0.0 0.0 0.0 0.0 0.0 4.0452 4.0452 4.0452 4.0452
6.695 0 3 1.0 0.0 0.0 0.0 0.0 0.0 0.0 0.0 0.0 0.0 4.0452 4.0452 4.0452 4.0452
6.696 0 3 1.0 0.0 0.0 0.0 0.0 0.0 0.0 0.0 0.0 0.0 4.0452 4.0452 4.0452 4.0452
6.697 0 3 1.0 0.0 0.0 0.0 0.0 0.0 0.0 0.0 0.0 0.0 4.0452 4.0452 4.0452 4.0452
6.698 0 3 1.0 0.0 0.0 0.0 0.0 0.0 0.0 0.0 0.0 0.0 4.0452 4.0452 4.0452 4.0452
6.699 0 3 1.0 0.0 0.0 0.0 0.0 0.0 0.0 0.0 0.0 0.0 4.0452 4.0452 4.0452 4.0452
6.7 0 3 1.0 0.0 0.0 0.0 0.0 0.0 0.0 0.0 0.0 0.0 4.0452 4.0452 4.0452 4.0452
6.7010000000000005 0 3 1.0 0.0 0.0 0.0 0.0 0.0 0.0 0.0 0.0 0.0 4.0452 4.0452 4.0452 4.0452
6.702 0 3 1.0 0.0 0.0 0.0 0.0 0.0 0.0 0.0 0.0 0.0 4.0452 4.0452 4.0452 4.0452
6.703 0 3 1.0 0.0 0.0 0.0 0.0 0.0 0.0 0.0 0.0 0.0 4.0452 4.0452 4.0452 4.0452
6.704 0 3 1.0 0.0 0.0 0.0 0.0 0.0 0.0 0.0 0.0 0.0 4.0452 4.0452 4.0452 4.0452
6.705 0 3 1.0 0.0 0.0 0.0 0.0 0.0 0.0 0.0 0.0 0.0 4.0452 4.0452 4.0452 4.0452
6.706 0 3 1.0 0.0 0.0 0.0 0.0 0.0 0.0 0.0 0.0 0.0 4.0452 4.0452 4.0452 4.0452
6.707 0 3 1.0 0.0 0.0 0.0 0.0 0.0 0.0 0.0 0.0 0.0 4.0452 4.0452 4.0452 4.0452
6.708 0 3 1.0 0.0 0.0 0.0 0.0 0.0 0.0 0.0 0.0 0.0 4.0452 4.0452 4.0452 4.0452
6.7090000000000005 0 3 1.0 0.0 0.0 0.0 0.0 0.0 0.0 0.0 0.0 0.0 4.0452 4.0452 4.0452 4.0452
6.71 0 3 1.0 0.0 0.0 0.0 0.0 0.0 0.0 0.0 0.0 0.0 4.0452 4.0452 4.0452 4.0452
6.711 0 3 1.0 0.0 0.0 0.0 0.0 0.0 0.0 0.0 0.0 0.0 4.0452 4.0452 4.0452 4.0452
6.712 0 3 1.0 0.0 0.0 0.0 0.0 0.0 0.0 0.0 0.0 0.0 4.0452 4.0452 4.0452 4.0452
6.713 0 3 1.0 0.0 0.0 0.0 0.0 0.0 0.0 0.0 0.0 0.0 4.0452 4.0452 4.0452 4.0452
6.714 0 3 1.0 0.0 0.0 0.0 0.0 0.0 0.0 0.0 0.0 0.0 4.0452 4.0452 4.0452 4.0452
6.715 0 3 1.0 0.0 0.0 0.0 0.0 0.0 0.0 0.0 0.0 0.0 4.0452 4.0452 4.0452 4.0452
6.716 0 3 1.0 0.0 0.0 0.0 0.0 0.0 0.0 0.0 0.0 0.0 4.0452 4.0452 4.0452 4.0452
6.7170000000000005 0 3 1.0 0.0 0.0 0.0 0.0 0.0 0.0 0.0 0.0 0.0 4.0452 4.0452 4.0452 4.0452
6.718 0 3 1.0 0.0 0.0 0.0 0.0 0.0 0.0 0.0 0.0 0.0 4.0452 4.0452 4.0452 4.0452
6.719 0 3 1.0 0.0 0.0 0.0 0.0 0.0 0.0 0.0 0.0 0.0 4.0452 4.0452 4.0452 4.0452
6.72 0 3 1.0 0.0 0.0 0.0 0.0 0.0 0.0 0.0 0.0 0.0 4.0452 4.0452 4.0452 4.0452
6.721 0 3 1.0 0.0 0.0 0.0 0.0 0.0 0.0 0.0 0.0 0.0 4.0452 4.0452 4.0452 4.0452
6.722 0 3 1.0 0.0 0.0 0.0 0.0 0.0 0.0 0.0 0.0 0.0 4.0452 4.0452 4.0452 4.0452
6.723 0 3 1.0 0.0 0.0 0.0 0.0 0.0 0.0 0.0 0.0 0.0 4.0452 4.0452 4.0452 4.0452
6.724 0 3 1.0 0.0 0.0 0.0 0.0 0.0 0.0 0.0 0.0 0.0 4.0452 4.0452 4.0452 4.0452
6.7250000000000005 0 3 1.0 0.0 0.0 0.0 0.0 0.0 0.0 0.0 0.0 0.0 4.0452 4.0452 4.0452 4.0452
6.726 0 3 1.0 0.0 0.0 0.0 0.0 0.0 0.0 0.0 0.0 0.0 4.0452 4.0452 4.0452 4.0452
6.727 0 3 1.0 0.0 0.0 0.0 0.0 0.0 0.0 0.0 0.0 0.0 4.0452 4.0452 4.0452 4.0452
6.728 0 3 1.0 0.0 0.0 0.0 0.0 0.0 0.0 0.0 0.0 0.0 4.0452 4.0452 4.0452 4.0452
6.729 0 3 1.0 0.0 0.0 0.0 0.0 0.0 0.0 0.0 0.0 0.0 4.0452 4.0452 4.0452 4.0452
6.73 0 3 1.0 0.0 0.0 0.0 0.0 0.0 0.0 0.0 0.0 0.0 4.0452 4.0452 4.0452 4.0452
6.731 0 3 1.0 0.0 0.0 0.0 0.0 0.0 0.0 0.0 0.0 0.0 4.0452 4.0452 4.0452 4.0452
6.732 0 3 1.0 0.0 0.0 0.0 0.0 0.0 0.0 0.0 0.0 0.0 4.0452 4.0452 4.0452 4.0452
6.7330000000000005 0 3 1.0 0.0 0.0 0.0 0.0 0.0 0.0 0.0 0.0 0.0 4.0452 4.0452 4.0452 4.0452
6.734 0 3 1.0 0.0 0.0 0.0 0.0 0.0 0.0 0.0 0.0 0.0 4.0452 4.0452 4.0452 4.0452
6.735 0 3 1.0 0.0 0.0 0.0 0.0 0.0 0.0 0.0 0.0 0.0 4.0452 4.0452 4.0452 4.0452
6.736 0 3 1.0 0.0 0.0 0.0 0.0 0.0 0.0 0.0 0.0 0.0 4.0452 4.0452 4.0452 4.0452
6.737 0 3 1.0 0.0 0.0 0.0 0.0 0.0 0.0 0.0 0.0 0.0 4.0452 4.0452 4.0452 4.0452
6.738 0 3 1.0 0.0 0.0 0.0 0.0 0.0 0.0 0.0 0.0 0.0 4.0452 4.0452 4.0452 4.0452
6.739 0 3 1.0 0.0 0.0 0.0 0.0 0.0 0.0 0.0 0.0 0.0 4.0452 4.0452 4.0452 4.0452
6.74 0 3 1.0 0.0 0.0 0.0 0.0 0.0 0.0 0.0 0.0 0.0 4.0452 4.0452 4.0452 4.0452
6.7410000000000005 0 3 1.0 0.0 0.0 0.0 0.0 0.0 0.0 0.0 0.0 0.0 4.0452 4.0452 4.0452 4.0452
6.742 0 3 1.0 0.0 0.0 0.0 0.0 0.0 0.0 0.0 0.0 0.0 4.0452 4.0452 4.0452 4.0452
6.743 0 3 1.0 0.0 0.0 0.0 0.0 0.0 0.0 0.0 0.0 0.0 4.0452 4.0452 4.0452 4.0452
6.744 0 3 1.0 0.0 0.0 0.0 0.0 0.0 0.0 0.0 0.0 0.0 4.0452 4.0452 4.0452 4.0452
6.745 0 3 1.0 0.0 0.0 0.0 0.0 0.0 0.0 0.0 0.0 0.0 4.0452 4.0452 4.0452 4.0452
6.746 0 3 1.0 0.0 0.0 0.0 0.0 0.0 0.0 0.0 0.0 0.0 4.0452 4.0452 4.0452 4.0452
6.747 0 3 1.0 0.0 0.0 0.0 0.0 0.0 0.0 0.0 0.0 0.0 4.0452 4.0452 4.0452 4.0452
6.748 0 3 1.0 0.0 0.0 0.0 0.0 0.0 0.0 0.0 0.0 0.0 4.0452 4.0452 4.0452 4.0452
6.7490000000000006 0 3 1.0 0.0 0.0 0.0 0.0 0.0 0.0 0.0 0.0 0.0 4.0452 4.0452 4.0452 4.0452
6.75 0 3 1.0 0.0 0.0 0.0 0.0 0.0 0.0 0.0 0.0 0.0 4.0452 4.0452 4.0452 4.0452
6.751 0 3 1.0 0.0 0.0 0.0 0.0 0.0 0.0 0.0 0.0 0.0 4.0452 4.0452 4.0452 4.0452
6.752 0 3 1.0 0.0 0.0 0.0 0.0 0.0 0.0 0.0 0.0 0.0 4.0452 4.0452 4.0452 4.0452
6.753 0 3 1.0 0.0 0.0 0.0 0.0 0.0 0.0 0.0 0.0 0.0 4.0452 4.0452 4.0452 4.0452
6.7540000000000004 0 3 1.0 0.0 0.0 0.0 0.0 0.0 0.0 0.0 0.0 0.0 4.0452 4.0452 4.0452 4.0452
6.755 0 3 1.0 0.0 0.0 0.0 0.0 0.0 0.0 0.0 0.0 0.0 4.0452 4.0452 4.0452 4.0452
6.756 0 3 1.0 0.0 0.0 0.0 0.0 0.0 0.0 0.0 0.0 0.0 4.0452 4.0452 4.0452 4.0452
6.757000000000001 0 3 1.0 0.0 0.0 0.0 0.0 0.0 0.0 0.0 0.0 0.0 4.0452 4.0452 4.0452 4.0452
6.758 0 3 1.0 0.0 0.0 0.0 0.0 0.0 0.0 0.0 0.0 0.0 4.0452 4.0452 4.0452 4.0452
6.759 0 3 1.0 0.0 0.0 0.0 0.0 0.0 0.0 0.0 0.0 0.0 4.0452 4.0452 4.0452 4.0452
6.76 0 3 1.0 0.0 0.0 0.0 0.0 0.0 0.0 0.0 0.0 0.0 4.0452 4.0452 4.0452 4.0452
6.761 0 3 1.0 0.0 0.0 0.0 0.0 0.0 0.0 0.0 0.0 0.0 4.0452 4.0452 4.0452 4.0452
6.7620000000000005 0 3 1.0 0.0 0.0 0.0 0.0 0.0 0.0 0.0 0.0 0.0 4.0452 4.0452 4.0452 4.0452
6.763 0 3 1.0 0.0 0.0 0.0 0.0 0.0 0.0 0.0 0.0 0.0 4.0452 4.0452 4.0452 4.0452
6.764 0 3 1.0 0.0 0.0 0.0 0.0 0.0 0.0 0.0 0.0 0.0 4.0452 4.0452 4.0452 4.0452
6.765000000000001 0 3 1.0 0.0 0.0 0.0 0.0 0.0 0.0 0.0 0.0 0.0 4.0452 4.0452 4.0452 4.0452
6.766 0 3 1.0 0.0 0.0 0.0 0.0 0.0 0.0 0.0 0.0 0.0 4.0452 4.0452 4.0452 4.0452
6.767 0 3 1.0 0.0 0.0 0.0 0.0 0.0 0.0 0.0 0.0 0.0 4.0452 4.0452 4.0452 4.0452
6.768 0 3 1.0 0.0 0.0 0.0 0.0 0.0 0.0 0.0 0.0 0.0 4.0452 4.0452 4.0452 4.0452
6.769 0 3 1.0 0.0 0.0 0.0 0.0 0.0 0.0 0.0 0.0 0.0 4.0452 4.0452 4.0452 4.0452
6.7700000000000005 0 3 1.0 0.0 0.0 0.0 0.0 0.0 0.0 0.0 0.0 0.0 4.0452 4.0452 4.0452 4.0452
6.771 0 3 1.0 0.0 0.0 0.0 0.0 0.0 0.0 0.0 0.0 0.0 4.0452 4.0452 4.0452 4.0452
6.772 0 3 1.0 0.0 0.0 0.0 0.0 0.0 0.0 0.0 0.0 0.0 4.0452 4.0452 4.0452 4.0452
6.773000000000001 0 3 1.0 0.0 0.0 0.0 0.0 0.0 0.0 0.0 0.0 0.0 4.0452 4.0452 4.0452 4.0452
6.774 0 3 1.0 0.0 0.0 0.0 0.0 0.0 0.0 0.0 0.0 0.0 4.0452 4.0452 4.0452 4.0452
6.775 0 3 1.0 0.0 0.0 0.0 0.0 0.0 0.0 0.0 0.0 0.0 4.0452 4.0452 4.0452 4.0452
6.776 0 3 1.0 0.0 0.0 0.0 0.0 0.0 0.0 0.0 0.0 0.0 4.0452 4.0452 4.0452 4.0452
6.777 0 3 1.0 0.0 0.0 0.0 0.0 0.0 0.0 0.0 0.0 0.0 4.0452 4.0452 4.0452 4.0452
6.7780000000000005 0 3 1.0 0.0 0.0 0.0 0.0 0.0 0.0 0.0 0.0 0.0 4.0452 4.0452 4.0452 4.0452
6.779 0 3 1.0 0.0 0.0 0.0 0.0 0.0 0.0 0.0 0.0 0.0 4.0452 4.0452 4.0452 4.0452
6.78 0 3 1.0 0.0 0.0 0.0 0.0 0.0 0.0 0.0 0.0 0.0 4.0452 4.0452 4.0452 4.0452
6.781000000000001 0 3 1.0 0.0 0.0 0.0 0.0 0.0 0.0 0.0 0.0 0.0 4.0452 4.0452 4.0452 4.0452
6.782 0 3 1.0 0.0 0.0 0.0 0.0 0.0 0.0 0.0 0.0 0.0 4.0452 4.0452 4.0452 4.0452
6.783 0 3 1.0 0.0 0.0 0.0 0.0 0.0 0.0 0.0 0.0 0.0 4.0452 4.0452 4.0452 4.0452
6.784 0 3 1.0 0.0 0.0 0.0 0.0 0.0 0.0 0.0 0.0 0.0 4.0452 4.0452 4.0452 4.0452
6.785 0 3 1.0 0.0 0.0 0.0 0.0 0.0 0.0 0.0 0.0 0.0 4.0452 4.0452 4.0452 4.0452
6.7860000000000005 0 3 1.0 0.0 0.0 0.0 0.0 0.0 0.0 0.0 0.0 0.0 4.0452 4.0452 4.0452 4.0452
6.787 0 3 1.0 0.0 0.0 0.0 0.0 0.0 0.0 0.0 0.0 0.0 4.0452 4.0452 4.0452 4.0452
6.788 0 3 1.0 0.0 0.0 0.0 0.0 0.0 0.0 0.0 0.0 0.0 4.0452 4.0452 4.0452 4.0452
6.789 0 3 1.0 0.0 0.0 0.0 0.0 0.0 0.0 0.0 0.0 0.0 4.0452 4.0452 4.0452 4.0452
6.79 0 3 1.0 0.0 0.0 0.0 0.0 0.0 0.0 0.0 0.0 0.0 4.0452 4.0452 4.0452 4.0452
6.791 0 3 1.0 0.0 0.0 0.0 0.0 0.0 0.0 0.0 0.0 0.0 4.0452 4.0452 4.0452 4.0452
6.792 0 3 1.0 0.0 0.0 0.0 0.0 0.0 0.0 0.0 0.0 0.0 4.0452 4.0452 4.0452 4.0452
6.793 0 3 1.0 0.0 0.0 0.0 0.0 0.0 0.0 0.0 0.0 0.0 4.0452 4.0452 4.0452 4.0452
6.7940000000000005 0 3 1.0 0.0 0.0 0.0 0.0 0.0 0.0 0.0 0.0 0.0 4.0452 4.0452 4.0452 4.0452
6.795 0 3 1.0 0.0 0.0 0.0 0.0 0.0 0.0 0.0 0.0 0.0 4.0452 4.0452 4.0452 4.0452
6.796 0 3 1.0 0.0 0.0 0.0 0.0 0.0 0.0 0.0 0.0 0.0 4.0452 4.0452 4.0452 4.0452
6.797 0 3 1.0 0.0 0.0 0.0 0.0 0.0 0.0 0.0 0.0 0.0 4.0452 4.0452 4.0452 4.0452
6.798 0 3 1.0 0.0 0.0 0.0 0.0 0.0 0.0 0.0 0.0 0.0 4.0452 4.0452 4.0452 4.0452
6.799 0 3 1.0 0.0 0.0 0.0 0.0 0.0 0.0 0.0 0.0 0.0 4.0452 4.0452 4.0452 4.0452
6.8 0 3 1.0 0.0 0.0 0.0 0.0 0.0 0.0 0.0 0.0 0.0 4.0452 4.0452 4.0452 4.0452
6.801 0 3 1.0 0.0 0.0 0.0 0.0 0.0 0.0 0.0 0.0 0.0 4.0452 4.0452 4.0452 4.0452
6.8020000000000005 0 3 1.0 0.0 0.0 0.0 0.0 0.0 0.0 0.0 0.0 0.0 4.0452 4.0452 4.0452 4.0452
6.803 0 3 1.0 0.0 0.0 0.0 0.0 0.0 0.0 0.0 0.0 0.0 4.0452 4.0452 4.0452 4.0452
6.804 0 3 1.0 0.0 0.0 0.0 0.0 0.0 0.0 0.0 0.0 0.0 4.0452 4.0452 4.0452 4.0452
6.805 0 3 1.0 0.0 0.0 0.0 0.0 0.0 0.0 0.0 0.0 0.0 4.0452 4.0452 4.0452 4.0452
6.806 0 3 1.0 0.0 0.0 0.0 0.0 0.0 0.0 0.0 0.0 0.0 4.0452 4.0452 4.0452 4.0452
6.807 0 3 1.0 0.0 0.0 0.0 0.0 0.0 0.0 0.0 0.0 0.0 4.0452 4.0452 4.0452 4.0452
6.808 0 3 1.0 0.0 0.0 0.0 0.0 0.0 0.0 0.0 0.0 0.0 4.0452 4.0452 4.0452 4.0452
6.809 0 3 1.0 0.0 0.0 0.0 0.0 0.0 0.0 0.0 0.0 0.0 4.0452 4.0452 4.0452 4.0452
6.8100000000000005 0 3 1.0 0.0 0.0 0.0 0.0 0.0 0.0 0.0 0.0 0.0 4.0452 4.0452 4.0452 4.0452
6.811 0 3 1.0 0.0 0.0 0.0 0.0 0.0 0.0 0.0 0.0 0.0 4.0452 4.0452 4.0452 4.0452
6.812 0 3 1.0 0.0 0.0 0.0 0.0 0.0 0.0 0.0 0.0 0.0 4.0452 4.0452 4.0452 4.0452
6.813 0 3 1.0 0.0 0.0 0.0 0.0 0.0 0.0 0.0 0.0 0.0 4.0452 4.0452 4.0452 4.0452
6.814 0 3 1.0 0.0 0.0 0.0 0.0 0.0 0.0 0.0 0.0 0.0 4.0452 4.0452 4.0452 4.0452
6.815 0 3 1.0 0.0 0.0 0.0 0.0 0.0 0.0 0.0 0.0 0.0 4.0452 4.0452 4.0452 4.0452
6.816 0 3 1.0 0.0 0.0 0.0 0.0 0.0 0.0 0.0 0.0 0.0 4.0452 4.0452 4.0452 4.0452
6.817 0 3 1.0 0.0 0.0 0.0 0.0 0.0 0.0 0.0 0.0 0.0 4.0452 4.0452 4.0452 4.0452
6.8180000000000005 0 3 1.0 0.0 0.0 0.0 0.0 0.0 0.0 0.0 0.0 0.0 4.0452 4.0452 4.0452 4.0452
6.819 0 3 1.0 0.0 0.0 0.0 0.0 0.0 0.0 0.0 0.0 0.0 4.0452 4.0452 4.0452 4.0452
6.82 0 3 1.0 0.0 0.0 0.0 0.0 0.0 0.0 0.0 0.0 0.0 4.0452 4.0452 4.0452 4.0452
6.821 0 3 1.0 0.0 0.0 0.0 0.0 0.0 0.0 0.0 0.0 0.0 4.0452 4.0452 4.0452 4.0452
6.822 0 3 1.0 0.0 0.0 0.0 0.0 0.0 0.0 0.0 0.0 0.0 4.0452 4.0452 4.0452 4.0452
6.823 0 3 1.0 0.0 0.0 0.0 0.0 0.0 0.0 0.0 0.0 0.0 4.0452 4.0452 4.0452 4.0452
6.824 0 3 1.0 0.0 0.0 0.0 0.0 0.0 0.0 0.0 0.0 0.0 4.0452 4.0452 4.0452 4.0452
6.825 0 3 1.0 0.0 0.0 0.0 0.0 0.0 0.0 0.0 0.0 0.0 4.0452 4.0452 4.0452 4.0452
6.8260000000000005 0 3 1.0 0.0 0.0 0.0 0.0 0.0 0.0 0.0 0.0 0.0 4.0452 4.0452 4.0452 4.0452
6.827 0 3 1.0 0.0 0.0 0.0 0.0 0.0 0.0 0.0 0.0 0.0 4.0452 4.0452 4.0452 4.0452
6.828 0 3 1.0 0.0 0.0 0.0 0.0 0.0 0.0 0.0 0.0 0.0 4.0452 4.0452 4.0452 4.0452
6.829 0 3 1.0 0.0 0.0 0.0 0.0 0.0 0.0 0.0 0.0 0.0 4.0452 4.0452 4.0452 4.0452
6.83 0 3 1.0 0.0 0.0 0.0 0.0 0.0 0.0 0.0 0.0 0.0 4.0452 4.0452 4.0452 4.0452
6.831 0 3 1.0 0.0 0.0 0.0 0.0 0.0 0.0 0.0 0.0 0.0 4.0452 4.0452 4.0452 4.0452
6.832 0 3 1.0 0.0 0.0 0.0 0.0 0.0 0.0 0.0 0.0 0.0 4.0452 4.0452 4.0452 4.0452
6.833 0 3 1.0 0.0 0.0 0.0 0.0 0.0 0.0 0.0 0.0 0.0 4.0452 4.0452 4.0452 4.0452
6.8340000000000005 0 3 1.0 0.0 0.0 0.0 0.0 0.0 0.0 0.0 0.0 0.0 4.0452 4.0452 4.0452 4.0452
6.835 0 3 1.0 0.0 0.0 0.0 0.0 0.0 0.0 0.0 0.0 0.0 4.0452 4.0452 4.0452 4.0452
6.836 0 3 1.0 0.0 0.0 0.0 0.0 0.0 0.0 0.0 0.0 0.0 4.0452 4.0452 4.0452 4.0452
6.837 0 3 1.0 0.0 0.0 0.0 0.0 0.0 0.0 0.0 0.0 0.0 4.0452 4.0452 4.0452 4.0452
6.838 0 3 1.0 0.0 0.0 0.0 0.0 0.0 0.0 0.0 0.0 0.0 4.0452 4.0452 4.0452 4.0452
6.839 0 3 1.0 0.0 0.0 0.0 0.0 0.0 0.0 0.0 0.0 0.0 4.0452 4.0452 4.0452 4.0452
6.84 0 3 1.0 0.0 0.0 0.0 0.0 0.0 0.0 0.0 0.0 0.0 4.0452 4.0452 4.0452 4.0452
6.841 0 3 1.0 0.0 0.0 0.0 0.0 0.0 0.0 0.0 0.0 0.0 4.0452 4.0452 4.0452 4.0452
6.8420000000000005 0 3 1.0 0.0 0.0 0.0 0.0 0.0 0.0 0.0 0.0 0.0 4.0452 4.0452 4.0452 4.0452
6.843 0 3 1.0 0.0 0.0 0.0 0.0 0.0 0.0 0.0 0.0 0.0 4.0452 4.0452 4.0452 4.0452
6.844 0 3 1.0 0.0 0.0 0.0 0.0 0.0 0.0 0.0 0.0 0.0 4.0452 4.0452 4.0452 4.0452
6.845 0 3 1.0 0.0 0.0 0.0 0.0 0.0 0.0 0.0 0.0 0.0 4.0452 4.0452 4.0452 4.0452
6.846 0 3 1.0 0.0 0.0 0.0 0.0 0.0 0.0 0.0 0.0 0.0 4.0452 4.0452 4.0452 4.0452
6.847 0 3 1.0 0.0 0.0 0.0 0.0 0.0 0.0 0.0 0.0 0.0 4.0452 4.0452 4.0452 4.0452
6.848 0 3 1.0 0.0 0.0 0.0 0.0 0.0 0.0 0.0 0.0 0.0 4.0452 4.0452 4.0452 4.0452
6.849 0 3 1.0 0.0 0.0 0.0 0.0 0.0 0.0 0.0 0.0 0.0 4.0452 4.0452 4.0452 4.0452
6.8500000000000005 0 3 1.0 0.0 0.0 0.0 0.0 0.0 0.0 0.0 0.0 0.0 4.0452 4.0452 4.0452 4.0452
6.851 0 3 1.0 0.0 0.0 0.0 0.0 0.0 0.0 0.0 0.0 0.0 4.0452 4.0452 4.0452 4.0452
6.852 0 3 1.0 0.0 0.0 0.0 0.0 0.0 0.0 0.0 0.0 0.0 4.0452 4.0452 4.0452 4.0452
6.853 0 3 1.0 0.0 0.0 0.0 0.0 0.0 0.0 0.0 0.0 0.0 4.0452 4.0452 4.0452 4.0452
6.854 0 3 1.0 0.0 0.0 0.0 0.0 0.0 0.0 0.0 0.0 0.0 4.0452 4.0452 4.0452 4.0452
6.855 0 3 1.0 0.0 0.0 0.0 0.0 0.0 0.0 0.0 0.0 0.0 4.0452 4.0452 4.0452 4.0452
6.856 0 3 1.0 0.0 0.0 0.0 0.0 0.0 0.0 0.0 0.0 0.0 4.0452 4.0452 4.0452 4.0452
6.857 0 3 1.0 0.0 0.0 0.0 0.0 0.0 0.0 0.0 0.0 0.0 4.0452 4.0452 4.0452 4.0452
6.8580000000000005 0 3 1.0 0.0 0.0 0.0 0.0 0.0 0.0 0.0 0.0 0.0 4.0452 4.0452 4.0452 4.0452
6.859 0 3 1.0 0.0 0.0 0.0 0.0 0.0 0.0 0.0 0.0 0.0 4.0452 4.0452 4.0452 4.0452
6.86 0 3 1.0 0.0 0.0 0.0 0.0 0.0 0.0 0.0 0.0 0.0 4.0452 4.0452 4.0452 4.0452
6.861 0 3 1.0 0.0 0.0 0.0 0.0 0.0 0.0 0.0 0.0 0.0 4.0452 4.0452 4.0452 4.0452
6.862 0 3 1.0 0.0 0.0 0.0 0.0 0.0 0.0 0.0 0.0 0.0 4.0452 4.0452 4.0452 4.0452
6.863 0 3 1.0 0.0 0.0 0.0 0.0 0.0 0.0 0.0 0.0 0.0 4.0452 4.0452 4.0452 4.0452
6.864 0 3 1.0 0.0 0.0 0.0 0.0 0.0 0.0 0.0 0.0 0.0 4.0452 4.0452 4.0452 4.0452
6.865 0 3 1.0 0.0 0.0 0.0 0.0 0.0 0.0 0.0 0.0 0.0 4.0452 4.0452 4.0452 4.0452
6.8660000000000005 0 3 1.0 0.0 0.0 0.0 0.0 0.0 0.0 0.0 0.0 0.0 4.0452 4.0452 4.0452 4.0452
6.867 0 3 1.0 0.0 0.0 0.0 0.0 0.0 0.0 0.0 0.0 0.0 4.0452 4.0452 4.0452 4.0452
6.868 0 3 1.0 0.0 0.0 0.0 0.0 0.0 0.0 0.0 0.0 0.0 4.0452 4.0452 4.0452 4.0452
6.869 0 3 1.0 0.0 0.0 0.0 0.0 0.0 0.0 0.0 0.0 0.0 4.0452 4.0452 4.0452 4.0452
6.87 0 3 1.0 0.0 0.0 0.0 0.0 0.0 0.0 0.0 0.0 0.0 4.0452 4.0452 4.0452 4.0452
6.871 0 3 1.0 0.0 0.0 0.0 0.0 0.0 0.0 0.0 0.0 0.0 4.0452 4.0452 4.0452 4.0452
6.872 0 3 1.0 0.0 0.0 0.0 0.0 0.0 0.0 0.0 0.0 0.0 4.0452 4.0452 4.0452 4.0452
6.873 0 3 1.0 0.0 0.0 0.0 0.0 0.0 0.0 0.0 0.0 0.0 4.0452 4.0452 4.0452 4.0452
6.8740000000000006 0 3 1.0 0.0 0.0 0.0 0.0 0.0 0.0 0.0 0.0 0.0 4.0452 4.0452 4.0452 4.0452
6.875 0 3 1.0 0.0 0.0 0.0 0.0 0.0 0.0 0.0 0.0 0.0 4.0452 4.0452 4.0452 4.0452
6.876 0 3 1.0 0.0 0.0 0.0 0.0 0.0 0.0 0.0 0.0 0.0 4.0452 4.0452 4.0452 4.0452
6.877 0 3 1.0 0.0 0.0 0.0 0.0 0.0 0.0 0.0 0.0 0.0 4.0452 4.0452 4.0452 4.0452
6.878 0 3 1.0 0.0 0.0 0.0 0.0 0.0 0.0 0.0 0.0 0.0 4.0452 4.0452 4.0452 4.0452
6.8790000000000004 0 3 1.0 0.0 0.0 0.0 0.0 0.0 0.0 0.0 0.0 0.0 4.0452 4.0452 4.0452 4.0452
6.88 0 3 1.0 0.0 0.0 0.0 0.0 0.0 0.0 0.0 0.0 0.0 4.0452 4.0452 4.0452 4.0452
6.881 0 3 1.0 0.0 0.0 0.0 0.0 0.0 0.0 0.0 0.0 0.0 4.0452 4.0452 4.0452 4.0452
6.882000000000001 0 3 1.0 0.0 0.0 0.0 0.0 0.0 0.0 0.0 0.0 0.0 4.0452 4.0452 4.0452 4.0452
6.883 0 3 1.0 0.0 0.0 0.0 0.0 0.0 0.0 0.0 0.0 0.0 4.0452 4.0452 4.0452 4.0452
6.884 0 3 1.0 0.0 0.0 0.0 0.0 0.0 0.0 0.0 0.0 0.0 4.0452 4.0452 4.0452 4.0452
6.885 0 3 1.0 0.0 0.0 0.0 0.0 0.0 0.0 0.0 0.0 0.0 4.0452 4.0452 4.0452 4.0452
6.886 0 3 1.0 0.0 0.0 0.0 0.0 0.0 0.0 0.0 0.0 0.0 4.0452 4.0452 4.0452 4.0452
6.8870000000000005 0 3 1.0 0.0 0.0 0.0 0.0 0.0 0.0 0.0 0.0 0.0 4.0452 4.0452 4.0452 4.0452
6.888 0 3 1.0 0.0 0.0 0.0 0.0 0.0 0.0 0.0 0.0 0.0 4.0452 4.0452 4.0452 4.0452
6.889 0 3 1.0 0.0 0.0 0.0 0.0 0.0 0.0 0.0 0.0 0.0 4.0452 4.0452 4.0452 4.0452
6.890000000000001 0 3 1.0 0.0 0.0 0.0 0.0 0.0 0.0 0.0 0.0 0.0 4.0452 4.0452 4.0452 4.0452
6.891 0 3 1.0 0.0 0.0 0.0 0.0 0.0 0.0 0.0 0.0 0.0 4.0452 4.0452 4.0452 4.0452
6.892 0 3 1.0 0.0 0.0 0.0 0.0 0.0 0.0 0.0 0.0 0.0 4.0452 4.0452 4.0452 4.0452
6.893 0 3 1.0 0.0 0.0 0.0 0.0 0.0 0.0 0.0 0.0 0.0 4.0452 4.0452 4.0452 4.0452
6.894 0 3 1.0 0.0 0.0 0.0 0.0 0.0 0.0 0.0 0.0 0.0 4.0452 4.0452 4.0452 4.0452
6.8950000000000005 0 3 1.0 0.0 0.0 0.0 0.0 0.0 0.0 0.0 0.0 0.0 4.0452 4.0452 4.0452 4.0452
6.896 0 3 1.0 0.0 0.0 0.0 0.0 0.0 0.0 0.0 0.0 0.0 4.0452 4.0452 4.0452 4.0452
6.897 0 3 1.0 0.0 0.0 0.0 0.0 0.0 0.0 0.0 0.0 0.0 4.0452 4.0452 4.0452 4.0452
6.898000000000001 0 3 1.0 0.0 0.0 0.0 0.0 0.0 0.0 0.0 0.0 0.0 4.0452 4.0452 4.0452 4.0452
6.899 0 3 1.0 0.0 0.0 0.0 0.0 0.0 0.0 0.0 0.0 0.0 4.0452 4.0452 4.0452 4.0452
6.9 0 3 1.0 0.0 0.0 0.0 0.0 0.0 0.0 0.0 0.0 0.0 4.0452 4.0452 4.0452 4.0452
6.901 0 3 1.0 0.0 0.0 0.0 0.0 0.0 0.0 0.0 0.0 0.0 4.0452 4.0452 4.0452 4.0452
6.902 0 3 1.0 0.0 0.0 0.0 0.0 0.0 0.0 0.0 0.0 0.0 4.0452 4.0452 4.0452 4.0452
6.9030000000000005 0 3 1.0 0.0 0.0 0.0 0.0 0.0 0.0 0.0 0.0 0.0 4.0452 4.0452 4.0452 4.0452
6.904 0 3 1.0 0.0 0.0 0.0 0.0 0.0 0.0 0.0 0.0 0.0 4.0452 4.0452 4.0452 4.0452
6.905 0 3 1.0 0.0 0.0 0.0 0.0 0.0 0.0 0.0 0.0 0.0 4.0452 4.0452 4.0452 4.0452
6.906000000000001 0 3 1.0 0.0 0.0 0.0 0.0 0.0 0.0 0.0 0.0 0.0 4.0452 4.0452 4.0452 4.0452
6.907 0 3 1.0 0.0 0.0 0.0 0.0 0.0 0.0 0.0 0.0 0.0 4.0452 4.0452 4.0452 4.0452
6.908 0 3 1.0 0.0 0.0 0.0 0.0 0.0 0.0 0.0 0.0 0.0 4.0452 4.0452 4.0452 4.0452
6.909 0 3 1.0 0.0 0.0 0.0 0.0 0.0 0.0 0.0 0.0 0.0 4.0452 4.0452 4.0452 4.0452
6.91 0 3 1.0 0.0 0.0 0.0 0.0 0.0 0.0 0.0 0.0 0.0 4.0452 4.0452 4.0452 4.0452
6.9110000000000005 0 3 1.0 0.0 0.0 0.0 0.0 0.0 0.0 0.0 0.0 0.0 4.0452 4.0452 4.0452 4.0452
6.912 0 3 1.0 0.0 0.0 0.0 0.0 0.0 0.0 0.0 0.0 0.0 4.0452 4.0452 4.0452 4.0452
6.913 0 3 1.0 0.0 0.0 0.0 0.0 0.0 0.0 0.0 0.0 0.0 4.0452 4.0452 4.0452 4.0452
6.914 0 3 1.0 0.0 0.0 0.0 0.0 0.0 0.0 0.0 0.0 0.0 4.0452 4.0452 4.0452 4.0452
6.915 0 3 1.0 0.0 0.0 0.0 0.0 0.0 0.0 0.0 0.0 0.0 4.0452 4.0452 4.0452 4.0452
6.916 0 3 1.0 0.0 0.0 0.0 0.0 0.0 0.0 0.0 0.0 0.0 4.0452 4.0452 4.0452 4.0452
6.917 0 3 1.0 0.0 0.0 0.0 0.0 0.0 0.0 0.0 0.0 0.0 4.0452 4.0452 4.0452 4.0452
6.918 0 3 1.0 0.0 0.0 0.0 0.0 0.0 0.0 0.0 0.0 0.0 4.0452 4.0452 4.0452 4.0452
6.9190000000000005 0 3 1.0 0.0 0.0 0.0 0.0 0.0 0.0 0.0 0.0 0.0 4.0452 4.0452 4.0452 4.0452
6.92 0 3 1.0 0.0 0.0 0.0 0.0 0.0 0.0 0.0 0.0 0.0 4.0452 4.0452 4.0452 4.0452
6.921 0 3 1.0 0.0 0.0 0.0 0.0 0.0 0.0 0.0 0.0 0.0 4.0452 4.0452 4.0452 4.0452
6.922 0 3 1.0 0.0 0.0 0.0 0.0 0.0 0.0 0.0 0.0 0.0 4.0452 4.0452 4.0452 4.0452
6.923 0 3 1.0 0.0 0.0 0.0 0.0 0.0 0.0 0.0 0.0 0.0 4.0452 4.0452 4.0452 4.0452
6.924 0 3 1.0 0.0 0.0 0.0 0.0 0.0 0.0 0.0 0.0 0.0 4.0452 4.0452 4.0452 4.0452
6.925 0 3 1.0 0.0 0.0 0.0 0.0 0.0 0.0 0.0 0.0 0.0 4.0452 4.0452 4.0452 4.0452
6.926 0 3 1.0 0.0 0.0 0.0 0.0 0.0 0.0 0.0 0.0 0.0 4.0452 4.0452 4.0452 4.0452
6.9270000000000005 0 3 1.0 0.0 0.0 0.0 0.0 0.0 0.0 0.0 0.0 0.0 4.0452 4.0452 4.0452 4.0452
6.928 0 3 1.0 0.0 0.0 0.0 0.0 0.0 0.0 0.0 0.0 0.0 4.0452 4.0452 4.0452 4.0452
6.929 0 3 1.0 0.0 0.0 0.0 0.0 0.0 0.0 0.0 0.0 0.0 4.0452 4.0452 4.0452 4.0452
6.93 0 3 1.0 0.0 0.0 0.0 0.0 0.0 0.0 0.0 0.0 0.0 4.0452 4.0452 4.0452 4.0452
6.931 0 3 1.0 0.0 0.0 0.0 0.0 0.0 0.0 0.0 0.0 0.0 4.0452 4.0452 4.0452 4.0452
6.932 0 3 1.0 0.0 0.0 0.0 0.0 0.0 0.0 0.0 0.0 0.0 4.0452 4.0452 4.0452 4.0452
6.933 0 3 1.0 0.0 0.0 0.0 0.0 0.0 0.0 0.0 0.0 0.0 4.0452 4.0452 4.0452 4.0452
6.934 0 3 1.0 0.0 0.0 0.0 0.0 0.0 0.0 0.0 0.0 0.0 4.0452 4.0452 4.0452 4.0452
6.9350000000000005 0 3 1.0 0.0 0.0 0.0 0.0 0.0 0.0 0.0 0.0 0.0 4.0452 4.0452 4.0452 4.0452
6.936 0 3 1.0 0.0 0.0 0.0 0.0 0.0 0.0 0.0 0.0 0.0 4.0452 4.0452 4.0452 4.0452
6.937 0 3 1.0 0.0 0.0 0.0 0.0 0.0 0.0 0.0 0.0 0.0 4.0452 4.0452 4.0452 4.0452
6.938 0 3 1.0 0.0 0.0 0.0 0.0 0.0 0.0 0.0 0.0 0.0 4.0452 4.0452 4.0452 4.0452
6.939 0 3 1.0 0.0 0.0 0.0 0.0 0.0 0.0 0.0 0.0 0.0 4.0452 4.0452 4.0452 4.0452
6.94 0 3 1.0 0.0 0.0 0.0 0.0 0.0 0.0 0.0 0.0 0.0 4.0452 4.0452 4.0452 4.0452
6.941 0 3 1.0 0.0 0.0 0.0 0.0 0.0 0.0 0.0 0.0 0.0 4.0452 4.0452 4.0452 4.0452
6.942 0 3 1.0 0.0 0.0 0.0 0.0 0.0 0.0 0.0 0.0 0.0 4.0452 4.0452 4.0452 4.0452
6.9430000000000005 0 3 1.0 0.0 0.0 0.0 0.0 0.0 0.0 0.0 0.0 0.0 4.0452 4.0452 4.0452 4.0452
6.944 0 3 1.0 0.0 0.0 0.0 0.0 0.0 0.0 0.0 0.0 0.0 4.0452 4.0452 4.0452 4.0452
6.945 0 3 1.0 0.0 0.0 0.0 0.0 0.0 0.0 0.0 0.0 0.0 4.0452 4.0452 4.0452 4.0452
6.946 0 3 1.0 0.0 0.0 0.0 0.0 0.0 0.0 0.0 0.0 0.0 4.0452 4.0452 4.0452 4.0452
6.947 0 3 1.0 0.0 0.0 0.0 0.0 0.0 0.0 0.0 0.0 0.0 4.0452 4.0452 4.0452 4.0452
6.948 0 3 1.0 0.0 0.0 0.0 0.0 0.0 0.0 0.0 0.0 0.0 4.0452 4.0452 4.0452 4.0452
6.949 0 3 1.0 0.0 0.0 0.0 0.0 0.0 0.0 0.0 0.0 0.0 4.0452 4.0452 4.0452 4.0452
6.95 0 3 1.0 0.0 0.0 0.0 0.0 0.0 0.0 0.0 0.0 0.0 4.0452 4.0452 4.0452 4.0452
6.9510000000000005 0 3 1.0 0.0 0.0 0.0 0.0 0.0 0.0 0.0 0.0 0.0 4.0452 4.0452 4.0452 4.0452
6.952 0 3 1.0 0.0 0.0 0.0 0.0 0.0 0.0 0.0 0.0 0.0 4.0452 4.0452 4.0452 4.0452
6.953 0 3 1.0 0.0 0.0 0.0 0.0 0.0 0.0 0.0 0.0 0.0 4.0452 4.0452 4.0452 4.0452
6.954 0 3 1.0 0.0 0.0 0.0 0.0 0.0 0.0 0.0 0.0 0.0 4.0452 4.0452 4.0452 4.0452
6.955 0 3 1.0 0.0 0.0 0.0 0.0 0.0 0.0 0.0 0.0 0.0 4.0452 4.0452 4.0452 4.0452
6.956 0 3 1.0 0.0 0.0 0.0 0.0 0.0 0.0 0.0 0.0 0.0 4.0452 4.0452 4.0452 4.0452
6.957 0 3 1.0 0.0 0.0 0.0 0.0 0.0 0.0 0.0 0.0 0.0 4.0452 4.0452 4.0452 4.0452
6.958 0 3 1.0 0.0 0.0 0.0 0.0 0.0 0.0 0.0 0.0 0.0 4.0452 4.0452 4.0452 4.0452
6.9590000000000005 0 3 1.0 0.0 0.0 0.0 0.0 0.0 0.0 0.0 0.0 0.0 4.0452 4.0452 4.0452 4.0452
6.96 0 3 1.0 0.0 0.0 0.0 0.0 0.0 0.0 0.0 0.0 0.0 4.0452 4.0452 4.0452 4.0452
6.961 0 3 1.0 0.0 0.0 0.0 0.0 0.0 0.0 0.0 0.0 0.0 4.0452 4.0452 4.0452 4.0452
6.962 0 3 1.0 0.0 0.0 0.0 0.0 0.0 0.0 0.0 0.0 0.0 4.0452 4.0452 4.0452 4.0452
6.963 0 3 1.0 0.0 0.0 0.0 0.0 0.0 0.0 0.0 0.0 0.0 4.0452 4.0452 4.0452 4.0452
6.964 0 3 1.0 0.0 0.0 0.0 0.0 0.0 0.0 0.0 0.0 0.0 4.0452 4.0452 4.0452 4.0452
6.965 0 3 1.0 0.0 0.0 0.0 0.0 0.0 0.0 0.0 0.0 0.0 4.0452 4.0452 4.0452 4.0452
6.966 0 3 1.0 0.0 0.0 0.0 0.0 0.0 0.0 0.0 0.0 0.0 4.0452 4.0452 4.0452 4.0452
6.9670000000000005 0 3 1.0 0.0 0.0 0.0 0.0 0.0 0.0 0.0 0.0 0.0 4.0452 4.0452 4.0452 4.0452
6.968 0 3 1.0 0.0 0.0 0.0 0.0 0.0 0.0 0.0 0.0 0.0 4.0452 4.0452 4.0452 4.0452
6.969 0 3 1.0 0.0 0.0 0.0 0.0 0.0 0.0 0.0 0.0 0.0 4.0452 4.0452 4.0452 4.0452
6.97 0 3 1.0 0.0 0.0 0.0 0.0 0.0 0.0 0.0 0.0 0.0 4.0452 4.0452 4.0452 4.0452
6.971 0 3 1.0 0.0 0.0 0.0 0.0 0.0 0.0 0.0 0.0 0.0 4.0452 4.0452 4.0452 4.0452
6.972 0 3 1.0 0.0 0.0 0.0 0.0 0.0 0.0 0.0 0.0 0.0 4.0452 4.0452 4.0452 4.0452
6.973 0 3 1.0 0.0 0.0 0.0 0.0 0.0 0.0 0.0 0.0 0.0 4.0452 4.0452 4.0452 4.0452
6.974 0 3 1.0 0.0 0.0 0.0 0.0 0.0 0.0 0.0 0.0 0.0 4.0452 4.0452 4.0452 4.0452
6.9750000000000005 0 3 1.0 0.0 0.0 0.0 0.0 0.0 0.0 0.0 0.0 0.0 4.0452 4.0452 4.0452 4.0452
6.976 0 3 1.0 0.0 0.0 0.0 0.0 0.0 0.0 0.0 0.0 0.0 4.0452 4.0452 4.0452 4.0452
6.977 0 3 1.0 0.0 0.0 0.0 0.0 0.0 0.0 0.0 0.0 0.0 4.0452 4.0452 4.0452 4.0452
6.978 0 3 1.0 0.0 0.0 0.0 0.0 0.0 0.0 0.0 0.0 0.0 4.0452 4.0452 4.0452 4.0452
6.979 0 3 1.0 0.0 0.0 0.0 0.0 0.0 0.0 0.0 0.0 0.0 4.0452 4.0452 4.0452 4.0452
6.98 0 3 1.0 0.0 0.0 0.0 0.0 0.0 0.0 0.0 0.0 0.0 4.0452 4.0452 4.0452 4.0452
6.981 0 3 1.0 0.0 0.0 0.0 0.0 0.0 0.0 0.0 0.0 0.0 4.0452 4.0452 4.0452 4.0452
6.982 0 3 1.0 0.0 0.0 0.0 0.0 0.0 0.0 0.0 0.0 0.0 4.0452 4.0452 4.0452 4.0452
6.9830000000000005 0 3 1.0 0.0 0.0 0.0 0.0 0.0 0.0 0.0 0.0 0.0 4.0452 4.0452 4.0452 4.0452
6.984 0 3 1.0 0.0 0.0 0.0 0.0 0.0 0.0 0.0 0.0 0.0 4.0452 4.0452 4.0452 4.0452
6.985 0 3 1.0 0.0 0.0 0.0 0.0 0.0 0.0 0.0 0.0 0.0 4.0452 4.0452 4.0452 4.0452
6.986 0 3 1.0 0.0 0.0 0.0 0.0 0.0 0.0 0.0 0.0 0.0 4.0452 4.0452 4.0452 4.0452
6.987 0 3 1.0 0.0 0.0 0.0 0.0 0.0 0.0 0.0 0.0 0.0 4.0452 4.0452 4.0452 4.0452
6.988 0 3 1.0 0.0 0.0 0.0 0.0 0.0 0.0 0.0 0.0 0.0 4.0452 4.0452 4.0452 4.0452
6.989 0 3 1.0 0.0 0.0 0.0 0.0 0.0 0.0 0.0 0.0 0.0 4.0452 4.0452 4.0452 4.0452
6.99 0 3 1.0 0.0 0.0 0.0 0.0 0.0 0.0 0.0 0.0 0.0 4.0452 4.0452 4.0452 4.0452
6.9910000000000005 0 3 1.0 0.0 0.0 0.0 0.0 0.0 0.0 0.0 0.0 0.0 4.0452 4.0452 4.0452 4.0452
6.992 0 3 1.0 0.0 0.0 0.0 0.0 0.0 0.0 0.0 0.0 0.0 4.0452 4.0452 4.0452 4.0452
6.993 0 3 1.0 0.0 0.0 0.0 0.0 0.0 0.0 0.0 0.0 0.0 4.0452 4.0452 4.0452 4.0452
6.994 0 3 1.0 0.0 0.0 0.0 0.0 0.0 0.0 0.0 0.0 0.0 4.0452 4.0452 4.0452 4.0452
6.995 0 3 1.0 0.0 0.0 0.0 0.0 0.0 0.0 0.0 0.0 0.0 4.0452 4.0452 4.0452 4.0452
6.996 0 3 1.0 0.0 0.0 0.0 0.0 0.0 0.0 0.0 0.0 0.0 4.0452 4.0452 4.0452 4.0452
6.997 0 3 1.0 0.0 0.0 0.0 0.0 0.0 0.0 0.0 0.0 0.0 4.0452 4.0452 4.0452 4.0452
6.998 0 3 1.0 0.0 0.0 0.0 0.0 0.0 0.0 0.0 0.0 0.0 4.0452 4.0452 4.0452 4.0452
6.9990000000000006 0 3 1.0 0.0 0.0 0.0 0.0 0.0 0.0 0.0 0.0 0.0 4.0452 4.0452 4.0452 4.0452
7.0 0 3 1.0 0.0 0.0 0.0 0.0 0.0 0.0 0.0 0.0 0.0 4.0452 4.0452 4.0452 4.0452
7.001 0 3 1.0 0.0 0.0 0.0 0.0 0.0 0.0 0.0 0.0 0.0 4.0452 4.0452 4.0452 4.0452
7.002 0 3 1.0 0.0 0.0 0.0 0.0 0.0 0.0 0.0 0.0 0.0 4.0452 4.0452 4.0452 4.0452
7.003 0 3 1.0 0.0 0.0 0.0 0.0 0.0 0.0 0.0 0.0 0.0 4.0452 4.0452 4.0452 4.0452
7.0040000000000004 0 3 1.0 0.0 0.0 0.0 0.0 0.0 0.0 0.0 0.0 0.0 4.0452 4.0452 4.0452 4.0452
7.005 0 3 1.0 0.0 0.0 0.0 0.0 0.0 0.0 0.0 0.0 0.0 4.0452 4.0452 4.0452 4.0452
7.006 0 3 1.0 0.0 0.0 0.0 0.0 0.0 0.0 0.0 0.0 0.0 4.0452 4.0452 4.0452 4.0452
7.007000000000001 0 3 1.0 0.0 0.0 0.0 0.0 0.0 0.0 0.0 0.0 0.0 4.0452 4.0452 4.0452 4.0452
7.008 0 3 1.0 0.0 0.0 0.0 0.0 0.0 0.0 0.0 0.0 0.0 4.0452 4.0452 4.0452 4.0452
7.009 0 3 1.0 0.0 0.0 0.0 0.0 0.0 0.0 0.0 0.0 0.0 4.0452 4.0452 4.0452 4.0452
7.01 0 3 1.0 0.0 0.0 0.0 0.0 0.0 0.0 0.0 0.0 0.0 4.0452 4.0452 4.0452 4.0452
7.011 0 3 1.0 0.0 0.0 0.0 0.0 0.0 0.0 0.0 0.0 0.0 4.0452 4.0452 4.0452 4.0452
7.0120000000000005 0 3 1.0 0.0 0.0 0.0 0.0 0.0 0.0 0.0 0.0 0.0 4.0452 4.0452 4.0452 4.0452
7.013 0 3 1.0 0.0 0.0 0.0 0.0 0.0 0.0 0.0 0.0 0.0 4.0452 4.0452 4.0452 4.0452
7.014 0 3 1.0 0.0 0.0 0.0 0.0 0.0 0.0 0.0 0.0 0.0 4.0452 4.0452 4.0452 4.0452
7.015000000000001 0 3 1.0 0.0 0.0 0.0 0.0 0.0 0.0 0.0 0.0 0.0 4.0452 4.0452 4.0452 4.0452
7.016 0 3 1.0 0.0 0.0 0.0 0.0 0.0 0.0 0.0 0.0 0.0 4.0452 4.0452 4.0452 4.0452
7.017 0 3 1.0 0.0 0.0 0.0 0.0 0.0 0.0 0.0 0.0 0.0 4.0452 4.0452 4.0452 4.0452
7.018 0 3 1.0 0.0 0.0 0.0 0.0 0.0 0.0 0.0 0.0 0.0 4.0452 4.0452 4.0452 4.0452
7.019 0 3 1.0 0.0 0.0 0.0 0.0 0.0 0.0 0.0 0.0 0.0 4.0452 4.0452 4.0452 4.0452
7.0200000000000005 0 3 1.0 0.0 0.0 0.0 0.0 0.0 0.0 0.0 0.0 0.0 4.0452 4.0452 4.0452 4.0452
7.021 0 3 1.0 0.0 0.0 0.0 0.0 0.0 0.0 0.0 0.0 0.0 4.0452 4.0452 4.0452 4.0452
7.022 0 3 1.0 0.0 0.0 0.0 0.0 0.0 0.0 0.0 0.0 0.0 4.0452 4.0452 4.0452 4.0452
7.023000000000001 0 3 1.0 0.0 0.0 0.0 0.0 0.0 0.0 0.0 0.0 0.0 4.0452 4.0452 4.0452 4.0452
7.024 0 3 1.0 0.0 0.0 0.0 0.0 0.0 0.0 0.0 0.0 0.0 4.0452 4.0452 4.0452 4.0452
7.025 0 3 1.0 0.0 0.0 0.0 0.0 0.0 0.0 0.0 0.0 0.0 4.0452 4.0452 4.0452 4.0452
7.026 0 3 1.0 0.0 0.0 0.0 0.0 0.0 0.0 0.0 0.0 0.0 4.0452 4.0452 4.0452 4.0452
7.027 0 3 1.0 0.0 0.0 0.0 0.0 0.0 0.0 0.0 0.0 0.0 4.0452 4.0452 4.0452 4.0452
7.0280000000000005 0 3 1.0 0.0 0.0 0.0 0.0 0.0 0.0 0.0 0.0 0.0 4.0452 4.0452 4.0452 4.0452
7.029 0 3 1.0 0.0 0.0 0.0 0.0 0.0 0.0 0.0 0.0 0.0 4.0452 4.0452 4.0452 4.0452
7.03 0 3 1.0 0.0 0.0 0.0 0.0 0.0 0.0 0.0 0.0 0.0 4.0452 4.0452 4.0452 4.0452
7.031000000000001 0 3 1.0 0.0 0.0 0.0 0.0 0.0 0.0 0.0 0.0 0.0 4.0452 4.0452 4.0452 4.0452
7.032 0 3 1.0 0.0 0.0 0.0 0.0 0.0 0.0 0.0 0.0 0.0 4.0452 4.0452 4.0452 4.0452
7.033 0 3 1.0 0.0 0.0 0.0 0.0 0.0 0.0 0.0 0.0 0.0 4.0452 4.0452 4.0452 4.0452
7.034 0 3 1.0 0.0 0.0 0.0 0.0 0.0 0.0 0.0 0.0 0.0 4.0452 4.0452 4.0452 4.0452
7.035 0 3 1.0 0.0 0.0 0.0 0.0 0.0 0.0 0.0 0.0 0.0 4.0452 4.0452 4.0452 4.0452
7.0360000000000005 0 3 1.0 0.0 0.0 0.0 0.0 0.0 0.0 0.0 0.0 0.0 4.0452 4.0452 4.0452 4.0452
7.037 0 3 1.0 0.0 0.0 0.0 0.0 0.0 0.0 0.0 0.0 0.0 4.0452 4.0452 4.0452 4.0452
7.038 0 3 1.0 0.0 0.0 0.0 0.0 0.0 0.0 0.0 0.0 0.0 4.0452 4.0452 4.0452 4.0452
7.039000000000001 0 3 1.0 0.0 0.0 0.0 0.0 0.0 0.0 0.0 0.0 0.0 4.0452 4.0452 4.0452 4.0452
7.04 0 3 1.0 0.0 0.0 0.0 0.0 0.0 0.0 0.0 0.0 0.0 4.0452 4.0452 4.0452 4.0452
7.041 0 3 1.0 0.0 0.0 0.0 0.0 0.0 0.0 0.0 0.0 0.0 4.0452 4.0452 4.0452 4.0452
7.042 0 3 1.0 0.0 0.0 0.0 0.0 0.0 0.0 0.0 0.0 0.0 4.0452 4.0452 4.0452 4.0452
7.043 0 3 1.0 0.0 0.0 0.0 0.0 0.0 0.0 0.0 0.0 0.0 4.0452 4.0452 4.0452 4.0452
7.0440000000000005 0 3 1.0 0.0 0.0 0.0 0.0 0.0 0.0 0.0 0.0 0.0 4.0452 4.0452 4.0452 4.0452
7.045 0 3 1.0 0.0 0.0 0.0 0.0 0.0 0.0 0.0 0.0 0.0 4.0452 4.0452 4.0452 4.0452
7.046 0 3 1.0 0.0 0.0 0.0 0.0 0.0 0.0 0.0 0.0 0.0 4.0452 4.0452 4.0452 4.0452
7.047 0 3 1.0 0.0 0.0 0.0 0.0 0.0 0.0 0.0 0.0 0.0 4.0452 4.0452 4.0452 4.0452
7.048 0 3 1.0 0.0 0.0 0.0 0.0 0.0 0.0 0.0 0.0 0.0 4.0452 4.0452 4.0452 4.0452
7.049 0 3 1.0 0.0 0.0 0.0 0.0 0.0 0.0 0.0 0.0 0.0 4.0452 4.0452 4.0452 4.0452
7.05 0 3 1.0 0.0 0.0 0.0 0.0 0.0 0.0 0.0 0.0 0.0 4.0452 4.0452 4.0452 4.0452
7.051 0 3 1.0 0.0 0.0 0.0 0.0 0.0 0.0 0.0 0.0 0.0 4.0452 4.0452 4.0452 4.0452
7.0520000000000005 0 3 1.0 0.0 0.0 0.0 0.0 0.0 0.0 0.0 0.0 0.0 4.0452 4.0452 4.0452 4.0452
7.053 0 3 1.0 0.0 0.0 0.0 0.0 0.0 0.0 0.0 0.0 0.0 4.0452 4.0452 4.0452 4.0452
7.054 0 3 1.0 0.0 0.0 0.0 0.0 0.0 0.0 0.0 0.0 0.0 4.0452 4.0452 4.0452 4.0452
7.055 0 3 1.0 0.0 0.0 0.0 0.0 0.0 0.0 0.0 0.0 0.0 4.0452 4.0452 4.0452 4.0452
7.056 0 3 1.0 0.0 0.0 0.0 0.0 0.0 0.0 0.0 0.0 0.0 4.0452 4.0452 4.0452 4.0452
7.057 0 3 1.0 0.0 0.0 0.0 0.0 0.0 0.0 0.0 0.0 0.0 4.0452 4.0452 4.0452 4.0452
7.058 0 3 1.0 0.0 0.0 0.0 0.0 0.0 0.0 0.0 0.0 0.0 4.0452 4.0452 4.0452 4.0452
7.059 0 3 1.0 0.0 0.0 0.0 0.0 0.0 0.0 0.0 0.0 0.0 4.0452 4.0452 4.0452 4.0452
7.0600000000000005 0 3 1.0 0.0 0.0 0.0 0.0 0.0 0.0 0.0 0.0 0.0 4.0452 4.0452 4.0452 4.0452
7.061 0 3 1.0 0.0 0.0 0.0 0.0 0.0 0.0 0.0 0.0 0.0 4.0452 4.0452 4.0452 4.0452
7.062 0 3 1.0 0.0 0.0 0.0 0.0 0.0 0.0 0.0 0.0 0.0 4.0452 4.0452 4.0452 4.0452
7.063 0 3 1.0 0.0 0.0 0.0 0.0 0.0 0.0 0.0 0.0 0.0 4.0452 4.0452 4.0452 4.0452
7.064 0 3 1.0 0.0 0.0 0.0 0.0 0.0 0.0 0.0 0.0 0.0 4.0452 4.0452 4.0452 4.0452
7.065 0 3 1.0 0.0 0.0 0.0 0.0 0.0 0.0 0.0 0.0 0.0 4.0452 4.0452 4.0452 4.0452
7.066 0 3 1.0 0.0 0.0 0.0 0.0 0.0 0.0 0.0 0.0 0.0 4.0452 4.0452 4.0452 4.0452
7.067 0 3 1.0 0.0 0.0 0.0 0.0 0.0 0.0 0.0 0.0 0.0 4.0452 4.0452 4.0452 4.0452
7.0680000000000005 0 3 1.0 0.0 0.0 0.0 0.0 0.0 0.0 0.0 0.0 0.0 4.0452 4.0452 4.0452 4.0452
7.069 0 3 1.0 0.0 0.0 0.0 0.0 0.0 0.0 0.0 0.0 0.0 4.0452 4.0452 4.0452 4.0452
7.07 0 3 1.0 0.0 0.0 0.0 0.0 0.0 0.0 0.0 0.0 0.0 4.0452 4.0452 4.0452 4.0452
7.071 0 3 1.0 0.0 0.0 0.0 0.0 0.0 0.0 0.0 0.0 0.0 4.0452 4.0452 4.0452 4.0452
7.072 0 3 1.0 0.0 0.0 0.0 0.0 0.0 0.0 0.0 0.0 0.0 4.0452 4.0452 4.0452 4.0452
7.073 0 3 1.0 0.0 0.0 0.0 0.0 0.0 0.0 0.0 0.0 0.0 4.0452 4.0452 4.0452 4.0452
7.074 0 3 1.0 0.0 0.0 0.0 0.0 0.0 0.0 0.0 0.0 0.0 4.0452 4.0452 4.0452 4.0452
7.075 0 3 1.0 0.0 0.0 0.0 0.0 0.0 0.0 0.0 0.0 0.0 4.0452 4.0452 4.0452 4.0452
7.0760000000000005 0 3 1.0 0.0 0.0 0.0 0.0 0.0 0.0 0.0 0.0 0.0 4.0452 4.0452 4.0452 4.0452
7.077 0 3 1.0 0.0 0.0 0.0 0.0 0.0 0.0 0.0 0.0 0.0 4.0452 4.0452 4.0452 4.0452
7.078 0 3 1.0 0.0 0.0 0.0 0.0 0.0 0.0 0.0 0.0 0.0 4.0452 4.0452 4.0452 4.0452
7.079 0 3 1.0 0.0 0.0 0.0 0.0 0.0 0.0 0.0 0.0 0.0 4.0452 4.0452 4.0452 4.0452
7.08 0 3 1.0 0.0 0.0 0.0 0.0 0.0 0.0 0.0 0.0 0.0 4.0452 4.0452 4.0452 4.0452
7.081 0 3 1.0 0.0 0.0 0.0 0.0 0.0 0.0 0.0 0.0 0.0 4.0452 4.0452 4.0452 4.0452
7.082 0 3 1.0 0.0 0.0 0.0 0.0 0.0 0.0 0.0 0.0 0.0 4.0452 4.0452 4.0452 4.0452
7.083 0 3 1.0 0.0 0.0 0.0 0.0 0.0 0.0 0.0 0.0 0.0 4.0452 4.0452 4.0452 4.0452
7.0840000000000005 0 3 1.0 0.0 0.0 0.0 0.0 0.0 0.0 0.0 0.0 0.0 4.0452 4.0452 4.0452 4.0452
7.085 0 3 1.0 0.0 0.0 0.0 0.0 0.0 0.0 0.0 0.0 0.0 4.0452 4.0452 4.0452 4.0452
7.086 0 3 1.0 0.0 0.0 0.0 0.0 0.0 0.0 0.0 0.0 0.0 4.0452 4.0452 4.0452 4.0452
7.087 0 3 1.0 0.0 0.0 0.0 0.0 0.0 0.0 0.0 0.0 0.0 4.0452 4.0452 4.0452 4.0452
7.088 0 3 1.0 0.0 0.0 0.0 0.0 0.0 0.0 0.0 0.0 0.0 4.0452 4.0452 4.0452 4.0452
7.089 0 3 1.0 0.0 0.0 0.0 0.0 0.0 0.0 0.0 0.0 0.0 4.0452 4.0452 4.0452 4.0452
7.09 0 3 1.0 0.0 0.0 0.0 0.0 0.0 0.0 0.0 0.0 0.0 4.0452 4.0452 4.0452 4.0452
7.091 0 3 1.0 0.0 0.0 0.0 0.0 0.0 0.0 0.0 0.0 0.0 4.0452 4.0452 4.0452 4.0452
7.0920000000000005 0 3 1.0 0.0 0.0 0.0 0.0 0.0 0.0 0.0 0.0 0.0 4.0452 4.0452 4.0452 4.0452
7.093 0 3 1.0 0.0 0.0 0.0 0.0 0.0 0.0 0.0 0.0 0.0 4.0452 4.0452 4.0452 4.0452
7.094 0 3 1.0 0.0 0.0 0.0 0.0 0.0 0.0 0.0 0.0 0.0 4.0452 4.0452 4.0452 4.0452
7.095 0 3 1.0 0.0 0.0 0.0 0.0 0.0 0.0 0.0 0.0 0.0 4.0452 4.0452 4.0452 4.0452
7.096 0 3 1.0 0.0 0.0 0.0 0.0 0.0 0.0 0.0 0.0 0.0 4.0452 4.0452 4.0452 4.0452
7.097 0 3 1.0 0.0 0.0 0.0 0.0 0.0 0.0 0.0 0.0 0.0 4.0452 4.0452 4.0452 4.0452
7.098 0 3 1.0 0.0 0.0 0.0 0.0 0.0 0.0 0.0 0.0 0.0 4.0452 4.0452 4.0452 4.0452
7.099 0 3 1.0 0.0 0.0 0.0 0.0 0.0 0.0 0.0 0.0 0.0 4.0452 4.0452 4.0452 4.0452
7.1000000000000005 0 3 1.0 0.0 0.0 0.0 0.0 0.0 0.0 0.0 0.0 0.0 4.0452 4.0452 4.0452 4.0452
7.101 0 3 1.0 0.0 0.0 0.0 0.0 0.0 0.0 0.0 0.0 0.0 4.0452 4.0452 4.0452 4.0452
7.102 0 3 1.0 0.0 0.0 0.0 0.0 0.0 0.0 0.0 0.0 0.0 4.0452 4.0452 4.0452 4.0452
7.103 0 3 1.0 0.0 0.0 0.0 0.0 0.0 0.0 0.0 0.0 0.0 4.0452 4.0452 4.0452 4.0452
7.104 0 3 1.0 0.0 0.0 0.0 0.0 0.0 0.0 0.0 0.0 0.0 4.0452 4.0452 4.0452 4.0452
7.105 0 3 1.0 0.0 0.0 0.0 0.0 0.0 0.0 0.0 0.0 0.0 4.0452 4.0452 4.0452 4.0452
7.106 0 3 1.0 0.0 0.0 0.0 0.0 0.0 0.0 0.0 0.0 0.0 4.0452 4.0452 4.0452 4.0452
7.107 0 3 1.0 0.0 0.0 0.0 0.0 0.0 0.0 0.0 0.0 0.0 4.0452 4.0452 4.0452 4.0452
7.1080000000000005 0 3 1.0 0.0 0.0 0.0 0.0 0.0 0.0 0.0 0.0 0.0 4.0452 4.0452 4.0452 4.0452
7.109 0 3 1.0 0.0 0.0 0.0 0.0 0.0 0.0 0.0 0.0 0.0 4.0452 4.0452 4.0452 4.0452
7.11 0 3 1.0 0.0 0.0 0.0 0.0 0.0 0.0 0.0 0.0 0.0 4.0452 4.0452 4.0452 4.0452
7.111 0 3 1.0 0.0 0.0 0.0 0.0 0.0 0.0 0.0 0.0 0.0 4.0452 4.0452 4.0452 4.0452
7.112 0 3 1.0 0.0 0.0 0.0 0.0 0.0 0.0 0.0 0.0 0.0 4.0452 4.0452 4.0452 4.0452
7.113 0 3 1.0 0.0 0.0 0.0 0.0 0.0 0.0 0.0 0.0 0.0 4.0452 4.0452 4.0452 4.0452
7.114 0 3 1.0 0.0 0.0 0.0 0.0 0.0 0.0 0.0 0.0 0.0 4.0452 4.0452 4.0452 4.0452
7.115 0 3 1.0 0.0 0.0 0.0 0.0 0.0 0.0 0.0 0.0 0.0 4.0452 4.0452 4.0452 4.0452
7.1160000000000005 0 3 1.0 0.0 0.0 0.0 0.0 0.0 0.0 0.0 0.0 0.0 4.0452 4.0452 4.0452 4.0452
7.117 0 3 1.0 0.0 0.0 0.0 0.0 0.0 0.0 0.0 0.0 0.0 4.0452 4.0452 4.0452 4.0452
7.118 0 3 1.0 0.0 0.0 0.0 0.0 0.0 0.0 0.0 0.0 0.0 4.0452 4.0452 4.0452 4.0452
7.119 0 3 1.0 0.0 0.0 0.0 0.0 0.0 0.0 0.0 0.0 0.0 4.0452 4.0452 4.0452 4.0452
7.12 0 3 1.0 0.0 0.0 0.0 0.0 0.0 0.0 0.0 0.0 0.0 4.0452 4.0452 4.0452 4.0452
7.121 0 3 1.0 0.0 0.0 0.0 0.0 0.0 0.0 0.0 0.0 0.0 4.0452 4.0452 4.0452 4.0452
7.122 0 3 1.0 0.0 0.0 0.0 0.0 0.0 0.0 0.0 0.0 0.0 4.0452 4.0452 4.0452 4.0452
7.123 0 3 1.0 0.0 0.0 0.0 0.0 0.0 0.0 0.0 0.0 0.0 4.0452 4.0452 4.0452 4.0452
7.1240000000000006 0 3 1.0 0.0 0.0 0.0 0.0 0.0 0.0 0.0 0.0 0.0 4.0452 4.0452 4.0452 4.0452
7.125 0 3 1.0 0.0 0.0 0.0 0.0 0.0 0.0 0.0 0.0 0.0 4.0452 4.0452 4.0452 4.0452
7.126 0 3 1.0 0.0 0.0 0.0 0.0 0.0 0.0 0.0 0.0 0.0 4.0452 4.0452 4.0452 4.0452
7.127 0 3 1.0 0.0 0.0 0.0 0.0 0.0 0.0 0.0 0.0 0.0 4.0452 4.0452 4.0452 4.0452
7.128 0 3 1.0 0.0 0.0 0.0 0.0 0.0 0.0 0.0 0.0 0.0 4.0452 4.0452 4.0452 4.0452
7.1290000000000004 0 3 1.0 0.0 0.0 0.0 0.0 0.0 0.0 0.0 0.0 0.0 4.0452 4.0452 4.0452 4.0452
7.13 0 3 1.0 0.0 0.0 0.0 0.0 0.0 0.0 0.0 0.0 0.0 4.0452 4.0452 4.0452 4.0452
7.131 0 3 1.0 0.0 0.0 0.0 0.0 0.0 0.0 0.0 0.0 0.0 4.0452 4.0452 4.0452 4.0452
7.132000000000001 0 3 1.0 0.0 0.0 0.0 0.0 0.0 0.0 0.0 0.0 0.0 4.0452 4.0452 4.0452 4.0452
7.133 0 3 1.0 0.0 0.0 0.0 0.0 0.0 0.0 0.0 0.0 0.0 4.0452 4.0452 4.0452 4.0452
7.134 0 3 1.0 0.0 0.0 0.0 0.0 0.0 0.0 0.0 0.0 0.0 4.0452 4.0452 4.0452 4.0452
7.135 0 3 1.0 0.0 0.0 0.0 0.0 0.0 0.0 0.0 0.0 0.0 4.0452 4.0452 4.0452 4.0452
7.136 0 3 1.0 0.0 0.0 0.0 0.0 0.0 0.0 0.0 0.0 0.0 4.0452 4.0452 4.0452 4.0452
7.1370000000000005 0 3 1.0 0.0 0.0 0.0 0.0 0.0 0.0 0.0 0.0 0.0 4.0452 4.0452 4.0452 4.0452
7.138 0 3 1.0 0.0 0.0 0.0 0.0 0.0 0.0 0.0 0.0 0.0 4.0452 4.0452 4.0452 4.0452
7.139 0 3 1.0 0.0 0.0 0.0 0.0 0.0 0.0 0.0 0.0 0.0 4.0452 4.0452 4.0452 4.0452
7.140000000000001 0 3 1.0 0.0 0.0 0.0 0.0 0.0 0.0 0.0 0.0 0.0 4.0452 4.0452 4.0452 4.0452
7.141 0 3 1.0 0.0 0.0 0.0 0.0 0.0 0.0 0.0 0.0 0.0 4.0452 4.0452 4.0452 4.0452
7.142 0 3 1.0 0.0 0.0 0.0 0.0 0.0 0.0 0.0 0.0 0.0 4.0452 4.0452 4.0452 4.0452
7.143 0 3 1.0 0.0 0.0 0.0 0.0 0.0 0.0 0.0 0.0 0.0 4.0452 4.0452 4.0452 4.0452
7.144 0 3 1.0 0.0 0.0 0.0 0.0 0.0 0.0 0.0 0.0 0.0 4.0452 4.0452 4.0452 4.0452
7.1450000000000005 0 3 1.0 0.0 0.0 0.0 0.0 0.0 0.0 0.0 0.0 0.0 4.0452 4.0452 4.0452 4.0452
7.146 0 3 1.0 0.0 0.0 0.0 0.0 0.0 0.0 0.0 0.0 0.0 4.0452 4.0452 4.0452 4.0452
7.147 0 3 1.0 0.0 0.0 0.0 0.0 0.0 0.0 0.0 0.0 0.0 4.0452 4.0452 4.0452 4.0452
7.148000000000001 0 3 1.0 0.0 0.0 0.0 0.0 0.0 0.0 0.0 0.0 0.0 4.0452 4.0452 4.0452 4.0452
7.149 0 3 1.0 0.0 0.0 0.0 0.0 0.0 0.0 0.0 0.0 0.0 4.0452 4.0452 4.0452 4.0452
7.15 0 3 1.0 0.0 0.0 0.0 0.0 0.0 0.0 0.0 0.0 0.0 4.0452 4.0452 4.0452 4.0452
7.151 0 3 1.0 0.0 0.0 0.0 0.0 0.0 0.0 0.0 0.0 0.0 4.0452 4.0452 4.0452 4.0452
7.152 0 3 1.0 0.0 0.0 0.0 0.0 0.0 0.0 0.0 0.0 0.0 4.0452 4.0452 4.0452 4.0452
7.1530000000000005 0 3 1.0 0.0 0.0 0.0 0.0 0.0 0.0 0.0 0.0 0.0 4.0452 4.0452 4.0452 4.0452
7.154 0 3 1.0 0.0 0.0 0.0 0.0 0.0 0.0 0.0 0.0 0.0 4.0452 4.0452 4.0452 4.0452
7.155 0 3 1.0 0.0 0.0 0.0 0.0 0.0 0.0 0.0 0.0 0.0 4.0452 4.0452 4.0452 4.0452
7.156000000000001 0 3 1.0 0.0 0.0 0.0 0.0 0.0 0.0 0.0 0.0 0.0 4.0452 4.0452 4.0452 4.0452
7.157 0 3 1.0 0.0 0.0 0.0 0.0 0.0 0.0 0.0 0.0 0.0 4.0452 4.0452 4.0452 4.0452
7.158 0 3 1.0 0.0 0.0 0.0 0.0 0.0 0.0 0.0 0.0 0.0 4.0452 4.0452 4.0452 4.0452
7.159 0 3 1.0 0.0 0.0 0.0 0.0 0.0 0.0 0.0 0.0 0.0 4.0452 4.0452 4.0452 4.0452
7.16 0 3 1.0 0.0 0.0 0.0 0.0 0.0 0.0 0.0 0.0 0.0 4.0452 4.0452 4.0452 4.0452
7.1610000000000005 0 3 1.0 0.0 0.0 0.0 0.0 0.0 0.0 0.0 0.0 0.0 4.0452 4.0452 4.0452 4.0452
7.162 0 3 1.0 0.0 0.0 0.0 0.0 0.0 0.0 0.0 0.0 0.0 4.0452 4.0452 4.0452 4.0452
7.163 0 3 1.0 0.0 0.0 0.0 0.0 0.0 0.0 0.0 0.0 0.0 4.0452 4.0452 4.0452 4.0452
7.164000000000001 0 3 1.0 0.0 0.0 0.0 0.0 0.0 0.0 0.0 0.0 0.0 4.0452 4.0452 4.0452 4.0452
7.165 0 3 1.0 0.0 0.0 0.0 0.0 0.0 0.0 0.0 0.0 0.0 4.0452 4.0452 4.0452 4.0452
7.166 0 3 1.0 0.0 0.0 0.0 0.0 0.0 0.0 0.0 0.0 0.0 4.0452 4.0452 4.0452 4.0452
7.167 0 3 1.0 0.0 0.0 0.0 0.0 0.0 0.0 0.0 0.0 0.0 4.0452 4.0452 4.0452 4.0452
7.168 0 3 1.0 0.0 0.0 0.0 0.0 0.0 0.0 0.0 0.0 0.0 4.0452 4.0452 4.0452 4.0452
7.1690000000000005 0 3 1.0 0.0 0.0 0.0 0.0 0.0 0.0 0.0 0.0 0.0 4.0452 4.0452 4.0452 4.0452
7.17 0 3 1.0 0.0 0.0 0.0 0.0 0.0 0.0 0.0 0.0 0.0 4.0452 4.0452 4.0452 4.0452
7.171 0 3 1.0 0.0 0.0 0.0 0.0 0.0 0.0 0.0 0.0 0.0 4.0452 4.0452 4.0452 4.0452
7.172 0 3 1.0 0.0 0.0 0.0 0.0 0.0 0.0 0.0 0.0 0.0 4.0452 4.0452 4.0452 4.0452
7.173 0 3 1.0 0.0 0.0 0.0 0.0 0.0 0.0 0.0 0.0 0.0 4.0452 4.0452 4.0452 4.0452
7.174 0 3 1.0 0.0 0.0 0.0 0.0 0.0 0.0 0.0 0.0 0.0 4.0452 4.0452 4.0452 4.0452
7.175 0 3 1.0 0.0 0.0 0.0 0.0 0.0 0.0 0.0 0.0 0.0 4.0452 4.0452 4.0452 4.0452
7.176 0 3 1.0 0.0 0.0 0.0 0.0 0.0 0.0 0.0 0.0 0.0 4.0452 4.0452 4.0452 4.0452
7.1770000000000005 0 3 1.0 0.0 0.0 0.0 0.0 0.0 0.0 0.0 0.0 0.0 4.0452 4.0452 4.0452 4.0452
7.178 0 3 1.0 0.0 0.0 0.0 0.0 0.0 0.0 0.0 0.0 0.0 4.0452 4.0452 4.0452 4.0452
7.179 0 3 1.0 0.0 0.0 0.0 0.0 0.0 0.0 0.0 0.0 0.0 4.0452 4.0452 4.0452 4.0452
7.18 0 3 1.0 0.0 0.0 0.0 0.0 0.0 0.0 0.0 0.0 0.0 4.0452 4.0452 4.0452 4.0452
7.181 0 3 1.0 0.0 0.0 0.0 0.0 0.0 0.0 0.0 0.0 0.0 4.0452 4.0452 4.0452 4.0452
7.182 0 3 1.0 0.0 0.0 0.0 0.0 0.0 0.0 0.0 0.0 0.0 4.0452 4.0452 4.0452 4.0452
7.183 0 3 1.0 0.0 0.0 0.0 0.0 0.0 0.0 0.0 0.0 0.0 4.0452 4.0452 4.0452 4.0452
7.184 0 3 1.0 0.0 0.0 0.0 0.0 0.0 0.0 0.0 0.0 0.0 4.0452 4.0452 4.0452 4.0452
7.1850000000000005 0 3 1.0 0.0 0.0 0.0 0.0 0.0 0.0 0.0 0.0 0.0 4.0452 4.0452 4.0452 4.0452
7.186 0 3 1.0 0.0 0.0 0.0 0.0 0.0 0.0 0.0 0.0 0.0 4.0452 4.0452 4.0452 4.0452
7.187 0 3 1.0 0.0 0.0 0.0 0.0 0.0 0.0 0.0 0.0 0.0 4.0452 4.0452 4.0452 4.0452
7.188 0 3 1.0 0.0 0.0 0.0 0.0 0.0 0.0 0.0 0.0 0.0 4.0452 4.0452 4.0452 4.0452
7.189 0 3 1.0 0.0 0.0 0.0 0.0 0.0 0.0 0.0 0.0 0.0 4.0452 4.0452 4.0452 4.0452
7.19 0 3 1.0 0.0 0.0 0.0 0.0 0.0 0.0 0.0 0.0 0.0 4.0452 4.0452 4.0452 4.0452
7.191 0 3 1.0 0.0 0.0 0.0 0.0 0.0 0.0 0.0 0.0 0.0 4.0452 4.0452 4.0452 4.0452
7.192 0 3 1.0 0.0 0.0 0.0 0.0 0.0 0.0 0.0 0.0 0.0 4.0452 4.0452 4.0452 4.0452
7.1930000000000005 0 3 1.0 0.0 0.0 0.0 0.0 0.0 0.0 0.0 0.0 0.0 4.0452 4.0452 4.0452 4.0452
7.194 0 3 1.0 0.0 0.0 0.0 0.0 0.0 0.0 0.0 0.0 0.0 4.0452 4.0452 4.0452 4.0452
7.195 0 3 1.0 0.0 0.0 0.0 0.0 0.0 0.0 0.0 0.0 0.0 4.0452 4.0452 4.0452 4.0452
7.196 0 3 1.0 0.0 0.0 0.0 0.0 0.0 0.0 0.0 0.0 0.0 4.0452 4.0452 4.0452 4.0452
7.197 0 3 1.0 0.0 0.0 0.0 0.0 0.0 0.0 0.0 0.0 0.0 4.0452 4.0452 4.0452 4.0452
7.198 0 3 1.0 0.0 0.0 0.0 0.0 0.0 0.0 0.0 0.0 0.0 4.0452 4.0452 4.0452 4.0452
7.199 0 3 1.0 0.0 0.0 0.0 0.0 0.0 0.0 0.0 0.0 0.0 4.0452 4.0452 4.0452 4.0452
7.2 0 3 1.0 0.0 0.0 0.0 0.0 0.0 0.0 0.0 0.0 0.0 4.0452 4.0452 4.0452 4.0452
7.2010000000000005 0 3 1.0 0.0 0.0 0.0 0.0 0.0 0.0 0.0 0.0 0.0 4.0452 4.0452 4.0452 4.0452
7.202 0 3 1.0 0.0 0.0 0.0 0.0 0.0 0.0 0.0 0.0 0.0 4.0452 4.0452 4.0452 4.0452
7.203 0 3 1.0 0.0 0.0 0.0 0.0 0.0 0.0 0.0 0.0 0.0 4.0452 4.0452 4.0452 4.0452
7.204 0 3 1.0 0.0 0.0 0.0 0.0 0.0 0.0 0.0 0.0 0.0 4.0452 4.0452 4.0452 4.0452
7.205 0 3 1.0 0.0 0.0 0.0 0.0 0.0 0.0 0.0 0.0 0.0 4.0452 4.0452 4.0452 4.0452
7.206 0 3 1.0 0.0 0.0 0.0 0.0 0.0 0.0 0.0 0.0 0.0 4.0452 4.0452 4.0452 4.0452
7.207 0 3 1.0 0.0 0.0 0.0 0.0 0.0 0.0 0.0 0.0 0.0 4.0452 4.0452 4.0452 4.0452
7.208 0 3 1.0 0.0 0.0 0.0 0.0 0.0 0.0 0.0 0.0 0.0 4.0452 4.0452 4.0452 4.0452
7.2090000000000005 0 3 1.0 0.0 0.0 0.0 0.0 0.0 0.0 0.0 0.0 0.0 4.0452 4.0452 4.0452 4.0452
7.21 0 3 1.0 0.0 0.0 0.0 0.0 0.0 0.0 0.0 0.0 0.0 4.0452 4.0452 4.0452 4.0452
7.211 0 3 1.0 0.0 0.0 0.0 0.0 0.0 0.0 0.0 0.0 0.0 4.0452 4.0452 4.0452 4.0452
7.212 0 3 1.0 0.0 0.0 0.0 0.0 0.0 0.0 0.0 0.0 0.0 4.0452 4.0452 4.0452 4.0452
7.213 0 3 1.0 0.0 0.0 0.0 0.0 0.0 0.0 0.0 0.0 0.0 4.0452 4.0452 4.0452 4.0452
7.214 0 3 1.0 0.0 0.0 0.0 0.0 0.0 0.0 0.0 0.0 0.0 4.0452 4.0452 4.0452 4.0452
7.215 0 3 1.0 0.0 0.0 0.0 0.0 0.0 0.0 0.0 0.0 0.0 4.0452 4.0452 4.0452 4.0452
7.216 0 3 1.0 0.0 0.0 0.0 0.0 0.0 0.0 0.0 0.0 0.0 4.0452 4.0452 4.0452 4.0452
7.2170000000000005 0 3 1.0 0.0 0.0 0.0 0.0 0.0 0.0 0.0 0.0 0.0 4.0452 4.0452 4.0452 4.0452
7.218 0 3 1.0 0.0 0.0 0.0 0.0 0.0 0.0 0.0 0.0 0.0 4.0452 4.0452 4.0452 4.0452
7.219 0 3 1.0 0.0 0.0 0.0 0.0 0.0 0.0 0.0 0.0 0.0 4.0452 4.0452 4.0452 4.0452
7.22 0 3 1.0 0.0 0.0 0.0 0.0 0.0 0.0 0.0 0.0 0.0 4.0452 4.0452 4.0452 4.0452
7.221 0 3 1.0 0.0 0.0 0.0 0.0 0.0 0.0 0.0 0.0 0.0 4.0452 4.0452 4.0452 4.0452
7.222 0 3 1.0 0.0 0.0 0.0 0.0 0.0 0.0 0.0 0.0 0.0 4.0452 4.0452 4.0452 4.0452
7.223 0 3 1.0 0.0 0.0 0.0 0.0 0.0 0.0 0.0 0.0 0.0 4.0452 4.0452 4.0452 4.0452
7.224 0 3 1.0 0.0 0.0 0.0 0.0 0.0 0.0 0.0 0.0 0.0 4.0452 4.0452 4.0452 4.0452
7.2250000000000005 0 3 1.0 0.0 0.0 0.0 0.0 0.0 0.0 0.0 0.0 0.0 4.0452 4.0452 4.0452 4.0452
7.226 0 3 1.0 0.0 0.0 0.0 0.0 0.0 0.0 0.0 0.0 0.0 4.0452 4.0452 4.0452 4.0452
7.227 0 3 1.0 0.0 0.0 0.0 0.0 0.0 0.0 0.0 0.0 0.0 4.0452 4.0452 4.0452 4.0452
7.228 0 3 1.0 0.0 0.0 0.0 0.0 0.0 0.0 0.0 0.0 0.0 4.0452 4.0452 4.0452 4.0452
7.229 0 3 1.0 0.0 0.0 0.0 0.0 0.0 0.0 0.0 0.0 0.0 4.0452 4.0452 4.0452 4.0452
7.23 0 3 1.0 0.0 0.0 0.0 0.0 0.0 0.0 0.0 0.0 0.0 4.0452 4.0452 4.0452 4.0452
7.231 0 3 1.0 0.0 0.0 0.0 0.0 0.0 0.0 0.0 0.0 0.0 4.0452 4.0452 4.0452 4.0452
7.232 0 3 1.0 0.0 0.0 0.0 0.0 0.0 0.0 0.0 0.0 0.0 4.0452 4.0452 4.0452 4.0452
7.2330000000000005 0 3 1.0 0.0 0.0 0.0 0.0 0.0 0.0 0.0 0.0 0.0 4.0452 4.0452 4.0452 4.0452
7.234 0 3 1.0 0.0 0.0 0.0 0.0 0.0 0.0 0.0 0.0 0.0 4.0452 4.0452 4.0452 4.0452
7.235 0 3 1.0 0.0 0.0 0.0 0.0 0.0 0.0 0.0 0.0 0.0 4.0452 4.0452 4.0452 4.0452
7.236 0 3 1.0 0.0 0.0 0.0 0.0 0.0 0.0 0.0 0.0 0.0 4.0452 4.0452 4.0452 4.0452
7.237 0 3 1.0 0.0 0.0 0.0 0.0 0.0 0.0 0.0 0.0 0.0 4.0452 4.0452 4.0452 4.0452
7.238 0 3 1.0 0.0 0.0 0.0 0.0 0.0 0.0 0.0 0.0 0.0 4.0452 4.0452 4.0452 4.0452
7.239 0 3 1.0 0.0 0.0 0.0 0.0 0.0 0.0 0.0 0.0 0.0 4.0452 4.0452 4.0452 4.0452
7.24 0 3 1.0 0.0 0.0 0.0 0.0 0.0 0.0 0.0 0.0 0.0 4.0452 4.0452 4.0452 4.0452
7.2410000000000005 0 3 1.0 0.0 0.0 0.0 0.0 0.0 0.0 0.0 0.0 0.0 4.0452 4.0452 4.0452 4.0452
7.242 0 3 1.0 0.0 0.0 0.0 0.0 0.0 0.0 0.0 0.0 0.0 4.0452 4.0452 4.0452 4.0452
7.243 0 3 1.0 0.0 0.0 0.0 0.0 0.0 0.0 0.0 0.0 0.0 4.0452 4.0452 4.0452 4.0452
7.244 0 3 1.0 0.0 0.0 0.0 0.0 0.0 0.0 0.0 0.0 0.0 4.0452 4.0452 4.0452 4.0452
7.245 0 3 1.0 0.0 0.0 0.0 0.0 0.0 0.0 0.0 0.0 0.0 4.0452 4.0452 4.0452 4.0452
7.246 0 3 1.0 0.0 0.0 0.0 0.0 0.0 0.0 0.0 0.0 0.0 4.0452 4.0452 4.0452 4.0452
7.247 0 3 1.0 0.0 0.0 0.0 0.0 0.0 0.0 0.0 0.0 0.0 4.0452 4.0452 4.0452 4.0452
7.248 0 3 1.0 0.0 0.0 0.0 0.0 0.0 0.0 0.0 0.0 0.0 4.0452 4.0452 4.0452 4.0452
7.2490000000000006 0 3 1.0 0.0 0.0 0.0 0.0 0.0 0.0 0.0 0.0 0.0 4.0452 4.0452 4.0452 4.0452
7.25 0 3 1.0 0.0 0.0 0.0 0.0 0.0 0.0 0.0 0.0 0.0 4.0452 4.0452 4.0452 4.0452
7.251 0 3 1.0 0.0 0.0 0.0 0.0 0.0 0.0 0.0 0.0 0.0 4.0452 4.0452 4.0452 4.0452
7.252 0 3 1.0 0.0 0.0 0.0 0.0 0.0 0.0 0.0 0.0 0.0 4.0452 4.0452 4.0452 4.0452
7.253 0 3 1.0 0.0 0.0 0.0 0.0 0.0 0.0 0.0 0.0 0.0 4.0452 4.0452 4.0452 4.0452
7.2540000000000004 0 3 1.0 0.0 0.0 0.0 0.0 0.0 0.0 0.0 0.0 0.0 4.0452 4.0452 4.0452 4.0452
7.255 0 3 1.0 0.0 0.0 0.0 0.0 0.0 0.0 0.0 0.0 0.0 4.0452 4.0452 4.0452 4.0452
7.256 0 3 1.0 0.0 0.0 0.0 0.0 0.0 0.0 0.0 0.0 0.0 4.0452 4.0452 4.0452 4.0452
7.257000000000001 0 3 1.0 0.0 0.0 0.0 0.0 0.0 0.0 0.0 0.0 0.0 4.0452 4.0452 4.0452 4.0452
7.258 0 3 1.0 0.0 0.0 0.0 0.0 0.0 0.0 0.0 0.0 0.0 4.0452 4.0452 4.0452 4.0452
7.259 0 3 1.0 0.0 0.0 0.0 0.0 0.0 0.0 0.0 0.0 0.0 4.0452 4.0452 4.0452 4.0452
7.26 0 3 1.0 0.0 0.0 0.0 0.0 0.0 0.0 0.0 0.0 0.0 4.0452 4.0452 4.0452 4.0452
7.261 0 3 1.0 0.0 0.0 0.0 0.0 0.0 0.0 0.0 0.0 0.0 4.0452 4.0452 4.0452 4.0452
7.2620000000000005 0 3 1.0 0.0 0.0 0.0 0.0 0.0 0.0 0.0 0.0 0.0 4.0452 4.0452 4.0452 4.0452
7.263 0 3 1.0 0.0 0.0 0.0 0.0 0.0 0.0 0.0 0.0 0.0 4.0452 4.0452 4.0452 4.0452
7.264 0 3 1.0 0.0 0.0 0.0 0.0 0.0 0.0 0.0 0.0 0.0 4.0452 4.0452 4.0452 4.0452
7.265000000000001 0 3 1.0 0.0 0.0 0.0 0.0 0.0 0.0 0.0 0.0 0.0 4.0452 4.0452 4.0452 4.0452
7.266 0 3 1.0 0.0 0.0 0.0 0.0 0.0 0.0 0.0 0.0 0.0 4.0452 4.0452 4.0452 4.0452
7.267 0 3 1.0 0.0 0.0 0.0 0.0 0.0 0.0 0.0 0.0 0.0 4.0452 4.0452 4.0452 4.0452
7.268 0 3 1.0 0.0 0.0 0.0 0.0 0.0 0.0 0.0 0.0 0.0 4.0452 4.0452 4.0452 4.0452
7.269 0 3 1.0 0.0 0.0 0.0 0.0 0.0 0.0 0.0 0.0 0.0 4.0452 4.0452 4.0452 4.0452
7.2700000000000005 0 3 1.0 0.0 0.0 0.0 0.0 0.0 0.0 0.0 0.0 0.0 4.0452 4.0452 4.0452 4.0452
7.271 0 3 1.0 0.0 0.0 0.0 0.0 0.0 0.0 0.0 0.0 0.0 4.0452 4.0452 4.0452 4.0452
7.272 0 3 1.0 0.0 0.0 0.0 0.0 0.0 0.0 0.0 0.0 0.0 4.0452 4.0452 4.0452 4.0452
7.273000000000001 0 3 1.0 0.0 0.0 0.0 0.0 0.0 0.0 0.0 0.0 0.0 4.0452 4.0452 4.0452 4.0452
7.274 0 3 1.0 0.0 0.0 0.0 0.0 0.0 0.0 0.0 0.0 0.0 4.0452 4.0452 4.0452 4.0452
7.275 0 3 1.0 0.0 0.0 0.0 0.0 0.0 0.0 0.0 0.0 0.0 4.0452 4.0452 4.0452 4.0452
7.276 0 3 1.0 0.0 0.0 0.0 0.0 0.0 0.0 0.0 0.0 0.0 4.0452 4.0452 4.0452 4.0452
7.277 0 3 1.0 0.0 0.0 0.0 0.0 0.0 0.0 0.0 0.0 0.0 4.0452 4.0452 4.0452 4.0452
7.2780000000000005 0 3 1.0 0.0 0.0 0.0 0.0 0.0 0.0 0.0 0.0 0.0 4.0452 4.0452 4.0452 4.0452
7.279 0 3 1.0 0.0 0.0 0.0 0.0 0.0 0.0 0.0 0.0 0.0 4.0452 4.0452 4.0452 4.0452
7.28 0 3 1.0 0.0 0.0 0.0 0.0 0.0 0.0 0.0 0.0 0.0 4.0452 4.0452 4.0452 4.0452
7.281000000000001 0 3 1.0 0.0 0.0 0.0 0.0 0.0 0.0 0.0 0.0 0.0 4.0452 4.0452 4.0452 4.0452
7.282 0 3 1.0 0.0 0.0 0.0 0.0 0.0 0.0 0.0 0.0 0.0 4.0452 4.0452 4.0452 4.0452
7.283 0 3 1.0 0.0 0.0 0.0 0.0 0.0 0.0 0.0 0.0 0.0 4.0452 4.0452 4.0452 4.0452
7.284 0 3 1.0 0.0 0.0 0.0 0.0 0.0 0.0 0.0 0.0 0.0 4.0452 4.0452 4.0452 4.0452
7.285 0 3 1.0 0.0 0.0 0.0 0.0 0.0 0.0 0.0 0.0 0.0 4.0452 4.0452 4.0452 4.0452
7.2860000000000005 0 3 1.0 0.0 0.0 0.0 0.0 0.0 0.0 0.0 0.0 0.0 4.0452 4.0452 4.0452 4.0452
7.287 0 3 1.0 0.0 0.0 0.0 0.0 0.0 0.0 0.0 0.0 0.0 4.0452 4.0452 4.0452 4.0452
7.288 0 3 1.0 0.0 0.0 0.0 0.0 0.0 0.0 0.0 0.0 0.0 4.0452 4.0452 4.0452 4.0452
7.289000000000001 0 3 1.0 0.0 0.0 0.0 0.0 0.0 0.0 0.0 0.0 0.0 4.0452 4.0452 4.0452 4.0452
7.29 0 3 1.0 0.0 0.0 0.0 0.0 0.0 0.0 0.0 0.0 0.0 4.0452 4.0452 4.0452 4.0452
7.291 0 3 1.0 0.0 0.0 0.0 0.0 0.0 0.0 0.0 0.0 0.0 4.0452 4.0452 4.0452 4.0452
7.292 0 3 1.0 0.0 0.0 0.0 0.0 0.0 0.0 0.0 0.0 0.0 4.0452 4.0452 4.0452 4.0452
7.293 0 3 1.0 0.0 0.0 0.0 0.0 0.0 0.0 0.0 0.0 0.0 4.0452 4.0452 4.0452 4.0452
7.2940000000000005 0 3 1.0 0.0 0.0 0.0 0.0 0.0 0.0 0.0 0.0 0.0 4.0452 4.0452 4.0452 4.0452
7.295 0 3 1.0 0.0 0.0 0.0 0.0 0.0 0.0 0.0 0.0 0.0 4.0452 4.0452 4.0452 4.0452
7.296 0 3 1.0 0.0 0.0 0.0 0.0 0.0 0.0 0.0 0.0 0.0 4.0452 4.0452 4.0452 4.0452
7.297 0 3 1.0 0.0 0.0 0.0 0.0 0.0 0.0 0.0 0.0 0.0 4.0452 4.0452 4.0452 4.0452
7.298 0 3 1.0 0.0 0.0 0.0 0.0 0.0 0.0 0.0 0.0 0.0 4.0452 4.0452 4.0452 4.0452
7.299 0 3 1.0 0.0 0.0 0.0 0.0 0.0 0.0 0.0 0.0 0.0 4.0452 4.0452 4.0452 4.0452
7.3 0 3 1.0 0.0 0.0 0.0 0.0 0.0 0.0 0.0 0.0 0.0 4.0452 4.0452 4.0452 4.0452
7.301 0 3 1.0 0.0 0.0 0.0 0.0 0.0 0.0 0.0 0.0 0.0 4.0452 4.0452 4.0452 4.0452
7.3020000000000005 0 3 1.0 0.0 0.0 0.0 0.0 0.0 0.0 0.0 0.0 0.0 4.0452 4.0452 4.0452 4.0452
7.303 0 3 1.0 0.0 0.0 0.0 0.0 0.0 0.0 0.0 0.0 0.0 4.0452 4.0452 4.0452 4.0452
7.304 0 3 1.0 0.0 0.0 0.0 0.0 0.0 0.0 0.0 0.0 0.0 4.0452 4.0452 4.0452 4.0452
7.305 0 3 1.0 0.0 0.0 0.0 0.0 0.0 0.0 0.0 0.0 0.0 4.0452 4.0452 4.0452 4.0452
7.306 0 3 1.0 0.0 0.0 0.0 0.0 0.0 0.0 0.0 0.0 0.0 4.0452 4.0452 4.0452 4.0452
7.307 0 3 1.0 0.0 0.0 0.0 0.0 0.0 0.0 0.0 0.0 0.0 4.0452 4.0452 4.0452 4.0452
7.308 0 3 1.0 0.0 0.0 0.0 0.0 0.0 0.0 0.0 0.0 0.0 4.0452 4.0452 4.0452 4.0452
7.309 0 3 1.0 0.0 0.0 0.0 0.0 0.0 0.0 0.0 0.0 0.0 4.0452 4.0452 4.0452 4.0452
7.3100000000000005 0 3 1.0 0.0 0.0 0.0 0.0 0.0 0.0 0.0 0.0 0.0 4.0452 4.0452 4.0452 4.0452
7.311 0 3 1.0 0.0 0.0 0.0 0.0 0.0 0.0 0.0 0.0 0.0 4.0452 4.0452 4.0452 4.0452
7.312 0 3 1.0 0.0 0.0 0.0 0.0 0.0 0.0 0.0 0.0 0.0 4.0452 4.0452 4.0452 4.0452
7.313 0 3 1.0 0.0 0.0 0.0 0.0 0.0 0.0 0.0 0.0 0.0 4.0452 4.0452 4.0452 4.0452
7.314 0 3 1.0 0.0 0.0 0.0 0.0 0.0 0.0 0.0 0.0 0.0 4.0452 4.0452 4.0452 4.0452
7.315 0 3 1.0 0.0 0.0 0.0 0.0 0.0 0.0 0.0 0.0 0.0 4.0452 4.0452 4.0452 4.0452
7.316 0 3 1.0 0.0 0.0 0.0 0.0 0.0 0.0 0.0 0.0 0.0 4.0452 4.0452 4.0452 4.0452
7.317 0 3 1.0 0.0 0.0 0.0 0.0 0.0 0.0 0.0 0.0 0.0 4.0452 4.0452 4.0452 4.0452
7.3180000000000005 0 3 1.0 0.0 0.0 0.0 0.0 0.0 0.0 0.0 0.0 0.0 4.0452 4.0452 4.0452 4.0452
7.319 0 3 1.0 0.0 0.0 0.0 0.0 0.0 0.0 0.0 0.0 0.0 4.0452 4.0452 4.0452 4.0452
7.32 0 3 1.0 0.0 0.0 0.0 0.0 0.0 0.0 0.0 0.0 0.0 4.0452 4.0452 4.0452 4.0452
7.321 0 3 1.0 0.0 0.0 0.0 0.0 0.0 0.0 0.0 0.0 0.0 4.0452 4.0452 4.0452 4.0452
7.322 0 3 1.0 0.0 0.0 0.0 0.0 0.0 0.0 0.0 0.0 0.0 4.0452 4.0452 4.0452 4.0452
7.323 0 3 1.0 0.0 0.0 0.0 0.0 0.0 0.0 0.0 0.0 0.0 4.0452 4.0452 4.0452 4.0452
7.324 0 3 1.0 0.0 0.0 0.0 0.0 0.0 0.0 0.0 0.0 0.0 4.0452 4.0452 4.0452 4.0452
7.325 0 3 1.0 0.0 0.0 0.0 0.0 0.0 0.0 0.0 0.0 0.0 4.0452 4.0452 4.0452 4.0452
7.3260000000000005 0 3 1.0 0.0 0.0 0.0 0.0 0.0 0.0 0.0 0.0 0.0 4.0452 4.0452 4.0452 4.0452
7.327 0 3 1.0 0.0 0.0 0.0 0.0 0.0 0.0 0.0 0.0 0.0 4.0452 4.0452 4.0452 4.0452
7.328 0 3 1.0 0.0 0.0 0.0 0.0 0.0 0.0 0.0 0.0 0.0 4.0452 4.0452 4.0452 4.0452
7.329 0 3 1.0 0.0 0.0 0.0 0.0 0.0 0.0 0.0 0.0 0.0 4.0452 4.0452 4.0452 4.0452
7.33 0 3 1.0 0.0 0.0 0.0 0.0 0.0 0.0 0.0 0.0 0.0 4.0452 4.0452 4.0452 4.0452
7.331 0 3 1.0 0.0 0.0 0.0 0.0 0.0 0.0 0.0 0.0 0.0 4.0452 4.0452 4.0452 4.0452
7.332 0 3 1.0 0.0 0.0 0.0 0.0 0.0 0.0 0.0 0.0 0.0 4.0452 4.0452 4.0452 4.0452
7.333 0 3 1.0 0.0 0.0 0.0 0.0 0.0 0.0 0.0 0.0 0.0 4.0452 4.0452 4.0452 4.0452
7.3340000000000005 0 3 1.0 0.0 0.0 0.0 0.0 0.0 0.0 0.0 0.0 0.0 4.0452 4.0452 4.0452 4.0452
7.335 0 3 1.0 0.0 0.0 0.0 0.0 0.0 0.0 0.0 0.0 0.0 4.0452 4.0452 4.0452 4.0452
7.336 0 3 1.0 0.0 0.0 0.0 0.0 0.0 0.0 0.0 0.0 0.0 4.0452 4.0452 4.0452 4.0452
7.337 0 3 1.0 0.0 0.0 0.0 0.0 0.0 0.0 0.0 0.0 0.0 4.0452 4.0452 4.0452 4.0452
7.338 0 3 1.0 0.0 0.0 0.0 0.0 0.0 0.0 0.0 0.0 0.0 4.0452 4.0452 4.0452 4.0452
7.339 0 3 1.0 0.0 0.0 0.0 0.0 0.0 0.0 0.0 0.0 0.0 4.0452 4.0452 4.0452 4.0452
7.34 0 3 1.0 0.0 0.0 0.0 0.0 0.0 0.0 0.0 0.0 0.0 4.0452 4.0452 4.0452 4.0452
7.341 0 3 1.0 0.0 0.0 0.0 0.0 0.0 0.0 0.0 0.0 0.0 4.0452 4.0452 4.0452 4.0452
7.3420000000000005 0 3 1.0 0.0 0.0 0.0 0.0 0.0 0.0 0.0 0.0 0.0 4.0452 4.0452 4.0452 4.0452
7.343 0 3 1.0 0.0 0.0 0.0 0.0 0.0 0.0 0.0 0.0 0.0 4.0452 4.0452 4.0452 4.0452
7.344 0 3 1.0 0.0 0.0 0.0 0.0 0.0 0.0 0.0 0.0 0.0 4.0452 4.0452 4.0452 4.0452
7.345 0 3 1.0 0.0 0.0 0.0 0.0 0.0 0.0 0.0 0.0 0.0 4.0452 4.0452 4.0452 4.0452
7.346 0 3 1.0 0.0 0.0 0.0 0.0 0.0 0.0 0.0 0.0 0.0 4.0452 4.0452 4.0452 4.0452
7.347 0 3 1.0 0.0 0.0 0.0 0.0 0.0 0.0 0.0 0.0 0.0 4.0452 4.0452 4.0452 4.0452
7.348 0 3 1.0 0.0 0.0 0.0 0.0 0.0 0.0 0.0 0.0 0.0 4.0452 4.0452 4.0452 4.0452
7.349 0 3 1.0 0.0 0.0 0.0 0.0 0.0 0.0 0.0 0.0 0.0 4.0452 4.0452 4.0452 4.0452
7.3500000000000005 0 3 1.0 0.0 0.0 0.0 0.0 0.0 0.0 0.0 0.0 0.0 4.0452 4.0452 4.0452 4.0452
7.351 0 3 1.0 0.0 0.0 0.0 0.0 0.0 0.0 0.0 0.0 0.0 4.0452 4.0452 4.0452 4.0452
7.352 0 3 1.0 0.0 0.0 0.0 0.0 0.0 0.0 0.0 0.0 0.0 4.0452 4.0452 4.0452 4.0452
7.353 0 3 1.0 0.0 0.0 0.0 0.0 0.0 0.0 0.0 0.0 0.0 4.0452 4.0452 4.0452 4.0452
7.354 0 3 1.0 0.0 0.0 0.0 0.0 0.0 0.0 0.0 0.0 0.0 4.0452 4.0452 4.0452 4.0452
7.355 0 3 1.0 0.0 0.0 0.0 0.0 0.0 0.0 0.0 0.0 0.0 4.0452 4.0452 4.0452 4.0452
7.356 0 3 1.0 0.0 0.0 0.0 0.0 0.0 0.0 0.0 0.0 0.0 4.0452 4.0452 4.0452 4.0452
7.357 0 3 1.0 0.0 0.0 0.0 0.0 0.0 0.0 0.0 0.0 0.0 4.0452 4.0452 4.0452 4.0452
7.3580000000000005 0 3 1.0 0.0 0.0 0.0 0.0 0.0 0.0 0.0 0.0 0.0 4.0452 4.0452 4.0452 4.0452
7.359 0 3 1.0 0.0 0.0 0.0 0.0 0.0 0.0 0.0 0.0 0.0 4.0452 4.0452 4.0452 4.0452
7.36 0 3 1.0 0.0 0.0 0.0 0.0 0.0 0.0 0.0 0.0 0.0 4.0452 4.0452 4.0452 4.0452
7.361 0 3 1.0 0.0 0.0 0.0 0.0 0.0 0.0 0.0 0.0 0.0 4.0452 4.0452 4.0452 4.0452
7.362 0 3 1.0 0.0 0.0 0.0 0.0 0.0 0.0 0.0 0.0 0.0 4.0452 4.0452 4.0452 4.0452
7.363 0 3 1.0 0.0 0.0 0.0 0.0 0.0 0.0 0.0 0.0 0.0 4.0452 4.0452 4.0452 4.0452
7.364 0 3 1.0 0.0 0.0 0.0 0.0 0.0 0.0 0.0 0.0 0.0 4.0452 4.0452 4.0452 4.0452
7.365 0 3 1.0 0.0 0.0 0.0 0.0 0.0 0.0 0.0 0.0 0.0 4.0452 4.0452 4.0452 4.0452
7.3660000000000005 0 3 1.0 0.0 0.0 0.0 0.0 0.0 0.0 0.0 0.0 0.0 4.0452 4.0452 4.0452 4.0452
7.367 0 3 1.0 0.0 0.0 0.0 0.0 0.0 0.0 0.0 0.0 0.0 4.0452 4.0452 4.0452 4.0452
7.368 0 3 1.0 0.0 0.0 0.0 0.0 0.0 0.0 0.0 0.0 0.0 4.0452 4.0452 4.0452 4.0452
7.369 0 3 1.0 0.0 0.0 0.0 0.0 0.0 0.0 0.0 0.0 0.0 4.0452 4.0452 4.0452 4.0452
7.37 0 3 1.0 0.0 0.0 0.0 0.0 0.0 0.0 0.0 0.0 0.0 4.0452 4.0452 4.0452 4.0452
7.371 0 3 1.0 0.0 0.0 0.0 0.0 0.0 0.0 0.0 0.0 0.0 4.0452 4.0452 4.0452 4.0452
7.372 0 3 1.0 0.0 0.0 0.0 0.0 0.0 0.0 0.0 0.0 0.0 4.0452 4.0452 4.0452 4.0452
7.373 0 3 1.0 0.0 0.0 0.0 0.0 0.0 0.0 0.0 0.0 0.0 4.0452 4.0452 4.0452 4.0452
7.3740000000000006 0 3 1.0 0.0 0.0 0.0 0.0 0.0 0.0 0.0 0.0 0.0 4.0452 4.0452 4.0452 4.0452
7.375 0 3 1.0 0.0 0.0 0.0 0.0 0.0 0.0 0.0 0.0 0.0 4.0452 4.0452 4.0452 4.0452
7.376 0 3 1.0 0.0 0.0 0.0 0.0 0.0 0.0 0.0 0.0 0.0 4.0452 4.0452 4.0452 4.0452
7.377 0 3 1.0 0.0 0.0 0.0 0.0 0.0 0.0 0.0 0.0 0.0 4.0452 4.0452 4.0452 4.0452
7.378 0 3 1.0 0.0 0.0 0.0 0.0 0.0 0.0 0.0 0.0 0.0 4.0452 4.0452 4.0452 4.0452
7.3790000000000004 0 3 1.0 0.0 0.0 0.0 0.0 0.0 0.0 0.0 0.0 0.0 4.0452 4.0452 4.0452 4.0452
7.38 0 3 1.0 0.0 0.0 0.0 0.0 0.0 0.0 0.0 0.0 0.0 4.0452 4.0452 4.0452 4.0452
7.381 0 3 1.0 0.0 0.0 0.0 0.0 0.0 0.0 0.0 0.0 0.0 4.0452 4.0452 4.0452 4.0452
7.382000000000001 0 3 1.0 0.0 0.0 0.0 0.0 0.0 0.0 0.0 0.0 0.0 4.0452 4.0452 4.0452 4.0452
7.383 0 3 1.0 0.0 0.0 0.0 0.0 0.0 0.0 0.0 0.0 0.0 4.0452 4.0452 4.0452 4.0452
7.384 0 3 1.0 0.0 0.0 0.0 0.0 0.0 0.0 0.0 0.0 0.0 4.0452 4.0452 4.0452 4.0452
7.385 0 3 1.0 0.0 0.0 0.0 0.0 0.0 0.0 0.0 0.0 0.0 4.0452 4.0452 4.0452 4.0452
7.386 0 3 1.0 0.0 0.0 0.0 0.0 0.0 0.0 0.0 0.0 0.0 4.0452 4.0452 4.0452 4.0452
7.3870000000000005 0 3 1.0 0.0 0.0 0.0 0.0 0.0 0.0 0.0 0.0 0.0 4.0452 4.0452 4.0452 4.0452
7.388 0 3 1.0 0.0 0.0 0.0 0.0 0.0 0.0 0.0 0.0 0.0 4.0452 4.0452 4.0452 4.0452
7.389 0 3 1.0 0.0 0.0 0.0 0.0 0.0 0.0 0.0 0.0 0.0 4.0452 4.0452 4.0452 4.0452
7.390000000000001 0 3 1.0 0.0 0.0 0.0 0.0 0.0 0.0 0.0 0.0 0.0 4.0452 4.0452 4.0452 4.0452
7.391 0 3 1.0 0.0 0.0 0.0 0.0 0.0 0.0 0.0 0.0 0.0 4.0452 4.0452 4.0452 4.0452
7.392 0 3 1.0 0.0 0.0 0.0 0.0 0.0 0.0 0.0 0.0 0.0 4.0452 4.0452 4.0452 4.0452
7.393 0 3 1.0 0.0 0.0 0.0 0.0 0.0 0.0 0.0 0.0 0.0 4.0452 4.0452 4.0452 4.0452
7.394 0 3 1.0 0.0 0.0 0.0 0.0 0.0 0.0 0.0 0.0 0.0 4.0452 4.0452 4.0452 4.0452
7.3950000000000005 0 3 1.0 0.0 0.0 0.0 0.0 0.0 0.0 0.0 0.0 0.0 4.0452 4.0452 4.0452 4.0452
7.396 0 3 1.0 0.0 0.0 0.0 0.0 0.0 0.0 0.0 0.0 0.0 4.0452 4.0452 4.0452 4.0452
7.397 0 3 1.0 0.0 0.0 0.0 0.0 0.0 0.0 0.0 0.0 0.0 4.0452 4.0452 4.0452 4.0452
7.398000000000001 0 3 1.0 0.0 0.0 0.0 0.0 0.0 0.0 0.0 0.0 0.0 4.0452 4.0452 4.0452 4.0452
7.399 0 3 1.0 0.0 0.0 0.0 0.0 0.0 0.0 0.0 0.0 0.0 4.0452 4.0452 4.0452 4.0452
7.4 0 3 1.0 0.0 0.0 0.0 0.0 0.0 0.0 0.0 0.0 0.0 4.0452 4.0452 4.0452 4.0452
7.401 0 3 1.0 0.0 0.0 0.0 0.0 0.0 0.0 0.0 0.0 0.0 4.0452 4.0452 4.0452 4.0452
7.402 0 3 1.0 0.0 0.0 0.0 0.0 0.0 0.0 0.0 0.0 0.0 4.0452 4.0452 4.0452 4.0452
7.4030000000000005 0 3 1.0 0.0 0.0 0.0 0.0 0.0 0.0 0.0 0.0 0.0 4.0452 4.0452 4.0452 4.0452
7.404 0 3 1.0 0.0 0.0 0.0 0.0 0.0 0.0 0.0 0.0 0.0 4.0452 4.0452 4.0452 4.0452
7.405 0 3 1.0 0.0 0.0 0.0 0.0 0.0 0.0 0.0 0.0 0.0 4.0452 4.0452 4.0452 4.0452
7.406000000000001 0 3 1.0 0.0 0.0 0.0 0.0 0.0 0.0 0.0 0.0 0.0 4.0452 4.0452 4.0452 4.0452
7.407 0 3 1.0 0.0 0.0 0.0 0.0 0.0 0.0 0.0 0.0 0.0 4.0452 4.0452 4.0452 4.0452
7.408 0 3 1.0 0.0 0.0 0.0 0.0 0.0 0.0 0.0 0.0 0.0 4.0452 4.0452 4.0452 4.0452
7.409 0 3 1.0 0.0 0.0 0.0 0.0 0.0 0.0 0.0 0.0 0.0 4.0452 4.0452 4.0452 4.0452
7.41 0 3 1.0 0.0 0.0 0.0 0.0 0.0 0.0 0.0 0.0 0.0 4.0452 4.0452 4.0452 4.0452
7.4110000000000005 0 3 1.0 0.0 0.0 0.0 0.0 0.0 0.0 0.0 0.0 0.0 4.0452 4.0452 4.0452 4.0452
7.412 0 3 1.0 0.0 0.0 0.0 0.0 0.0 0.0 0.0 0.0 0.0 4.0452 4.0452 4.0452 4.0452
7.413 0 3 1.0 0.0 0.0 0.0 0.0 0.0 0.0 0.0 0.0 0.0 4.0452 4.0452 4.0452 4.0452
7.414000000000001 0 3 1.0 0.0 0.0 0.0 0.0 0.0 0.0 0.0 0.0 0.0 4.0452 4.0452 4.0452 4.0452
7.415 0 3 1.0 0.0 0.0 0.0 0.0 0.0 0.0 0.0 0.0 0.0 4.0452 4.0452 4.0452 4.0452
7.416 0 3 1.0 0.0 0.0 0.0 0.0 0.0 0.0 0.0 0.0 0.0 4.0452 4.0452 4.0452 4.0452
7.417 0 3 1.0 0.0 0.0 0.0 0.0 0.0 0.0 0.0 0.0 0.0 4.0452 4.0452 4.0452 4.0452
7.418 0 3 1.0 0.0 0.0 0.0 0.0 0.0 0.0 0.0 0.0 0.0 4.0452 4.0452 4.0452 4.0452
7.4190000000000005 0 3 1.0 0.0 0.0 0.0 0.0 0.0 0.0 0.0 0.0 0.0 4.0452 4.0452 4.0452 4.0452
7.42 0 3 1.0 0.0 0.0 0.0 0.0 0.0 0.0 0.0 0.0 0.0 4.0452 4.0452 4.0452 4.0452
7.421 0 3 1.0 0.0 0.0 0.0 0.0 0.0 0.0 0.0 0.0 0.0 4.0452 4.0452 4.0452 4.0452
7.422000000000001 0 3 1.0 0.0 0.0 0.0 0.0 0.0 0.0 0.0 0.0 0.0 4.0452 4.0452 4.0452 4.0452
7.423 0 3 1.0 0.0 0.0 0.0 0.0 0.0 0.0 0.0 0.0 0.0 4.0452 4.0452 4.0452 4.0452
7.424 0 3 1.0 0.0 0.0 0.0 0.0 0.0 0.0 0.0 0.0 0.0 4.0452 4.0452 4.0452 4.0452
7.425 0 3 1.0 0.0 0.0 0.0 0.0 0.0 0.0 0.0 0.0 0.0 4.0452 4.0452 4.0452 4.0452
7.426 0 3 1.0 0.0 0.0 0.0 0.0 0.0 0.0 0.0 0.0 0.0 4.0452 4.0452 4.0452 4.0452
7.4270000000000005 0 3 1.0 0.0 0.0 0.0 0.0 0.0 0.0 0.0 0.0 0.0 4.0452 4.0452 4.0452 4.0452
7.428 0 3 1.0 0.0 0.0 0.0 0.0 0.0 0.0 0.0 0.0 0.0 4.0452 4.0452 4.0452 4.0452
7.429 0 3 1.0 0.0 0.0 0.0 0.0 0.0 0.0 0.0 0.0 0.0 4.0452 4.0452 4.0452 4.0452
7.43 0 3 1.0 0.0 0.0 0.0 0.0 0.0 0.0 0.0 0.0 0.0 4.0452 4.0452 4.0452 4.0452
7.431 0 3 1.0 0.0 0.0 0.0 0.0 0.0 0.0 0.0 0.0 0.0 4.0452 4.0452 4.0452 4.0452
7.432 0 3 1.0 0.0 0.0 0.0 0.0 0.0 0.0 0.0 0.0 0.0 4.0452 4.0452 4.0452 4.0452
7.433 0 3 1.0 0.0 0.0 0.0 0.0 0.0 0.0 0.0 0.0 0.0 4.0452 4.0452 4.0452 4.0452
7.434 0 3 1.0 0.0 0.0 0.0 0.0 0.0 0.0 0.0 0.0 0.0 4.0452 4.0452 4.0452 4.0452
7.4350000000000005 0 3 1.0 0.0 0.0 0.0 0.0 0.0 0.0 0.0 0.0 0.0 4.0452 4.0452 4.0452 4.0452
7.436 0 3 1.0 0.0 0.0 0.0 0.0 0.0 0.0 0.0 0.0 0.0 4.0452 4.0452 4.0452 4.0452
7.437 0 3 1.0 0.0 0.0 0.0 0.0 0.0 0.0 0.0 0.0 0.0 4.0452 4.0452 4.0452 4.0452
7.438 0 3 1.0 0.0 0.0 0.0 0.0 0.0 0.0 0.0 0.0 0.0 4.0452 4.0452 4.0452 4.0452
7.439 0 3 1.0 0.0 0.0 0.0 0.0 0.0 0.0 0.0 0.0 0.0 4.0452 4.0452 4.0452 4.0452
7.44 0 3 1.0 0.0 0.0 0.0 0.0 0.0 0.0 0.0 0.0 0.0 4.0452 4.0452 4.0452 4.0452
7.441 0 3 1.0 0.0 0.0 0.0 0.0 0.0 0.0 0.0 0.0 0.0 4.0452 4.0452 4.0452 4.0452
7.442 0 3 1.0 0.0 0.0 0.0 0.0 0.0 0.0 0.0 0.0 0.0 4.0452 4.0452 4.0452 4.0452
7.4430000000000005 0 3 1.0 0.0 0.0 0.0 0.0 0.0 0.0 0.0 0.0 0.0 4.0452 4.0452 4.0452 4.0452
7.444 0 3 1.0 0.0 0.0 0.0 0.0 0.0 0.0 0.0 0.0 0.0 4.0452 4.0452 4.0452 4.0452
7.445 0 3 1.0 0.0 0.0 0.0 0.0 0.0 0.0 0.0 0.0 0.0 4.0452 4.0452 4.0452 4.0452
7.446 0 3 1.0 0.0 0.0 0.0 0.0 0.0 0.0 0.0 0.0 0.0 4.0452 4.0452 4.0452 4.0452
7.447 0 3 1.0 0.0 0.0 0.0 0.0 0.0 0.0 0.0 0.0 0.0 4.0452 4.0452 4.0452 4.0452
7.448 0 3 1.0 0.0 0.0 0.0 0.0 0.0 0.0 0.0 0.0 0.0 4.0452 4.0452 4.0452 4.0452
7.449 0 3 1.0 0.0 0.0 0.0 0.0 0.0 0.0 0.0 0.0 0.0 4.0452 4.0452 4.0452 4.0452
7.45 0 3 1.0 0.0 0.0 0.0 0.0 0.0 0.0 0.0 0.0 0.0 4.0452 4.0452 4.0452 4.0452
7.4510000000000005 0 3 1.0 0.0 0.0 0.0 0.0 0.0 0.0 0.0 0.0 0.0 4.0452 4.0452 4.0452 4.0452
7.452 0 3 1.0 0.0 0.0 0.0 0.0 0.0 0.0 0.0 0.0 0.0 4.0452 4.0452 4.0452 4.0452
7.453 0 3 1.0 0.0 0.0 0.0 0.0 0.0 0.0 0.0 0.0 0.0 4.0452 4.0452 4.0452 4.0452
7.454 0 3 1.0 0.0 0.0 0.0 0.0 0.0 0.0 0.0 0.0 0.0 4.0452 4.0452 4.0452 4.0452
7.455 0 3 1.0 0.0 0.0 0.0 0.0 0.0 0.0 0.0 0.0 0.0 4.0452 4.0452 4.0452 4.0452
7.456 0 3 1.0 0.0 0.0 0.0 0.0 0.0 0.0 0.0 0.0 0.0 4.0452 4.0452 4.0452 4.0452
7.457 0 3 1.0 0.0 0.0 0.0 0.0 0.0 0.0 0.0 0.0 0.0 4.0452 4.0452 4.0452 4.0452
7.458 0 3 1.0 0.0 0.0 0.0 0.0 0.0 0.0 0.0 0.0 0.0 4.0452 4.0452 4.0452 4.0452
7.4590000000000005 0 3 1.0 0.0 0.0 0.0 0.0 0.0 0.0 0.0 0.0 0.0 4.0452 4.0452 4.0452 4.0452
7.46 0 3 1.0 0.0 0.0 0.0 0.0 0.0 0.0 0.0 0.0 0.0 4.0452 4.0452 4.0452 4.0452
7.461 0 3 1.0 0.0 0.0 0.0 0.0 0.0 0.0 0.0 0.0 0.0 4.0452 4.0452 4.0452 4.0452
7.462 0 3 1.0 0.0 0.0 0.0 0.0 0.0 0.0 0.0 0.0 0.0 4.0452 4.0452 4.0452 4.0452
7.463 0 3 1.0 0.0 0.0 0.0 0.0 0.0 0.0 0.0 0.0 0.0 4.0452 4.0452 4.0452 4.0452
7.464 0 3 1.0 0.0 0.0 0.0 0.0 0.0 0.0 0.0 0.0 0.0 4.0452 4.0452 4.0452 4.0452
7.465 0 3 1.0 0.0 0.0 0.0 0.0 0.0 0.0 0.0 0.0 0.0 4.0452 4.0452 4.0452 4.0452
7.466 0 3 1.0 0.0 0.0 0.0 0.0 0.0 0.0 0.0 0.0 0.0 4.0452 4.0452 4.0452 4.0452
7.4670000000000005 0 3 1.0 0.0 0.0 0.0 0.0 0.0 0.0 0.0 0.0 0.0 4.0452 4.0452 4.0452 4.0452
7.468 0 3 1.0 0.0 0.0 0.0 0.0 0.0 0.0 0.0 0.0 0.0 4.0452 4.0452 4.0452 4.0452
7.469 0 3 1.0 0.0 0.0 0.0 0.0 0.0 0.0 0.0 0.0 0.0 4.0452 4.0452 4.0452 4.0452
7.47 0 3 1.0 0.0 0.0 0.0 0.0 0.0 0.0 0.0 0.0 0.0 4.0452 4.0452 4.0452 4.0452
7.471 0 3 1.0 0.0 0.0 0.0 0.0 0.0 0.0 0.0 0.0 0.0 4.0452 4.0452 4.0452 4.0452
7.472 0 3 1.0 0.0 0.0 0.0 0.0 0.0 0.0 0.0 0.0 0.0 4.0452 4.0452 4.0452 4.0452
7.473 0 3 1.0 0.0 0.0 0.0 0.0 0.0 0.0 0.0 0.0 0.0 4.0452 4.0452 4.0452 4.0452
7.474 0 3 1.0 0.0 0.0 0.0 0.0 0.0 0.0 0.0 0.0 0.0 4.0452 4.0452 4.0452 4.0452
7.4750000000000005 0 3 1.0 0.0 0.0 0.0 0.0 0.0 0.0 0.0 0.0 0.0 4.0452 4.0452 4.0452 4.0452
7.476 0 3 1.0 0.0 0.0 0.0 0.0 0.0 0.0 0.0 0.0 0.0 4.0452 4.0452 4.0452 4.0452
7.477 0 3 1.0 0.0 0.0 0.0 0.0 0.0 0.0 0.0 0.0 0.0 4.0452 4.0452 4.0452 4.0452
7.478 0 3 1.0 0.0 0.0 0.0 0.0 0.0 0.0 0.0 0.0 0.0 4.0452 4.0452 4.0452 4.0452
7.479 0 3 1.0 0.0 0.0 0.0 0.0 0.0 0.0 0.0 0.0 0.0 4.0452 4.0452 4.0452 4.0452
7.48 0 3 1.0 0.0 0.0 0.0 0.0 0.0 0.0 0.0 0.0 0.0 4.0452 4.0452 4.0452 4.0452
7.481 0 3 1.0 0.0 0.0 0.0 0.0 0.0 0.0 0.0 0.0 0.0 4.0452 4.0452 4.0452 4.0452
7.482 0 3 1.0 0.0 0.0 0.0 0.0 0.0 0.0 0.0 0.0 0.0 4.0452 4.0452 4.0452 4.0452
7.4830000000000005 0 3 1.0 0.0 0.0 0.0 0.0 0.0 0.0 0.0 0.0 0.0 4.0452 4.0452 4.0452 4.0452
7.484 0 3 1.0 0.0 0.0 0.0 0.0 0.0 0.0 0.0 0.0 0.0 4.0452 4.0452 4.0452 4.0452
7.485 0 3 1.0 0.0 0.0 0.0 0.0 0.0 0.0 0.0 0.0 0.0 4.0452 4.0452 4.0452 4.0452
7.486 0 3 1.0 0.0 0.0 0.0 0.0 0.0 0.0 0.0 0.0 0.0 4.0452 4.0452 4.0452 4.0452
7.487 0 3 1.0 0.0 0.0 0.0 0.0 0.0 0.0 0.0 0.0 0.0 4.0452 4.0452 4.0452 4.0452
7.488 0 3 1.0 0.0 0.0 0.0 0.0 0.0 0.0 0.0 0.0 0.0 4.0452 4.0452 4.0452 4.0452
7.489 0 3 1.0 0.0 0.0 0.0 0.0 0.0 0.0 0.0 0.0 0.0 4.0452 4.0452 4.0452 4.0452
7.49 0 3 1.0 0.0 0.0 0.0 0.0 0.0 0.0 0.0 0.0 0.0 4.0452 4.0452 4.0452 4.0452
7.4910000000000005 0 3 1.0 0.0 0.0 0.0 0.0 0.0 0.0 0.0 0.0 0.0 4.0452 4.0452 4.0452 4.0452
7.492 0 3 1.0 0.0 0.0 0.0 0.0 0.0 0.0 0.0 0.0 0.0 4.0452 4.0452 4.0452 4.0452
7.493 0 3 1.0 0.0 0.0 0.0 0.0 0.0 0.0 0.0 0.0 0.0 4.0452 4.0452 4.0452 4.0452
7.494 0 3 1.0 0.0 0.0 0.0 0.0 0.0 0.0 0.0 0.0 0.0 4.0452 4.0452 4.0452 4.0452
7.495 0 3 1.0 0.0 0.0 0.0 0.0 0.0 0.0 0.0 0.0 0.0 4.0452 4.0452 4.0452 4.0452
7.496 0 3 1.0 0.0 0.0 0.0 0.0 0.0 0.0 0.0 0.0 0.0 4.0452 4.0452 4.0452 4.0452
7.497 0 3 1.0 0.0 0.0 0.0 0.0 0.0 0.0 0.0 0.0 0.0 4.0452 4.0452 4.0452 4.0452
7.498 0 3 1.0 0.0 0.0 0.0 0.0 0.0 0.0 0.0 0.0 0.0 4.0452 4.0452 4.0452 4.0452
7.4990000000000006 0 3 1.0 0.0 0.0 0.0 0.0 0.0 0.0 0.0 0.0 0.0 4.0452 4.0452 4.0452 4.0452
7.5 0 3 1.0 0.0 0.0 0.0 0.0 0.0 0.0 0.0 0.0 0.0 4.0452 4.0452 4.0452 4.0452
7.501 0 3 1.0 0.0 0.0 0.0 0.0 0.0 0.0 0.0 0.0 0.0 4.0452 4.0452 4.0452 4.0452
7.502 0 3 1.0 0.0 0.0 0.0 0.0 0.0 0.0 0.0 0.0 0.0 4.0452 4.0452 4.0452 4.0452
7.503 0 3 1.0 0.0 0.0 0.0 0.0 0.0 0.0 0.0 0.0 0.0 4.0452 4.0452 4.0452 4.0452
7.5040000000000004 0 3 1.0 0.0 0.0 0.0 0.0 0.0 0.0 0.0 0.0 0.0 4.0452 4.0452 4.0452 4.0452
7.505 0 3 1.0 0.0 0.0 0.0 0.0 0.0 0.0 0.0 0.0 0.0 4.0452 4.0452 4.0452 4.0452
7.506 0 3 1.0 0.0 0.0 0.0 0.0 0.0 0.0 0.0 0.0 0.0 4.0452 4.0452 4.0452 4.0452
7.507000000000001 0 3 1.0 0.0 0.0 0.0 0.0 0.0 0.0 0.0 0.0 0.0 4.0452 4.0452 4.0452 4.0452
7.508 0 3 1.0 0.0 0.0 0.0 0.0 0.0 0.0 0.0 0.0 0.0 4.0452 4.0452 4.0452 4.0452
7.509 0 3 1.0 0.0 0.0 0.0 0.0 0.0 0.0 0.0 0.0 0.0 4.0452 4.0452 4.0452 4.0452
7.51 0 3 1.0 0.0 0.0 0.0 0.0 0.0 0.0 0.0 0.0 0.0 4.0452 4.0452 4.0452 4.0452
7.511 0 3 1.0 0.0 0.0 0.0 0.0 0.0 0.0 0.0 0.0 0.0 4.0452 4.0452 4.0452 4.0452
7.5120000000000005 0 3 1.0 0.0 0.0 0.0 0.0 0.0 0.0 0.0 0.0 0.0 4.0452 4.0452 4.0452 4.0452
7.513 0 3 1.0 0.0 0.0 0.0 0.0 0.0 0.0 0.0 0.0 0.0 4.0452 4.0452 4.0452 4.0452
7.514 0 3 1.0 0.0 0.0 0.0 0.0 0.0 0.0 0.0 0.0 0.0 4.0452 4.0452 4.0452 4.0452
7.515000000000001 0 3 1.0 0.0 0.0 0.0 0.0 0.0 0.0 0.0 0.0 0.0 4.0452 4.0452 4.0452 4.0452
7.516 0 3 1.0 0.0 0.0 0.0 0.0 0.0 0.0 0.0 0.0 0.0 4.0452 4.0452 4.0452 4.0452
7.517 0 3 1.0 0.0 0.0 0.0 0.0 0.0 0.0 0.0 0.0 0.0 4.0452 4.0452 4.0452 4.0452
7.518 0 3 1.0 0.0 0.0 0.0 0.0 0.0 0.0 0.0 0.0 0.0 4.0452 4.0452 4.0452 4.0452
7.519 0 3 1.0 0.0 0.0 0.0 0.0 0.0 0.0 0.0 0.0 0.0 4.0452 4.0452 4.0452 4.0452
7.5200000000000005 0 3 1.0 0.0 0.0 0.0 0.0 0.0 0.0 0.0 0.0 0.0 4.0452 4.0452 4.0452 4.0452
7.521 0 3 1.0 0.0 0.0 0.0 0.0 0.0 0.0 0.0 0.0 0.0 4.0452 4.0452 4.0452 4.0452
7.522 0 3 1.0 0.0 0.0 0.0 0.0 0.0 0.0 0.0 0.0 0.0 4.0452 4.0452 4.0452 4.0452
7.523000000000001 0 3 1.0 0.0 0.0 0.0 0.0 0.0 0.0 0.0 0.0 0.0 4.0452 4.0452 4.0452 4.0452
7.524 0 3 1.0 0.0 0.0 0.0 0.0 0.0 0.0 0.0 0.0 0.0 4.0452 4.0452 4.0452 4.0452
7.525 0 3 1.0 0.0 0.0 0.0 0.0 0.0 0.0 0.0 0.0 0.0 4.0452 4.0452 4.0452 4.0452
7.526 0 3 1.0 0.0 0.0 0.0 0.0 0.0 0.0 0.0 0.0 0.0 4.0452 4.0452 4.0452 4.0452
7.527 0 3 1.0 0.0 0.0 0.0 0.0 0.0 0.0 0.0 0.0 0.0 4.0452 4.0452 4.0452 4.0452
7.5280000000000005 0 3 1.0 0.0 0.0 0.0 0.0 0.0 0.0 0.0 0.0 0.0 4.0452 4.0452 4.0452 4.0452
7.529 0 3 1.0 0.0 0.0 0.0 0.0 0.0 0.0 0.0 0.0 0.0 4.0452 4.0452 4.0452 4.0452
7.53 0 3 1.0 0.0 0.0 0.0 0.0 0.0 0.0 0.0 0.0 0.0 4.0452 4.0452 4.0452 4.0452
7.531000000000001 0 3 1.0 0.0 0.0 0.0 0.0 0.0 0.0 0.0 0.0 0.0 4.0452 4.0452 4.0452 4.0452
7.532 0 3 1.0 0.0 0.0 0.0 0.0 0.0 0.0 0.0 0.0 0.0 4.0452 4.0452 4.0452 4.0452
7.533 0 3 1.0 0.0 0.0 0.0 0.0 0.0 0.0 0.0 0.0 0.0 4.0452 4.0452 4.0452 4.0452
7.534 0 3 1.0 0.0 0.0 0.0 0.0 0.0 0.0 0.0 0.0 0.0 4.0452 4.0452 4.0452 4.0452
7.535 0 3 1.0 0.0 0.0 0.0 0.0 0.0 0.0 0.0 0.0 0.0 4.0452 4.0452 4.0452 4.0452
7.5360000000000005 0 3 1.0 0.0 0.0 0.0 0.0 0.0 0.0 0.0 0.0 0.0 4.0452 4.0452 4.0452 4.0452
7.537 0 3 1.0 0.0 0.0 0.0 0.0 0.0 0.0 0.0 0.0 0.0 4.0452 4.0452 4.0452 4.0452
7.538 0 3 1.0 0.0 0.0 0.0 0.0 0.0 0.0 0.0 0.0 0.0 4.0452 4.0452 4.0452 4.0452
7.539000000000001 0 3 1.0 0.0 0.0 0.0 0.0 0.0 0.0 0.0 0.0 0.0 4.0452 4.0452 4.0452 4.0452
7.54 0 3 1.0 0.0 0.0 0.0 0.0 0.0 0.0 0.0 0.0 0.0 4.0452 4.0452 4.0452 4.0452
7.541 0 3 1.0 0.0 0.0 0.0 0.0 0.0 0.0 0.0 0.0 0.0 4.0452 4.0452 4.0452 4.0452
7.542 0 3 1.0 0.0 0.0 0.0 0.0 0.0 0.0 0.0 0.0 0.0 4.0452 4.0452 4.0452 4.0452
7.543 0 3 1.0 0.0 0.0 0.0 0.0 0.0 0.0 0.0 0.0 0.0 4.0452 4.0452 4.0452 4.0452
7.5440000000000005 0 3 1.0 0.0 0.0 0.0 0.0 0.0 0.0 0.0 0.0 0.0 4.0452 4.0452 4.0452 4.0452
7.545 0 3 1.0 0.0 0.0 0.0 0.0 0.0 0.0 0.0 0.0 0.0 4.0452 4.0452 4.0452 4.0452
7.546 0 3 1.0 0.0 0.0 0.0 0.0 0.0 0.0 0.0 0.0 0.0 4.0452 4.0452 4.0452 4.0452
7.547000000000001 0 3 1.0 0.0 0.0 0.0 0.0 0.0 0.0 0.0 0.0 0.0 4.0452 4.0452 4.0452 4.0452
7.548 0 3 1.0 0.0 0.0 0.0 0.0 0.0 0.0 0.0 0.0 0.0 4.0452 4.0452 4.0452 4.0452
7.549 0 3 1.0 0.0 0.0 0.0 0.0 0.0 0.0 0.0 0.0 0.0 4.0452 4.0452 4.0452 4.0452
7.55 0 3 1.0 0.0 0.0 0.0 0.0 0.0 0.0 0.0 0.0 0.0 4.0452 4.0452 4.0452 4.0452
7.551 0 3 1.0 0.0 0.0 0.0 0.0 0.0 0.0 0.0 0.0 0.0 4.0452 4.0452 4.0452 4.0452
7.5520000000000005 0 3 1.0 0.0 0.0 0.0 0.0 0.0 0.0 0.0 0.0 0.0 4.0452 4.0452 4.0452 4.0452
7.553 0 3 1.0 0.0 0.0 0.0 0.0 0.0 0.0 0.0 0.0 0.0 4.0452 4.0452 4.0452 4.0452
7.554 0 3 1.0 0.0 0.0 0.0 0.0 0.0 0.0 0.0 0.0 0.0 4.0452 4.0452 4.0452 4.0452
7.555 0 3 1.0 0.0 0.0 0.0 0.0 0.0 0.0 0.0 0.0 0.0 4.0452 4.0452 4.0452 4.0452
7.556 0 3 1.0 0.0 0.0 0.0 0.0 0.0 0.0 0.0 0.0 0.0 4.0452 4.0452 4.0452 4.0452
7.557 0 3 1.0 0.0 0.0 0.0 0.0 0.0 0.0 0.0 0.0 0.0 4.0452 4.0452 4.0452 4.0452
7.558 0 3 1.0 0.0 0.0 0.0 0.0 0.0 0.0 0.0 0.0 0.0 4.0452 4.0452 4.0452 4.0452
7.559 0 3 1.0 0.0 0.0 0.0 0.0 0.0 0.0 0.0 0.0 0.0 4.0452 4.0452 4.0452 4.0452
7.5600000000000005 0 3 1.0 0.0 0.0 0.0 0.0 0.0 0.0 0.0 0.0 0.0 4.0452 4.0452 4.0452 4.0452
7.561 0 3 1.0 0.0 0.0 0.0 0.0 0.0 0.0 0.0 0.0 0.0 4.0452 4.0452 4.0452 4.0452
7.562 0 3 1.0 0.0 0.0 0.0 0.0 0.0 0.0 0.0 0.0 0.0 4.0452 4.0452 4.0452 4.0452
7.563 0 3 1.0 0.0 0.0 0.0 0.0 0.0 0.0 0.0 0.0 0.0 4.0452 4.0452 4.0452 4.0452
7.564 0 3 1.0 0.0 0.0 0.0 0.0 0.0 0.0 0.0 0.0 0.0 4.0452 4.0452 4.0452 4.0452
7.565 0 3 1.0 0.0 0.0 0.0 0.0 0.0 0.0 0.0 0.0 0.0 4.0452 4.0452 4.0452 4.0452
7.566 0 3 1.0 0.0 0.0 0.0 0.0 0.0 0.0 0.0 0.0 0.0 4.0452 4.0452 4.0452 4.0452
7.567 0 3 1.0 0.0 0.0 0.0 0.0 0.0 0.0 0.0 0.0 0.0 4.0452 4.0452 4.0452 4.0452
7.5680000000000005 0 3 1.0 0.0 0.0 0.0 0.0 0.0 0.0 0.0 0.0 0.0 4.0452 4.0452 4.0452 4.0452
7.569 0 3 1.0 0.0 0.0 0.0 0.0 0.0 0.0 0.0 0.0 0.0 4.0452 4.0452 4.0452 4.0452
7.57 0 3 1.0 0.0 0.0 0.0 0.0 0.0 0.0 0.0 0.0 0.0 4.0452 4.0452 4.0452 4.0452
7.571 0 3 1.0 0.0 0.0 0.0 0.0 0.0 0.0 0.0 0.0 0.0 4.0452 4.0452 4.0452 4.0452
7.572 0 3 1.0 0.0 0.0 0.0 0.0 0.0 0.0 0.0 0.0 0.0 4.0452 4.0452 4.0452 4.0452
7.573 0 3 1.0 0.0 0.0 0.0 0.0 0.0 0.0 0.0 0.0 0.0 4.0452 4.0452 4.0452 4.0452
7.574 0 3 1.0 0.0 0.0 0.0 0.0 0.0 0.0 0.0 0.0 0.0 4.0452 4.0452 4.0452 4.0452
7.575 0 3 1.0 0.0 0.0 0.0 0.0 0.0 0.0 0.0 0.0 0.0 4.0452 4.0452 4.0452 4.0452
7.5760000000000005 0 3 1.0 0.0 0.0 0.0 0.0 0.0 0.0 0.0 0.0 0.0 4.0452 4.0452 4.0452 4.0452
7.577 0 3 1.0 0.0 0.0 0.0 0.0 0.0 0.0 0.0 0.0 0.0 4.0452 4.0452 4.0452 4.0452
7.578 0 3 1.0 0.0 0.0 0.0 0.0 0.0 0.0 0.0 0.0 0.0 4.0452 4.0452 4.0452 4.0452
7.579 0 3 1.0 0.0 0.0 0.0 0.0 0.0 0.0 0.0 0.0 0.0 4.0452 4.0452 4.0452 4.0452
7.58 0 3 1.0 0.0 0.0 0.0 0.0 0.0 0.0 0.0 0.0 0.0 4.0452 4.0452 4.0452 4.0452
7.581 0 3 1.0 0.0 0.0 0.0 0.0 0.0 0.0 0.0 0.0 0.0 4.0452 4.0452 4.0452 4.0452
7.582 0 3 1.0 0.0 0.0 0.0 0.0 0.0 0.0 0.0 0.0 0.0 4.0452 4.0452 4.0452 4.0452
7.583 0 3 1.0 0.0 0.0 0.0 0.0 0.0 0.0 0.0 0.0 0.0 4.0452 4.0452 4.0452 4.0452
7.5840000000000005 0 3 1.0 0.0 0.0 0.0 0.0 0.0 0.0 0.0 0.0 0.0 4.0452 4.0452 4.0452 4.0452
7.585 0 3 1.0 0.0 0.0 0.0 0.0 0.0 0.0 0.0 0.0 0.0 4.0452 4.0452 4.0452 4.0452
7.586 0 3 1.0 0.0 0.0 0.0 0.0 0.0 0.0 0.0 0.0 0.0 4.0452 4.0452 4.0452 4.0452
7.587 0 3 1.0 0.0 0.0 0.0 0.0 0.0 0.0 0.0 0.0 0.0 4.0452 4.0452 4.0452 4.0452
7.588 0 3 1.0 0.0 0.0 0.0 0.0 0.0 0.0 0.0 0.0 0.0 4.0452 4.0452 4.0452 4.0452
7.589 0 3 1.0 0.0 0.0 0.0 0.0 0.0 0.0 0.0 0.0 0.0 4.0452 4.0452 4.0452 4.0452
7.59 0 3 1.0 0.0 0.0 0.0 0.0 0.0 0.0 0.0 0.0 0.0 4.0452 4.0452 4.0452 4.0452
7.591 0 3 1.0 0.0 0.0 0.0 0.0 0.0 0.0 0.0 0.0 0.0 4.0452 4.0452 4.0452 4.0452
7.5920000000000005 0 3 1.0 0.0 0.0 0.0 0.0 0.0 0.0 0.0 0.0 0.0 4.0452 4.0452 4.0452 4.0452
7.593 0 3 1.0 0.0 0.0 0.0 0.0 0.0 0.0 0.0 0.0 0.0 4.0452 4.0452 4.0452 4.0452
7.594 0 3 1.0 0.0 0.0 0.0 0.0 0.0 0.0 0.0 0.0 0.0 4.0452 4.0452 4.0452 4.0452
7.595 0 3 1.0 0.0 0.0 0.0 0.0 0.0 0.0 0.0 0.0 0.0 4.0452 4.0452 4.0452 4.0452
7.596 0 3 1.0 0.0 0.0 0.0 0.0 0.0 0.0 0.0 0.0 0.0 4.0452 4.0452 4.0452 4.0452
7.597 0 3 1.0 0.0 0.0 0.0 0.0 0.0 0.0 0.0 0.0 0.0 4.0452 4.0452 4.0452 4.0452
7.598 0 3 1.0 0.0 0.0 0.0 0.0 0.0 0.0 0.0 0.0 0.0 4.0452 4.0452 4.0452 4.0452
7.599 0 3 1.0 0.0 0.0 0.0 0.0 0.0 0.0 0.0 0.0 0.0 4.0452 4.0452 4.0452 4.0452
7.6000000000000005 0 3 1.0 0.0 0.0 0.0 0.0 0.0 0.0 0.0 0.0 0.0 4.0452 4.0452 4.0452 4.0452
7.601 0 3 1.0 0.0 0.0 0.0 0.0 0.0 0.0 0.0 0.0 0.0 4.0452 4.0452 4.0452 4.0452
7.602 0 3 1.0 0.0 0.0 0.0 0.0 0.0 0.0 0.0 0.0 0.0 4.0452 4.0452 4.0452 4.0452
7.603 0 3 1.0 0.0 0.0 0.0 0.0 0.0 0.0 0.0 0.0 0.0 4.0452 4.0452 4.0452 4.0452
7.604 0 3 1.0 0.0 0.0 0.0 0.0 0.0 0.0 0.0 0.0 0.0 4.0452 4.0452 4.0452 4.0452
7.605 0 3 1.0 0.0 0.0 0.0 0.0 0.0 0.0 0.0 0.0 0.0 4.0452 4.0452 4.0452 4.0452
7.606 0 3 1.0 0.0 0.0 0.0 0.0 0.0 0.0 0.0 0.0 0.0 4.0452 4.0452 4.0452 4.0452
7.607 0 3 1.0 0.0 0.0 0.0 0.0 0.0 0.0 0.0 0.0 0.0 4.0452 4.0452 4.0452 4.0452
7.6080000000000005 0 3 1.0 0.0 0.0 0.0 0.0 0.0 0.0 0.0 0.0 0.0 4.0452 4.0452 4.0452 4.0452
7.609 0 3 1.0 0.0 0.0 0.0 0.0 0.0 0.0 0.0 0.0 0.0 4.0452 4.0452 4.0452 4.0452
7.61 0 3 1.0 0.0 0.0 0.0 0.0 0.0 0.0 0.0 0.0 0.0 4.0452 4.0452 4.0452 4.0452
7.611 0 3 1.0 0.0 0.0 0.0 0.0 0.0 0.0 0.0 0.0 0.0 4.0452 4.0452 4.0452 4.0452
7.612 0 3 1.0 0.0 0.0 0.0 0.0 0.0 0.0 0.0 0.0 0.0 4.0452 4.0452 4.0452 4.0452
7.613 0 3 1.0 0.0 0.0 0.0 0.0 0.0 0.0 0.0 0.0 0.0 4.0452 4.0452 4.0452 4.0452
7.614 0 3 1.0 0.0 0.0 0.0 0.0 0.0 0.0 0.0 0.0 0.0 4.0452 4.0452 4.0452 4.0452
7.615 0 3 1.0 0.0 0.0 0.0 0.0 0.0 0.0 0.0 0.0 0.0 4.0452 4.0452 4.0452 4.0452
7.6160000000000005 0 3 1.0 0.0 0.0 0.0 0.0 0.0 0.0 0.0 0.0 0.0 4.0452 4.0452 4.0452 4.0452
7.617 0 3 1.0 0.0 0.0 0.0 0.0 0.0 0.0 0.0 0.0 0.0 4.0452 4.0452 4.0452 4.0452
7.618 0 3 1.0 0.0 0.0 0.0 0.0 0.0 0.0 0.0 0.0 0.0 4.0452 4.0452 4.0452 4.0452
7.619 0 3 1.0 0.0 0.0 0.0 0.0 0.0 0.0 0.0 0.0 0.0 4.0452 4.0452 4.0452 4.0452
7.62 0 3 1.0 0.0 0.0 0.0 0.0 0.0 0.0 0.0 0.0 0.0 4.0452 4.0452 4.0452 4.0452
7.621 0 3 1.0 0.0 0.0 0.0 0.0 0.0 0.0 0.0 0.0 0.0 4.0452 4.0452 4.0452 4.0452
7.622 0 3 1.0 0.0 0.0 0.0 0.0 0.0 0.0 0.0 0.0 0.0 4.0452 4.0452 4.0452 4.0452
7.623 0 3 1.0 0.0 0.0 0.0 0.0 0.0 0.0 0.0 0.0 0.0 4.0452 4.0452 4.0452 4.0452
7.6240000000000006 0 3 1.0 0.0 0.0 0.0 0.0 0.0 0.0 0.0 0.0 0.0 4.0452 4.0452 4.0452 4.0452
7.625 0 3 1.0 0.0 0.0 0.0 0.0 0.0 0.0 0.0 0.0 0.0 4.0452 4.0452 4.0452 4.0452
7.626 0 3 1.0 0.0 0.0 0.0 0.0 0.0 0.0 0.0 0.0 0.0 4.0452 4.0452 4.0452 4.0452
7.627 0 3 1.0 0.0 0.0 0.0 0.0 0.0 0.0 0.0 0.0 0.0 4.0452 4.0452 4.0452 4.0452
7.628 0 3 1.0 0.0 0.0 0.0 0.0 0.0 0.0 0.0 0.0 0.0 4.0452 4.0452 4.0452 4.0452
7.6290000000000004 0 3 1.0 0.0 0.0 0.0 0.0 0.0 0.0 0.0 0.0 0.0 4.0452 4.0452 4.0452 4.0452
7.63 0 3 1.0 0.0 0.0 0.0 0.0 0.0 0.0 0.0 0.0 0.0 4.0452 4.0452 4.0452 4.0452
7.631 0 3 1.0 0.0 0.0 0.0 0.0 0.0 0.0 0.0 0.0 0.0 4.0452 4.0452 4.0452 4.0452
7.632000000000001 0 3 1.0 0.0 0.0 0.0 0.0 0.0 0.0 0.0 0.0 0.0 4.0452 4.0452 4.0452 4.0452
7.633 0 3 1.0 0.0 0.0 0.0 0.0 0.0 0.0 0.0 0.0 0.0 4.0452 4.0452 4.0452 4.0452
7.634 0 3 1.0 0.0 0.0 0.0 0.0 0.0 0.0 0.0 0.0 0.0 4.0452 4.0452 4.0452 4.0452
7.635 0 3 1.0 0.0 0.0 0.0 0.0 0.0 0.0 0.0 0.0 0.0 4.0452 4.0452 4.0452 4.0452
7.636 0 3 1.0 0.0 0.0 0.0 0.0 0.0 0.0 0.0 0.0 0.0 4.0452 4.0452 4.0452 4.0452
7.6370000000000005 0 3 1.0 0.0 0.0 0.0 0.0 0.0 0.0 0.0 0.0 0.0 4.0452 4.0452 4.0452 4.0452
7.638 0 3 1.0 0.0 0.0 0.0 0.0 0.0 0.0 0.0 0.0 0.0 4.0452 4.0452 4.0452 4.0452
7.639 0 3 1.0 0.0 0.0 0.0 0.0 0.0 0.0 0.0 0.0 0.0 4.0452 4.0452 4.0452 4.0452
7.640000000000001 0 3 1.0 0.0 0.0 0.0 0.0 0.0 0.0 0.0 0.0 0.0 4.0452 4.0452 4.0452 4.0452
7.641 0 3 1.0 0.0 0.0 0.0 0.0 0.0 0.0 0.0 0.0 0.0 4.0452 4.0452 4.0452 4.0452
7.642 0 3 1.0 0.0 0.0 0.0 0.0 0.0 0.0 0.0 0.0 0.0 4.0452 4.0452 4.0452 4.0452
7.643 0 3 1.0 0.0 0.0 0.0 0.0 0.0 0.0 0.0 0.0 0.0 4.0452 4.0452 4.0452 4.0452
7.644 0 3 1.0 0.0 0.0 0.0 0.0 0.0 0.0 0.0 0.0 0.0 4.0452 4.0452 4.0452 4.0452
7.6450000000000005 0 3 1.0 0.0 0.0 0.0 0.0 0.0 0.0 0.0 0.0 0.0 4.0452 4.0452 4.0452 4.0452
7.646 0 3 1.0 0.0 0.0 0.0 0.0 0.0 0.0 0.0 0.0 0.0 4.0452 4.0452 4.0452 4.0452
7.647 0 3 1.0 0.0 0.0 0.0 0.0 0.0 0.0 0.0 0.0 0.0 4.0452 4.0452 4.0452 4.0452
7.648000000000001 0 3 1.0 0.0 0.0 0.0 0.0 0.0 0.0 0.0 0.0 0.0 4.0452 4.0452 4.0452 4.0452
7.649 0 3 1.0 0.0 0.0 0.0 0.0 0.0 0.0 0.0 0.0 0.0 4.0452 4.0452 4.0452 4.0452
7.65 0 3 1.0 0.0 0.0 0.0 0.0 0.0 0.0 0.0 0.0 0.0 4.0452 4.0452 4.0452 4.0452
7.651 0 3 1.0 0.0 0.0 0.0 0.0 0.0 0.0 0.0 0.0 0.0 4.0452 4.0452 4.0452 4.0452
7.652 0 3 1.0 0.0 0.0 0.0 0.0 0.0 0.0 0.0 0.0 0.0 4.0452 4.0452 4.0452 4.0452
7.6530000000000005 0 3 1.0 0.0 0.0 0.0 0.0 0.0 0.0 0.0 0.0 0.0 4.0452 4.0452 4.0452 4.0452
7.654 0 3 1.0 0.0 0.0 0.0 0.0 0.0 0.0 0.0 0.0 0.0 4.0452 4.0452 4.0452 4.0452
7.655 0 3 1.0 0.0 0.0 0.0 0.0 0.0 0.0 0.0 0.0 0.0 4.0452 4.0452 4.0452 4.0452
7.656000000000001 0 3 1.0 0.0 0.0 0.0 0.0 0.0 0.0 0.0 0.0 0.0 4.0452 4.0452 4.0452 4.0452
7.657 0 3 1.0 0.0 0.0 0.0 0.0 0.0 0.0 0.0 0.0 0.0 4.0452 4.0452 4.0452 4.0452
7.658 0 3 1.0 0.0 0.0 0.0 0.0 0.0 0.0 0.0 0.0 0.0 4.0452 4.0452 4.0452 4.0452
7.659 0 3 1.0 0.0 0.0 0.0 0.0 0.0 0.0 0.0 0.0 0.0 4.0452 4.0452 4.0452 4.0452
7.66 0 3 1.0 0.0 0.0 0.0 0.0 0.0 0.0 0.0 0.0 0.0 4.0452 4.0452 4.0452 4.0452
7.6610000000000005 0 3 1.0 0.0 0.0 0.0 0.0 0.0 0.0 0.0 0.0 0.0 4.0452 4.0452 4.0452 4.0452
7.662 0 3 1.0 0.0 0.0 0.0 0.0 0.0 0.0 0.0 0.0 0.0 4.0452 4.0452 4.0452 4.0452
7.663 0 3 1.0 0.0 0.0 0.0 0.0 0.0 0.0 0.0 0.0 0.0 4.0452 4.0452 4.0452 4.0452
7.664000000000001 0 3 1.0 0.0 0.0 0.0 0.0 0.0 0.0 0.0 0.0 0.0 4.0452 4.0452 4.0452 4.0452
7.665 0 3 1.0 0.0 0.0 0.0 0.0 0.0 0.0 0.0 0.0 0.0 4.0452 4.0452 4.0452 4.0452
7.666 0 3 1.0 0.0 0.0 0.0 0.0 0.0 0.0 0.0 0.0 0.0 4.0452 4.0452 4.0452 4.0452
7.667 0 3 1.0 0.0 0.0 0.0 0.0 0.0 0.0 0.0 0.0 0.0 4.0452 4.0452 4.0452 4.0452
7.668 0 3 1.0 0.0 0.0 0.0 0.0 0.0 0.0 0.0 0.0 0.0 4.0452 4.0452 4.0452 4.0452
7.6690000000000005 0 3 1.0 0.0 0.0 0.0 0.0 0.0 0.0 0.0 0.0 0.0 4.0452 4.0452 4.0452 4.0452
7.67 0 3 1.0 0.0 0.0 0.0 0.0 0.0 0.0 0.0 0.0 0.0 4.0452 4.0452 4.0452 4.0452
7.671 0 3 1.0 0.0 0.0 0.0 0.0 0.0 0.0 0.0 0.0 0.0 4.0452 4.0452 4.0452 4.0452
7.672000000000001 0 3 1.0 0.0 0.0 0.0 0.0 0.0 0.0 0.0 0.0 0.0 4.0452 4.0452 4.0452 4.0452
7.673 0 3 1.0 0.0 0.0 0.0 0.0 0.0 0.0 0.0 0.0 0.0 4.0452 4.0452 4.0452 4.0452
7.674 0 3 1.0 0.0 0.0 0.0 0.0 0.0 0.0 0.0 0.0 0.0 4.0452 4.0452 4.0452 4.0452
7.675 0 3 1.0 0.0 0.0 0.0 0.0 0.0 0.0 0.0 0.0 0.0 4.0452 4.0452 4.0452 4.0452
7.676 0 3 1.0 0.0 0.0 0.0 0.0 0.0 0.0 0.0 0.0 0.0 4.0452 4.0452 4.0452 4.0452
7.6770000000000005 0 3 1.0 0.0 0.0 0.0 0.0 0.0 0.0 0.0 0.0 0.0 4.0452 4.0452 4.0452 4.0452
7.678 0 3 1.0 0.0 0.0 0.0 0.0 0.0 0.0 0.0 0.0 0.0 4.0452 4.0452 4.0452 4.0452
7.679 0 3 1.0 0.0 0.0 0.0 0.0 0.0 0.0 0.0 0.0 0.0 4.0452 4.0452 4.0452 4.0452
7.68 0 3 1.0 0.0 0.0 0.0 0.0 0.0 0.0 0.0 0.0 0.0 4.0452 4.0452 4.0452 4.0452
7.681 0 3 1.0 0.0 0.0 0.0 0.0 0.0 0.0 0.0 0.0 0.0 4.0452 4.0452 4.0452 4.0452
7.682 0 3 1.0 0.0 0.0 0.0 0.0 0.0 0.0 0.0 0.0 0.0 4.0452 4.0452 4.0452 4.0452
7.683 0 3 1.0 0.0 0.0 0.0 0.0 0.0 0.0 0.0 0.0 0.0 4.0452 4.0452 4.0452 4.0452
7.684 0 3 1.0 0.0 0.0 0.0 0.0 0.0 0.0 0.0 0.0 0.0 4.0452 4.0452 4.0452 4.0452
7.6850000000000005 0 3 1.0 0.0 0.0 0.0 0.0 0.0 0.0 0.0 0.0 0.0 4.0452 4.0452 4.0452 4.0452
7.686 0 3 1.0 0.0 0.0 0.0 0.0 0.0 0.0 0.0 0.0 0.0 4.0452 4.0452 4.0452 4.0452
7.687 0 3 1.0 0.0 0.0 0.0 0.0 0.0 0.0 0.0 0.0 0.0 4.0452 4.0452 4.0452 4.0452
7.688 0 3 1.0 0.0 0.0 0.0 0.0 0.0 0.0 0.0 0.0 0.0 4.0452 4.0452 4.0452 4.0452
7.689 0 3 1.0 0.0 0.0 0.0 0.0 0.0 0.0 0.0 0.0 0.0 4.0452 4.0452 4.0452 4.0452
7.69 0 3 1.0 0.0 0.0 0.0 0.0 0.0 0.0 0.0 0.0 0.0 4.0452 4.0452 4.0452 4.0452
7.691 0 3 1.0 0.0 0.0 0.0 0.0 0.0 0.0 0.0 0.0 0.0 4.0452 4.0452 4.0452 4.0452
7.692 0 3 1.0 0.0 0.0 0.0 0.0 0.0 0.0 0.0 0.0 0.0 4.0452 4.0452 4.0452 4.0452
7.6930000000000005 0 3 1.0 0.0 0.0 0.0 0.0 0.0 0.0 0.0 0.0 0.0 4.0452 4.0452 4.0452 4.0452
7.694 0 3 1.0 0.0 0.0 0.0 0.0 0.0 0.0 0.0 0.0 0.0 4.0452 4.0452 4.0452 4.0452
7.695 0 3 1.0 0.0 0.0 0.0 0.0 0.0 0.0 0.0 0.0 0.0 4.0452 4.0452 4.0452 4.0452
7.696 0 3 1.0 0.0 0.0 0.0 0.0 0.0 0.0 0.0 0.0 0.0 4.0452 4.0452 4.0452 4.0452
7.697 0 3 1.0 0.0 0.0 0.0 0.0 0.0 0.0 0.0 0.0 0.0 4.0452 4.0452 4.0452 4.0452
7.698 0 3 1.0 0.0 0.0 0.0 0.0 0.0 0.0 0.0 0.0 0.0 4.0452 4.0452 4.0452 4.0452
7.699 0 3 1.0 0.0 0.0 0.0 0.0 0.0 0.0 0.0 0.0 0.0 4.0452 4.0452 4.0452 4.0452
7.7 0 3 1.0 0.0 0.0 0.0 0.0 0.0 0.0 0.0 0.0 0.0 4.0452 4.0452 4.0452 4.0452
7.7010000000000005 0 3 1.0 0.0 0.0 0.0 0.0 0.0 0.0 0.0 0.0 0.0 4.0452 4.0452 4.0452 4.0452
7.702 0 3 1.0 0.0 0.0 0.0 0.0 0.0 0.0 0.0 0.0 0.0 4.0452 4.0452 4.0452 4.0452
7.703 0 3 1.0 0.0 0.0 0.0 0.0 0.0 0.0 0.0 0.0 0.0 4.0452 4.0452 4.0452 4.0452
7.704 0 3 1.0 0.0 0.0 0.0 0.0 0.0 0.0 0.0 0.0 0.0 4.0452 4.0452 4.0452 4.0452
7.705 0 3 1.0 0.0 0.0 0.0 0.0 0.0 0.0 0.0 0.0 0.0 4.0452 4.0452 4.0452 4.0452
7.706 0 3 1.0 0.0 0.0 0.0 0.0 0.0 0.0 0.0 0.0 0.0 4.0452 4.0452 4.0452 4.0452
7.707 0 3 1.0 0.0 0.0 0.0 0.0 0.0 0.0 0.0 0.0 0.0 4.0452 4.0452 4.0452 4.0452
7.708 0 3 1.0 0.0 0.0 0.0 0.0 0.0 0.0 0.0 0.0 0.0 4.0452 4.0452 4.0452 4.0452
7.7090000000000005 0 3 1.0 0.0 0.0 0.0 0.0 0.0 0.0 0.0 0.0 0.0 4.0452 4.0452 4.0452 4.0452
7.71 0 3 1.0 0.0 0.0 0.0 0.0 0.0 0.0 0.0 0.0 0.0 4.0452 4.0452 4.0452 4.0452
7.711 0 3 1.0 0.0 0.0 0.0 0.0 0.0 0.0 0.0 0.0 0.0 4.0452 4.0452 4.0452 4.0452
7.712 0 3 1.0 0.0 0.0 0.0 0.0 0.0 0.0 0.0 0.0 0.0 4.0452 4.0452 4.0452 4.0452
7.713 0 3 1.0 0.0 0.0 0.0 0.0 0.0 0.0 0.0 0.0 0.0 4.0452 4.0452 4.0452 4.0452
7.714 0 3 1.0 0.0 0.0 0.0 0.0 0.0 0.0 0.0 0.0 0.0 4.0452 4.0452 4.0452 4.0452
7.715 0 3 1.0 0.0 0.0 0.0 0.0 0.0 0.0 0.0 0.0 0.0 4.0452 4.0452 4.0452 4.0452
7.716 0 3 1.0 0.0 0.0 0.0 0.0 0.0 0.0 0.0 0.0 0.0 4.0452 4.0452 4.0452 4.0452
7.7170000000000005 0 3 1.0 0.0 0.0 0.0 0.0 0.0 0.0 0.0 0.0 0.0 4.0452 4.0452 4.0452 4.0452
7.718 0 3 1.0 0.0 0.0 0.0 0.0 0.0 0.0 0.0 0.0 0.0 4.0452 4.0452 4.0452 4.0452
7.719 0 3 1.0 0.0 0.0 0.0 0.0 0.0 0.0 0.0 0.0 0.0 4.0452 4.0452 4.0452 4.0452
7.72 0 3 1.0 0.0 0.0 0.0 0.0 0.0 0.0 0.0 0.0 0.0 4.0452 4.0452 4.0452 4.0452
7.721 0 3 1.0 0.0 0.0 0.0 0.0 0.0 0.0 0.0 0.0 0.0 4.0452 4.0452 4.0452 4.0452
7.722 0 3 1.0 0.0 0.0 0.0 0.0 0.0 0.0 0.0 0.0 0.0 4.0452 4.0452 4.0452 4.0452
7.723 0 3 1.0 0.0 0.0 0.0 0.0 0.0 0.0 0.0 0.0 0.0 4.0452 4.0452 4.0452 4.0452
7.724 0 3 1.0 0.0 0.0 0.0 0.0 0.0 0.0 0.0 0.0 0.0 4.0452 4.0452 4.0452 4.0452
7.7250000000000005 0 3 1.0 0.0 0.0 0.0 0.0 0.0 0.0 0.0 0.0 0.0 4.0452 4.0452 4.0452 4.0452
7.726 0 3 1.0 0.0 0.0 0.0 0.0 0.0 0.0 0.0 0.0 0.0 4.0452 4.0452 4.0452 4.0452
7.727 0 3 1.0 0.0 0.0 0.0 0.0 0.0 0.0 0.0 0.0 0.0 4.0452 4.0452 4.0452 4.0452
7.728 0 3 1.0 0.0 0.0 0.0 0.0 0.0 0.0 0.0 0.0 0.0 4.0452 4.0452 4.0452 4.0452
7.729 0 3 1.0 0.0 0.0 0.0 0.0 0.0 0.0 0.0 0.0 0.0 4.0452 4.0452 4.0452 4.0452
7.73 0 3 1.0 0.0 0.0 0.0 0.0 0.0 0.0 0.0 0.0 0.0 4.0452 4.0452 4.0452 4.0452
7.731 0 3 1.0 0.0 0.0 0.0 0.0 0.0 0.0 0.0 0.0 0.0 4.0452 4.0452 4.0452 4.0452
7.732 0 3 1.0 0.0 0.0 0.0 0.0 0.0 0.0 0.0 0.0 0.0 4.0452 4.0452 4.0452 4.0452
7.7330000000000005 0 3 1.0 0.0 0.0 0.0 0.0 0.0 0.0 0.0 0.0 0.0 4.0452 4.0452 4.0452 4.0452
7.734 0 3 1.0 0.0 0.0 0.0 0.0 0.0 0.0 0.0 0.0 0.0 4.0452 4.0452 4.0452 4.0452
7.735 0 3 1.0 0.0 0.0 0.0 0.0 0.0 0.0 0.0 0.0 0.0 4.0452 4.0452 4.0452 4.0452
7.736 0 3 1.0 0.0 0.0 0.0 0.0 0.0 0.0 0.0 0.0 0.0 4.0452 4.0452 4.0452 4.0452
7.737 0 3 1.0 0.0 0.0 0.0 0.0 0.0 0.0 0.0 0.0 0.0 4.0452 4.0452 4.0452 4.0452
7.738 0 3 1.0 0.0 0.0 0.0 0.0 0.0 0.0 0.0 0.0 0.0 4.0452 4.0452 4.0452 4.0452
7.739 0 3 1.0 0.0 0.0 0.0 0.0 0.0 0.0 0.0 0.0 0.0 4.0452 4.0452 4.0452 4.0452
7.74 0 3 1.0 0.0 0.0 0.0 0.0 0.0 0.0 0.0 0.0 0.0 4.0452 4.0452 4.0452 4.0452
7.7410000000000005 0 3 1.0 0.0 0.0 0.0 0.0 0.0 0.0 0.0 0.0 0.0 4.0452 4.0452 4.0452 4.0452
7.742 0 3 1.0 0.0 0.0 0.0 0.0 0.0 0.0 0.0 0.0 0.0 4.0452 4.0452 4.0452 4.0452
7.743 0 3 1.0 0.0 0.0 0.0 0.0 0.0 0.0 0.0 0.0 0.0 4.0452 4.0452 4.0452 4.0452
7.744 0 3 1.0 0.0 0.0 0.0 0.0 0.0 0.0 0.0 0.0 0.0 4.0452 4.0452 4.0452 4.0452
7.745 0 3 1.0 0.0 0.0 0.0 0.0 0.0 0.0 0.0 0.0 0.0 4.0452 4.0452 4.0452 4.0452
7.746 0 3 1.0 0.0 0.0 0.0 0.0 0.0 0.0 0.0 0.0 0.0 4.0452 4.0452 4.0452 4.0452
7.747 0 3 1.0 0.0 0.0 0.0 0.0 0.0 0.0 0.0 0.0 0.0 4.0452 4.0452 4.0452 4.0452
7.748 0 3 1.0 0.0 0.0 0.0 0.0 0.0 0.0 0.0 0.0 0.0 4.0452 4.0452 4.0452 4.0452
7.7490000000000006 0 3 1.0 0.0 0.0 0.0 0.0 0.0 0.0 0.0 0.0 0.0 4.0452 4.0452 4.0452 4.0452
7.75 0 3 1.0 0.0 0.0 0.0 0.0 0.0 0.0 0.0 0.0 0.0 4.0452 4.0452 4.0452 4.0452
7.751 0 3 1.0 0.0 0.0 0.0 0.0 0.0 0.0 0.0 0.0 0.0 4.0452 4.0452 4.0452 4.0452
7.752 0 3 1.0 0.0 0.0 0.0 0.0 0.0 0.0 0.0 0.0 0.0 4.0452 4.0452 4.0452 4.0452
7.753 0 3 1.0 0.0 0.0 0.0 0.0 0.0 0.0 0.0 0.0 0.0 4.0452 4.0452 4.0452 4.0452
7.7540000000000004 0 3 1.0 0.0 0.0 0.0 0.0 0.0 0.0 0.0 0.0 0.0 4.0452 4.0452 4.0452 4.0452
7.755 0 3 1.0 0.0 0.0 0.0 0.0 0.0 0.0 0.0 0.0 0.0 4.0452 4.0452 4.0452 4.0452
7.756 0 3 1.0 0.0 0.0 0.0 0.0 0.0 0.0 0.0 0.0 0.0 4.0452 4.0452 4.0452 4.0452
7.757000000000001 0 3 1.0 0.0 0.0 0.0 0.0 0.0 0.0 0.0 0.0 0.0 4.0452 4.0452 4.0452 4.0452
7.758 0 3 1.0 0.0 0.0 0.0 0.0 0.0 0.0 0.0 0.0 0.0 4.0452 4.0452 4.0452 4.0452
7.759 0 3 1.0 0.0 0.0 0.0 0.0 0.0 0.0 0.0 0.0 0.0 4.0452 4.0452 4.0452 4.0452
7.76 0 3 1.0 0.0 0.0 0.0 0.0 0.0 0.0 0.0 0.0 0.0 4.0452 4.0452 4.0452 4.0452
7.761 0 3 1.0 0.0 0.0 0.0 0.0 0.0 0.0 0.0 0.0 0.0 4.0452 4.0452 4.0452 4.0452
7.7620000000000005 0 3 1.0 0.0 0.0 0.0 0.0 0.0 0.0 0.0 0.0 0.0 4.0452 4.0452 4.0452 4.0452
7.763 0 3 1.0 0.0 0.0 0.0 0.0 0.0 0.0 0.0 0.0 0.0 4.0452 4.0452 4.0452 4.0452
7.764 0 3 1.0 0.0 0.0 0.0 0.0 0.0 0.0 0.0 0.0 0.0 4.0452 4.0452 4.0452 4.0452
7.765000000000001 0 3 1.0 0.0 0.0 0.0 0.0 0.0 0.0 0.0 0.0 0.0 4.0452 4.0452 4.0452 4.0452
7.766 0 3 1.0 0.0 0.0 0.0 0.0 0.0 0.0 0.0 0.0 0.0 4.0452 4.0452 4.0452 4.0452
7.767 0 3 1.0 0.0 0.0 0.0 0.0 0.0 0.0 0.0 0.0 0.0 4.0452 4.0452 4.0452 4.0452
7.768 0 3 1.0 0.0 0.0 0.0 0.0 0.0 0.0 0.0 0.0 0.0 4.0452 4.0452 4.0452 4.0452
7.769 0 3 1.0 0.0 0.0 0.0 0.0 0.0 0.0 0.0 0.0 0.0 4.0452 4.0452 4.0452 4.0452
7.7700000000000005 0 3 1.0 0.0 0.0 0.0 0.0 0.0 0.0 0.0 0.0 0.0 4.0452 4.0452 4.0452 4.0452
7.771 0 3 1.0 0.0 0.0 0.0 0.0 0.0 0.0 0.0 0.0 0.0 4.0452 4.0452 4.0452 4.0452
7.772 0 3 1.0 0.0 0.0 0.0 0.0 0.0 0.0 0.0 0.0 0.0 4.0452 4.0452 4.0452 4.0452
7.773000000000001 0 3 1.0 0.0 0.0 0.0 0.0 0.0 0.0 0.0 0.0 0.0 4.0452 4.0452 4.0452 4.0452
7.774 0 3 1.0 0.0 0.0 0.0 0.0 0.0 0.0 0.0 0.0 0.0 4.0452 4.0452 4.0452 4.0452
7.775 0 3 1.0 0.0 0.0 0.0 0.0 0.0 0.0 0.0 0.0 0.0 4.0452 4.0452 4.0452 4.0452
7.776 0 3 1.0 0.0 0.0 0.0 0.0 0.0 0.0 0.0 0.0 0.0 4.0452 4.0452 4.0452 4.0452
7.777 0 3 1.0 0.0 0.0 0.0 0.0 0.0 0.0 0.0 0.0 0.0 4.0452 4.0452 4.0452 4.0452
7.7780000000000005 0 3 1.0 0.0 0.0 0.0 0.0 0.0 0.0 0.0 0.0 0.0 4.0452 4.0452 4.0452 4.0452
7.779 0 3 1.0 0.0 0.0 0.0 0.0 0.0 0.0 0.0 0.0 0.0 4.0452 4.0452 4.0452 4.0452
7.78 0 3 1.0 0.0 0.0 0.0 0.0 0.0 0.0 0.0 0.0 0.0 4.0452 4.0452 4.0452 4.0452
7.781000000000001 0 3 1.0 0.0 0.0 0.0 0.0 0.0 0.0 0.0 0.0 0.0 4.0452 4.0452 4.0452 4.0452
7.782 0 3 1.0 0.0 0.0 0.0 0.0 0.0 0.0 0.0 0.0 0.0 4.0452 4.0452 4.0452 4.0452
7.783 0 3 1.0 0.0 0.0 0.0 0.0 0.0 0.0 0.0 0.0 0.0 4.0452 4.0452 4.0452 4.0452
7.784 0 3 1.0 0.0 0.0 0.0 0.0 0.0 0.0 0.0 0.0 0.0 4.0452 4.0452 4.0452 4.0452
7.785 0 3 1.0 0.0 0.0 0.0 0.0 0.0 0.0 0.0 0.0 0.0 4.0452 4.0452 4.0452 4.0452
7.7860000000000005 0 3 1.0 0.0 0.0 0.0 0.0 0.0 0.0 0.0 0.0 0.0 4.0452 4.0452 4.0452 4.0452
7.787 0 3 1.0 0.0 0.0 0.0 0.0 0.0 0.0 0.0 0.0 0.0 4.0452 4.0452 4.0452 4.0452
7.788 0 3 1.0 0.0 0.0 0.0 0.0 0.0 0.0 0.0 0.0 0.0 4.0452 4.0452 4.0452 4.0452
7.789000000000001 0 3 1.0 0.0 0.0 0.0 0.0 0.0 0.0 0.0 0.0 0.0 4.0452 4.0452 4.0452 4.0452
7.79 0 3 1.0 0.0 0.0 0.0 0.0 0.0 0.0 0.0 0.0 0.0 4.0452 4.0452 4.0452 4.0452
7.791 0 3 1.0 0.0 0.0 0.0 0.0 0.0 0.0 0.0 0.0 0.0 4.0452 4.0452 4.0452 4.0452
7.792 0 3 1.0 0.0 0.0 0.0 0.0 0.0 0.0 0.0 0.0 0.0 4.0452 4.0452 4.0452 4.0452
7.793 0 3 1.0 0.0 0.0 0.0 0.0 0.0 0.0 0.0 0.0 0.0 4.0452 4.0452 4.0452 4.0452
7.7940000000000005 0 3 1.0 0.0 0.0 0.0 0.0 0.0 0.0 0.0 0.0 0.0 4.0452 4.0452 4.0452 4.0452
7.795 0 3 1.0 0.0 0.0 0.0 0.0 0.0 0.0 0.0 0.0 0.0 4.0452 4.0452 4.0452 4.0452
7.796 0 3 1.0 0.0 0.0 0.0 0.0 0.0 0.0 0.0 0.0 0.0 4.0452 4.0452 4.0452 4.0452
7.797000000000001 0 3 1.0 0.0 0.0 0.0 0.0 0.0 0.0 0.0 0.0 0.0 4.0452 4.0452 4.0452 4.0452
7.798 0 3 1.0 0.0 0.0 0.0 0.0 0.0 0.0 0.0 0.0 0.0 4.0452 4.0452 4.0452 4.0452
7.799 0 3 1.0 0.0 0.0 0.0 0.0 0.0 0.0 0.0 0.0 0.0 4.0452 4.0452 4.0452 4.0452
7.8 0 3 1.0 0.0 0.0 0.0 0.0 0.0 0.0 0.0 0.0 0.0 4.0452 4.0452 4.0452 4.0452
7.801 0 3 1.0 0.0 0.0 0.0 0.0 0.0 0.0 0.0 0.0 0.0 4.0452 4.0452 4.0452 4.0452
7.8020000000000005 0 3 1.0 0.0 0.0 0.0 0.0 0.0 0.0 0.0 0.0 0.0 4.0452 4.0452 4.0452 4.0452
7.803 0 3 1.0 0.0 0.0 0.0 0.0 0.0 0.0 0.0 0.0 0.0 4.0452 4.0452 4.0452 4.0452
7.804 0 3 1.0 0.0 0.0 0.0 0.0 0.0 0.0 0.0 0.0 0.0 4.0452 4.0452 4.0452 4.0452
7.805000000000001 0 3 1.0 0.0 0.0 0.0 0.0 0.0 0.0 0.0 0.0 0.0 4.0452 4.0452 4.0452 4.0452
7.806 0 3 1.0 0.0 0.0 0.0 0.0 0.0 0.0 0.0 0.0 0.0 4.0452 4.0452 4.0452 4.0452
7.807 0 3 1.0 0.0 0.0 0.0 0.0 0.0 0.0 0.0 0.0 0.0 4.0452 4.0452 4.0452 4.0452
7.808 0 3 1.0 0.0 0.0 0.0 0.0 0.0 0.0 0.0 0.0 0.0 4.0452 4.0452 4.0452 4.0452
7.809 0 3 1.0 0.0 0.0 0.0 0.0 0.0 0.0 0.0 0.0 0.0 4.0452 4.0452 4.0452 4.0452
7.8100000000000005 0 3 1.0 0.0 0.0 0.0 0.0 0.0 0.0 0.0 0.0 0.0 4.0452 4.0452 4.0452 4.0452
7.811 0 3 1.0 0.0 0.0 0.0 0.0 0.0 0.0 0.0 0.0 0.0 4.0452 4.0452 4.0452 4.0452
7.812 0 3 1.0 0.0 0.0 0.0 0.0 0.0 0.0 0.0 0.0 0.0 4.0452 4.0452 4.0452 4.0452
7.813 0 3 1.0 0.0 0.0 0.0 0.0 0.0 0.0 0.0 0.0 0.0 4.0452 4.0452 4.0452 4.0452
7.814 0 3 1.0 0.0 0.0 0.0 0.0 0.0 0.0 0.0 0.0 0.0 4.0452 4.0452 4.0452 4.0452
7.815 0 3 1.0 0.0 0.0 0.0 0.0 0.0 0.0 0.0 0.0 0.0 4.0452 4.0452 4.0452 4.0452
7.816 0 3 1.0 0.0 0.0 0.0 0.0 0.0 0.0 0.0 0.0 0.0 4.0452 4.0452 4.0452 4.0452
7.817 0 3 1.0 0.0 0.0 0.0 0.0 0.0 0.0 0.0 0.0 0.0 4.0452 4.0452 4.0452 4.0452
7.8180000000000005 0 3 1.0 0.0 0.0 0.0 0.0 0.0 0.0 0.0 0.0 0.0 4.0452 4.0452 4.0452 4.0452
7.819 0 3 1.0 0.0 0.0 0.0 0.0 0.0 0.0 0.0 0.0 0.0 4.0452 4.0452 4.0452 4.0452
7.82 0 3 1.0 0.0 0.0 0.0 0.0 0.0 0.0 0.0 0.0 0.0 4.0452 4.0452 4.0452 4.0452
7.821 0 3 1.0 0.0 0.0 0.0 0.0 0.0 0.0 0.0 0.0 0.0 4.0452 4.0452 4.0452 4.0452
7.822 0 3 1.0 0.0 0.0 0.0 0.0 0.0 0.0 0.0 0.0 0.0 4.0452 4.0452 4.0452 4.0452
7.823 0 3 1.0 0.0 0.0 0.0 0.0 0.0 0.0 0.0 0.0 0.0 4.0452 4.0452 4.0452 4.0452
7.824 0 3 1.0 0.0 0.0 0.0 0.0 0.0 0.0 0.0 0.0 0.0 4.0452 4.0452 4.0452 4.0452
7.825 0 3 1.0 0.0 0.0 0.0 0.0 0.0 0.0 0.0 0.0 0.0 4.0452 4.0452 4.0452 4.0452
7.8260000000000005 0 3 1.0 0.0 0.0 0.0 0.0 0.0 0.0 0.0 0.0 0.0 4.0452 4.0452 4.0452 4.0452
7.827 0 3 1.0 0.0 0.0 0.0 0.0 0.0 0.0 0.0 0.0 0.0 4.0452 4.0452 4.0452 4.0452
7.828 0 3 1.0 0.0 0.0 0.0 0.0 0.0 0.0 0.0 0.0 0.0 4.0452 4.0452 4.0452 4.0452
7.829 0 3 1.0 0.0 0.0 0.0 0.0 0.0 0.0 0.0 0.0 0.0 4.0452 4.0452 4.0452 4.0452
7.83 0 3 1.0 0.0 0.0 0.0 0.0 0.0 0.0 0.0 0.0 0.0 4.0452 4.0452 4.0452 4.0452
7.831 0 3 1.0 0.0 0.0 0.0 0.0 0.0 0.0 0.0 0.0 0.0 4.0452 4.0452 4.0452 4.0452
7.832 0 3 1.0 0.0 0.0 0.0 0.0 0.0 0.0 0.0 0.0 0.0 4.0452 4.0452 4.0452 4.0452
7.833 0 3 1.0 0.0 0.0 0.0 0.0 0.0 0.0 0.0 0.0 0.0 4.0452 4.0452 4.0452 4.0452
7.8340000000000005 0 3 1.0 0.0 0.0 0.0 0.0 0.0 0.0 0.0 0.0 0.0 4.0452 4.0452 4.0452 4.0452
7.835 0 3 1.0 0.0 0.0 0.0 0.0 0.0 0.0 0.0 0.0 0.0 4.0452 4.0452 4.0452 4.0452
7.836 0 3 1.0 0.0 0.0 0.0 0.0 0.0 0.0 0.0 0.0 0.0 4.0452 4.0452 4.0452 4.0452
7.837 0 3 1.0 0.0 0.0 0.0 0.0 0.0 0.0 0.0 0.0 0.0 4.0452 4.0452 4.0452 4.0452
7.838 0 3 1.0 0.0 0.0 0.0 0.0 0.0 0.0 0.0 0.0 0.0 4.0452 4.0452 4.0452 4.0452
7.839 0 3 1.0 0.0 0.0 0.0 0.0 0.0 0.0 0.0 0.0 0.0 4.0452 4.0452 4.0452 4.0452
7.84 0 3 1.0 0.0 0.0 0.0 0.0 0.0 0.0 0.0 0.0 0.0 4.0452 4.0452 4.0452 4.0452
7.841 0 3 1.0 0.0 0.0 0.0 0.0 0.0 0.0 0.0 0.0 0.0 4.0452 4.0452 4.0452 4.0452
7.8420000000000005 0 3 1.0 0.0 0.0 0.0 0.0 0.0 0.0 0.0 0.0 0.0 4.0452 4.0452 4.0452 4.0452
7.843 0 3 1.0 0.0 0.0 0.0 0.0 0.0 0.0 0.0 0.0 0.0 4.0452 4.0452 4.0452 4.0452
7.844 0 3 1.0 0.0 0.0 0.0 0.0 0.0 0.0 0.0 0.0 0.0 4.0452 4.0452 4.0452 4.0452
7.845 0 3 1.0 0.0 0.0 0.0 0.0 0.0 0.0 0.0 0.0 0.0 4.0452 4.0452 4.0452 4.0452
7.846 0 3 1.0 0.0 0.0 0.0 0.0 0.0 0.0 0.0 0.0 0.0 4.0452 4.0452 4.0452 4.0452
7.847 0 3 1.0 0.0 0.0 0.0 0.0 0.0 0.0 0.0 0.0 0.0 4.0452 4.0452 4.0452 4.0452
7.848 0 3 1.0 0.0 0.0 0.0 0.0 0.0 0.0 0.0 0.0 0.0 4.0452 4.0452 4.0452 4.0452
7.849 0 3 1.0 0.0 0.0 0.0 0.0 0.0 0.0 0.0 0.0 0.0 4.0452 4.0452 4.0452 4.0452
7.8500000000000005 0 3 1.0 0.0 0.0 0.0 0.0 0.0 0.0 0.0 0.0 0.0 4.0452 4.0452 4.0452 4.0452
7.851 0 3 1.0 0.0 0.0 0.0 0.0 0.0 0.0 0.0 0.0 0.0 4.0452 4.0452 4.0452 4.0452
7.852 0 3 1.0 0.0 0.0 0.0 0.0 0.0 0.0 0.0 0.0 0.0 4.0452 4.0452 4.0452 4.0452
7.853 0 3 1.0 0.0 0.0 0.0 0.0 0.0 0.0 0.0 0.0 0.0 4.0452 4.0452 4.0452 4.0452
7.854 0 3 1.0 0.0 0.0 0.0 0.0 0.0 0.0 0.0 0.0 0.0 4.0452 4.0452 4.0452 4.0452
7.855 0 3 1.0 0.0 0.0 0.0 0.0 0.0 0.0 0.0 0.0 0.0 4.0452 4.0452 4.0452 4.0452
7.856 0 3 1.0 0.0 0.0 0.0 0.0 0.0 0.0 0.0 0.0 0.0 4.0452 4.0452 4.0452 4.0452
7.857 0 3 1.0 0.0 0.0 0.0 0.0 0.0 0.0 0.0 0.0 0.0 4.0452 4.0452 4.0452 4.0452
7.8580000000000005 0 3 1.0 0.0 0.0 0.0 0.0 0.0 0.0 0.0 0.0 0.0 4.0452 4.0452 4.0452 4.0452
7.859 0 3 1.0 0.0 0.0 0.0 0.0 0.0 0.0 0.0 0.0 0.0 4.0452 4.0452 4.0452 4.0452
7.86 0 3 1.0 0.0 0.0 0.0 0.0 0.0 0.0 0.0 0.0 0.0 4.0452 4.0452 4.0452 4.0452
7.861 0 3 1.0 0.0 0.0 0.0 0.0 0.0 0.0 0.0 0.0 0.0 4.0452 4.0452 4.0452 4.0452
7.862 0 3 1.0 0.0 0.0 0.0 0.0 0.0 0.0 0.0 0.0 0.0 4.0452 4.0452 4.0452 4.0452
7.863 0 3 1.0 0.0 0.0 0.0 0.0 0.0 0.0 0.0 0.0 0.0 4.0452 4.0452 4.0452 4.0452
7.864 0 3 1.0 0.0 0.0 0.0 0.0 0.0 0.0 0.0 0.0 0.0 4.0452 4.0452 4.0452 4.0452
7.865 0 3 1.0 0.0 0.0 0.0 0.0 0.0 0.0 0.0 0.0 0.0 4.0452 4.0452 4.0452 4.0452
7.8660000000000005 0 3 1.0 0.0 0.0 0.0 0.0 0.0 0.0 0.0 0.0 0.0 4.0452 4.0452 4.0452 4.0452
7.867 0 3 1.0 0.0 0.0 0.0 0.0 0.0 0.0 0.0 0.0 0.0 4.0452 4.0452 4.0452 4.0452
7.868 0 3 1.0 0.0 0.0 0.0 0.0 0.0 0.0 0.0 0.0 0.0 4.0452 4.0452 4.0452 4.0452
7.869 0 3 1.0 0.0 0.0 0.0 0.0 0.0 0.0 0.0 0.0 0.0 4.0452 4.0452 4.0452 4.0452
7.87 0 3 1.0 0.0 0.0 0.0 0.0 0.0 0.0 0.0 0.0 0.0 4.0452 4.0452 4.0452 4.0452
7.871 0 3 1.0 0.0 0.0 0.0 0.0 0.0 0.0 0.0 0.0 0.0 4.0452 4.0452 4.0452 4.0452
7.872 0 3 1.0 0.0 0.0 0.0 0.0 0.0 0.0 0.0 0.0 0.0 4.0452 4.0452 4.0452 4.0452
7.873 0 3 1.0 0.0 0.0 0.0 0.0 0.0 0.0 0.0 0.0 0.0 4.0452 4.0452 4.0452 4.0452
7.8740000000000006 0 3 1.0 0.0 0.0 0.0 0.0 0.0 0.0 0.0 0.0 0.0 4.0452 4.0452 4.0452 4.0452
7.875 0 3 1.0 0.0 0.0 0.0 0.0 0.0 0.0 0.0 0.0 0.0 4.0452 4.0452 4.0452 4.0452
7.876 0 3 1.0 0.0 0.0 0.0 0.0 0.0 0.0 0.0 0.0 0.0 4.0452 4.0452 4.0452 4.0452
7.877 0 3 1.0 0.0 0.0 0.0 0.0 0.0 0.0 0.0 0.0 0.0 4.0452 4.0452 4.0452 4.0452
7.878 0 3 1.0 0.0 0.0 0.0 0.0 0.0 0.0 0.0 0.0 0.0 4.0452 4.0452 4.0452 4.0452
7.8790000000000004 0 3 1.0 0.0 0.0 0.0 0.0 0.0 0.0 0.0 0.0 0.0 4.0452 4.0452 4.0452 4.0452
7.88 0 3 1.0 0.0 0.0 0.0 0.0 0.0 0.0 0.0 0.0 0.0 4.0452 4.0452 4.0452 4.0452
7.881 0 3 1.0 0.0 0.0 0.0 0.0 0.0 0.0 0.0 0.0 0.0 4.0452 4.0452 4.0452 4.0452
7.882000000000001 0 3 1.0 0.0 0.0 0.0 0.0 0.0 0.0 0.0 0.0 0.0 4.0452 4.0452 4.0452 4.0452
7.883 0 3 1.0 0.0 0.0 0.0 0.0 0.0 0.0 0.0 0.0 0.0 4.0452 4.0452 4.0452 4.0452
7.884 0 3 1.0 0.0 0.0 0.0 0.0 0.0 0.0 0.0 0.0 0.0 4.0452 4.0452 4.0452 4.0452
7.885 0 3 1.0 0.0 0.0 0.0 0.0 0.0 0.0 0.0 0.0 0.0 4.0452 4.0452 4.0452 4.0452
7.886 0 3 1.0 0.0 0.0 0.0 0.0 0.0 0.0 0.0 0.0 0.0 4.0452 4.0452 4.0452 4.0452
7.8870000000000005 0 3 1.0 0.0 0.0 0.0 0.0 0.0 0.0 0.0 0.0 0.0 4.0452 4.0452 4.0452 4.0452
7.888 0 3 1.0 0.0 0.0 0.0 0.0 0.0 0.0 0.0 0.0 0.0 4.0452 4.0452 4.0452 4.0452
7.889 0 3 1.0 0.0 0.0 0.0 0.0 0.0 0.0 0.0 0.0 0.0 4.0452 4.0452 4.0452 4.0452
7.890000000000001 0 3 1.0 0.0 0.0 0.0 0.0 0.0 0.0 0.0 0.0 0.0 4.0452 4.0452 4.0452 4.0452
7.891 0 3 1.0 0.0 0.0 0.0 0.0 0.0 0.0 0.0 0.0 0.0 4.0452 4.0452 4.0452 4.0452
7.892 0 3 1.0 0.0 0.0 0.0 0.0 0.0 0.0 0.0 0.0 0.0 4.0452 4.0452 4.0452 4.0452
7.893 0 3 1.0 0.0 0.0 0.0 0.0 0.0 0.0 0.0 0.0 0.0 4.0452 4.0452 4.0452 4.0452
7.894 0 3 1.0 0.0 0.0 0.0 0.0 0.0 0.0 0.0 0.0 0.0 4.0452 4.0452 4.0452 4.0452
7.8950000000000005 0 3 1.0 0.0 0.0 0.0 0.0 0.0 0.0 0.0 0.0 0.0 4.0452 4.0452 4.0452 4.0452
7.896 0 3 1.0 0.0 0.0 0.0 0.0 0.0 0.0 0.0 0.0 0.0 4.0452 4.0452 4.0452 4.0452
7.897 0 3 1.0 0.0 0.0 0.0 0.0 0.0 0.0 0.0 0.0 0.0 4.0452 4.0452 4.0452 4.0452
7.898000000000001 0 3 1.0 0.0 0.0 0.0 0.0 0.0 0.0 0.0 0.0 0.0 4.0452 4.0452 4.0452 4.0452
7.899 0 3 1.0 0.0 0.0 0.0 0.0 0.0 0.0 0.0 0.0 0.0 4.0452 4.0452 4.0452 4.0452
7.9 0 3 1.0 0.0 0.0 0.0 0.0 0.0 0.0 0.0 0.0 0.0 4.0452 4.0452 4.0452 4.0452
7.901 0 3 1.0 0.0 0.0 0.0 0.0 0.0 0.0 0.0 0.0 0.0 4.0452 4.0452 4.0452 4.0452
7.902 0 3 1.0 0.0 0.0 0.0 0.0 0.0 0.0 0.0 0.0 0.0 4.0452 4.0452 4.0452 4.0452
7.9030000000000005 0 3 1.0 0.0 0.0 0.0 0.0 0.0 0.0 0.0 0.0 0.0 4.0452 4.0452 4.0452 4.0452
7.904 0 3 1.0 0.0 0.0 0.0 0.0 0.0 0.0 0.0 0.0 0.0 4.0452 4.0452 4.0452 4.0452
7.905 0 3 1.0 0.0 0.0 0.0 0.0 0.0 0.0 0.0 0.0 0.0 4.0452 4.0452 4.0452 4.0452
7.906000000000001 0 3 1.0 0.0 0.0 0.0 0.0 0.0 0.0 0.0 0.0 0.0 4.0452 4.0452 4.0452 4.0452
7.907 0 3 1.0 0.0 0.0 0.0 0.0 0.0 0.0 0.0 0.0 0.0 4.0452 4.0452 4.0452 4.0452
7.908 0 3 1.0 0.0 0.0 0.0 0.0 0.0 0.0 0.0 0.0 0.0 4.0452 4.0452 4.0452 4.0452
7.909 0 3 1.0 0.0 0.0 0.0 0.0 0.0 0.0 0.0 0.0 0.0 4.0452 4.0452 4.0452 4.0452
7.91 0 3 1.0 0.0 0.0 0.0 0.0 0.0 0.0 0.0 0.0 0.0 4.0452 4.0452 4.0452 4.0452
7.9110000000000005 0 3 1.0 0.0 0.0 0.0 0.0 0.0 0.0 0.0 0.0 0.0 4.0452 4.0452 4.0452 4.0452
7.912 0 3 1.0 0.0 0.0 0.0 0.0 0.0 0.0 0.0 0.0 0.0 4.0452 4.0452 4.0452 4.0452
7.913 0 3 1.0 0.0 0.0 0.0 0.0 0.0 0.0 0.0 0.0 0.0 4.0452 4.0452 4.0452 4.0452
7.914000000000001 0 3 1.0 0.0 0.0 0.0 0.0 0.0 0.0 0.0 0.0 0.0 4.0452 4.0452 4.0452 4.0452
7.915 0 3 1.0 0.0 0.0 0.0 0.0 0.0 0.0 0.0 0.0 0.0 4.0452 4.0452 4.0452 4.0452
7.916 0 3 1.0 0.0 0.0 0.0 0.0 0.0 0.0 0.0 0.0 0.0 4.0452 4.0452 4.0452 4.0452
7.917 0 3 1.0 0.0 0.0 0.0 0.0 0.0 0.0 0.0 0.0 0.0 4.0452 4.0452 4.0452 4.0452
7.918 0 3 1.0 0.0 0.0 0.0 0.0 0.0 0.0 0.0 0.0 0.0 4.0452 4.0452 4.0452 4.0452
7.9190000000000005 0 3 1.0 0.0 0.0 0.0 0.0 0.0 0.0 0.0 0.0 0.0 4.0452 4.0452 4.0452 4.0452
7.92 0 3 1.0 0.0 0.0 0.0 0.0 0.0 0.0 0.0 0.0 0.0 4.0452 4.0452 4.0452 4.0452
7.921 0 3 1.0 0.0 0.0 0.0 0.0 0.0 0.0 0.0 0.0 0.0 4.0452 4.0452 4.0452 4.0452
7.922000000000001 0 3 1.0 0.0 0.0 0.0 0.0 0.0 0.0 0.0 0.0 0.0 4.0452 4.0452 4.0452 4.0452
7.923 0 3 1.0 0.0 0.0 0.0 0.0 0.0 0.0 0.0 0.0 0.0 4.0452 4.0452 4.0452 4.0452
7.924 0 3 1.0 0.0 0.0 0.0 0.0 0.0 0.0 0.0 0.0 0.0 4.0452 4.0452 4.0452 4.0452
7.925 0 3 1.0 0.0 0.0 0.0 0.0 0.0 0.0 0.0 0.0 0.0 4.0452 4.0452 4.0452 4.0452
7.926 0 3 1.0 0.0 0.0 0.0 0.0 0.0 0.0 0.0 0.0 0.0 4.0452 4.0452 4.0452 4.0452
7.9270000000000005 0 3 1.0 0.0 0.0 0.0 0.0 0.0 0.0 0.0 0.0 0.0 4.0452 4.0452 4.0452 4.0452
7.928 0 3 1.0 0.0 0.0 0.0 0.0 0.0 0.0 0.0 0.0 0.0 4.0452 4.0452 4.0452 4.0452
7.929 0 3 1.0 0.0 0.0 0.0 0.0 0.0 0.0 0.0 0.0 0.0 4.0452 4.0452 4.0452 4.0452
7.930000000000001 0 3 1.0 0.0 0.0 0.0 0.0 0.0 0.0 0.0 0.0 0.0 4.0452 4.0452 4.0452 4.0452
7.931 0 3 1.0 0.0 0.0 0.0 0.0 0.0 0.0 0.0 0.0 0.0 4.0452 4.0452 4.0452 4.0452
7.932 0 3 1.0 0.0 0.0 0.0 0.0 0.0 0.0 0.0 0.0 0.0 4.0452 4.0452 4.0452 4.0452
7.933 0 3 1.0 0.0 0.0 0.0 0.0 0.0 0.0 0.0 0.0 0.0 4.0452 4.0452 4.0452 4.0452
7.934 0 3 1.0 0.0 0.0 0.0 0.0 0.0 0.0 0.0 0.0 0.0 4.0452 4.0452 4.0452 4.0452
7.9350000000000005 0 3 1.0 0.0 0.0 0.0 0.0 0.0 0.0 0.0 0.0 0.0 4.0452 4.0452 4.0452 4.0452
7.936 0 3 1.0 0.0 0.0 0.0 0.0 0.0 0.0 0.0 0.0 0.0 4.0452 4.0452 4.0452 4.0452
7.937 0 3 1.0 0.0 0.0 0.0 0.0 0.0 0.0 0.0 0.0 0.0 4.0452 4.0452 4.0452 4.0452
7.938 0 3 1.0 0.0 0.0 0.0 0.0 0.0 0.0 0.0 0.0 0.0 4.0452 4.0452 4.0452 4.0452
7.939 0 3 1.0 0.0 0.0 0.0 0.0 0.0 0.0 0.0 0.0 0.0 4.0452 4.0452 4.0452 4.0452
7.94 0 3 1.0 0.0 0.0 0.0 0.0 0.0 0.0 0.0 0.0 0.0 4.0452 4.0452 4.0452 4.0452
7.941 0 3 1.0 0.0 0.0 0.0 0.0 0.0 0.0 0.0 0.0 0.0 4.0452 4.0452 4.0452 4.0452
7.942 0 3 1.0 0.0 0.0 0.0 0.0 0.0 0.0 0.0 0.0 0.0 4.0452 4.0452 4.0452 4.0452
7.9430000000000005 0 3 1.0 0.0 0.0 0.0 0.0 0.0 0.0 0.0 0.0 0.0 4.0452 4.0452 4.0452 4.0452
7.944 0 3 1.0 0.0 0.0 0.0 0.0 0.0 0.0 0.0 0.0 0.0 4.0452 4.0452 4.0452 4.0452
7.945 0 3 1.0 0.0 0.0 0.0 0.0 0.0 0.0 0.0 0.0 0.0 4.0452 4.0452 4.0452 4.0452
7.946 0 3 1.0 0.0 0.0 0.0 0.0 0.0 0.0 0.0 0.0 0.0 4.0452 4.0452 4.0452 4.0452
7.947 0 3 1.0 0.0 0.0 0.0 0.0 0.0 0.0 0.0 0.0 0.0 4.0452 4.0452 4.0452 4.0452
7.948 0 3 1.0 0.0 0.0 0.0 0.0 0.0 0.0 0.0 0.0 0.0 4.0452 4.0452 4.0452 4.0452
7.949 0 3 1.0 0.0 0.0 0.0 0.0 0.0 0.0 0.0 0.0 0.0 4.0452 4.0452 4.0452 4.0452
7.95 0 3 1.0 0.0 0.0 0.0 0.0 0.0 0.0 0.0 0.0 0.0 4.0452 4.0452 4.0452 4.0452
7.9510000000000005 0 3 1.0 0.0 0.0 0.0 0.0 0.0 0.0 0.0 0.0 0.0 4.0452 4.0452 4.0452 4.0452
7.952 0 3 1.0 0.0 0.0 0.0 0.0 0.0 0.0 0.0 0.0 0.0 4.0452 4.0452 4.0452 4.0452
7.953 0 3 1.0 0.0 0.0 0.0 0.0 0.0 0.0 0.0 0.0 0.0 4.0452 4.0452 4.0452 4.0452
7.954 0 3 1.0 0.0 0.0 0.0 0.0 0.0 0.0 0.0 0.0 0.0 4.0452 4.0452 4.0452 4.0452
7.955 0 3 1.0 0.0 0.0 0.0 0.0 0.0 0.0 0.0 0.0 0.0 4.0452 4.0452 4.0452 4.0452
7.956 0 3 1.0 0.0 0.0 0.0 0.0 0.0 0.0 0.0 0.0 0.0 4.0452 4.0452 4.0452 4.0452
7.957 0 3 1.0 0.0 0.0 0.0 0.0 0.0 0.0 0.0 0.0 0.0 4.0452 4.0452 4.0452 4.0452
7.958 0 3 1.0 0.0 0.0 0.0 0.0 0.0 0.0 0.0 0.0 0.0 4.0452 4.0452 4.0452 4.0452
7.9590000000000005 0 3 1.0 0.0 0.0 0.0 0.0 0.0 0.0 0.0 0.0 0.0 4.0452 4.0452 4.0452 4.0452
7.96 0 3 1.0 0.0 0.0 0.0 0.0 0.0 0.0 0.0 0.0 0.0 4.0452 4.0452 4.0452 4.0452
7.961 0 3 1.0 0.0 0.0 0.0 0.0 0.0 0.0 0.0 0.0 0.0 4.0452 4.0452 4.0452 4.0452
7.962 0 3 1.0 0.0 0.0 0.0 0.0 0.0 0.0 0.0 0.0 0.0 4.0452 4.0452 4.0452 4.0452
7.963 0 3 1.0 0.0 0.0 0.0 0.0 0.0 0.0 0.0 0.0 0.0 4.0452 4.0452 4.0452 4.0452
7.964 0 3 1.0 0.0 0.0 0.0 0.0 0.0 0.0 0.0 0.0 0.0 4.0452 4.0452 4.0452 4.0452
7.965 0 3 1.0 0.0 0.0 0.0 0.0 0.0 0.0 0.0 0.0 0.0 4.0452 4.0452 4.0452 4.0452
7.966 0 3 1.0 0.0 0.0 0.0 0.0 0.0 0.0 0.0 0.0 0.0 4.0452 4.0452 4.0452 4.0452
7.9670000000000005 0 3 1.0 0.0 0.0 0.0 0.0 0.0 0.0 0.0 0.0 0.0 4.0452 4.0452 4.0452 4.0452
7.968 0 3 1.0 0.0 0.0 0.0 0.0 0.0 0.0 0.0 0.0 0.0 4.0452 4.0452 4.0452 4.0452
7.969 0 3 1.0 0.0 0.0 0.0 0.0 0.0 0.0 0.0 0.0 0.0 4.0452 4.0452 4.0452 4.0452
7.97 0 3 1.0 0.0 0.0 0.0 0.0 0.0 0.0 0.0 0.0 0.0 4.0452 4.0452 4.0452 4.0452
7.971 0 3 1.0 0.0 0.0 0.0 0.0 0.0 0.0 0.0 0.0 0.0 4.0452 4.0452 4.0452 4.0452
7.972 0 3 1.0 0.0 0.0 0.0 0.0 0.0 0.0 0.0 0.0 0.0 4.0452 4.0452 4.0452 4.0452
7.973 0 3 1.0 0.0 0.0 0.0 0.0 0.0 0.0 0.0 0.0 0.0 4.0452 4.0452 4.0452 4.0452
7.974 0 3 1.0 0.0 0.0 0.0 0.0 0.0 0.0 0.0 0.0 0.0 4.0452 4.0452 4.0452 4.0452
7.9750000000000005 0 3 1.0 0.0 0.0 0.0 0.0 0.0 0.0 0.0 0.0 0.0 4.0452 4.0452 4.0452 4.0452
7.976 0 3 1.0 0.0 0.0 0.0 0.0 0.0 0.0 0.0 0.0 0.0 4.0452 4.0452 4.0452 4.0452
7.977 0 3 1.0 0.0 0.0 0.0 0.0 0.0 0.0 0.0 0.0 0.0 4.0452 4.0452 4.0452 4.0452
7.978 0 3 1.0 0.0 0.0 0.0 0.0 0.0 0.0 0.0 0.0 0.0 4.0452 4.0452 4.0452 4.0452
7.979 0 3 1.0 0.0 0.0 0.0 0.0 0.0 0.0 0.0 0.0 0.0 4.0452 4.0452 4.0452 4.0452
7.98 0 3 1.0 0.0 0.0 0.0 0.0 0.0 0.0 0.0 0.0 0.0 4.0452 4.0452 4.0452 4.0452
7.981 0 3 1.0 0.0 0.0 0.0 0.0 0.0 0.0 0.0 0.0 0.0 4.0452 4.0452 4.0452 4.0452
7.982 0 3 1.0 0.0 0.0 0.0 0.0 0.0 0.0 0.0 0.0 0.0 4.0452 4.0452 4.0452 4.0452
7.9830000000000005 0 3 1.0 0.0 0.0 0.0 0.0 0.0 0.0 0.0 0.0 0.0 4.0452 4.0452 4.0452 4.0452
7.984 0 3 1.0 0.0 0.0 0.0 0.0 0.0 0.0 0.0 0.0 0.0 4.0452 4.0452 4.0452 4.0452
7.985 0 3 1.0 0.0 0.0 0.0 0.0 0.0 0.0 0.0 0.0 0.0 4.0452 4.0452 4.0452 4.0452
7.986 0 3 1.0 0.0 0.0 0.0 0.0 0.0 0.0 0.0 0.0 0.0 4.0452 4.0452 4.0452 4.0452
7.987 0 3 1.0 0.0 0.0 0.0 0.0 0.0 0.0 0.0 0.0 0.0 4.0452 4.0452 4.0452 4.0452
7.988 0 3 1.0 0.0 0.0 0.0 0.0 0.0 0.0 0.0 0.0 0.0 4.0452 4.0452 4.0452 4.0452
7.989 0 3 1.0 0.0 0.0 0.0 0.0 0.0 0.0 0.0 0.0 0.0 4.0452 4.0452 4.0452 4.0452
7.99 0 3 1.0 0.0 0.0 0.0 0.0 0.0 0.0 0.0 0.0 0.0 4.0452 4.0452 4.0452 4.0452
7.9910000000000005 0 3 1.0 0.0 0.0 0.0 0.0 0.0 0.0 0.0 0.0 0.0 4.0452 4.0452 4.0452 4.0452
7.992 0 3 1.0 0.0 0.0 0.0 0.0 0.0 0.0 0.0 0.0 0.0 4.0452 4.0452 4.0452 4.0452
7.993 0 3 1.0 0.0 0.0 0.0 0.0 0.0 0.0 0.0 0.0 0.0 4.0452 4.0452 4.0452 4.0452
7.994 0 3 1.0 0.0 0.0 0.0 0.0 0.0 0.0 0.0 0.0 0.0 4.0452 4.0452 4.0452 4.0452
7.995 0 3 1.0 0.0 0.0 0.0 0.0 0.0 0.0 0.0 0.0 0.0 4.0452 4.0452 4.0452 4.0452
7.996 0 3 1.0 0.0 0.0 0.0 0.0 0.0 0.0 0.0 0.0 0.0 4.0452 4.0452 4.0452 4.0452
7.997 0 3 1.0 0.0 0.0 0.0 0.0 0.0 0.0 0.0 0.0 0.0 4.0452 4.0452 4.0452 4.0452
7.998 0 3 1.0 0.0 0.0 0.0 0.0 0.0 0.0 0.0 0.0 0.0 4.0452 4.0452 4.0452 4.0452
7.9990000000000006 0 3 1.0 0.0 0.0 0.0 0.0 0.0 0.0 0.0 0.0 0.0 4.0452 4.0452 4.0452 4.0452
8.0 0 3 1.0 0.0 0.0 0.0 0.0 0.0 0.0 0.0 0.0 0.0 4.0452 4.0452 4.0452 4.0452
8.001 0 3 1.0 0.0 0.0 0.0 0.0 0.0 0.0 0.0 0.0 0.0 4.0452 4.0452 4.0452 4.0452
8.002 0 3 1.0 0.0 0.0 0.0 0.0 0.0 0.0 0.0 0.0 0.0 4.0452 4.0452 4.0452 4.0452
8.003 0 3 1.0 0.0 0.0 0.0 0.0 0.0 0.0 0.0 0.0 0.0 4.0452 4.0452 4.0452 4.0452
8.004 0 3 1.0 0.0 0.0 0.0 0.0 0.0 0.0 0.0 0.0 0.0 4.0452 4.0452 4.0452 4.0452
8.005 0 3 1.0 0.0 0.0 0.0 0.0 0.0 0.0 0.0 0.0 0.0 4.0452 4.0452 4.0452 4.0452
8.006 0 3 1.0 0.0 0.0 0.0 0.0 0.0 0.0 0.0 0.0 0.0 4.0452 4.0452 4.0452 4.0452
8.007 0 3 1.0 0.0 0.0 0.0 0.0 0.0 0.0 0.0 0.0 0.0 4.0452 4.0452 4.0452 4.0452
8.008000000000001 0 3 1.0 0.0 0.0 0.0 0.0 0.0 0.0 0.0 0.0 0.0 4.0452 4.0452 4.0452 4.0452
8.009 0 3 1.0 0.0 0.0 0.0 0.0 0.0 0.0 0.0 0.0 0.0 4.0452 4.0452 4.0452 4.0452
8.01 0 3 1.0 0.0 0.0 0.0 0.0 0.0 0.0 0.0 0.0 0.0 4.0452 4.0452 4.0452 4.0452
8.011000000000001 0 3 1.0 0.0 0.0 0.0 0.0 0.0 0.0 0.0 0.0 0.0 4.0452 4.0452 4.0452 4.0452
8.012 0 3 1.0 0.0 0.0 0.0 0.0 0.0 0.0 0.0 0.0 0.0 4.0452 4.0452 4.0452 4.0452
8.013 0 3 1.0 0.0 0.0 0.0 0.0 0.0 0.0 0.0 0.0 0.0 4.0452 4.0452 4.0452 4.0452
8.014 0 3 1.0 0.0 0.0 0.0 0.0 0.0 0.0 0.0 0.0 0.0 4.0452 4.0452 4.0452 4.0452
8.015 0 3 1.0 0.0 0.0 0.0 0.0 0.0 0.0 0.0 0.0 0.0 4.0452 4.0452 4.0452 4.0452
8.016 0 3 1.0 0.0 0.0 0.0 0.0 0.0 0.0 0.0 0.0 0.0 4.0452 4.0452 4.0452 4.0452
8.017 0 3 1.0 0.0 0.0 0.0 0.0 0.0 0.0 0.0 0.0 0.0 4.0452 4.0452 4.0452 4.0452
8.018 0 3 1.0 0.0 0.0 0.0 0.0 0.0 0.0 0.0 0.0 0.0 4.0452 4.0452 4.0452 4.0452
8.019 0 3 1.0 0.0 0.0 0.0 0.0 0.0 0.0 0.0 0.0 0.0 4.0452 4.0452 4.0452 4.0452
8.02 0 3 1.0 0.0 0.0 0.0 0.0 0.0 0.0 0.0 0.0 0.0 4.0452 4.0452 4.0452 4.0452
8.021 0 3 1.0 0.0 0.0 0.0 0.0 0.0 0.0 0.0 0.0 0.0 4.0452 4.0452 4.0452 4.0452
8.022 0 3 1.0 0.0 0.0 0.0 0.0 0.0 0.0 0.0 0.0 0.0 4.0452 4.0452 4.0452 4.0452
8.023 0 3 1.0 0.0 0.0 0.0 0.0 0.0 0.0 0.0 0.0 0.0 4.0452 4.0452 4.0452 4.0452
8.024000000000001 0 3 1.0 0.0 0.0 0.0 0.0 0.0 0.0 0.0 0.0 0.0 4.0452 4.0452 4.0452 4.0452
8.025 0 3 1.0 0.0 0.0 0.0 0.0 0.0 0.0 0.0 0.0 0.0 4.0452 4.0452 4.0452 4.0452
8.026 0 3 1.0 0.0 0.0 0.0 0.0 0.0 0.0 0.0 0.0 0.0 4.0452 4.0452 4.0452 4.0452
8.027000000000001 0 3 1.0 0.0 0.0 0.0 0.0 0.0 0.0 0.0 0.0 0.0 4.0452 4.0452 4.0452 4.0452
8.028 0 3 1.0 0.0 0.0 0.0 0.0 0.0 0.0 0.0 0.0 0.0 4.0452 4.0452 4.0452 4.0452
8.029 0 3 1.0 0.0 0.0 0.0 0.0 0.0 0.0 0.0 0.0 0.0 4.0452 4.0452 4.0452 4.0452
8.03 0 3 1.0 0.0 0.0 0.0 0.0 0.0 0.0 0.0 0.0 0.0 4.0452 4.0452 4.0452 4.0452
8.031 0 3 1.0 0.0 0.0 0.0 0.0 0.0 0.0 0.0 0.0 0.0 4.0452 4.0452 4.0452 4.0452
8.032 0 3 1.0 0.0 0.0 0.0 0.0 0.0 0.0 0.0 0.0 0.0 4.0452 4.0452 4.0452 4.0452
8.033 0 3 1.0 0.0 0.0 0.0 0.0 0.0 0.0 0.0 0.0 0.0 4.0452 4.0452 4.0452 4.0452
8.034 0 3 1.0 0.0 0.0 0.0 0.0 0.0 0.0 0.0 0.0 0.0 4.0452 4.0452 4.0452 4.0452
8.035 0 3 1.0 0.0 0.0 0.0 0.0 0.0 0.0 0.0 0.0 0.0 4.0452 4.0452 4.0452 4.0452
8.036 0 3 1.0 0.0 0.0 0.0 0.0 0.0 0.0 0.0 0.0 0.0 4.0452 4.0452 4.0452 4.0452
8.037 0 3 1.0 0.0 0.0 0.0 0.0 0.0 0.0 0.0 0.0 0.0 4.0452 4.0452 4.0452 4.0452
8.038 0 3 1.0 0.0 0.0 0.0 0.0 0.0 0.0 0.0 0.0 0.0 4.0452 4.0452 4.0452 4.0452
8.039 0 3 1.0 0.0 0.0 0.0 0.0 0.0 0.0 0.0 0.0 0.0 4.0452 4.0452 4.0452 4.0452
8.040000000000001 0 3 1.0 0.0 0.0 0.0 0.0 0.0 0.0 0.0 0.0 0.0 4.0452 4.0452 4.0452 4.0452
8.041 0 3 1.0 0.0 0.0 0.0 0.0 0.0 0.0 0.0 0.0 0.0 4.0452 4.0452 4.0452 4.0452
8.042 0 3 1.0 0.0 0.0 0.0 0.0 0.0 0.0 0.0 0.0 0.0 4.0452 4.0452 4.0452 4.0452
8.043000000000001 0 3 1.0 0.0 0.0 0.0 0.0 0.0 0.0 0.0 0.0 0.0 4.0452 4.0452 4.0452 4.0452
8.044 0 3 1.0 0.0 0.0 0.0 0.0 0.0 0.0 0.0 0.0 0.0 4.0452 4.0452 4.0452 4.0452
8.045 0 3 1.0 0.0 0.0 0.0 0.0 0.0 0.0 0.0 0.0 0.0 4.0452 4.0452 4.0452 4.0452
8.046 0 3 1.0 0.0 0.0 0.0 0.0 0.0 0.0 0.0 0.0 0.0 4.0452 4.0452 4.0452 4.0452
8.047 0 3 1.0 0.0 0.0 0.0 0.0 0.0 0.0 0.0 0.0 0.0 4.0452 4.0452 4.0452 4.0452
8.048 0 3 1.0 0.0 0.0 0.0 0.0 0.0 0.0 0.0 0.0 0.0 4.0452 4.0452 4.0452 4.0452
8.049 0 3 1.0 0.0 0.0 0.0 0.0 0.0 0.0 0.0 0.0 0.0 4.0452 4.0452 4.0452 4.0452
8.05 0 3 1.0 0.0 0.0 0.0 0.0 0.0 0.0 0.0 0.0 0.0 4.0452 4.0452 4.0452 4.0452
8.051 0 3 1.0 0.0 0.0 0.0 0.0 0.0 0.0 0.0 0.0 0.0 4.0452 4.0452 4.0452 4.0452
8.052 0 3 1.0 0.0 0.0 0.0 0.0 0.0 0.0 0.0 0.0 0.0 4.0452 4.0452 4.0452 4.0452
8.053 0 3 1.0 0.0 0.0 0.0 0.0 0.0 0.0 0.0 0.0 0.0 4.0452 4.0452 4.0452 4.0452
8.054 0 3 1.0 0.0 0.0 0.0 0.0 0.0 0.0 0.0 0.0 0.0 4.0452 4.0452 4.0452 4.0452
8.055 0 3 1.0 0.0 0.0 0.0 0.0 0.0 0.0 0.0 0.0 0.0 4.0452 4.0452 4.0452 4.0452
8.056000000000001 0 3 1.0 0.0 0.0 0.0 0.0 0.0 0.0 0.0 0.0 0.0 4.0452 4.0452 4.0452 4.0452
8.057 0 3 1.0 0.0 0.0 0.0 0.0 0.0 0.0 0.0 0.0 0.0 4.0452 4.0452 4.0452 4.0452
8.058 0 3 1.0 0.0 0.0 0.0 0.0 0.0 0.0 0.0 0.0 0.0 4.0452 4.0452 4.0452 4.0452
8.059000000000001 0 3 1.0 0.0 0.0 0.0 0.0 0.0 0.0 0.0 0.0 0.0 4.0452 4.0452 4.0452 4.0452
8.06 0 3 1.0 0.0 0.0 0.0 0.0 0.0 0.0 0.0 0.0 0.0 4.0452 4.0452 4.0452 4.0452
8.061 0 3 1.0 0.0 0.0 0.0 0.0 0.0 0.0 0.0 0.0 0.0 4.0452 4.0452 4.0452 4.0452
8.062 0 3 1.0 0.0 0.0 0.0 0.0 0.0 0.0 0.0 0.0 0.0 4.0452 4.0452 4.0452 4.0452
8.063 0 3 1.0 0.0 0.0 0.0 0.0 0.0 0.0 0.0 0.0 0.0 4.0452 4.0452 4.0452 4.0452
8.064 0 3 1.0 0.0 0.0 0.0 0.0 0.0 0.0 0.0 0.0 0.0 4.0452 4.0452 4.0452 4.0452
8.065 0 3 1.0 0.0 0.0 0.0 0.0 0.0 0.0 0.0 0.0 0.0 4.0452 4.0452 4.0452 4.0452
8.066 0 3 1.0 0.0 0.0 0.0 0.0 0.0 0.0 0.0 0.0 0.0 4.0452 4.0452 4.0452 4.0452
8.067 0 3 1.0 0.0 0.0 0.0 0.0 0.0 0.0 0.0 0.0 0.0 4.0452 4.0452 4.0452 4.0452
8.068 0 3 1.0 0.0 0.0 0.0 0.0 0.0 0.0 0.0 0.0 0.0 4.0452 4.0452 4.0452 4.0452
8.069 0 3 1.0 0.0 0.0 0.0 0.0 0.0 0.0 0.0 0.0 0.0 4.0452 4.0452 4.0452 4.0452
8.07 0 3 1.0 0.0 0.0 0.0 0.0 0.0 0.0 0.0 0.0 0.0 4.0452 4.0452 4.0452 4.0452
8.071 0 3 1.0 0.0 0.0 0.0 0.0 0.0 0.0 0.0 0.0 0.0 4.0452 4.0452 4.0452 4.0452
8.072000000000001 0 3 1.0 0.0 0.0 0.0 0.0 0.0 0.0 0.0 0.0 0.0 4.0452 4.0452 4.0452 4.0452
8.073 0 3 1.0 0.0 0.0 0.0 0.0 0.0 0.0 0.0 0.0 0.0 4.0452 4.0452 4.0452 4.0452
8.074 0 3 1.0 0.0 0.0 0.0 0.0 0.0 0.0 0.0 0.0 0.0 4.0452 4.0452 4.0452 4.0452
8.075 0 3 1.0 0.0 0.0 0.0 0.0 0.0 0.0 0.0 0.0 0.0 4.0452 4.0452 4.0452 4.0452
8.076 0 3 1.0 0.0 0.0 0.0 0.0 0.0 0.0 0.0 0.0 0.0 4.0452 4.0452 4.0452 4.0452
8.077 0 3 1.0 0.0 0.0 0.0 0.0 0.0 0.0 0.0 0.0 0.0 4.0452 4.0452 4.0452 4.0452
8.078 0 3 1.0 0.0 0.0 0.0 0.0 0.0 0.0 0.0 0.0 0.0 4.0452 4.0452 4.0452 4.0452
8.079 0 3 1.0 0.0 0.0 0.0 0.0 0.0 0.0 0.0 0.0 0.0 4.0452 4.0452 4.0452 4.0452
8.08 0 3 1.0 0.0 0.0 0.0 0.0 0.0 0.0 0.0 0.0 0.0 4.0452 4.0452 4.0452 4.0452
8.081 0 3 1.0 0.0 0.0 0.0 0.0 0.0 0.0 0.0 0.0 0.0 4.0452 4.0452 4.0452 4.0452
8.082 0 3 1.0 0.0 0.0 0.0 0.0 0.0 0.0 0.0 0.0 0.0 4.0452 4.0452 4.0452 4.0452
8.083 0 3 1.0 0.0 0.0 0.0 0.0 0.0 0.0 0.0 0.0 0.0 4.0452 4.0452 4.0452 4.0452
8.084 0 3 1.0 0.0 0.0 0.0 0.0 0.0 0.0 0.0 0.0 0.0 4.0452 4.0452 4.0452 4.0452
8.085 0 3 1.0 0.0 0.0 0.0 0.0 0.0 0.0 0.0 0.0 0.0 4.0452 4.0452 4.0452 4.0452
8.086 0 3 1.0 0.0 0.0 0.0 0.0 0.0 0.0 0.0 0.0 0.0 4.0452 4.0452 4.0452 4.0452
8.087 0 3 1.0 0.0 0.0 0.0 0.0 0.0 0.0 0.0 0.0 0.0 4.0452 4.0452 4.0452 4.0452
8.088000000000001 0 3 1.0 0.0 0.0 0.0 0.0 0.0 0.0 0.0 0.0 0.0 4.0452 4.0452 4.0452 4.0452
8.089 0 3 1.0 0.0 0.0 0.0 0.0 0.0 0.0 0.0 0.0 0.0 4.0452 4.0452 4.0452 4.0452
8.09 0 3 1.0 0.0 0.0 0.0 0.0 0.0 0.0 0.0 0.0 0.0 4.0452 4.0452 4.0452 4.0452
8.091 0 3 1.0 0.0 0.0 0.0 0.0 0.0 0.0 0.0 0.0 0.0 4.0452 4.0452 4.0452 4.0452
8.092 0 3 1.0 0.0 0.0 0.0 0.0 0.0 0.0 0.0 0.0 0.0 4.0452 4.0452 4.0452 4.0452
8.093 0 3 1.0 0.0 0.0 0.0 0.0 0.0 0.0 0.0 0.0 0.0 4.0452 4.0452 4.0452 4.0452
8.094 0 3 1.0 0.0 0.0 0.0 0.0 0.0 0.0 0.0 0.0 0.0 4.0452 4.0452 4.0452 4.0452
8.095 0 3 1.0 0.0 0.0 0.0 0.0 0.0 0.0 0.0 0.0 0.0 4.0452 4.0452 4.0452 4.0452
8.096 0 3 1.0 0.0 0.0 0.0 0.0 0.0 0.0 0.0 0.0 0.0 4.0452 4.0452 4.0452 4.0452
8.097 0 3 1.0 0.0 0.0 0.0 0.0 0.0 0.0 0.0 0.0 0.0 4.0452 4.0452 4.0452 4.0452
8.098 0 3 1.0 0.0 0.0 0.0 0.0 0.0 0.0 0.0 0.0 0.0 4.0452 4.0452 4.0452 4.0452
8.099 0 3 1.0 0.0 0.0 0.0 0.0 0.0 0.0 0.0 0.0 0.0 4.0452 4.0452 4.0452 4.0452
8.1 0 3 1.0 0.0 0.0 0.0 0.0 0.0 0.0 0.0 0.0 0.0 4.0452 4.0452 4.0452 4.0452
8.101 0 3 1.0 0.0 0.0 0.0 0.0 0.0 0.0 0.0 0.0 0.0 4.0452 4.0452 4.0452 4.0452
8.102 0 3 1.0 0.0 0.0 0.0 0.0 0.0 0.0 0.0 0.0 0.0 4.0452 4.0452 4.0452 4.0452
8.103 0 3 1.0 0.0 0.0 0.0 0.0 0.0 0.0 0.0 0.0 0.0 4.0452 4.0452 4.0452 4.0452
8.104000000000001 0 3 1.0 0.0 0.0 0.0 0.0 0.0 0.0 0.0 0.0 0.0 4.0452 4.0452 4.0452 4.0452
8.105 0 3 1.0 0.0 0.0 0.0 0.0 0.0 0.0 0.0 0.0 0.0 4.0452 4.0452 4.0452 4.0452
8.106 0 3 1.0 0.0 0.0 0.0 0.0 0.0 0.0 0.0 0.0 0.0 4.0452 4.0452 4.0452 4.0452
8.107 0 3 1.0 0.0 0.0 0.0 0.0 0.0 0.0 0.0 0.0 0.0 4.0452 4.0452 4.0452 4.0452
8.108 0 3 1.0 0.0 0.0 0.0 0.0 0.0 0.0 0.0 0.0 0.0 4.0452 4.0452 4.0452 4.0452
8.109 0 3 1.0 0.0 0.0 0.0 0.0 0.0 0.0 0.0 0.0 0.0 4.0452 4.0452 4.0452 4.0452
8.11 0 3 1.0 0.0 0.0 0.0 0.0 0.0 0.0 0.0 0.0 0.0 4.0452 4.0452 4.0452 4.0452
8.111 0 3 1.0 0.0 0.0 0.0 0.0 0.0 0.0 0.0 0.0 0.0 4.0452 4.0452 4.0452 4.0452
8.112 0 3 1.0 0.0 0.0 0.0 0.0 0.0 0.0 0.0 0.0 0.0 4.0452 4.0452 4.0452 4.0452
8.113 0 3 1.0 0.0 0.0 0.0 0.0 0.0 0.0 0.0 0.0 0.0 4.0452 4.0452 4.0452 4.0452
8.114 0 3 1.0 0.0 0.0 0.0 0.0 0.0 0.0 0.0 0.0 0.0 4.0452 4.0452 4.0452 4.0452
8.115 0 3 1.0 0.0 0.0 0.0 0.0 0.0 0.0 0.0 0.0 0.0 4.0452 4.0452 4.0452 4.0452
8.116 0 3 1.0 0.0 0.0 0.0 0.0 0.0 0.0 0.0 0.0 0.0 4.0452 4.0452 4.0452 4.0452
8.117 0 3 1.0 0.0 0.0 0.0 0.0 0.0 0.0 0.0 0.0 0.0 4.0452 4.0452 4.0452 4.0452
8.118 0 3 1.0 0.0 0.0 0.0 0.0 0.0 0.0 0.0 0.0 0.0 4.0452 4.0452 4.0452 4.0452
8.119 0 3 1.0 0.0 0.0 0.0 0.0 0.0 0.0 0.0 0.0 0.0 4.0452 4.0452 4.0452 4.0452
8.120000000000001 0 3 1.0 0.0 0.0 0.0 0.0 0.0 0.0 0.0 0.0 0.0 4.0452 4.0452 4.0452 4.0452
8.121 0 3 1.0 0.0 0.0 0.0 0.0 0.0 0.0 0.0 0.0 0.0 4.0452 4.0452 4.0452 4.0452
8.122 0 3 1.0 0.0 0.0 0.0 0.0 0.0 0.0 0.0 0.0 0.0 4.0452 4.0452 4.0452 4.0452
8.123 0 3 1.0 0.0 0.0 0.0 0.0 0.0 0.0 0.0 0.0 0.0 4.0452 4.0452 4.0452 4.0452
8.124 0 3 1.0 0.0 0.0 0.0 0.0 0.0 0.0 0.0 0.0 0.0 4.0452 4.0452 4.0452 4.0452
8.125 0 3 1.0 0.0 0.0 0.0 0.0 0.0 0.0 0.0 0.0 0.0 4.0452 4.0452 4.0452 4.0452
8.126 0 3 1.0 0.0 0.0 0.0 0.0 0.0 0.0 0.0 0.0 0.0 4.0452 4.0452 4.0452 4.0452
8.127 0 3 1.0 0.0 0.0 0.0 0.0 0.0 0.0 0.0 0.0 0.0 4.0452 4.0452 4.0452 4.0452
8.128 0 3 1.0 0.0 0.0 0.0 0.0 0.0 0.0 0.0 0.0 0.0 4.0452 4.0452 4.0452 4.0452
8.129 0 3 1.0 0.0 0.0 0.0 0.0 0.0 0.0 0.0 0.0 0.0 4.0452 4.0452 4.0452 4.0452
8.13 0 3 1.0 0.0 0.0 0.0 0.0 0.0 0.0 0.0 0.0 0.0 4.0452 4.0452 4.0452 4.0452
8.131 0 3 1.0 0.0 0.0 0.0 0.0 0.0 0.0 0.0 0.0 0.0 4.0452 4.0452 4.0452 4.0452
8.132 0 3 1.0 0.0 0.0 0.0 0.0 0.0 0.0 0.0 0.0 0.0 4.0452 4.0452 4.0452 4.0452
8.133000000000001 0 3 1.0 0.0 0.0 0.0 0.0 0.0 0.0 0.0 0.0 0.0 4.0452 4.0452 4.0452 4.0452
8.134 0 3 1.0 0.0 0.0 0.0 0.0 0.0 0.0 0.0 0.0 0.0 4.0452 4.0452 4.0452 4.0452
8.135 0 3 1.0 0.0 0.0 0.0 0.0 0.0 0.0 0.0 0.0 0.0 4.0452 4.0452 4.0452 4.0452
8.136000000000001 0 3 1.0 0.0 0.0 0.0 0.0 0.0 0.0 0.0 0.0 0.0 4.0452 4.0452 4.0452 4.0452
8.137 0 3 1.0 0.0 0.0 0.0 0.0 0.0 0.0 0.0 0.0 0.0 4.0452 4.0452 4.0452 4.0452
8.138 0 3 1.0 0.0 0.0 0.0 0.0 0.0 0.0 0.0 0.0 0.0 4.0452 4.0452 4.0452 4.0452
8.139 0 3 1.0 0.0 0.0 0.0 0.0 0.0 0.0 0.0 0.0 0.0 4.0452 4.0452 4.0452 4.0452
8.14 0 3 1.0 0.0 0.0 0.0 0.0 0.0 0.0 0.0 0.0 0.0 4.0452 4.0452 4.0452 4.0452
8.141 0 3 1.0 0.0 0.0 0.0 0.0 0.0 0.0 0.0 0.0 0.0 4.0452 4.0452 4.0452 4.0452
8.142 0 3 1.0 0.0 0.0 0.0 0.0 0.0 0.0 0.0 0.0 0.0 4.0452 4.0452 4.0452 4.0452
8.143 0 3 1.0 0.0 0.0 0.0 0.0 0.0 0.0 0.0 0.0 0.0 4.0452 4.0452 4.0452 4.0452
8.144 0 3 1.0 0.0 0.0 0.0 0.0 0.0 0.0 0.0 0.0 0.0 4.0452 4.0452 4.0452 4.0452
8.145 0 3 1.0 0.0 0.0 0.0 0.0 0.0 0.0 0.0 0.0 0.0 4.0452 4.0452 4.0452 4.0452
8.146 0 3 1.0 0.0 0.0 0.0 0.0 0.0 0.0 0.0 0.0 0.0 4.0452 4.0452 4.0452 4.0452
8.147 0 3 1.0 0.0 0.0 0.0 0.0 0.0 0.0 0.0 0.0 0.0 4.0452 4.0452 4.0452 4.0452
8.148 0 3 1.0 0.0 0.0 0.0 0.0 0.0 0.0 0.0 0.0 0.0 4.0452 4.0452 4.0452 4.0452
8.149000000000001 0 3 1.0 0.0 0.0 0.0 0.0 0.0 0.0 0.0 0.0 0.0 4.0452 4.0452 4.0452 4.0452
8.15 0 3 1.0 0.0 0.0 0.0 0.0 0.0 0.0 0.0 0.0 0.0 4.0452 4.0452 4.0452 4.0452
8.151 0 3 1.0 0.0 0.0 0.0 0.0 0.0 0.0 0.0 0.0 0.0 4.0452 4.0452 4.0452 4.0452
8.152000000000001 0 3 1.0 0.0 0.0 0.0 0.0 0.0 0.0 0.0 0.0 0.0 4.0452 4.0452 4.0452 4.0452
8.153 0 3 1.0 0.0 0.0 0.0 0.0 0.0 0.0 0.0 0.0 0.0 4.0452 4.0452 4.0452 4.0452
8.154 0 3 1.0 0.0 0.0 0.0 0.0 0.0 0.0 0.0 0.0 0.0 4.0452 4.0452 4.0452 4.0452
8.155 0 3 1.0 0.0 0.0 0.0 0.0 0.0 0.0 0.0 0.0 0.0 4.0452 4.0452 4.0452 4.0452
8.156 0 3 1.0 0.0 0.0 0.0 0.0 0.0 0.0 0.0 0.0 0.0 4.0452 4.0452 4.0452 4.0452
8.157 0 3 1.0 0.0 0.0 0.0 0.0 0.0 0.0 0.0 0.0 0.0 4.0452 4.0452 4.0452 4.0452
8.158 0 3 1.0 0.0 0.0 0.0 0.0 0.0 0.0 0.0 0.0 0.0 4.0452 4.0452 4.0452 4.0452
8.159 0 3 1.0 0.0 0.0 0.0 0.0 0.0 0.0 0.0 0.0 0.0 4.0452 4.0452 4.0452 4.0452
8.16 0 3 1.0 0.0 0.0 0.0 0.0 0.0 0.0 0.0 0.0 0.0 4.0452 4.0452 4.0452 4.0452
8.161 0 3 1.0 0.0 0.0 0.0 0.0 0.0 0.0 0.0 0.0 0.0 4.0452 4.0452 4.0452 4.0452
8.162 0 3 1.0 0.0 0.0 0.0 0.0 0.0 0.0 0.0 0.0 0.0 4.0452 4.0452 4.0452 4.0452
8.163 0 3 1.0 0.0 0.0 0.0 0.0 0.0 0.0 0.0 0.0 0.0 4.0452 4.0452 4.0452 4.0452
8.164 0 3 1.0 0.0 0.0 0.0 0.0 0.0 0.0 0.0 0.0 0.0 4.0452 4.0452 4.0452 4.0452
8.165000000000001 0 3 1.0 0.0 0.0 0.0 0.0 0.0 0.0 0.0 0.0 0.0 4.0452 4.0452 4.0452 4.0452
8.166 0 3 1.0 0.0 0.0 0.0 0.0 0.0 0.0 0.0 0.0 0.0 4.0452 4.0452 4.0452 4.0452
8.167 0 3 1.0 0.0 0.0 0.0 0.0 0.0 0.0 0.0 0.0 0.0 4.0452 4.0452 4.0452 4.0452
8.168000000000001 0 3 1.0 0.0 0.0 0.0 0.0 0.0 0.0 0.0 0.0 0.0 4.0452 4.0452 4.0452 4.0452
8.169 0 3 1.0 0.0 0.0 0.0 0.0 0.0 0.0 0.0 0.0 0.0 4.0452 4.0452 4.0452 4.0452
8.17 0 3 1.0 0.0 0.0 0.0 0.0 0.0 0.0 0.0 0.0 0.0 4.0452 4.0452 4.0452 4.0452
8.171 0 3 1.0 0.0 0.0 0.0 0.0 0.0 0.0 0.0 0.0 0.0 4.0452 4.0452 4.0452 4.0452
8.172 0 3 1.0 0.0 0.0 0.0 0.0 0.0 0.0 0.0 0.0 0.0 4.0452 4.0452 4.0452 4.0452
8.173 0 3 1.0 0.0 0.0 0.0 0.0 0.0 0.0 0.0 0.0 0.0 4.0452 4.0452 4.0452 4.0452
8.174 0 3 1.0 0.0 0.0 0.0 0.0 0.0 0.0 0.0 0.0 0.0 4.0452 4.0452 4.0452 4.0452
8.175 0 3 1.0 0.0 0.0 0.0 0.0 0.0 0.0 0.0 0.0 0.0 4.0452 4.0452 4.0452 4.0452
8.176 0 3 1.0 0.0 0.0 0.0 0.0 0.0 0.0 0.0 0.0 0.0 4.0452 4.0452 4.0452 4.0452
8.177 0 3 1.0 0.0 0.0 0.0 0.0 0.0 0.0 0.0 0.0 0.0 4.0452 4.0452 4.0452 4.0452
8.178 0 3 1.0 0.0 0.0 0.0 0.0 0.0 0.0 0.0 0.0 0.0 4.0452 4.0452 4.0452 4.0452
8.179 0 3 1.0 0.0 0.0 0.0 0.0 0.0 0.0 0.0 0.0 0.0 4.0452 4.0452 4.0452 4.0452
8.18 0 3 1.0 0.0 0.0 0.0 0.0 0.0 0.0 0.0 0.0 0.0 4.0452 4.0452 4.0452 4.0452
8.181000000000001 0 3 1.0 0.0 0.0 0.0 0.0 0.0 0.0 0.0 0.0 0.0 4.0452 4.0452 4.0452 4.0452
8.182 0 3 1.0 0.0 0.0 0.0 0.0 0.0 0.0 0.0 0.0 0.0 4.0452 4.0452 4.0452 4.0452
8.183 0 3 1.0 0.0 0.0 0.0 0.0 0.0 0.0 0.0 0.0 0.0 4.0452 4.0452 4.0452 4.0452
8.184000000000001 0 3 1.0 0.0 0.0 0.0 0.0 0.0 0.0 0.0 0.0 0.0 4.0452 4.0452 4.0452 4.0452
8.185 0 3 1.0 0.0 0.0 0.0 0.0 0.0 0.0 0.0 0.0 0.0 4.0452 4.0452 4.0452 4.0452
8.186 0 3 1.0 0.0 0.0 0.0 0.0 0.0 0.0 0.0 0.0 0.0 4.0452 4.0452 4.0452 4.0452
8.187 0 3 1.0 0.0 0.0 0.0 0.0 0.0 0.0 0.0 0.0 0.0 4.0452 4.0452 4.0452 4.0452
8.188 0 3 1.0 0.0 0.0 0.0 0.0 0.0 0.0 0.0 0.0 0.0 4.0452 4.0452 4.0452 4.0452
8.189 0 3 1.0 0.0 0.0 0.0 0.0 0.0 0.0 0.0 0.0 0.0 4.0452 4.0452 4.0452 4.0452
8.19 0 3 1.0 0.0 0.0 0.0 0.0 0.0 0.0 0.0 0.0 0.0 4.0452 4.0452 4.0452 4.0452
8.191 0 3 1.0 0.0 0.0 0.0 0.0 0.0 0.0 0.0 0.0 0.0 4.0452 4.0452 4.0452 4.0452
8.192 0 3 1.0 0.0 0.0 0.0 0.0 0.0 0.0 0.0 0.0 0.0 4.0452 4.0452 4.0452 4.0452
8.193 0 3 1.0 0.0 0.0 0.0 0.0 0.0 0.0 0.0 0.0 0.0 4.0452 4.0452 4.0452 4.0452
8.194 0 3 1.0 0.0 0.0 0.0 0.0 0.0 0.0 0.0 0.0 0.0 4.0452 4.0452 4.0452 4.0452
8.195 0 3 1.0 0.0 0.0 0.0 0.0 0.0 0.0 0.0 0.0 0.0 4.0452 4.0452 4.0452 4.0452
8.196 0 3 1.0 0.0 0.0 0.0 0.0 0.0 0.0 0.0 0.0 0.0 4.0452 4.0452 4.0452 4.0452
8.197000000000001 0 3 1.0 0.0 0.0 0.0 0.0 0.0 0.0 0.0 0.0 0.0 4.0452 4.0452 4.0452 4.0452
8.198 0 3 1.0 0.0 0.0 0.0 0.0 0.0 0.0 0.0 0.0 0.0 4.0452 4.0452 4.0452 4.0452
8.199 0 3 1.0 0.0 0.0 0.0 0.0 0.0 0.0 0.0 0.0 0.0 4.0452 4.0452 4.0452 4.0452
8.2 0 3 1.0 0.0 0.0 0.0 0.0 0.0 0.0 0.0 0.0 0.0 4.0452 4.0452 4.0452 4.0452
8.201 0 3 1.0 0.0 0.0 0.0 0.0 0.0 0.0 0.0 0.0 0.0 4.0452 4.0452 4.0452 4.0452
8.202 0 3 1.0 0.0 0.0 0.0 0.0 0.0 0.0 0.0 0.0 0.0 4.0452 4.0452 4.0452 4.0452
8.203 0 3 1.0 0.0 0.0 0.0 0.0 0.0 0.0 0.0 0.0 0.0 4.0452 4.0452 4.0452 4.0452
8.204 0 3 1.0 0.0 0.0 0.0 0.0 0.0 0.0 0.0 0.0 0.0 4.0452 4.0452 4.0452 4.0452
8.205 0 3 1.0 0.0 0.0 0.0 0.0 0.0 0.0 0.0 0.0 0.0 4.0452 4.0452 4.0452 4.0452
8.206 0 3 1.0 0.0 0.0 0.0 0.0 0.0 0.0 0.0 0.0 0.0 4.0452 4.0452 4.0452 4.0452
8.207 0 3 1.0 0.0 0.0 0.0 0.0 0.0 0.0 0.0 0.0 0.0 4.0452 4.0452 4.0452 4.0452
8.208 0 3 1.0 0.0 0.0 0.0 0.0 0.0 0.0 0.0 0.0 0.0 4.0452 4.0452 4.0452 4.0452
8.209 0 3 1.0 0.0 0.0 0.0 0.0 0.0 0.0 0.0 0.0 0.0 4.0452 4.0452 4.0452 4.0452
8.21 0 3 1.0 0.0 0.0 0.0 0.0 0.0 0.0 0.0 0.0 0.0 4.0452 4.0452 4.0452 4.0452
8.211 0 3 1.0 0.0 0.0 0.0 0.0 0.0 0.0 0.0 0.0 0.0 4.0452 4.0452 4.0452 4.0452
8.212 0 3 1.0 0.0 0.0 0.0 0.0 0.0 0.0 0.0 0.0 0.0 4.0452 4.0452 4.0452 4.0452
8.213000000000001 0 3 1.0 0.0 0.0 0.0 0.0 0.0 0.0 0.0 0.0 0.0 4.0452 4.0452 4.0452 4.0452
8.214 0 3 1.0 0.0 0.0 0.0 0.0 0.0 0.0 0.0 0.0 0.0 4.0452 4.0452 4.0452 4.0452
8.215 0 3 1.0 0.0 0.0 0.0 0.0 0.0 0.0 0.0 0.0 0.0 4.0452 4.0452 4.0452 4.0452
8.216 0 3 1.0 0.0 0.0 0.0 0.0 0.0 0.0 0.0 0.0 0.0 4.0452 4.0452 4.0452 4.0452
8.217 0 3 1.0 0.0 0.0 0.0 0.0 0.0 0.0 0.0 0.0 0.0 4.0452 4.0452 4.0452 4.0452
8.218 0 3 1.0 0.0 0.0 0.0 0.0 0.0 0.0 0.0 0.0 0.0 4.0452 4.0452 4.0452 4.0452
8.219 0 3 1.0 0.0 0.0 0.0 0.0 0.0 0.0 0.0 0.0 0.0 4.0452 4.0452 4.0452 4.0452
8.22 0 3 1.0 0.0 0.0 0.0 0.0 0.0 0.0 0.0 0.0 0.0 4.0452 4.0452 4.0452 4.0452
8.221 0 3 1.0 0.0 0.0 0.0 0.0 0.0 0.0 0.0 0.0 0.0 4.0452 4.0452 4.0452 4.0452
8.222 0 3 1.0 0.0 0.0 0.0 0.0 0.0 0.0 0.0 0.0 0.0 4.0452 4.0452 4.0452 4.0452
8.223 0 3 1.0 0.0 0.0 0.0 0.0 0.0 0.0 0.0 0.0 0.0 4.0452 4.0452 4.0452 4.0452
8.224 0 3 1.0 0.0 0.0 0.0 0.0 0.0 0.0 0.0 0.0 0.0 4.0452 4.0452 4.0452 4.0452
8.225 0 3 1.0 0.0 0.0 0.0 0.0 0.0 0.0 0.0 0.0 0.0 4.0452 4.0452 4.0452 4.0452
8.226 0 3 1.0 0.0 0.0 0.0 0.0 0.0 0.0 0.0 0.0 0.0 4.0452 4.0452 4.0452 4.0452
8.227 0 3 1.0 0.0 0.0 0.0 0.0 0.0 0.0 0.0 0.0 0.0 4.0452 4.0452 4.0452 4.0452
8.228 0 3 1.0 0.0 0.0 0.0 0.0 0.0 0.0 0.0 0.0 0.0 4.0452 4.0452 4.0452 4.0452
8.229000000000001 0 3 1.0 0.0 0.0 0.0 0.0 0.0 0.0 0.0 0.0 0.0 4.0452 4.0452 4.0452 4.0452
8.23 0 3 1.0 0.0 0.0 0.0 0.0 0.0 0.0 0.0 0.0 0.0 4.0452 4.0452 4.0452 4.0452
8.231 0 3 1.0 0.0 0.0 0.0 0.0 0.0 0.0 0.0 0.0 0.0 4.0452 4.0452 4.0452 4.0452
8.232 0 3 1.0 0.0 0.0 0.0 0.0 0.0 0.0 0.0 0.0 0.0 4.0452 4.0452 4.0452 4.0452
8.233 0 3 1.0 0.0 0.0 0.0 0.0 0.0 0.0 0.0 0.0 0.0 4.0452 4.0452 4.0452 4.0452
8.234 0 3 1.0 0.0 0.0 0.0 0.0 0.0 0.0 0.0 0.0 0.0 4.0452 4.0452 4.0452 4.0452
8.235 0 3 1.0 0.0 0.0 0.0 0.0 0.0 0.0 0.0 0.0 0.0 4.0452 4.0452 4.0452 4.0452
8.236 0 3 1.0 0.0 0.0 0.0 0.0 0.0 0.0 0.0 0.0 0.0 4.0452 4.0452 4.0452 4.0452
8.237 0 3 1.0 0.0 0.0 0.0 0.0 0.0 0.0 0.0 0.0 0.0 4.0452 4.0452 4.0452 4.0452
8.238 0 3 1.0 0.0 0.0 0.0 0.0 0.0 0.0 0.0 0.0 0.0 4.0452 4.0452 4.0452 4.0452
8.239 0 3 1.0 0.0 0.0 0.0 0.0 0.0 0.0 0.0 0.0 0.0 4.0452 4.0452 4.0452 4.0452
8.24 0 3 1.0 0.0 0.0 0.0 0.0 0.0 0.0 0.0 0.0 0.0 4.0452 4.0452 4.0452 4.0452
8.241 0 3 1.0 0.0 0.0 0.0 0.0 0.0 0.0 0.0 0.0 0.0 4.0452 4.0452 4.0452 4.0452
8.242 0 3 1.0 0.0 0.0 0.0 0.0 0.0 0.0 0.0 0.0 0.0 4.0452 4.0452 4.0452 4.0452
8.243 0 3 1.0 0.0 0.0 0.0 0.0 0.0 0.0 0.0 0.0 0.0 4.0452 4.0452 4.0452 4.0452
8.244 0 3 1.0 0.0 0.0 0.0 0.0 0.0 0.0 0.0 0.0 0.0 4.0452 4.0452 4.0452 4.0452
8.245000000000001 0 3 1.0 0.0 0.0 0.0 0.0 0.0 0.0 0.0 0.0 0.0 4.0452 4.0452 4.0452 4.0452
8.246 0 3 1.0 0.0 0.0 0.0 0.0 0.0 0.0 0.0 0.0 0.0 4.0452 4.0452 4.0452 4.0452
8.247 0 3 1.0 0.0 0.0 0.0 0.0 0.0 0.0 0.0 0.0 0.0 4.0452 4.0452 4.0452 4.0452
8.248 0 3 1.0 0.0 0.0 0.0 0.0 0.0 0.0 0.0 0.0 0.0 4.0452 4.0452 4.0452 4.0452
8.249 0 3 1.0 0.0 0.0 0.0 0.0 0.0 0.0 0.0 0.0 0.0 4.0452 4.0452 4.0452 4.0452
8.25 0 3 1.0 0.0 0.0 0.0 0.0 0.0 0.0 0.0 0.0 0.0 4.0452 4.0452 4.0452 4.0452
8.251 0 3 1.0 0.0 0.0 0.0 0.0 0.0 0.0 0.0 0.0 0.0 4.0452 4.0452 4.0452 4.0452
8.252 0 3 1.0 0.0 0.0 0.0 0.0 0.0 0.0 0.0 0.0 0.0 4.0452 4.0452 4.0452 4.0452
8.253 0 3 1.0 0.0 0.0 0.0 0.0 0.0 0.0 0.0 0.0 0.0 4.0452 4.0452 4.0452 4.0452
8.254 0 3 1.0 0.0 0.0 0.0 0.0 0.0 0.0 0.0 0.0 0.0 4.0452 4.0452 4.0452 4.0452
8.255 0 3 1.0 0.0 0.0 0.0 0.0 0.0 0.0 0.0 0.0 0.0 4.0452 4.0452 4.0452 4.0452
8.256 0 3 1.0 0.0 0.0 0.0 0.0 0.0 0.0 0.0 0.0 0.0 4.0452 4.0452 4.0452 4.0452
8.257 0 3 1.0 0.0 0.0 0.0 0.0 0.0 0.0 0.0 0.0 0.0 4.0452 4.0452 4.0452 4.0452
8.258000000000001 0 3 1.0 0.0 0.0 0.0 0.0 0.0 0.0 0.0 0.0 0.0 4.0452 4.0452 4.0452 4.0452
8.259 0 3 1.0 0.0 0.0 0.0 0.0 0.0 0.0 0.0 0.0 0.0 4.0452 4.0452 4.0452 4.0452
8.26 0 3 1.0 0.0 0.0 0.0 0.0 0.0 0.0 0.0 0.0 0.0 4.0452 4.0452 4.0452 4.0452
8.261000000000001 0 3 1.0 0.0 0.0 0.0 0.0 0.0 0.0 0.0 0.0 0.0 4.0452 4.0452 4.0452 4.0452
8.262 0 3 1.0 0.0 0.0 0.0 0.0 0.0 0.0 0.0 0.0 0.0 4.0452 4.0452 4.0452 4.0452
8.263 0 3 1.0 0.0 0.0 0.0 0.0 0.0 0.0 0.0 0.0 0.0 4.0452 4.0452 4.0452 4.0452
8.264 0 3 1.0 0.0 0.0 0.0 0.0 0.0 0.0 0.0 0.0 0.0 4.0452 4.0452 4.0452 4.0452
8.265 0 3 1.0 0.0 0.0 0.0 0.0 0.0 0.0 0.0 0.0 0.0 4.0452 4.0452 4.0452 4.0452
8.266 0 3 1.0 0.0 0.0 0.0 0.0 0.0 0.0 0.0 0.0 0.0 4.0452 4.0452 4.0452 4.0452
8.267 0 3 1.0 0.0 0.0 0.0 0.0 0.0 0.0 0.0 0.0 0.0 4.0452 4.0452 4.0452 4.0452
8.268 0 3 1.0 0.0 0.0 0.0 0.0 0.0 0.0 0.0 0.0 0.0 4.0452 4.0452 4.0452 4.0452
8.269 0 3 1.0 0.0 0.0 0.0 0.0 0.0 0.0 0.0 0.0 0.0 4.0452 4.0452 4.0452 4.0452
8.27 0 3 1.0 0.0 0.0 0.0 0.0 0.0 0.0 0.0 0.0 0.0 4.0452 4.0452 4.0452 4.0452
8.271 0 3 1.0 0.0 0.0 0.0 0.0 0.0 0.0 0.0 0.0 0.0 4.0452 4.0452 4.0452 4.0452
8.272 0 3 1.0 0.0 0.0 0.0 0.0 0.0 0.0 0.0 0.0 0.0 4.0452 4.0452 4.0452 4.0452
8.273 0 3 1.0 0.0 0.0 0.0 0.0 0.0 0.0 0.0 0.0 0.0 4.0452 4.0452 4.0452 4.0452
8.274000000000001 0 3 1.0 0.0 0.0 0.0 0.0 0.0 0.0 0.0 0.0 0.0 4.0452 4.0452 4.0452 4.0452
8.275 0 3 1.0 0.0 0.0 0.0 0.0 0.0 0.0 0.0 0.0 0.0 4.0452 4.0452 4.0452 4.0452
8.276 0 3 1.0 0.0 0.0 0.0 0.0 0.0 0.0 0.0 0.0 0.0 4.0452 4.0452 4.0452 4.0452
8.277000000000001 0 3 1.0 0.0 0.0 0.0 0.0 0.0 0.0 0.0 0.0 0.0 4.0452 4.0452 4.0452 4.0452
8.278 0 3 1.0 0.0 0.0 0.0 0.0 0.0 0.0 0.0 0.0 0.0 4.0452 4.0452 4.0452 4.0452
8.279 0 3 1.0 0.0 0.0 0.0 0.0 0.0 0.0 0.0 0.0 0.0 4.0452 4.0452 4.0452 4.0452
8.28 0 3 1.0 0.0 0.0 0.0 0.0 0.0 0.0 0.0 0.0 0.0 4.0452 4.0452 4.0452 4.0452
8.281 0 3 1.0 0.0 0.0 0.0 0.0 0.0 0.0 0.0 0.0 0.0 4.0452 4.0452 4.0452 4.0452
8.282 0 3 1.0 0.0 0.0 0.0 0.0 0.0 0.0 0.0 0.0 0.0 4.0452 4.0452 4.0452 4.0452
8.283 0 3 1.0 0.0 0.0 0.0 0.0 0.0 0.0 0.0 0.0 0.0 4.0452 4.0452 4.0452 4.0452
8.284 0 3 1.0 0.0 0.0 0.0 0.0 0.0 0.0 0.0 0.0 0.0 4.0452 4.0452 4.0452 4.0452
8.285 0 3 1.0 0.0 0.0 0.0 0.0 0.0 0.0 0.0 0.0 0.0 4.0452 4.0452 4.0452 4.0452
8.286 0 3 1.0 0.0 0.0 0.0 0.0 0.0 0.0 0.0 0.0 0.0 4.0452 4.0452 4.0452 4.0452
8.287 0 3 1.0 0.0 0.0 0.0 0.0 0.0 0.0 0.0 0.0 0.0 4.0452 4.0452 4.0452 4.0452
8.288 0 3 1.0 0.0 0.0 0.0 0.0 0.0 0.0 0.0 0.0 0.0 4.0452 4.0452 4.0452 4.0452
8.289 0 3 1.0 0.0 0.0 0.0 0.0 0.0 0.0 0.0 0.0 0.0 4.0452 4.0452 4.0452 4.0452
8.290000000000001 0 3 1.0 0.0 0.0 0.0 0.0 0.0 0.0 0.0 0.0 0.0 4.0452 4.0452 4.0452 4.0452
8.291 0 3 1.0 0.0 0.0 0.0 0.0 0.0 0.0 0.0 0.0 0.0 4.0452 4.0452 4.0452 4.0452
8.292 0 3 1.0 0.0 0.0 0.0 0.0 0.0 0.0 0.0 0.0 0.0 4.0452 4.0452 4.0452 4.0452
8.293000000000001 0 3 1.0 0.0 0.0 0.0 0.0 0.0 0.0 0.0 0.0 0.0 4.0452 4.0452 4.0452 4.0452
8.294 0 3 1.0 0.0 0.0 0.0 0.0 0.0 0.0 0.0 0.0 0.0 4.0452 4.0452 4.0452 4.0452
8.295 0 3 1.0 0.0 0.0 0.0 0.0 0.0 0.0 0.0 0.0 0.0 4.0452 4.0452 4.0452 4.0452
8.296 0 3 1.0 0.0 0.0 0.0 0.0 0.0 0.0 0.0 0.0 0.0 4.0452 4.0452 4.0452 4.0452
8.297 0 3 1.0 0.0 0.0 0.0 0.0 0.0 0.0 0.0 0.0 0.0 4.0452 4.0452 4.0452 4.0452
8.298 0 3 1.0 0.0 0.0 0.0 0.0 0.0 0.0 0.0 0.0 0.0 4.0452 4.0452 4.0452 4.0452
8.299 0 3 1.0 0.0 0.0 0.0 0.0 0.0 0.0 0.0 0.0 0.0 4.0452 4.0452 4.0452 4.0452
8.3 0 3 1.0 0.0 0.0 0.0 0.0 0.0 0.0 0.0 0.0 0.0 4.0452 4.0452 4.0452 4.0452
8.301 0 3 1.0 0.0 0.0 0.0 0.0 0.0 0.0 0.0 0.0 0.0 4.0452 4.0452 4.0452 4.0452
8.302 0 3 1.0 0.0 0.0 0.0 0.0 0.0 0.0 0.0 0.0 0.0 4.0452 4.0452 4.0452 4.0452
8.303 0 3 1.0 0.0 0.0 0.0 0.0 0.0 0.0 0.0 0.0 0.0 4.0452 4.0452 4.0452 4.0452
8.304 0 3 1.0 0.0 0.0 0.0 0.0 0.0 0.0 0.0 0.0 0.0 4.0452 4.0452 4.0452 4.0452
8.305 0 3 1.0 0.0 0.0 0.0 0.0 0.0 0.0 0.0 0.0 0.0 4.0452 4.0452 4.0452 4.0452
8.306000000000001 0 3 1.0 0.0 0.0 0.0 0.0 0.0 0.0 0.0 0.0 0.0 4.0452 4.0452 4.0452 4.0452
8.307 0 3 1.0 0.0 0.0 0.0 0.0 0.0 0.0 0.0 0.0 0.0 4.0452 4.0452 4.0452 4.0452
8.308 0 3 1.0 0.0 0.0 0.0 0.0 0.0 0.0 0.0 0.0 0.0 4.0452 4.0452 4.0452 4.0452
8.309000000000001 0 3 1.0 0.0 0.0 0.0 0.0 0.0 0.0 0.0 0.0 0.0 4.0452 4.0452 4.0452 4.0452
8.31 0 3 1.0 0.0 0.0 0.0 0.0 0.0 0.0 0.0 0.0 0.0 4.0452 4.0452 4.0452 4.0452
8.311 0 3 1.0 0.0 0.0 0.0 0.0 0.0 0.0 0.0 0.0 0.0 4.0452 4.0452 4.0452 4.0452
8.312 0 3 1.0 0.0 0.0 0.0 0.0 0.0 0.0 0.0 0.0 0.0 4.0452 4.0452 4.0452 4.0452
8.313 0 3 1.0 0.0 0.0 0.0 0.0 0.0 0.0 0.0 0.0 0.0 4.0452 4.0452 4.0452 4.0452
8.314 0 3 1.0 0.0 0.0 0.0 0.0 0.0 0.0 0.0 0.0 0.0 4.0452 4.0452 4.0452 4.0452
8.315 0 3 1.0 0.0 0.0 0.0 0.0 0.0 0.0 0.0 0.0 0.0 4.0452 4.0452 4.0452 4.0452
8.316 0 3 1.0 0.0 0.0 0.0 0.0 0.0 0.0 0.0 0.0 0.0 4.0452 4.0452 4.0452 4.0452
8.317 0 3 1.0 0.0 0.0 0.0 0.0 0.0 0.0 0.0 0.0 0.0 4.0452 4.0452 4.0452 4.0452
8.318 0 3 1.0 0.0 0.0 0.0 0.0 0.0 0.0 0.0 0.0 0.0 4.0452 4.0452 4.0452 4.0452
8.319 0 3 1.0 0.0 0.0 0.0 0.0 0.0 0.0 0.0 0.0 0.0 4.0452 4.0452 4.0452 4.0452
8.32 0 3 1.0 0.0 0.0 0.0 0.0 0.0 0.0 0.0 0.0 0.0 4.0452 4.0452 4.0452 4.0452
8.321 0 3 1.0 0.0 0.0 0.0 0.0 0.0 0.0 0.0 0.0 0.0 4.0452 4.0452 4.0452 4.0452
8.322000000000001 0 3 1.0 0.0 0.0 0.0 0.0 0.0 0.0 0.0 0.0 0.0 4.0452 4.0452 4.0452 4.0452
8.323 0 3 1.0 0.0 0.0 0.0 0.0 0.0 0.0 0.0 0.0 0.0 4.0452 4.0452 4.0452 4.0452
8.324 0 3 1.0 0.0 0.0 0.0 0.0 0.0 0.0 0.0 0.0 0.0 4.0452 4.0452 4.0452 4.0452
8.325 0 3 1.0 0.0 0.0 0.0 0.0 0.0 0.0 0.0 0.0 0.0 4.0452 4.0452 4.0452 4.0452
8.326 0 3 1.0 0.0 0.0 0.0 0.0 0.0 0.0 0.0 0.0 0.0 4.0452 4.0452 4.0452 4.0452
8.327 0 3 1.0 0.0 0.0 0.0 0.0 0.0 0.0 0.0 0.0 0.0 4.0452 4.0452 4.0452 4.0452
8.328 0 3 1.0 0.0 0.0 0.0 0.0 0.0 0.0 0.0 0.0 0.0 4.0452 4.0452 4.0452 4.0452
8.329 0 3 1.0 0.0 0.0 0.0 0.0 0.0 0.0 0.0 0.0 0.0 4.0452 4.0452 4.0452 4.0452
8.33 0 3 1.0 0.0 0.0 0.0 0.0 0.0 0.0 0.0 0.0 0.0 4.0452 4.0452 4.0452 4.0452
8.331 0 3 1.0 0.0 0.0 0.0 0.0 0.0 0.0 0.0 0.0 0.0 4.0452 4.0452 4.0452 4.0452
8.332 0 3 1.0 0.0 0.0 0.0 0.0 0.0 0.0 0.0 0.0 0.0 4.0452 4.0452 4.0452 4.0452
8.333 0 3 1.0 0.0 0.0 0.0 0.0 0.0 0.0 0.0 0.0 0.0 4.0452 4.0452 4.0452 4.0452
8.334 0 3 1.0 0.0 0.0 0.0 0.0 0.0 0.0 0.0 0.0 0.0 4.0452 4.0452 4.0452 4.0452
8.335 0 3 1.0 0.0 0.0 0.0 0.0 0.0 0.0 0.0 0.0 0.0 4.0452 4.0452 4.0452 4.0452
8.336 0 3 1.0 0.0 0.0 0.0 0.0 0.0 0.0 0.0 0.0 0.0 4.0452 4.0452 4.0452 4.0452
8.337 0 3 1.0 0.0 0.0 0.0 0.0 0.0 0.0 0.0 0.0 0.0 4.0452 4.0452 4.0452 4.0452
8.338000000000001 0 3 1.0 0.0 0.0 0.0 0.0 0.0 0.0 0.0 0.0 0.0 4.0452 4.0452 4.0452 4.0452
8.339 0 3 1.0 0.0 0.0 0.0 0.0 0.0 0.0 0.0 0.0 0.0 4.0452 4.0452 4.0452 4.0452
8.34 0 3 1.0 0.0 0.0 0.0 0.0 0.0 0.0 0.0 0.0 0.0 4.0452 4.0452 4.0452 4.0452
8.341 0 3 1.0 0.0 0.0 0.0 0.0 0.0 0.0 0.0 0.0 0.0 4.0452 4.0452 4.0452 4.0452
8.342 0 3 1.0 0.0 0.0 0.0 0.0 0.0 0.0 0.0 0.0 0.0 4.0452 4.0452 4.0452 4.0452
8.343 0 3 1.0 0.0 0.0 0.0 0.0 0.0 0.0 0.0 0.0 0.0 4.0452 4.0452 4.0452 4.0452
8.344 0 3 1.0 0.0 0.0 0.0 0.0 0.0 0.0 0.0 0.0 0.0 4.0452 4.0452 4.0452 4.0452
8.345 0 3 1.0 0.0 0.0 0.0 0.0 0.0 0.0 0.0 0.0 0.0 4.0452 4.0452 4.0452 4.0452
8.346 0 3 1.0 0.0 0.0 0.0 0.0 0.0 0.0 0.0 0.0 0.0 4.0452 4.0452 4.0452 4.0452
8.347 0 3 1.0 0.0 0.0 0.0 0.0 0.0 0.0 0.0 0.0 0.0 4.0452 4.0452 4.0452 4.0452
8.348 0 3 1.0 0.0 0.0 0.0 0.0 0.0 0.0 0.0 0.0 0.0 4.0452 4.0452 4.0452 4.0452
8.349 0 3 1.0 0.0 0.0 0.0 0.0 0.0 0.0 0.0 0.0 0.0 4.0452 4.0452 4.0452 4.0452
8.35 0 3 1.0 0.0 0.0 0.0 0.0 0.0 0.0 0.0 0.0 0.0 4.0452 4.0452 4.0452 4.0452
8.351 0 3 1.0 0.0 0.0 0.0 0.0 0.0 0.0 0.0 0.0 0.0 4.0452 4.0452 4.0452 4.0452
8.352 0 3 1.0 0.0 0.0 0.0 0.0 0.0 0.0 0.0 0.0 0.0 4.0452 4.0452 4.0452 4.0452
8.353 0 3 1.0 0.0 0.0 0.0 0.0 0.0 0.0 0.0 0.0 0.0 4.0452 4.0452 4.0452 4.0452
8.354000000000001 0 3 1.0 0.0 0.0 0.0 0.0 0.0 0.0 0.0 0.0 0.0 4.0452 4.0452 4.0452 4.0452
8.355 0 3 1.0 0.0 0.0 0.0 0.0 0.0 0.0 0.0 0.0 0.0 4.0452 4.0452 4.0452 4.0452
8.356 0 3 1.0 0.0 0.0 0.0 0.0 0.0 0.0 0.0 0.0 0.0 4.0452 4.0452 4.0452 4.0452
8.357 0 3 1.0 0.0 0.0 0.0 0.0 0.0 0.0 0.0 0.0 0.0 4.0452 4.0452 4.0452 4.0452
8.358 0 3 1.0 0.0 0.0 0.0 0.0 0.0 0.0 0.0 0.0 0.0 4.0452 4.0452 4.0452 4.0452
8.359 0 3 1.0 0.0 0.0 0.0 0.0 0.0 0.0 0.0 0.0 0.0 4.0452 4.0452 4.0452 4.0452
8.36 0 3 1.0 0.0 0.0 0.0 0.0 0.0 0.0 0.0 0.0 0.0 4.0452 4.0452 4.0452 4.0452
8.361 0 3 1.0 0.0 0.0 0.0 0.0 0.0 0.0 0.0 0.0 0.0 4.0452 4.0452 4.0452 4.0452
8.362 0 3 1.0 0.0 0.0 0.0 0.0 0.0 0.0 0.0 0.0 0.0 4.0452 4.0452 4.0452 4.0452
8.363 0 3 1.0 0.0 0.0 0.0 0.0 0.0 0.0 0.0 0.0 0.0 4.0452 4.0452 4.0452 4.0452
8.364 0 3 1.0 0.0 0.0 0.0 0.0 0.0 0.0 0.0 0.0 0.0 4.0452 4.0452 4.0452 4.0452
8.365 0 3 1.0 0.0 0.0 0.0 0.0 0.0 0.0 0.0 0.0 0.0 4.0452 4.0452 4.0452 4.0452
8.366 0 3 1.0 0.0 0.0 0.0 0.0 0.0 0.0 0.0 0.0 0.0 4.0452 4.0452 4.0452 4.0452
8.367 0 3 1.0 0.0 0.0 0.0 0.0 0.0 0.0 0.0 0.0 0.0 4.0452 4.0452 4.0452 4.0452
8.368 0 3 1.0 0.0 0.0 0.0 0.0 0.0 0.0 0.0 0.0 0.0 4.0452 4.0452 4.0452 4.0452
8.369 0 3 1.0 0.0 0.0 0.0 0.0 0.0 0.0 0.0 0.0 0.0 4.0452 4.0452 4.0452 4.0452
8.370000000000001 0 3 1.0 0.0 0.0 0.0 0.0 0.0 0.0 0.0 0.0 0.0 4.0452 4.0452 4.0452 4.0452
8.371 0 3 1.0 0.0 0.0 0.0 0.0 0.0 0.0 0.0 0.0 0.0 4.0452 4.0452 4.0452 4.0452
8.372 0 3 1.0 0.0 0.0 0.0 0.0 0.0 0.0 0.0 0.0 0.0 4.0452 4.0452 4.0452 4.0452
8.373 0 3 1.0 0.0 0.0 0.0 0.0 0.0 0.0 0.0 0.0 0.0 4.0452 4.0452 4.0452 4.0452
8.374 0 3 1.0 0.0 0.0 0.0 0.0 0.0 0.0 0.0 0.0 0.0 4.0452 4.0452 4.0452 4.0452
8.375 0 3 1.0 0.0 0.0 0.0 0.0 0.0 0.0 0.0 0.0 0.0 4.0452 4.0452 4.0452 4.0452
8.376 0 3 1.0 0.0 0.0 0.0 0.0 0.0 0.0 0.0 0.0 0.0 4.0452 4.0452 4.0452 4.0452
8.377 0 3 1.0 0.0 0.0 0.0 0.0 0.0 0.0 0.0 0.0 0.0 4.0452 4.0452 4.0452 4.0452
8.378 0 3 1.0 0.0 0.0 0.0 0.0 0.0 0.0 0.0 0.0 0.0 4.0452 4.0452 4.0452 4.0452
8.379 0 3 1.0 0.0 0.0 0.0 0.0 0.0 0.0 0.0 0.0 0.0 4.0452 4.0452 4.0452 4.0452
8.38 0 3 1.0 0.0 0.0 0.0 0.0 0.0 0.0 0.0 0.0 0.0 4.0452 4.0452 4.0452 4.0452
8.381 0 3 1.0 0.0 0.0 0.0 0.0 0.0 0.0 0.0 0.0 0.0 4.0452 4.0452 4.0452 4.0452
8.382 0 3 1.0 0.0 0.0 0.0 0.0 0.0 0.0 0.0 0.0 0.0 4.0452 4.0452 4.0452 4.0452
8.383000000000001 0 3 1.0 0.0 0.0 0.0 0.0 0.0 0.0 0.0 0.0 0.0 4.0452 4.0452 4.0452 4.0452
8.384 0 3 1.0 0.0 0.0 0.0 0.0 0.0 0.0 0.0 0.0 0.0 4.0452 4.0452 4.0452 4.0452
8.385 0 3 1.0 0.0 0.0 0.0 0.0 0.0 0.0 0.0 0.0 0.0 4.0452 4.0452 4.0452 4.0452
8.386000000000001 0 3 1.0 0.0 0.0 0.0 0.0 0.0 0.0 0.0 0.0 0.0 4.0452 4.0452 4.0452 4.0452
8.387 0 3 1.0 0.0 0.0 0.0 0.0 0.0 0.0 0.0 0.0 0.0 4.0452 4.0452 4.0452 4.0452
8.388 0 3 1.0 0.0 0.0 0.0 0.0 0.0 0.0 0.0 0.0 0.0 4.0452 4.0452 4.0452 4.0452
8.389 0 3 1.0 0.0 0.0 0.0 0.0 0.0 0.0 0.0 0.0 0.0 4.0452 4.0452 4.0452 4.0452
8.39 0 3 1.0 0.0 0.0 0.0 0.0 0.0 0.0 0.0 0.0 0.0 4.0452 4.0452 4.0452 4.0452
8.391 0 3 1.0 0.0 0.0 0.0 0.0 0.0 0.0 0.0 0.0 0.0 4.0452 4.0452 4.0452 4.0452
8.392 0 3 1.0 0.0 0.0 0.0 0.0 0.0 0.0 0.0 0.0 0.0 4.0452 4.0452 4.0452 4.0452
8.393 0 3 1.0 0.0 0.0 0.0 0.0 0.0 0.0 0.0 0.0 0.0 4.0452 4.0452 4.0452 4.0452
8.394 0 3 1.0 0.0 0.0 0.0 0.0 0.0 0.0 0.0 0.0 0.0 4.0452 4.0452 4.0452 4.0452
8.395 0 3 1.0 0.0 0.0 0.0 0.0 0.0 0.0 0.0 0.0 0.0 4.0452 4.0452 4.0452 4.0452
8.396 0 3 1.0 0.0 0.0 0.0 0.0 0.0 0.0 0.0 0.0 0.0 4.0452 4.0452 4.0452 4.0452
8.397 0 3 1.0 0.0 0.0 0.0 0.0 0.0 0.0 0.0 0.0 0.0 4.0452 4.0452 4.0452 4.0452
8.398 0 3 1.0 0.0 0.0 0.0 0.0 0.0 0.0 0.0 0.0 0.0 4.0452 4.0452 4.0452 4.0452
8.399000000000001 0 3 1.0 0.0 0.0 0.0 0.0 0.0 0.0 0.0 0.0 0.0 4.0452 4.0452 4.0452 4.0452
8.4 0 3 1.0 0.0 0.0 0.0 0.0 0.0 0.0 0.0 0.0 0.0 4.0452 4.0452 4.0452 4.0452
8.401 0 3 1.0 0.0 0.0 0.0 0.0 0.0 0.0 0.0 0.0 0.0 4.0452 4.0452 4.0452 4.0452
8.402000000000001 0 3 1.0 0.0 0.0 0.0 0.0 0.0 0.0 0.0 0.0 0.0 4.0452 4.0452 4.0452 4.0452
8.403 0 3 1.0 0.0 0.0 0.0 0.0 0.0 0.0 0.0 0.0 0.0 4.0452 4.0452 4.0452 4.0452
8.404 0 3 1.0 0.0 0.0 0.0 0.0 0.0 0.0 0.0 0.0 0.0 4.0452 4.0452 4.0452 4.0452
8.405 0 3 1.0 0.0 0.0 0.0 0.0 0.0 0.0 0.0 0.0 0.0 4.0452 4.0452 4.0452 4.0452
8.406 0 3 1.0 0.0 0.0 0.0 0.0 0.0 0.0 0.0 0.0 0.0 4.0452 4.0452 4.0452 4.0452
8.407 0 3 1.0 0.0 0.0 0.0 0.0 0.0 0.0 0.0 0.0 0.0 4.0452 4.0452 4.0452 4.0452
8.408 0 3 1.0 0.0 0.0 0.0 0.0 0.0 0.0 0.0 0.0 0.0 4.0452 4.0452 4.0452 4.0452
8.409 0 3 1.0 0.0 0.0 0.0 0.0 0.0 0.0 0.0 0.0 0.0 4.0452 4.0452 4.0452 4.0452
8.41 0 3 1.0 0.0 0.0 0.0 0.0 0.0 0.0 0.0 0.0 0.0 4.0452 4.0452 4.0452 4.0452
8.411 0 3 1.0 0.0 0.0 0.0 0.0 0.0 0.0 0.0 0.0 0.0 4.0452 4.0452 4.0452 4.0452
8.412 0 3 1.0 0.0 0.0 0.0 0.0 0.0 0.0 0.0 0.0 0.0 4.0452 4.0452 4.0452 4.0452
8.413 0 3 1.0 0.0 0.0 0.0 0.0 0.0 0.0 0.0 0.0 0.0 4.0452 4.0452 4.0452 4.0452
8.414 0 3 1.0 0.0 0.0 0.0 0.0 0.0 0.0 0.0 0.0 0.0 4.0452 4.0452 4.0452 4.0452
8.415000000000001 0 3 1.0 0.0 0.0 0.0 0.0 0.0 0.0 0.0 0.0 0.0 4.0452 4.0452 4.0452 4.0452
8.416 0 3 1.0 0.0 0.0 0.0 0.0 0.0 0.0 0.0 0.0 0.0 4.0452 4.0452 4.0452 4.0452
8.417 0 3 1.0 0.0 0.0 0.0 0.0 0.0 0.0 0.0 0.0 0.0 4.0452 4.0452 4.0452 4.0452
8.418000000000001 0 3 1.0 0.0 0.0 0.0 0.0 0.0 0.0 0.0 0.0 0.0 4.0452 4.0452 4.0452 4.0452
8.419 0 3 1.0 0.0 0.0 0.0 0.0 0.0 0.0 0.0 0.0 0.0 4.0452 4.0452 4.0452 4.0452
8.42 0 3 1.0 0.0 0.0 0.0 0.0 0.0 0.0 0.0 0.0 0.0 4.0452 4.0452 4.0452 4.0452
8.421 0 3 1.0 0.0 0.0 0.0 0.0 0.0 0.0 0.0 0.0 0.0 4.0452 4.0452 4.0452 4.0452
8.422 0 3 1.0 0.0 0.0 0.0 0.0 0.0 0.0 0.0 0.0 0.0 4.0452 4.0452 4.0452 4.0452
8.423 0 3 1.0 0.0 0.0 0.0 0.0 0.0 0.0 0.0 0.0 0.0 4.0452 4.0452 4.0452 4.0452
8.424 0 3 1.0 0.0 0.0 0.0 0.0 0.0 0.0 0.0 0.0 0.0 4.0452 4.0452 4.0452 4.0452
8.425 0 3 1.0 0.0 0.0 0.0 0.0 0.0 0.0 0.0 0.0 0.0 4.0452 4.0452 4.0452 4.0452
8.426 0 3 1.0 0.0 0.0 0.0 0.0 0.0 0.0 0.0 0.0 0.0 4.0452 4.0452 4.0452 4.0452
8.427 0 3 1.0 0.0 0.0 0.0 0.0 0.0 0.0 0.0 0.0 0.0 4.0452 4.0452 4.0452 4.0452
8.428 0 3 1.0 0.0 0.0 0.0 0.0 0.0 0.0 0.0 0.0 0.0 4.0452 4.0452 4.0452 4.0452
8.429 0 3 1.0 0.0 0.0 0.0 0.0 0.0 0.0 0.0 0.0 0.0 4.0452 4.0452 4.0452 4.0452
8.43 0 3 1.0 0.0 0.0 0.0 0.0 0.0 0.0 0.0 0.0 0.0 4.0452 4.0452 4.0452 4.0452
8.431000000000001 0 3 1.0 0.0 0.0 0.0 0.0 0.0 0.0 0.0 0.0 0.0 4.0452 4.0452 4.0452 4.0452
8.432 0 3 1.0 0.0 0.0 0.0 0.0 0.0 0.0 0.0 0.0 0.0 4.0452 4.0452 4.0452 4.0452
8.433 0 3 1.0 0.0 0.0 0.0 0.0 0.0 0.0 0.0 0.0 0.0 4.0452 4.0452 4.0452 4.0452
8.434000000000001 0 3 1.0 0.0 0.0 0.0 0.0 0.0 0.0 0.0 0.0 0.0 4.0452 4.0452 4.0452 4.0452
8.435 0 3 1.0 0.0 0.0 0.0 0.0 0.0 0.0 0.0 0.0 0.0 4.0452 4.0452 4.0452 4.0452
8.436 0 3 1.0 0.0 0.0 0.0 0.0 0.0 0.0 0.0 0.0 0.0 4.0452 4.0452 4.0452 4.0452
8.437 0 3 1.0 0.0 0.0 0.0 0.0 0.0 0.0 0.0 0.0 0.0 4.0452 4.0452 4.0452 4.0452
8.438 0 3 1.0 0.0 0.0 0.0 0.0 0.0 0.0 0.0 0.0 0.0 4.0452 4.0452 4.0452 4.0452
8.439 0 3 1.0 0.0 0.0 0.0 0.0 0.0 0.0 0.0 0.0 0.0 4.0452 4.0452 4.0452 4.0452
8.44 0 3 1.0 0.0 0.0 0.0 0.0 0.0 0.0 0.0 0.0 0.0 4.0452 4.0452 4.0452 4.0452
8.441 0 3 1.0 0.0 0.0 0.0 0.0 0.0 0.0 0.0 0.0 0.0 4.0452 4.0452 4.0452 4.0452
8.442 0 3 1.0 0.0 0.0 0.0 0.0 0.0 0.0 0.0 0.0 0.0 4.0452 4.0452 4.0452 4.0452
8.443 0 3 1.0 0.0 0.0 0.0 0.0 0.0 0.0 0.0 0.0 0.0 4.0452 4.0452 4.0452 4.0452
8.444 0 3 1.0 0.0 0.0 0.0 0.0 0.0 0.0 0.0 0.0 0.0 4.0452 4.0452 4.0452 4.0452
8.445 0 3 1.0 0.0 0.0 0.0 0.0 0.0 0.0 0.0 0.0 0.0 4.0452 4.0452 4.0452 4.0452
8.446 0 3 1.0 0.0 0.0 0.0 0.0 0.0 0.0 0.0 0.0 0.0 4.0452 4.0452 4.0452 4.0452
8.447000000000001 0 3 1.0 0.0 0.0 0.0 0.0 0.0 0.0 0.0 0.0 0.0 4.0452 4.0452 4.0452 4.0452
8.448 0 3 1.0 0.0 0.0 0.0 0.0 0.0 0.0 0.0 0.0 0.0 4.0452 4.0452 4.0452 4.0452
8.449 0 3 1.0 0.0 0.0 0.0 0.0 0.0 0.0 0.0 0.0 0.0 4.0452 4.0452 4.0452 4.0452
8.45 0 3 1.0 0.0 0.0 0.0 0.0 0.0 0.0 0.0 0.0 0.0 4.0452 4.0452 4.0452 4.0452
8.451 0 3 1.0 0.0 0.0 0.0 0.0 0.0 0.0 0.0 0.0 0.0 4.0452 4.0452 4.0452 4.0452
8.452 0 3 1.0 0.0 0.0 0.0 0.0 0.0 0.0 0.0 0.0 0.0 4.0452 4.0452 4.0452 4.0452
8.453 0 3 1.0 0.0 0.0 0.0 0.0 0.0 0.0 0.0 0.0 0.0 4.0452 4.0452 4.0452 4.0452
8.454 0 3 1.0 0.0 0.0 0.0 0.0 0.0 0.0 0.0 0.0 0.0 4.0452 4.0452 4.0452 4.0452
8.455 0 3 1.0 0.0 0.0 0.0 0.0 0.0 0.0 0.0 0.0 0.0 4.0452 4.0452 4.0452 4.0452
8.456 0 3 1.0 0.0 0.0 0.0 0.0 0.0 0.0 0.0 0.0 0.0 4.0452 4.0452 4.0452 4.0452
8.457 0 3 1.0 0.0 0.0 0.0 0.0 0.0 0.0 0.0 0.0 0.0 4.0452 4.0452 4.0452 4.0452
8.458 0 3 1.0 0.0 0.0 0.0 0.0 0.0 0.0 0.0 0.0 0.0 4.0452 4.0452 4.0452 4.0452
8.459 0 3 1.0 0.0 0.0 0.0 0.0 0.0 0.0 0.0 0.0 0.0 4.0452 4.0452 4.0452 4.0452
8.46 0 3 1.0 0.0 0.0 0.0 0.0 0.0 0.0 0.0 0.0 0.0 4.0452 4.0452 4.0452 4.0452
8.461 0 3 1.0 0.0 0.0 0.0 0.0 0.0 0.0 0.0 0.0 0.0 4.0452 4.0452 4.0452 4.0452
8.462 0 3 1.0 0.0 0.0 0.0 0.0 0.0 0.0 0.0 0.0 0.0 4.0452 4.0452 4.0452 4.0452
8.463000000000001 0 3 1.0 0.0 0.0 0.0 0.0 0.0 0.0 0.0 0.0 0.0 4.0452 4.0452 4.0452 4.0452
8.464 0 3 1.0 0.0 0.0 0.0 0.0 0.0 0.0 0.0 0.0 0.0 4.0452 4.0452 4.0452 4.0452
8.465 0 3 1.0 0.0 0.0 0.0 0.0 0.0 0.0 0.0 0.0 0.0 4.0452 4.0452 4.0452 4.0452
8.466 0 3 1.0 0.0 0.0 0.0 0.0 0.0 0.0 0.0 0.0 0.0 4.0452 4.0452 4.0452 4.0452
8.467 0 3 1.0 0.0 0.0 0.0 0.0 0.0 0.0 0.0 0.0 0.0 4.0452 4.0452 4.0452 4.0452
8.468 0 3 1.0 0.0 0.0 0.0 0.0 0.0 0.0 0.0 0.0 0.0 4.0452 4.0452 4.0452 4.0452
8.469 0 3 1.0 0.0 0.0 0.0 0.0 0.0 0.0 0.0 0.0 0.0 4.0452 4.0452 4.0452 4.0452
8.47 0 3 1.0 0.0 0.0 0.0 0.0 0.0 0.0 0.0 0.0 0.0 4.0452 4.0452 4.0452 4.0452
8.471 0 3 1.0 0.0 0.0 0.0 0.0 0.0 0.0 0.0 0.0 0.0 4.0452 4.0452 4.0452 4.0452
8.472 0 3 1.0 0.0 0.0 0.0 0.0 0.0 0.0 0.0 0.0 0.0 4.0452 4.0452 4.0452 4.0452
8.473 0 3 1.0 0.0 0.0 0.0 0.0 0.0 0.0 0.0 0.0 0.0 4.0452 4.0452 4.0452 4.0452
8.474 0 3 1.0 0.0 0.0 0.0 0.0 0.0 0.0 0.0 0.0 0.0 4.0452 4.0452 4.0452 4.0452
8.475 0 3 1.0 0.0 0.0 0.0 0.0 0.0 0.0 0.0 0.0 0.0 4.0452 4.0452 4.0452 4.0452
8.476 0 3 1.0 0.0 0.0 0.0 0.0 0.0 0.0 0.0 0.0 0.0 4.0452 4.0452 4.0452 4.0452
8.477 0 3 1.0 0.0 0.0 0.0 0.0 0.0 0.0 0.0 0.0 0.0 4.0452 4.0452 4.0452 4.0452
8.478 0 3 1.0 0.0 0.0 0.0 0.0 0.0 0.0 0.0 0.0 0.0 4.0452 4.0452 4.0452 4.0452
8.479000000000001 0 3 1.0 0.0 0.0 0.0 0.0 0.0 0.0 0.0 0.0 0.0 4.0452 4.0452 4.0452 4.0452
8.48 0 3 1.0 0.0 0.0 0.0 0.0 0.0 0.0 0.0 0.0 0.0 4.0452 4.0452 4.0452 4.0452
8.481 0 3 1.0 0.0 0.0 0.0 0.0 0.0 0.0 0.0 0.0 0.0 4.0452 4.0452 4.0452 4.0452
8.482 0 3 1.0 0.0 0.0 0.0 0.0 0.0 0.0 0.0 0.0 0.0 4.0452 4.0452 4.0452 4.0452
8.483 0 3 1.0 0.0 0.0 0.0 0.0 0.0 0.0 0.0 0.0 0.0 4.0452 4.0452 4.0452 4.0452
8.484 0 3 1.0 0.0 0.0 0.0 0.0 0.0 0.0 0.0 0.0 0.0 4.0452 4.0452 4.0452 4.0452
8.485 0 3 1.0 0.0 0.0 0.0 0.0 0.0 0.0 0.0 0.0 0.0 4.0452 4.0452 4.0452 4.0452
8.486 0 3 1.0 0.0 0.0 0.0 0.0 0.0 0.0 0.0 0.0 0.0 4.0452 4.0452 4.0452 4.0452
8.487 0 3 1.0 0.0 0.0 0.0 0.0 0.0 0.0 0.0 0.0 0.0 4.0452 4.0452 4.0452 4.0452
8.488 0 3 1.0 0.0 0.0 0.0 0.0 0.0 0.0 0.0 0.0 0.0 4.0452 4.0452 4.0452 4.0452
8.489 0 3 1.0 0.0 0.0 0.0 0.0 0.0 0.0 0.0 0.0 0.0 4.0452 4.0452 4.0452 4.0452
8.49 0 3 1.0 0.0 0.0 0.0 0.0 0.0 0.0 0.0 0.0 0.0 4.0452 4.0452 4.0452 4.0452
8.491 0 3 1.0 0.0 0.0 0.0 0.0 0.0 0.0 0.0 0.0 0.0 4.0452 4.0452 4.0452 4.0452
8.492 0 3 1.0 0.0 0.0 0.0 0.0 0.0 0.0 0.0 0.0 0.0 4.0452 4.0452 4.0452 4.0452
8.493 0 3 1.0 0.0 0.0 0.0 0.0 0.0 0.0 0.0 0.0 0.0 4.0452 4.0452 4.0452 4.0452
8.494 0 3 1.0 0.0 0.0 0.0 0.0 0.0 0.0 0.0 0.0 0.0 4.0452 4.0452 4.0452 4.0452
8.495000000000001 0 3 1.0 0.0 0.0 0.0 0.0 0.0 0.0 0.0 0.0 0.0 4.0452 4.0452 4.0452 4.0452
8.496 0 3 1.0 0.0 0.0 0.0 0.0 0.0 0.0 0.0 0.0 0.0 4.0452 4.0452 4.0452 4.0452
8.497 0 3 1.0 0.0 0.0 0.0 0.0 0.0 0.0 0.0 0.0 0.0 4.0452 4.0452 4.0452 4.0452
8.498 0 3 1.0 0.0 0.0 0.0 0.0 0.0 0.0 0.0 0.0 0.0 4.0452 4.0452 4.0452 4.0452
8.499 0 3 1.0 0.0 0.0 0.0 0.0 0.0 0.0 0.0 0.0 0.0 4.0452 4.0452 4.0452 4.0452
8.5 0 3 1.0 0.0 0.0 0.0 0.0 0.0 0.0 0.0 0.0 0.0 4.0452 4.0452 4.0452 4.0452
8.501 0 3 1.0 0.0 0.0 0.0 0.0 0.0 0.0 0.0 0.0 0.0 4.0452 4.0452 4.0452 4.0452
8.502 0 3 1.0 0.0 0.0 0.0 0.0 0.0 0.0 0.0 0.0 0.0 4.0452 4.0452 4.0452 4.0452
8.503 0 3 1.0 0.0 0.0 0.0 0.0 0.0 0.0 0.0 0.0 0.0 4.0452 4.0452 4.0452 4.0452
8.504 0 3 1.0 0.0 0.0 0.0 0.0 0.0 0.0 0.0 0.0 0.0 4.0452 4.0452 4.0452 4.0452
8.505 0 3 1.0 0.0 0.0 0.0 0.0 0.0 0.0 0.0 0.0 0.0 4.0452 4.0452 4.0452 4.0452
8.506 0 3 1.0 0.0 0.0 0.0 0.0 0.0 0.0 0.0 0.0 0.0 4.0452 4.0452 4.0452 4.0452
8.507 0 3 1.0 0.0 0.0 0.0 0.0 0.0 0.0 0.0 0.0 0.0 4.0452 4.0452 4.0452 4.0452
8.508000000000001 0 3 1.0 0.0 0.0 0.0 0.0 0.0 0.0 0.0 0.0 0.0 4.0452 4.0452 4.0452 4.0452
8.509 0 3 1.0 0.0 0.0 0.0 0.0 0.0 0.0 0.0 0.0 0.0 4.0452 4.0452 4.0452 4.0452
8.51 0 3 1.0 0.0 0.0 0.0 0.0 0.0 0.0 0.0 0.0 0.0 4.0452 4.0452 4.0452 4.0452
8.511000000000001 0 3 1.0 0.0 0.0 0.0 0.0 0.0 0.0 0.0 0.0 0.0 4.0452 4.0452 4.0452 4.0452
8.512 0 3 1.0 0.0 0.0 0.0 0.0 0.0 0.0 0.0 0.0 0.0 4.0452 4.0452 4.0452 4.0452
8.513 0 3 1.0 0.0 0.0 0.0 0.0 0.0 0.0 0.0 0.0 0.0 4.0452 4.0452 4.0452 4.0452
8.514 0 3 1.0 0.0 0.0 0.0 0.0 0.0 0.0 0.0 0.0 0.0 4.0452 4.0452 4.0452 4.0452
8.515 0 3 1.0 0.0 0.0 0.0 0.0 0.0 0.0 0.0 0.0 0.0 4.0452 4.0452 4.0452 4.0452
8.516 0 3 1.0 0.0 0.0 0.0 0.0 0.0 0.0 0.0 0.0 0.0 4.0452 4.0452 4.0452 4.0452
8.517 0 3 1.0 0.0 0.0 0.0 0.0 0.0 0.0 0.0 0.0 0.0 4.0452 4.0452 4.0452 4.0452
8.518 0 3 1.0 0.0 0.0 0.0 0.0 0.0 0.0 0.0 0.0 0.0 4.0452 4.0452 4.0452 4.0452
8.519 0 3 1.0 0.0 0.0 0.0 0.0 0.0 0.0 0.0 0.0 0.0 4.0452 4.0452 4.0452 4.0452
8.52 0 3 1.0 0.0 0.0 0.0 0.0 0.0 0.0 0.0 0.0 0.0 4.0452 4.0452 4.0452 4.0452
8.521 0 3 1.0 0.0 0.0 0.0 0.0 0.0 0.0 0.0 0.0 0.0 4.0452 4.0452 4.0452 4.0452
8.522 0 3 1.0 0.0 0.0 0.0 0.0 0.0 0.0 0.0 0.0 0.0 4.0452 4.0452 4.0452 4.0452
8.523 0 3 1.0 0.0 0.0 0.0 0.0 0.0 0.0 0.0 0.0 0.0 4.0452 4.0452 4.0452 4.0452
8.524000000000001 0 3 1.0 0.0 0.0 0.0 0.0 0.0 0.0 0.0 0.0 0.0 4.0452 4.0452 4.0452 4.0452
8.525 0 3 1.0 0.0 0.0 0.0 0.0 0.0 0.0 0.0 0.0 0.0 4.0452 4.0452 4.0452 4.0452
8.526 0 3 1.0 0.0 0.0 0.0 0.0 0.0 0.0 0.0 0.0 0.0 4.0452 4.0452 4.0452 4.0452
8.527000000000001 0 3 1.0 0.0 0.0 0.0 0.0 0.0 0.0 0.0 0.0 0.0 4.0452 4.0452 4.0452 4.0452
8.528 0 3 1.0 0.0 0.0 0.0 0.0 0.0 0.0 0.0 0.0 0.0 4.0452 4.0452 4.0452 4.0452
8.529 0 3 1.0 0.0 0.0 0.0 0.0 0.0 0.0 0.0 0.0 0.0 4.0452 4.0452 4.0452 4.0452
8.53 0 3 1.0 0.0 0.0 0.0 0.0 0.0 0.0 0.0 0.0 0.0 4.0452 4.0452 4.0452 4.0452
8.531 0 3 1.0 0.0 0.0 0.0 0.0 0.0 0.0 0.0 0.0 0.0 4.0452 4.0452 4.0452 4.0452
8.532 0 3 1.0 0.0 0.0 0.0 0.0 0.0 0.0 0.0 0.0 0.0 4.0452 4.0452 4.0452 4.0452
8.533 0 3 1.0 0.0 0.0 0.0 0.0 0.0 0.0 0.0 0.0 0.0 4.0452 4.0452 4.0452 4.0452
8.534 0 3 1.0 0.0 0.0 0.0 0.0 0.0 0.0 0.0 0.0 0.0 4.0452 4.0452 4.0452 4.0452
8.535 0 3 1.0 0.0 0.0 0.0 0.0 0.0 0.0 0.0 0.0 0.0 4.0452 4.0452 4.0452 4.0452
8.536 0 3 1.0 0.0 0.0 0.0 0.0 0.0 0.0 0.0 0.0 0.0 4.0452 4.0452 4.0452 4.0452
8.537 0 3 1.0 0.0 0.0 0.0 0.0 0.0 0.0 0.0 0.0 0.0 4.0452 4.0452 4.0452 4.0452
8.538 0 3 1.0 0.0 0.0 0.0 0.0 0.0 0.0 0.0 0.0 0.0 4.0452 4.0452 4.0452 4.0452
8.539 0 3 1.0 0.0 0.0 0.0 0.0 0.0 0.0 0.0 0.0 0.0 4.0452 4.0452 4.0452 4.0452
8.540000000000001 0 3 1.0 0.0 0.0 0.0 0.0 0.0 0.0 0.0 0.0 0.0 4.0452 4.0452 4.0452 4.0452
8.541 0 3 1.0 0.0 0.0 0.0 0.0 0.0 0.0 0.0 0.0 0.0 4.0452 4.0452 4.0452 4.0452
8.542 0 3 1.0 0.0 0.0 0.0 0.0 0.0 0.0 0.0 0.0 0.0 4.0452 4.0452 4.0452 4.0452
8.543000000000001 0 3 1.0 0.0 0.0 0.0 0.0 0.0 0.0 0.0 0.0 0.0 4.0452 4.0452 4.0452 4.0452
8.544 0 3 1.0 0.0 0.0 0.0 0.0 0.0 0.0 0.0 0.0 0.0 4.0452 4.0452 4.0452 4.0452
8.545 0 3 1.0 0.0 0.0 0.0 0.0 0.0 0.0 0.0 0.0 0.0 4.0452 4.0452 4.0452 4.0452
8.546 0 3 1.0 0.0 0.0 0.0 0.0 0.0 0.0 0.0 0.0 0.0 4.0452 4.0452 4.0452 4.0452
8.547 0 3 1.0 0.0 0.0 0.0 0.0 0.0 0.0 0.0 0.0 0.0 4.0452 4.0452 4.0452 4.0452
8.548 0 3 1.0 0.0 0.0 0.0 0.0 0.0 0.0 0.0 0.0 0.0 4.0452 4.0452 4.0452 4.0452
8.549 0 3 1.0 0.0 0.0 0.0 0.0 0.0 0.0 0.0 0.0 0.0 4.0452 4.0452 4.0452 4.0452
8.55 0 3 1.0 0.0 0.0 0.0 0.0 0.0 0.0 0.0 0.0 0.0 4.0452 4.0452 4.0452 4.0452
8.551 0 3 1.0 0.0 0.0 0.0 0.0 0.0 0.0 0.0 0.0 0.0 4.0452 4.0452 4.0452 4.0452
8.552 0 3 1.0 0.0 0.0 0.0 0.0 0.0 0.0 0.0 0.0 0.0 4.0452 4.0452 4.0452 4.0452
8.553 0 3 1.0 0.0 0.0 0.0 0.0 0.0 0.0 0.0 0.0 0.0 4.0452 4.0452 4.0452 4.0452
8.554 0 3 1.0 0.0 0.0 0.0 0.0 0.0 0.0 0.0 0.0 0.0 4.0452 4.0452 4.0452 4.0452
8.555 0 3 1.0 0.0 0.0 0.0 0.0 0.0 0.0 0.0 0.0 0.0 4.0452 4.0452 4.0452 4.0452
8.556000000000001 0 3 1.0 0.0 0.0 0.0 0.0 0.0 0.0 0.0 0.0 0.0 4.0452 4.0452 4.0452 4.0452
8.557 0 3 1.0 0.0 0.0 0.0 0.0 0.0 0.0 0.0 0.0 0.0 4.0452 4.0452 4.0452 4.0452
8.558 0 3 1.0 0.0 0.0 0.0 0.0 0.0 0.0 0.0 0.0 0.0 4.0452 4.0452 4.0452 4.0452
8.559000000000001 0 3 1.0 0.0 0.0 0.0 0.0 0.0 0.0 0.0 0.0 0.0 4.0452 4.0452 4.0452 4.0452
8.56 0 3 1.0 0.0 0.0 0.0 0.0 0.0 0.0 0.0 0.0 0.0 4.0452 4.0452 4.0452 4.0452
8.561 0 3 1.0 0.0 0.0 0.0 0.0 0.0 0.0 0.0 0.0 0.0 4.0452 4.0452 4.0452 4.0452
8.562 0 3 1.0 0.0 0.0 0.0 0.0 0.0 0.0 0.0 0.0 0.0 4.0452 4.0452 4.0452 4.0452
8.563 0 3 1.0 0.0 0.0 0.0 0.0 0.0 0.0 0.0 0.0 0.0 4.0452 4.0452 4.0452 4.0452
8.564 0 3 1.0 0.0 0.0 0.0 0.0 0.0 0.0 0.0 0.0 0.0 4.0452 4.0452 4.0452 4.0452
8.565 0 3 1.0 0.0 0.0 0.0 0.0 0.0 0.0 0.0 0.0 0.0 4.0452 4.0452 4.0452 4.0452
8.566 0 3 1.0 0.0 0.0 0.0 0.0 0.0 0.0 0.0 0.0 0.0 4.0452 4.0452 4.0452 4.0452
8.567 0 3 1.0 0.0 0.0 0.0 0.0 0.0 0.0 0.0 0.0 0.0 4.0452 4.0452 4.0452 4.0452
8.568 0 3 1.0 0.0 0.0 0.0 0.0 0.0 0.0 0.0 0.0 0.0 4.0452 4.0452 4.0452 4.0452
8.569 0 3 1.0 0.0 0.0 0.0 0.0 0.0 0.0 0.0 0.0 0.0 4.0452 4.0452 4.0452 4.0452
8.57 0 3 1.0 0.0 0.0 0.0 0.0 0.0 0.0 0.0 0.0 0.0 4.0452 4.0452 4.0452 4.0452
8.571 0 3 1.0 0.0 0.0 0.0 0.0 0.0 0.0 0.0 0.0 0.0 4.0452 4.0452 4.0452 4.0452
8.572000000000001 0 3 1.0 0.0 0.0 0.0 0.0 0.0 0.0 0.0 0.0 0.0 4.0452 4.0452 4.0452 4.0452
8.573 0 3 1.0 0.0 0.0 0.0 0.0 0.0 0.0 0.0 0.0 0.0 4.0452 4.0452 4.0452 4.0452
8.574 0 3 1.0 0.0 0.0 0.0 0.0 0.0 0.0 0.0 0.0 0.0 4.0452 4.0452 4.0452 4.0452
8.575000000000001 0 3 1.0 0.0 0.0 0.0 0.0 0.0 0.0 0.0 0.0 0.0 4.0452 4.0452 4.0452 4.0452
8.576 0 3 1.0 0.0 0.0 0.0 0.0 0.0 0.0 0.0 0.0 0.0 4.0452 4.0452 4.0452 4.0452
8.577 0 3 1.0 0.0 0.0 0.0 0.0 0.0 0.0 0.0 0.0 0.0 4.0452 4.0452 4.0452 4.0452
8.578 0 3 1.0 0.0 0.0 0.0 0.0 0.0 0.0 0.0 0.0 0.0 4.0452 4.0452 4.0452 4.0452
8.579 0 3 1.0 0.0 0.0 0.0 0.0 0.0 0.0 0.0 0.0 0.0 4.0452 4.0452 4.0452 4.0452
8.58 0 3 1.0 0.0 0.0 0.0 0.0 0.0 0.0 0.0 0.0 0.0 4.0452 4.0452 4.0452 4.0452
8.581 0 3 1.0 0.0 0.0 0.0 0.0 0.0 0.0 0.0 0.0 0.0 4.0452 4.0452 4.0452 4.0452
8.582 0 3 1.0 0.0 0.0 0.0 0.0 0.0 0.0 0.0 0.0 0.0 4.0452 4.0452 4.0452 4.0452
8.583 0 3 1.0 0.0 0.0 0.0 0.0 0.0 0.0 0.0 0.0 0.0 4.0452 4.0452 4.0452 4.0452
8.584 0 3 1.0 0.0 0.0 0.0 0.0 0.0 0.0 0.0 0.0 0.0 4.0452 4.0452 4.0452 4.0452
8.585 0 3 1.0 0.0 0.0 0.0 0.0 0.0 0.0 0.0 0.0 0.0 4.0452 4.0452 4.0452 4.0452
8.586 0 3 1.0 0.0 0.0 0.0 0.0 0.0 0.0 0.0 0.0 0.0 4.0452 4.0452 4.0452 4.0452
8.587 0 3 1.0 0.0 0.0 0.0 0.0 0.0 0.0 0.0 0.0 0.0 4.0452 4.0452 4.0452 4.0452
8.588000000000001 0 3 1.0 0.0 0.0 0.0 0.0 0.0 0.0 0.0 0.0 0.0 4.0452 4.0452 4.0452 4.0452
8.589 0 3 1.0 0.0 0.0 0.0 0.0 0.0 0.0 0.0 0.0 0.0 4.0452 4.0452 4.0452 4.0452
8.59 0 3 1.0 0.0 0.0 0.0 0.0 0.0 0.0 0.0 0.0 0.0 4.0452 4.0452 4.0452 4.0452
8.591 0 3 1.0 0.0 0.0 0.0 0.0 0.0 0.0 0.0 0.0 0.0 4.0452 4.0452 4.0452 4.0452
8.592 0 3 1.0 0.0 0.0 0.0 0.0 0.0 0.0 0.0 0.0 0.0 4.0452 4.0452 4.0452 4.0452
8.593 0 3 1.0 0.0 0.0 0.0 0.0 0.0 0.0 0.0 0.0 0.0 4.0452 4.0452 4.0452 4.0452
8.594 0 3 1.0 0.0 0.0 0.0 0.0 0.0 0.0 0.0 0.0 0.0 4.0452 4.0452 4.0452 4.0452
8.595 0 3 1.0 0.0 0.0 0.0 0.0 0.0 0.0 0.0 0.0 0.0 4.0452 4.0452 4.0452 4.0452
8.596 0 3 1.0 0.0 0.0 0.0 0.0 0.0 0.0 0.0 0.0 0.0 4.0452 4.0452 4.0452 4.0452
8.597 0 3 1.0 0.0 0.0 0.0 0.0 0.0 0.0 0.0 0.0 0.0 4.0452 4.0452 4.0452 4.0452
8.598 0 3 1.0 0.0 0.0 0.0 0.0 0.0 0.0 0.0 0.0 0.0 4.0452 4.0452 4.0452 4.0452
8.599 0 3 1.0 0.0 0.0 0.0 0.0 0.0 0.0 0.0 0.0 0.0 4.0452 4.0452 4.0452 4.0452
8.6 0 3 1.0 0.0 0.0 0.0 0.0 0.0 0.0 0.0 0.0 0.0 4.0452 4.0452 4.0452 4.0452
8.601 0 3 1.0 0.0 0.0 0.0 0.0 0.0 0.0 0.0 0.0 0.0 4.0452 4.0452 4.0452 4.0452
8.602 0 3 1.0 0.0 0.0 0.0 0.0 0.0 0.0 0.0 0.0 0.0 4.0452 4.0452 4.0452 4.0452
8.603 0 3 1.0 0.0 0.0 0.0 0.0 0.0 0.0 0.0 0.0 0.0 4.0452 4.0452 4.0452 4.0452
8.604000000000001 0 3 1.0 0.0 0.0 0.0 0.0 0.0 0.0 0.0 0.0 0.0 4.0452 4.0452 4.0452 4.0452
8.605 0 3 1.0 0.0 0.0 0.0 0.0 0.0 0.0 0.0 0.0 0.0 4.0452 4.0452 4.0452 4.0452
8.606 0 3 1.0 0.0 0.0 0.0 0.0 0.0 0.0 0.0 0.0 0.0 4.0452 4.0452 4.0452 4.0452
8.607 0 3 1.0 0.0 0.0 0.0 0.0 0.0 0.0 0.0 0.0 0.0 4.0452 4.0452 4.0452 4.0452
8.608 0 3 1.0 0.0 0.0 0.0 0.0 0.0 0.0 0.0 0.0 0.0 4.0452 4.0452 4.0452 4.0452
8.609 0 3 1.0 0.0 0.0 0.0 0.0 0.0 0.0 0.0 0.0 0.0 4.0452 4.0452 4.0452 4.0452
8.61 0 3 1.0 0.0 0.0 0.0 0.0 0.0 0.0 0.0 0.0 0.0 4.0452 4.0452 4.0452 4.0452
8.611 0 3 1.0 0.0 0.0 0.0 0.0 0.0 0.0 0.0 0.0 0.0 4.0452 4.0452 4.0452 4.0452
8.612 0 3 1.0 0.0 0.0 0.0 0.0 0.0 0.0 0.0 0.0 0.0 4.0452 4.0452 4.0452 4.0452
8.613 0 3 1.0 0.0 0.0 0.0 0.0 0.0 0.0 0.0 0.0 0.0 4.0452 4.0452 4.0452 4.0452
8.614 0 3 1.0 0.0 0.0 0.0 0.0 0.0 0.0 0.0 0.0 0.0 4.0452 4.0452 4.0452 4.0452
8.615 0 3 1.0 0.0 0.0 0.0 0.0 0.0 0.0 0.0 0.0 0.0 4.0452 4.0452 4.0452 4.0452
8.616 0 3 1.0 0.0 0.0 0.0 0.0 0.0 0.0 0.0 0.0 0.0 4.0452 4.0452 4.0452 4.0452
8.617 0 3 1.0 0.0 0.0 0.0 0.0 0.0 0.0 0.0 0.0 0.0 4.0452 4.0452 4.0452 4.0452
8.618 0 3 1.0 0.0 0.0 0.0 0.0 0.0 0.0 0.0 0.0 0.0 4.0452 4.0452 4.0452 4.0452
8.619 0 3 1.0 0.0 0.0 0.0 0.0 0.0 0.0 0.0 0.0 0.0 4.0452 4.0452 4.0452 4.0452
8.620000000000001 0 3 1.0 0.0 0.0 0.0 0.0 0.0 0.0 0.0 0.0 0.0 4.0452 4.0452 4.0452 4.0452
8.621 0 3 1.0 0.0 0.0 0.0 0.0 0.0 0.0 0.0 0.0 0.0 4.0452 4.0452 4.0452 4.0452
8.622 0 3 1.0 0.0 0.0 0.0 0.0 0.0 0.0 0.0 0.0 0.0 4.0452 4.0452 4.0452 4.0452
8.623 0 3 1.0 0.0 0.0 0.0 0.0 0.0 0.0 0.0 0.0 0.0 4.0452 4.0452 4.0452 4.0452
8.624 0 3 1.0 0.0 0.0 0.0 0.0 0.0 0.0 0.0 0.0 0.0 4.0452 4.0452 4.0452 4.0452
8.625 0 3 1.0 0.0 0.0 0.0 0.0 0.0 0.0 0.0 0.0 0.0 4.0452 4.0452 4.0452 4.0452
8.626 0 3 1.0 0.0 0.0 0.0 0.0 0.0 0.0 0.0 0.0 0.0 4.0452 4.0452 4.0452 4.0452
8.627 0 3 1.0 0.0 0.0 0.0 0.0 0.0 0.0 0.0 0.0 0.0 4.0452 4.0452 4.0452 4.0452
8.628 0 3 1.0 0.0 0.0 0.0 0.0 0.0 0.0 0.0 0.0 0.0 4.0452 4.0452 4.0452 4.0452
8.629 0 3 1.0 0.0 0.0 0.0 0.0 0.0 0.0 0.0 0.0 0.0 4.0452 4.0452 4.0452 4.0452
8.63 0 3 1.0 0.0 0.0 0.0 0.0 0.0 0.0 0.0 0.0 0.0 4.0452 4.0452 4.0452 4.0452
8.631 0 3 1.0 0.0 0.0 0.0 0.0 0.0 0.0 0.0 0.0 0.0 4.0452 4.0452 4.0452 4.0452
8.632 0 3 1.0 0.0 0.0 0.0 0.0 0.0 0.0 0.0 0.0 0.0 4.0452 4.0452 4.0452 4.0452
8.633000000000001 0 3 1.0 0.0 0.0 0.0 0.0 0.0 0.0 0.0 0.0 0.0 4.0452 4.0452 4.0452 4.0452
8.634 0 3 1.0 0.0 0.0 0.0 0.0 0.0 0.0 0.0 0.0 0.0 4.0452 4.0452 4.0452 4.0452
8.635 0 3 1.0 0.0 0.0 0.0 0.0 0.0 0.0 0.0 0.0 0.0 4.0452 4.0452 4.0452 4.0452
8.636000000000001 0 3 1.0 0.0 0.0 0.0 0.0 0.0 0.0 0.0 0.0 0.0 4.0452 4.0452 4.0452 4.0452
8.637 0 3 1.0 0.0 0.0 0.0 0.0 0.0 0.0 0.0 0.0 0.0 4.0452 4.0452 4.0452 4.0452
8.638 0 3 1.0 0.0 0.0 0.0 0.0 0.0 0.0 0.0 0.0 0.0 4.0452 4.0452 4.0452 4.0452
8.639 0 3 1.0 0.0 0.0 0.0 0.0 0.0 0.0 0.0 0.0 0.0 4.0452 4.0452 4.0452 4.0452
8.64 0 3 1.0 0.0 0.0 0.0 0.0 0.0 0.0 0.0 0.0 0.0 4.0452 4.0452 4.0452 4.0452
8.641 0 3 1.0 0.0 0.0 0.0 0.0 0.0 0.0 0.0 0.0 0.0 4.0452 4.0452 4.0452 4.0452
8.642 0 3 1.0 0.0 0.0 0.0 0.0 0.0 0.0 0.0 0.0 0.0 4.0452 4.0452 4.0452 4.0452
8.643 0 3 1.0 0.0 0.0 0.0 0.0 0.0 0.0 0.0 0.0 0.0 4.0452 4.0452 4.0452 4.0452
8.644 0 3 1.0 0.0 0.0 0.0 0.0 0.0 0.0 0.0 0.0 0.0 4.0452 4.0452 4.0452 4.0452
8.645 0 3 1.0 0.0 0.0 0.0 0.0 0.0 0.0 0.0 0.0 0.0 4.0452 4.0452 4.0452 4.0452
8.646 0 3 1.0 0.0 0.0 0.0 0.0 0.0 0.0 0.0 0.0 0.0 4.0452 4.0452 4.0452 4.0452
8.647 0 3 1.0 0.0 0.0 0.0 0.0 0.0 0.0 0.0 0.0 0.0 4.0452 4.0452 4.0452 4.0452
8.648 0 3 1.0 0.0 0.0 0.0 0.0 0.0 0.0 0.0 0.0 0.0 4.0452 4.0452 4.0452 4.0452
8.649000000000001 0 3 1.0 0.0 0.0 0.0 0.0 0.0 0.0 0.0 0.0 0.0 4.0452 4.0452 4.0452 4.0452
8.65 0 3 1.0 0.0 0.0 0.0 0.0 0.0 0.0 0.0 0.0 0.0 4.0452 4.0452 4.0452 4.0452
8.651 0 3 1.0 0.0 0.0 0.0 0.0 0.0 0.0 0.0 0.0 0.0 4.0452 4.0452 4.0452 4.0452
8.652000000000001 0 3 1.0 0.0 0.0 0.0 0.0 0.0 0.0 0.0 0.0 0.0 4.0452 4.0452 4.0452 4.0452
8.653 0 3 1.0 0.0 0.0 0.0 0.0 0.0 0.0 0.0 0.0 0.0 4.0452 4.0452 4.0452 4.0452
8.654 0 3 1.0 0.0 0.0 0.0 0.0 0.0 0.0 0.0 0.0 0.0 4.0452 4.0452 4.0452 4.0452
8.655 0 3 1.0 0.0 0.0 0.0 0.0 0.0 0.0 0.0 0.0 0.0 4.0452 4.0452 4.0452 4.0452
8.656 0 3 1.0 0.0 0.0 0.0 0.0 0.0 0.0 0.0 0.0 0.0 4.0452 4.0452 4.0452 4.0452
8.657 0 3 1.0 0.0 0.0 0.0 0.0 0.0 0.0 0.0 0.0 0.0 4.0452 4.0452 4.0452 4.0452
8.658 0 3 1.0 0.0 0.0 0.0 0.0 0.0 0.0 0.0 0.0 0.0 4.0452 4.0452 4.0452 4.0452
8.659 0 3 1.0 0.0 0.0 0.0 0.0 0.0 0.0 0.0 0.0 0.0 4.0452 4.0452 4.0452 4.0452
8.66 0 3 1.0 0.0 0.0 0.0 0.0 0.0 0.0 0.0 0.0 0.0 4.0452 4.0452 4.0452 4.0452
8.661 0 3 1.0 0.0 0.0 0.0 0.0 0.0 0.0 0.0 0.0 0.0 4.0452 4.0452 4.0452 4.0452
8.662 0 3 1.0 0.0 0.0 0.0 0.0 0.0 0.0 0.0 0.0 0.0 4.0452 4.0452 4.0452 4.0452
8.663 0 3 1.0 0.0 0.0 0.0 0.0 0.0 0.0 0.0 0.0 0.0 4.0452 4.0452 4.0452 4.0452
8.664 0 3 1.0 0.0 0.0 0.0 0.0 0.0 0.0 0.0 0.0 0.0 4.0452 4.0452 4.0452 4.0452
8.665000000000001 0 3 1.0 0.0 0.0 0.0 0.0 0.0 0.0 0.0 0.0 0.0 4.0452 4.0452 4.0452 4.0452
8.666 0 3 1.0 0.0 0.0 0.0 0.0 0.0 0.0 0.0 0.0 0.0 4.0452 4.0452 4.0452 4.0452
8.667 0 3 1.0 0.0 0.0 0.0 0.0 0.0 0.0 0.0 0.0 0.0 4.0452 4.0452 4.0452 4.0452
8.668000000000001 0 3 1.0 0.0 0.0 0.0 0.0 0.0 0.0 0.0 0.0 0.0 4.0452 4.0452 4.0452 4.0452
8.669 0 3 1.0 0.0 0.0 0.0 0.0 0.0 0.0 0.0 0.0 0.0 4.0452 4.0452 4.0452 4.0452
8.67 0 3 1.0 0.0 0.0 0.0 0.0 0.0 0.0 0.0 0.0 0.0 4.0452 4.0452 4.0452 4.0452
8.671 0 3 1.0 0.0 0.0 0.0 0.0 0.0 0.0 0.0 0.0 0.0 4.0452 4.0452 4.0452 4.0452
8.672 0 3 1.0 0.0 0.0 0.0 0.0 0.0 0.0 0.0 0.0 0.0 4.0452 4.0452 4.0452 4.0452
8.673 0 3 1.0 0.0 0.0 0.0 0.0 0.0 0.0 0.0 0.0 0.0 4.0452 4.0452 4.0452 4.0452
8.674 0 3 1.0 0.0 0.0 0.0 0.0 0.0 0.0 0.0 0.0 0.0 4.0452 4.0452 4.0452 4.0452
8.675 0 3 1.0 0.0 0.0 0.0 0.0 0.0 0.0 0.0 0.0 0.0 4.0452 4.0452 4.0452 4.0452
8.676 0 3 1.0 0.0 0.0 0.0 0.0 0.0 0.0 0.0 0.0 0.0 4.0452 4.0452 4.0452 4.0452
8.677 0 3 1.0 0.0 0.0 0.0 0.0 0.0 0.0 0.0 0.0 0.0 4.0452 4.0452 4.0452 4.0452
8.678 0 3 1.0 0.0 0.0 0.0 0.0 0.0 0.0 0.0 0.0 0.0 4.0452 4.0452 4.0452 4.0452
8.679 0 3 1.0 0.0 0.0 0.0 0.0 0.0 0.0 0.0 0.0 0.0 4.0452 4.0452 4.0452 4.0452
8.68 0 3 1.0 0.0 0.0 0.0 0.0 0.0 0.0 0.0 0.0 0.0 4.0452 4.0452 4.0452 4.0452
8.681000000000001 0 3 1.0 0.0 0.0 0.0 0.0 0.0 0.0 0.0 0.0 0.0 4.0452 4.0452 4.0452 4.0452
8.682 0 3 1.0 0.0 0.0 0.0 0.0 0.0 0.0 0.0 0.0 0.0 4.0452 4.0452 4.0452 4.0452
8.683 0 3 1.0 0.0 0.0 0.0 0.0 0.0 0.0 0.0 0.0 0.0 4.0452 4.0452 4.0452 4.0452
8.684000000000001 0 3 1.0 0.0 0.0 0.0 0.0 0.0 0.0 0.0 0.0 0.0 4.0452 4.0452 4.0452 4.0452
8.685 0 3 1.0 0.0 0.0 0.0 0.0 0.0 0.0 0.0 0.0 0.0 4.0452 4.0452 4.0452 4.0452
8.686 0 3 1.0 0.0 0.0 0.0 0.0 0.0 0.0 0.0 0.0 0.0 4.0452 4.0452 4.0452 4.0452
8.687 0 3 1.0 0.0 0.0 0.0 0.0 0.0 0.0 0.0 0.0 0.0 4.0452 4.0452 4.0452 4.0452
8.688 0 3 1.0 0.0 0.0 0.0 0.0 0.0 0.0 0.0 0.0 0.0 4.0452 4.0452 4.0452 4.0452
8.689 0 3 1.0 0.0 0.0 0.0 0.0 0.0 0.0 0.0 0.0 0.0 4.0452 4.0452 4.0452 4.0452
8.69 0 3 1.0 0.0 0.0 0.0 0.0 0.0 0.0 0.0 0.0 0.0 4.0452 4.0452 4.0452 4.0452
8.691 0 3 1.0 0.0 0.0 0.0 0.0 0.0 0.0 0.0 0.0 0.0 4.0452 4.0452 4.0452 4.0452
8.692 0 3 1.0 0.0 0.0 0.0 0.0 0.0 0.0 0.0 0.0 0.0 4.0452 4.0452 4.0452 4.0452
8.693 0 3 1.0 0.0 0.0 0.0 0.0 0.0 0.0 0.0 0.0 0.0 4.0452 4.0452 4.0452 4.0452
8.694 0 3 1.0 0.0 0.0 0.0 0.0 0.0 0.0 0.0 0.0 0.0 4.0452 4.0452 4.0452 4.0452
8.695 0 3 1.0 0.0 0.0 0.0 0.0 0.0 0.0 0.0 0.0 0.0 4.0452 4.0452 4.0452 4.0452
8.696 0 3 1.0 0.0 0.0 0.0 0.0 0.0 0.0 0.0 0.0 0.0 4.0452 4.0452 4.0452 4.0452
8.697000000000001 0 3 1.0 0.0 0.0 0.0 0.0 0.0 0.0 0.0 0.0 0.0 4.0452 4.0452 4.0452 4.0452
8.698 0 3 1.0 0.0 0.0 0.0 0.0 0.0 0.0 0.0 0.0 0.0 4.0452 4.0452 4.0452 4.0452
8.699 0 3 1.0 0.0 0.0 0.0 0.0 0.0 0.0 0.0 0.0 0.0 4.0452 4.0452 4.0452 4.0452
8.700000000000001 0 3 1.0 0.0 0.0 0.0 0.0 0.0 0.0 0.0 0.0 0.0 4.0452 4.0452 4.0452 4.0452
8.701 0 3 1.0 0.0 0.0 0.0 0.0 0.0 0.0 0.0 0.0 0.0 4.0452 4.0452 4.0452 4.0452
8.702 0 3 1.0 0.0 0.0 0.0 0.0 0.0 0.0 0.0 0.0 0.0 4.0452 4.0452 4.0452 4.0452
8.703 0 3 1.0 0.0 0.0 0.0 0.0 0.0 0.0 0.0 0.0 0.0 4.0452 4.0452 4.0452 4.0452
8.704 0 3 1.0 0.0 0.0 0.0 0.0 0.0 0.0 0.0 0.0 0.0 4.0452 4.0452 4.0452 4.0452
8.705 0 3 1.0 0.0 0.0 0.0 0.0 0.0 0.0 0.0 0.0 0.0 4.0452 4.0452 4.0452 4.0452
8.706 0 3 1.0 0.0 0.0 0.0 0.0 0.0 0.0 0.0 0.0 0.0 4.0452 4.0452 4.0452 4.0452
8.707 0 3 1.0 0.0 0.0 0.0 0.0 0.0 0.0 0.0 0.0 0.0 4.0452 4.0452 4.0452 4.0452
8.708 0 3 1.0 0.0 0.0 0.0 0.0 0.0 0.0 0.0 0.0 0.0 4.0452 4.0452 4.0452 4.0452
8.709 0 3 1.0 0.0 0.0 0.0 0.0 0.0 0.0 0.0 0.0 0.0 4.0452 4.0452 4.0452 4.0452
8.71 0 3 1.0 0.0 0.0 0.0 0.0 0.0 0.0 0.0 0.0 0.0 4.0452 4.0452 4.0452 4.0452
8.711 0 3 1.0 0.0 0.0 0.0 0.0 0.0 0.0 0.0 0.0 0.0 4.0452 4.0452 4.0452 4.0452
8.712 0 3 1.0 0.0 0.0 0.0 0.0 0.0 0.0 0.0 0.0 0.0 4.0452 4.0452 4.0452 4.0452
8.713000000000001 0 3 1.0 0.0 0.0 0.0 0.0 0.0 0.0 0.0 0.0 0.0 4.0452 4.0452 4.0452 4.0452
8.714 0 3 1.0 0.0 0.0 0.0 0.0 0.0 0.0 0.0 0.0 0.0 4.0452 4.0452 4.0452 4.0452
8.715 0 3 1.0 0.0 0.0 0.0 0.0 0.0 0.0 0.0 0.0 0.0 4.0452 4.0452 4.0452 4.0452
8.716 0 3 1.0 0.0 0.0 0.0 0.0 0.0 0.0 0.0 0.0 0.0 4.0452 4.0452 4.0452 4.0452
8.717 0 3 1.0 0.0 0.0 0.0 0.0 0.0 0.0 0.0 0.0 0.0 4.0452 4.0452 4.0452 4.0452
8.718 0 3 1.0 0.0 0.0 0.0 0.0 0.0 0.0 0.0 0.0 0.0 4.0452 4.0452 4.0452 4.0452
8.719 0 3 1.0 0.0 0.0 0.0 0.0 0.0 0.0 0.0 0.0 0.0 4.0452 4.0452 4.0452 4.0452
8.72 0 3 1.0 0.0 0.0 0.0 0.0 0.0 0.0 0.0 0.0 0.0 4.0452 4.0452 4.0452 4.0452
8.721 0 3 1.0 0.0 0.0 0.0 0.0 0.0 0.0 0.0 0.0 0.0 4.0452 4.0452 4.0452 4.0452
8.722 0 3 1.0 0.0 0.0 0.0 0.0 0.0 0.0 0.0 0.0 0.0 4.0452 4.0452 4.0452 4.0452
8.723 0 3 1.0 0.0 0.0 0.0 0.0 0.0 0.0 0.0 0.0 0.0 4.0452 4.0452 4.0452 4.0452
8.724 0 3 1.0 0.0 0.0 0.0 0.0 0.0 0.0 0.0 0.0 0.0 4.0452 4.0452 4.0452 4.0452
8.725 0 3 1.0 0.0 0.0 0.0 0.0 0.0 0.0 0.0 0.0 0.0 4.0452 4.0452 4.0452 4.0452
8.726 0 3 1.0 0.0 0.0 0.0 0.0 0.0 0.0 0.0 0.0 0.0 4.0452 4.0452 4.0452 4.0452
8.727 0 3 1.0 0.0 0.0 0.0 0.0 0.0 0.0 0.0 0.0 0.0 4.0452 4.0452 4.0452 4.0452
8.728 0 3 1.0 0.0 0.0 0.0 0.0 0.0 0.0 0.0 0.0 0.0 4.0452 4.0452 4.0452 4.0452
8.729000000000001 0 3 1.0 0.0 0.0 0.0 0.0 0.0 0.0 0.0 0.0 0.0 4.0452 4.0452 4.0452 4.0452
8.73 0 3 1.0 0.0 0.0 0.0 0.0 0.0 0.0 0.0 0.0 0.0 4.0452 4.0452 4.0452 4.0452
8.731 0 3 1.0 0.0 0.0 0.0 0.0 0.0 0.0 0.0 0.0 0.0 4.0452 4.0452 4.0452 4.0452
8.732 0 3 1.0 0.0 0.0 0.0 0.0 0.0 0.0 0.0 0.0 0.0 4.0452 4.0452 4.0452 4.0452
8.733 0 3 1.0 0.0 0.0 0.0 0.0 0.0 0.0 0.0 0.0 0.0 4.0452 4.0452 4.0452 4.0452
8.734 0 3 1.0 0.0 0.0 0.0 0.0 0.0 0.0 0.0 0.0 0.0 4.0452 4.0452 4.0452 4.0452
8.735 0 3 1.0 0.0 0.0 0.0 0.0 0.0 0.0 0.0 0.0 0.0 4.0452 4.0452 4.0452 4.0452
8.736 0 3 1.0 0.0 0.0 0.0 0.0 0.0 0.0 0.0 0.0 0.0 4.0452 4.0452 4.0452 4.0452
8.737 0 3 1.0 0.0 0.0 0.0 0.0 0.0 0.0 0.0 0.0 0.0 4.0452 4.0452 4.0452 4.0452
8.738 0 3 1.0 0.0 0.0 0.0 0.0 0.0 0.0 0.0 0.0 0.0 4.0452 4.0452 4.0452 4.0452
8.739 0 3 1.0 0.0 0.0 0.0 0.0 0.0 0.0 0.0 0.0 0.0 4.0452 4.0452 4.0452 4.0452
8.74 0 3 1.0 0.0 0.0 0.0 0.0 0.0 0.0 0.0 0.0 0.0 4.0452 4.0452 4.0452 4.0452
8.741 0 3 1.0 0.0 0.0 0.0 0.0 0.0 0.0 0.0 0.0 0.0 4.0452 4.0452 4.0452 4.0452
8.742 0 3 1.0 0.0 0.0 0.0 0.0 0.0 0.0 0.0 0.0 0.0 4.0452 4.0452 4.0452 4.0452
8.743 0 3 1.0 0.0 0.0 0.0 0.0 0.0 0.0 0.0 0.0 0.0 4.0452 4.0452 4.0452 4.0452
8.744 0 3 1.0 0.0 0.0 0.0 0.0 0.0 0.0 0.0 0.0 0.0 4.0452 4.0452 4.0452 4.0452
8.745000000000001 0 3 1.0 0.0 0.0 0.0 0.0 0.0 0.0 0.0 0.0 0.0 4.0452 4.0452 4.0452 4.0452
8.746 0 3 1.0 0.0 0.0 0.0 0.0 0.0 0.0 0.0 0.0 0.0 4.0452 4.0452 4.0452 4.0452
8.747 0 3 1.0 0.0 0.0 0.0 0.0 0.0 0.0 0.0 0.0 0.0 4.0452 4.0452 4.0452 4.0452
8.748 0 3 1.0 0.0 0.0 0.0 0.0 0.0 0.0 0.0 0.0 0.0 4.0452 4.0452 4.0452 4.0452
8.749 0 3 1.0 0.0 0.0 0.0 0.0 0.0 0.0 0.0 0.0 0.0 4.0452 4.0452 4.0452 4.0452
8.75 0 3 1.0 0.0 0.0 0.0 0.0 0.0 0.0 0.0 0.0 0.0 4.0452 4.0452 4.0452 4.0452
8.751 0 3 1.0 0.0 0.0 0.0 0.0 0.0 0.0 0.0 0.0 0.0 4.0452 4.0452 4.0452 4.0452
8.752 0 3 1.0 0.0 0.0 0.0 0.0 0.0 0.0 0.0 0.0 0.0 4.0452 4.0452 4.0452 4.0452
8.753 0 3 1.0 0.0 0.0 0.0 0.0 0.0 0.0 0.0 0.0 0.0 4.0452 4.0452 4.0452 4.0452
8.754 0 3 1.0 0.0 0.0 0.0 0.0 0.0 0.0 0.0 0.0 0.0 4.0452 4.0452 4.0452 4.0452
8.755 0 3 1.0 0.0 0.0 0.0 0.0 0.0 0.0 0.0 0.0 0.0 4.0452 4.0452 4.0452 4.0452
8.756 0 3 1.0 0.0 0.0 0.0 0.0 0.0 0.0 0.0 0.0 0.0 4.0452 4.0452 4.0452 4.0452
8.757 0 3 1.0 0.0 0.0 0.0 0.0 0.0 0.0 0.0 0.0 0.0 4.0452 4.0452 4.0452 4.0452
8.758000000000001 0 3 1.0 0.0 0.0 0.0 0.0 0.0 0.0 0.0 0.0 0.0 4.0452 4.0452 4.0452 4.0452
8.759 0 3 1.0 0.0 0.0 0.0 0.0 0.0 0.0 0.0 0.0 0.0 4.0452 4.0452 4.0452 4.0452
8.76 0 3 1.0 0.0 0.0 0.0 0.0 0.0 0.0 0.0 0.0 0.0 4.0452 4.0452 4.0452 4.0452
8.761000000000001 0 3 1.0 0.0 0.0 0.0 0.0 0.0 0.0 0.0 0.0 0.0 4.0452 4.0452 4.0452 4.0452
8.762 0 3 1.0 0.0 0.0 0.0 0.0 0.0 0.0 0.0 0.0 0.0 4.0452 4.0452 4.0452 4.0452
8.763 0 3 1.0 0.0 0.0 0.0 0.0 0.0 0.0 0.0 0.0 0.0 4.0452 4.0452 4.0452 4.0452
8.764 0 3 1.0 0.0 0.0 0.0 0.0 0.0 0.0 0.0 0.0 0.0 4.0452 4.0452 4.0452 4.0452
8.765 0 3 1.0 0.0 0.0 0.0 0.0 0.0 0.0 0.0 0.0 0.0 4.0452 4.0452 4.0452 4.0452
8.766 0 3 1.0 0.0 0.0 0.0 0.0 0.0 0.0 0.0 0.0 0.0 4.0452 4.0452 4.0452 4.0452
8.767 0 3 1.0 0.0 0.0 0.0 0.0 0.0 0.0 0.0 0.0 0.0 4.0452 4.0452 4.0452 4.0452
8.768 0 3 1.0 0.0 0.0 0.0 0.0 0.0 0.0 0.0 0.0 0.0 4.0452 4.0452 4.0452 4.0452
8.769 0 3 1.0 0.0 0.0 0.0 0.0 0.0 0.0 0.0 0.0 0.0 4.0452 4.0452 4.0452 4.0452
8.77 0 3 1.0 0.0 0.0 0.0 0.0 0.0 0.0 0.0 0.0 0.0 4.0452 4.0452 4.0452 4.0452
8.771 0 3 1.0 0.0 0.0 0.0 0.0 0.0 0.0 0.0 0.0 0.0 4.0452 4.0452 4.0452 4.0452
8.772 0 3 1.0 0.0 0.0 0.0 0.0 0.0 0.0 0.0 0.0 0.0 4.0452 4.0452 4.0452 4.0452
8.773 0 3 1.0 0.0 0.0 0.0 0.0 0.0 0.0 0.0 0.0 0.0 4.0452 4.0452 4.0452 4.0452
8.774000000000001 0 3 1.0 0.0 0.0 0.0 0.0 0.0 0.0 0.0 0.0 0.0 4.0452 4.0452 4.0452 4.0452
8.775 0 3 1.0 0.0 0.0 0.0 0.0 0.0 0.0 0.0 0.0 0.0 4.0452 4.0452 4.0452 4.0452
8.776 0 3 1.0 0.0 0.0 0.0 0.0 0.0 0.0 0.0 0.0 0.0 4.0452 4.0452 4.0452 4.0452
8.777000000000001 0 3 1.0 0.0 0.0 0.0 0.0 0.0 0.0 0.0 0.0 0.0 4.0452 4.0452 4.0452 4.0452
8.778 0 3 1.0 0.0 0.0 0.0 0.0 0.0 0.0 0.0 0.0 0.0 4.0452 4.0452 4.0452 4.0452
8.779 0 3 1.0 0.0 0.0 0.0 0.0 0.0 0.0 0.0 0.0 0.0 4.0452 4.0452 4.0452 4.0452
8.78 0 3 1.0 0.0 0.0 0.0 0.0 0.0 0.0 0.0 0.0 0.0 4.0452 4.0452 4.0452 4.0452
8.781 0 3 1.0 0.0 0.0 0.0 0.0 0.0 0.0 0.0 0.0 0.0 4.0452 4.0452 4.0452 4.0452
8.782 0 3 1.0 0.0 0.0 0.0 0.0 0.0 0.0 0.0 0.0 0.0 4.0452 4.0452 4.0452 4.0452
8.783 0 3 1.0 0.0 0.0 0.0 0.0 0.0 0.0 0.0 0.0 0.0 4.0452 4.0452 4.0452 4.0452
8.784 0 3 1.0 0.0 0.0 0.0 0.0 0.0 0.0 0.0 0.0 0.0 4.0452 4.0452 4.0452 4.0452
8.785 0 3 1.0 0.0 0.0 0.0 0.0 0.0 0.0 0.0 0.0 0.0 4.0452 4.0452 4.0452 4.0452
8.786 0 3 1.0 0.0 0.0 0.0 0.0 0.0 0.0 0.0 0.0 0.0 4.0452 4.0452 4.0452 4.0452
8.787 0 3 1.0 0.0 0.0 0.0 0.0 0.0 0.0 0.0 0.0 0.0 4.0452 4.0452 4.0452 4.0452
8.788 0 3 1.0 0.0 0.0 0.0 0.0 0.0 0.0 0.0 0.0 0.0 4.0452 4.0452 4.0452 4.0452
8.789 0 3 1.0 0.0 0.0 0.0 0.0 0.0 0.0 0.0 0.0 0.0 4.0452 4.0452 4.0452 4.0452
8.790000000000001 0 3 1.0 0.0 0.0 0.0 0.0 0.0 0.0 0.0 0.0 0.0 4.0452 4.0452 4.0452 4.0452
8.791 0 3 1.0 0.0 0.0 0.0 0.0 0.0 0.0 0.0 0.0 0.0 4.0452 4.0452 4.0452 4.0452
8.792 0 3 1.0 0.0 0.0 0.0 0.0 0.0 0.0 0.0 0.0 0.0 4.0452 4.0452 4.0452 4.0452
8.793000000000001 0 3 1.0 0.0 0.0 0.0 0.0 0.0 0.0 0.0 0.0 0.0 4.0452 4.0452 4.0452 4.0452
8.794 0 3 1.0 0.0 0.0 0.0 0.0 0.0 0.0 0.0 0.0 0.0 4.0452 4.0452 4.0452 4.0452
8.795 0 3 1.0 0.0 0.0 0.0 0.0 0.0 0.0 0.0 0.0 0.0 4.0452 4.0452 4.0452 4.0452
8.796 0 3 1.0 0.0 0.0 0.0 0.0 0.0 0.0 0.0 0.0 0.0 4.0452 4.0452 4.0452 4.0452
8.797 0 3 1.0 0.0 0.0 0.0 0.0 0.0 0.0 0.0 0.0 0.0 4.0452 4.0452 4.0452 4.0452
8.798 0 3 1.0 0.0 0.0 0.0 0.0 0.0 0.0 0.0 0.0 0.0 4.0452 4.0452 4.0452 4.0452
8.799 0 3 1.0 0.0 0.0 0.0 0.0 0.0 0.0 0.0 0.0 0.0 4.0452 4.0452 4.0452 4.0452
8.8 0 3 1.0 0.0 0.0 0.0 0.0 0.0 0.0 0.0 0.0 0.0 4.0452 4.0452 4.0452 4.0452
8.801 0 3 1.0 0.0 0.0 0.0 0.0 0.0 0.0 0.0 0.0 0.0 4.0452 4.0452 4.0452 4.0452
8.802 0 3 1.0 0.0 0.0 0.0 0.0 0.0 0.0 0.0 0.0 0.0 4.0452 4.0452 4.0452 4.0452
8.803 0 3 1.0 0.0 0.0 0.0 0.0 0.0 0.0 0.0 0.0 0.0 4.0452 4.0452 4.0452 4.0452
8.804 0 3 1.0 0.0 0.0 0.0 0.0 0.0 0.0 0.0 0.0 0.0 4.0452 4.0452 4.0452 4.0452
8.805 0 3 1.0 0.0 0.0 0.0 0.0 0.0 0.0 0.0 0.0 0.0 4.0452 4.0452 4.0452 4.0452
8.806000000000001 0 3 1.0 0.0 0.0 0.0 0.0 0.0 0.0 0.0 0.0 0.0 4.0452 4.0452 4.0452 4.0452
8.807 0 3 1.0 0.0 0.0 0.0 0.0 0.0 0.0 0.0 0.0 0.0 4.0452 4.0452 4.0452 4.0452
8.808 0 3 1.0 0.0 0.0 0.0 0.0 0.0 0.0 0.0 0.0 0.0 4.0452 4.0452 4.0452 4.0452
8.809000000000001 0 3 1.0 0.0 0.0 0.0 0.0 0.0 0.0 0.0 0.0 0.0 4.0452 4.0452 4.0452 4.0452
8.81 0 3 1.0 0.0 0.0 0.0 0.0 0.0 0.0 0.0 0.0 0.0 4.0452 4.0452 4.0452 4.0452
8.811 0 3 1.0 0.0 0.0 0.0 0.0 0.0 0.0 0.0 0.0 0.0 4.0452 4.0452 4.0452 4.0452
8.812 0 3 1.0 0.0 0.0 0.0 0.0 0.0 0.0 0.0 0.0 0.0 4.0452 4.0452 4.0452 4.0452
8.813 0 3 1.0 0.0 0.0 0.0 0.0 0.0 0.0 0.0 0.0 0.0 4.0452 4.0452 4.0452 4.0452
8.814 0 3 1.0 0.0 0.0 0.0 0.0 0.0 0.0 0.0 0.0 0.0 4.0452 4.0452 4.0452 4.0452
8.815 0 3 1.0 0.0 0.0 0.0 0.0 0.0 0.0 0.0 0.0 0.0 4.0452 4.0452 4.0452 4.0452
8.816 0 3 1.0 0.0 0.0 0.0 0.0 0.0 0.0 0.0 0.0 0.0 4.0452 4.0452 4.0452 4.0452
8.817 0 3 1.0 0.0 0.0 0.0 0.0 0.0 0.0 0.0 0.0 0.0 4.0452 4.0452 4.0452 4.0452
8.818 0 3 1.0 0.0 0.0 0.0 0.0 0.0 0.0 0.0 0.0 0.0 4.0452 4.0452 4.0452 4.0452
8.819 0 3 1.0 0.0 0.0 0.0 0.0 0.0 0.0 0.0 0.0 0.0 4.0452 4.0452 4.0452 4.0452
8.82 0 3 1.0 0.0 0.0 0.0 0.0 0.0 0.0 0.0 0.0 0.0 4.0452 4.0452 4.0452 4.0452
8.821 0 3 1.0 0.0 0.0 0.0 0.0 0.0 0.0 0.0 0.0 0.0 4.0452 4.0452 4.0452 4.0452
8.822000000000001 0 3 1.0 0.0 0.0 0.0 0.0 0.0 0.0 0.0 0.0 0.0 4.0452 4.0452 4.0452 4.0452
8.823 0 3 1.0 0.0 0.0 0.0 0.0 0.0 0.0 0.0 0.0 0.0 4.0452 4.0452 4.0452 4.0452
8.824 0 3 1.0 0.0 0.0 0.0 0.0 0.0 0.0 0.0 0.0 0.0 4.0452 4.0452 4.0452 4.0452
8.825000000000001 0 3 1.0 0.0 0.0 0.0 0.0 0.0 0.0 0.0 0.0 0.0 4.0452 4.0452 4.0452 4.0452
8.826 0 3 1.0 0.0 0.0 0.0 0.0 0.0 0.0 0.0 0.0 0.0 4.0452 4.0452 4.0452 4.0452
8.827 0 3 1.0 0.0 0.0 0.0 0.0 0.0 0.0 0.0 0.0 0.0 4.0452 4.0452 4.0452 4.0452
8.828 0 3 1.0 0.0 0.0 0.0 0.0 0.0 0.0 0.0 0.0 0.0 4.0452 4.0452 4.0452 4.0452
8.829 0 3 1.0 0.0 0.0 0.0 0.0 0.0 0.0 0.0 0.0 0.0 4.0452 4.0452 4.0452 4.0452
8.83 0 3 1.0 0.0 0.0 0.0 0.0 0.0 0.0 0.0 0.0 0.0 4.0452 4.0452 4.0452 4.0452
8.831 0 3 1.0 0.0 0.0 0.0 0.0 0.0 0.0 0.0 0.0 0.0 4.0452 4.0452 4.0452 4.0452
8.832 0 3 1.0 0.0 0.0 0.0 0.0 0.0 0.0 0.0 0.0 0.0 4.0452 4.0452 4.0452 4.0452
8.833 0 3 1.0 0.0 0.0 0.0 0.0 0.0 0.0 0.0 0.0 0.0 4.0452 4.0452 4.0452 4.0452
8.834 0 3 1.0 0.0 0.0 0.0 0.0 0.0 0.0 0.0 0.0 0.0 4.0452 4.0452 4.0452 4.0452
8.835 0 3 1.0 0.0 0.0 0.0 0.0 0.0 0.0 0.0 0.0 0.0 4.0452 4.0452 4.0452 4.0452
8.836 0 3 1.0 0.0 0.0 0.0 0.0 0.0 0.0 0.0 0.0 0.0 4.0452 4.0452 4.0452 4.0452
8.837 0 3 1.0 0.0 0.0 0.0 0.0 0.0 0.0 0.0 0.0 0.0 4.0452 4.0452 4.0452 4.0452
8.838000000000001 0 3 1.0 0.0 0.0 0.0 0.0 0.0 0.0 0.0 0.0 0.0 4.0452 4.0452 4.0452 4.0452
8.839 0 3 1.0 0.0 0.0 0.0 0.0 0.0 0.0 0.0 0.0 0.0 4.0452 4.0452 4.0452 4.0452
8.84 0 3 1.0 0.0 0.0 0.0 0.0 0.0 0.0 0.0 0.0 0.0 4.0452 4.0452 4.0452 4.0452
8.841 0 3 1.0 0.0 0.0 0.0 0.0 0.0 0.0 0.0 0.0 0.0 4.0452 4.0452 4.0452 4.0452
8.842 0 3 1.0 0.0 0.0 0.0 0.0 0.0 0.0 0.0 0.0 0.0 4.0452 4.0452 4.0452 4.0452
8.843 0 3 1.0 0.0 0.0 0.0 0.0 0.0 0.0 0.0 0.0 0.0 4.0452 4.0452 4.0452 4.0452
8.844 0 3 1.0 0.0 0.0 0.0 0.0 0.0 0.0 0.0 0.0 0.0 4.0452 4.0452 4.0452 4.0452
8.845 0 3 1.0 0.0 0.0 0.0 0.0 0.0 0.0 0.0 0.0 0.0 4.0452 4.0452 4.0452 4.0452
8.846 0 3 1.0 0.0 0.0 0.0 0.0 0.0 0.0 0.0 0.0 0.0 4.0452 4.0452 4.0452 4.0452
8.847 0 3 1.0 0.0 0.0 0.0 0.0 0.0 0.0 0.0 0.0 0.0 4.0452 4.0452 4.0452 4.0452
8.848 0 3 1.0 0.0 0.0 0.0 0.0 0.0 0.0 0.0 0.0 0.0 4.0452 4.0452 4.0452 4.0452
8.849 0 3 1.0 0.0 0.0 0.0 0.0 0.0 0.0 0.0 0.0 0.0 4.0452 4.0452 4.0452 4.0452
8.85 0 3 1.0 0.0 0.0 0.0 0.0 0.0 0.0 0.0 0.0 0.0 4.0452 4.0452 4.0452 4.0452
8.851 0 3 1.0 0.0 0.0 0.0 0.0 0.0 0.0 0.0 0.0 0.0 4.0452 4.0452 4.0452 4.0452
8.852 0 3 1.0 0.0 0.0 0.0 0.0 0.0 0.0 0.0 0.0 0.0 4.0452 4.0452 4.0452 4.0452
8.853 0 3 1.0 0.0 0.0 0.0 0.0 0.0 0.0 0.0 0.0 0.0 4.0452 4.0452 4.0452 4.0452
8.854000000000001 0 3 1.0 0.0 0.0 0.0 0.0 0.0 0.0 0.0 0.0 0.0 4.0452 4.0452 4.0452 4.0452
8.855 0 3 1.0 0.0 0.0 0.0 0.0 0.0 0.0 0.0 0.0 0.0 4.0452 4.0452 4.0452 4.0452
8.856 0 3 1.0 0.0 0.0 0.0 0.0 0.0 0.0 0.0 0.0 0.0 4.0452 4.0452 4.0452 4.0452
8.857 0 3 1.0 0.0 0.0 0.0 0.0 0.0 0.0 0.0 0.0 0.0 4.0452 4.0452 4.0452 4.0452
8.858 0 3 1.0 0.0 0.0 0.0 0.0 0.0 0.0 0.0 0.0 0.0 4.0452 4.0452 4.0452 4.0452
8.859 0 3 1.0 0.0 0.0 0.0 0.0 0.0 0.0 0.0 0.0 0.0 4.0452 4.0452 4.0452 4.0452
8.86 0 3 1.0 0.0 0.0 0.0 0.0 0.0 0.0 0.0 0.0 0.0 4.0452 4.0452 4.0452 4.0452
8.861 0 3 1.0 0.0 0.0 0.0 0.0 0.0 0.0 0.0 0.0 0.0 4.0452 4.0452 4.0452 4.0452
8.862 0 3 1.0 0.0 0.0 0.0 0.0 0.0 0.0 0.0 0.0 0.0 4.0452 4.0452 4.0452 4.0452
8.863 0 3 1.0 0.0 0.0 0.0 0.0 0.0 0.0 0.0 0.0 0.0 4.0452 4.0452 4.0452 4.0452
8.864 0 3 1.0 0.0 0.0 0.0 0.0 0.0 0.0 0.0 0.0 0.0 4.0452 4.0452 4.0452 4.0452
8.865 0 3 1.0 0.0 0.0 0.0 0.0 0.0 0.0 0.0 0.0 0.0 4.0452 4.0452 4.0452 4.0452
8.866 0 3 1.0 0.0 0.0 0.0 0.0 0.0 0.0 0.0 0.0 0.0 4.0452 4.0452 4.0452 4.0452
8.867 0 3 1.0 0.0 0.0 0.0 0.0 0.0 0.0 0.0 0.0 0.0 4.0452 4.0452 4.0452 4.0452
8.868 0 3 1.0 0.0 0.0 0.0 0.0 0.0 0.0 0.0 0.0 0.0 4.0452 4.0452 4.0452 4.0452
8.869 0 3 1.0 0.0 0.0 0.0 0.0 0.0 0.0 0.0 0.0 0.0 4.0452 4.0452 4.0452 4.0452
8.870000000000001 0 3 1.0 0.0 0.0 0.0 0.0 0.0 0.0 0.0 0.0 0.0 4.0452 4.0452 4.0452 4.0452
8.871 0 3 1.0 0.0 0.0 0.0 0.0 0.0 0.0 0.0 0.0 0.0 4.0452 4.0452 4.0452 4.0452
8.872 0 3 1.0 0.0 0.0 0.0 0.0 0.0 0.0 0.0 0.0 0.0 4.0452 4.0452 4.0452 4.0452
8.873 0 3 1.0 0.0 0.0 0.0 0.0 0.0 0.0 0.0 0.0 0.0 4.0452 4.0452 4.0452 4.0452
8.874 0 3 1.0 0.0 0.0 0.0 0.0 0.0 0.0 0.0 0.0 0.0 4.0452 4.0452 4.0452 4.0452
8.875 0 3 1.0 0.0 0.0 0.0 0.0 0.0 0.0 0.0 0.0 0.0 4.0452 4.0452 4.0452 4.0452
8.876 0 3 1.0 0.0 0.0 0.0 0.0 0.0 0.0 0.0 0.0 0.0 4.0452 4.0452 4.0452 4.0452
8.877 0 3 1.0 0.0 0.0 0.0 0.0 0.0 0.0 0.0 0.0 0.0 4.0452 4.0452 4.0452 4.0452
8.878 0 3 1.0 0.0 0.0 0.0 0.0 0.0 0.0 0.0 0.0 0.0 4.0452 4.0452 4.0452 4.0452
8.879 0 3 1.0 0.0 0.0 0.0 0.0 0.0 0.0 0.0 0.0 0.0 4.0452 4.0452 4.0452 4.0452
8.88 0 3 1.0 0.0 0.0 0.0 0.0 0.0 0.0 0.0 0.0 0.0 4.0452 4.0452 4.0452 4.0452
8.881 0 3 1.0 0.0 0.0 0.0 0.0 0.0 0.0 0.0 0.0 0.0 4.0452 4.0452 4.0452 4.0452
8.882 0 3 1.0 0.0 0.0 0.0 0.0 0.0 0.0 0.0 0.0 0.0 4.0452 4.0452 4.0452 4.0452
8.883000000000001 0 3 1.0 0.0 0.0 0.0 0.0 0.0 0.0 0.0 0.0 0.0 4.0452 4.0452 4.0452 4.0452
8.884 0 3 1.0 0.0 0.0 0.0 0.0 0.0 0.0 0.0 0.0 0.0 4.0452 4.0452 4.0452 4.0452
8.885 0 3 1.0 0.0 0.0 0.0 0.0 0.0 0.0 0.0 0.0 0.0 4.0452 4.0452 4.0452 4.0452
8.886000000000001 0 3 1.0 0.0 0.0 0.0 0.0 0.0 0.0 0.0 0.0 0.0 4.0452 4.0452 4.0452 4.0452
8.887 0 3 1.0 0.0 0.0 0.0 0.0 0.0 0.0 0.0 0.0 0.0 4.0452 4.0452 4.0452 4.0452
8.888 0 3 1.0 0.0 0.0 0.0 0.0 0.0 0.0 0.0 0.0 0.0 4.0452 4.0452 4.0452 4.0452
8.889 0 3 1.0 0.0 0.0 0.0 0.0 0.0 0.0 0.0 0.0 0.0 4.0452 4.0452 4.0452 4.0452
8.89 0 3 1.0 0.0 0.0 0.0 0.0 0.0 0.0 0.0 0.0 0.0 4.0452 4.0452 4.0452 4.0452
8.891 0 3 1.0 0.0 0.0 0.0 0.0 0.0 0.0 0.0 0.0 0.0 4.0452 4.0452 4.0452 4.0452
8.892 0 3 1.0 0.0 0.0 0.0 0.0 0.0 0.0 0.0 0.0 0.0 4.0452 4.0452 4.0452 4.0452
8.893 0 3 1.0 0.0 0.0 0.0 0.0 0.0 0.0 0.0 0.0 0.0 4.0452 4.0452 4.0452 4.0452
8.894 0 3 1.0 0.0 0.0 0.0 0.0 0.0 0.0 0.0 0.0 0.0 4.0452 4.0452 4.0452 4.0452
8.895 0 3 1.0 0.0 0.0 0.0 0.0 0.0 0.0 0.0 0.0 0.0 4.0452 4.0452 4.0452 4.0452
8.896 0 3 1.0 0.0 0.0 0.0 0.0 0.0 0.0 0.0 0.0 0.0 4.0452 4.0452 4.0452 4.0452
8.897 0 3 1.0 0.0 0.0 0.0 0.0 0.0 0.0 0.0 0.0 0.0 4.0452 4.0452 4.0452 4.0452
8.898 0 3 1.0 0.0 0.0 0.0 0.0 0.0 0.0 0.0 0.0 0.0 4.0452 4.0452 4.0452 4.0452
8.899000000000001 0 3 1.0 0.0 0.0 0.0 0.0 0.0 0.0 0.0 0.0 0.0 4.0452 4.0452 4.0452 4.0452
8.9 0 3 1.0 0.0 0.0 0.0 0.0 0.0 0.0 0.0 0.0 0.0 4.0452 4.0452 4.0452 4.0452
8.901 0 3 1.0 0.0 0.0 0.0 0.0 0.0 0.0 0.0 0.0 0.0 4.0452 4.0452 4.0452 4.0452
8.902000000000001 0 3 1.0 0.0 0.0 0.0 0.0 0.0 0.0 0.0 0.0 0.0 4.0452 4.0452 4.0452 4.0452
8.903 0 3 1.0 0.0 0.0 0.0 0.0 0.0 0.0 0.0 0.0 0.0 4.0452 4.0452 4.0452 4.0452
8.904 0 3 1.0 0.0 0.0 0.0 0.0 0.0 0.0 0.0 0.0 0.0 4.0452 4.0452 4.0452 4.0452
8.905 0 3 1.0 0.0 0.0 0.0 0.0 0.0 0.0 0.0 0.0 0.0 4.0452 4.0452 4.0452 4.0452
8.906 0 3 1.0 0.0 0.0 0.0 0.0 0.0 0.0 0.0 0.0 0.0 4.0452 4.0452 4.0452 4.0452
8.907 0 3 1.0 0.0 0.0 0.0 0.0 0.0 0.0 0.0 0.0 0.0 4.0452 4.0452 4.0452 4.0452
8.908 0 3 1.0 0.0 0.0 0.0 0.0 0.0 0.0 0.0 0.0 0.0 4.0452 4.0452 4.0452 4.0452
8.909 0 3 1.0 0.0 0.0 0.0 0.0 0.0 0.0 0.0 0.0 0.0 4.0452 4.0452 4.0452 4.0452
8.91 0 3 1.0 0.0 0.0 0.0 0.0 0.0 0.0 0.0 0.0 0.0 4.0452 4.0452 4.0452 4.0452
8.911 0 3 1.0 0.0 0.0 0.0 0.0 0.0 0.0 0.0 0.0 0.0 4.0452 4.0452 4.0452 4.0452
8.912 0 3 1.0 0.0 0.0 0.0 0.0 0.0 0.0 0.0 0.0 0.0 4.0452 4.0452 4.0452 4.0452
8.913 0 3 1.0 0.0 0.0 0.0 0.0 0.0 0.0 0.0 0.0 0.0 4.0452 4.0452 4.0452 4.0452
8.914 0 3 1.0 0.0 0.0 0.0 0.0 0.0 0.0 0.0 0.0 0.0 4.0452 4.0452 4.0452 4.0452
8.915000000000001 0 3 1.0 0.0 0.0 0.0 0.0 0.0 0.0 0.0 0.0 0.0 4.0452 4.0452 4.0452 4.0452
8.916 0 3 1.0 0.0 0.0 0.0 0.0 0.0 0.0 0.0 0.0 0.0 4.0452 4.0452 4.0452 4.0452
8.917 0 3 1.0 0.0 0.0 0.0 0.0 0.0 0.0 0.0 0.0 0.0 4.0452 4.0452 4.0452 4.0452
8.918000000000001 0 3 1.0 0.0 0.0 0.0 0.0 0.0 0.0 0.0 0.0 0.0 4.0452 4.0452 4.0452 4.0452
8.919 0 3 1.0 0.0 0.0 0.0 0.0 0.0 0.0 0.0 0.0 0.0 4.0452 4.0452 4.0452 4.0452
8.92 0 3 1.0 0.0 0.0 0.0 0.0 0.0 0.0 0.0 0.0 0.0 4.0452 4.0452 4.0452 4.0452
8.921 0 3 1.0 0.0 0.0 0.0 0.0 0.0 0.0 0.0 0.0 0.0 4.0452 4.0452 4.0452 4.0452
8.922 0 3 1.0 0.0 0.0 0.0 0.0 0.0 0.0 0.0 0.0 0.0 4.0452 4.0452 4.0452 4.0452
8.923 0 3 1.0 0.0 0.0 0.0 0.0 0.0 0.0 0.0 0.0 0.0 4.0452 4.0452 4.0452 4.0452
8.924 0 3 1.0 0.0 0.0 0.0 0.0 0.0 0.0 0.0 0.0 0.0 4.0452 4.0452 4.0452 4.0452
8.925 0 3 1.0 0.0 0.0 0.0 0.0 0.0 0.0 0.0 0.0 0.0 4.0452 4.0452 4.0452 4.0452
8.926 0 3 1.0 0.0 0.0 0.0 0.0 0.0 0.0 0.0 0.0 0.0 4.0452 4.0452 4.0452 4.0452
8.927 0 3 1.0 0.0 0.0 0.0 0.0 0.0 0.0 0.0 0.0 0.0 4.0452 4.0452 4.0452 4.0452
8.928 0 3 1.0 0.0 0.0 0.0 0.0 0.0 0.0 0.0 0.0 0.0 4.0452 4.0452 4.0452 4.0452
8.929 0 3 1.0 0.0 0.0 0.0 0.0 0.0 0.0 0.0 0.0 0.0 4.0452 4.0452 4.0452 4.0452
8.93 0 3 1.0 0.0 0.0 0.0 0.0 0.0 0.0 0.0 0.0 0.0 4.0452 4.0452 4.0452 4.0452
8.931000000000001 0 3 1.0 0.0 0.0 0.0 0.0 0.0 0.0 0.0 0.0 0.0 4.0452 4.0452 4.0452 4.0452
8.932 0 3 1.0 0.0 0.0 0.0 0.0 0.0 0.0 0.0 0.0 0.0 4.0452 4.0452 4.0452 4.0452
8.933 0 3 1.0 0.0 0.0 0.0 0.0 0.0 0.0 0.0 0.0 0.0 4.0452 4.0452 4.0452 4.0452
8.934000000000001 0 3 1.0 0.0 0.0 0.0 0.0 0.0 0.0 0.0 0.0 0.0 4.0452 4.0452 4.0452 4.0452
8.935 0 3 1.0 0.0 0.0 0.0 0.0 0.0 0.0 0.0 0.0 0.0 4.0452 4.0452 4.0452 4.0452
8.936 0 3 1.0 0.0 0.0 0.0 0.0 0.0 0.0 0.0 0.0 0.0 4.0452 4.0452 4.0452 4.0452
8.937 0 3 1.0 0.0 0.0 0.0 0.0 0.0 0.0 0.0 0.0 0.0 4.0452 4.0452 4.0452 4.0452
8.938 0 3 1.0 0.0 0.0 0.0 0.0 0.0 0.0 0.0 0.0 0.0 4.0452 4.0452 4.0452 4.0452
8.939 0 3 1.0 0.0 0.0 0.0 0.0 0.0 0.0 0.0 0.0 0.0 4.0452 4.0452 4.0452 4.0452
8.94 0 3 1.0 0.0 0.0 0.0 0.0 0.0 0.0 0.0 0.0 0.0 4.0452 4.0452 4.0452 4.0452
8.941 0 3 1.0 0.0 0.0 0.0 0.0 0.0 0.0 0.0 0.0 0.0 4.0452 4.0452 4.0452 4.0452
8.942 0 3 1.0 0.0 0.0 0.0 0.0 0.0 0.0 0.0 0.0 0.0 4.0452 4.0452 4.0452 4.0452
8.943 0 3 1.0 0.0 0.0 0.0 0.0 0.0 0.0 0.0 0.0 0.0 4.0452 4.0452 4.0452 4.0452
8.944 0 3 1.0 0.0 0.0 0.0 0.0 0.0 0.0 0.0 0.0 0.0 4.0452 4.0452 4.0452 4.0452
8.945 0 3 1.0 0.0 0.0 0.0 0.0 0.0 0.0 0.0 0.0 0.0 4.0452 4.0452 4.0452 4.0452
8.946 0 3 1.0 0.0 0.0 0.0 0.0 0.0 0.0 0.0 0.0 0.0 4.0452 4.0452 4.0452 4.0452
8.947000000000001 0 3 1.0 0.0 0.0 0.0 0.0 0.0 0.0 0.0 0.0 0.0 4.0452 4.0452 4.0452 4.0452
8.948 0 3 1.0 0.0 0.0 0.0 0.0 0.0 0.0 0.0 0.0 0.0 4.0452 4.0452 4.0452 4.0452
8.949 0 3 1.0 0.0 0.0 0.0 0.0 0.0 0.0 0.0 0.0 0.0 4.0452 4.0452 4.0452 4.0452
8.950000000000001 0 3 1.0 0.0 0.0 0.0 0.0 0.0 0.0 0.0 0.0 0.0 4.0452 4.0452 4.0452 4.0452
8.951 0 3 1.0 0.0 0.0 0.0 0.0 0.0 0.0 0.0 0.0 0.0 4.0452 4.0452 4.0452 4.0452
8.952 0 3 1.0 0.0 0.0 0.0 0.0 0.0 0.0 0.0 0.0 0.0 4.0452 4.0452 4.0452 4.0452
8.953 0 3 1.0 0.0 0.0 0.0 0.0 0.0 0.0 0.0 0.0 0.0 4.0452 4.0452 4.0452 4.0452
8.954 0 3 1.0 0.0 0.0 0.0 0.0 0.0 0.0 0.0 0.0 0.0 4.0452 4.0452 4.0452 4.0452
8.955 0 3 1.0 0.0 0.0 0.0 0.0 0.0 0.0 0.0 0.0 0.0 4.0452 4.0452 4.0452 4.0452
8.956 0 3 1.0 0.0 0.0 0.0 0.0 0.0 0.0 0.0 0.0 0.0 4.0452 4.0452 4.0452 4.0452
8.957 0 3 1.0 0.0 0.0 0.0 0.0 0.0 0.0 0.0 0.0 0.0 4.0452 4.0452 4.0452 4.0452
8.958 0 3 1.0 0.0 0.0 0.0 0.0 0.0 0.0 0.0 0.0 0.0 4.0452 4.0452 4.0452 4.0452
8.959 0 3 1.0 0.0 0.0 0.0 0.0 0.0 0.0 0.0 0.0 0.0 4.0452 4.0452 4.0452 4.0452
8.96 0 3 1.0 0.0 0.0 0.0 0.0 0.0 0.0 0.0 0.0 0.0 4.0452 4.0452 4.0452 4.0452
8.961 0 3 1.0 0.0 0.0 0.0 0.0 0.0 0.0 0.0 0.0 0.0 4.0452 4.0452 4.0452 4.0452
8.962 0 3 1.0 0.0 0.0 0.0 0.0 0.0 0.0 0.0 0.0 0.0 4.0452 4.0452 4.0452 4.0452
8.963000000000001 0 3 1.0 0.0 0.0 0.0 0.0 0.0 0.0 0.0 0.0 0.0 4.0452 4.0452 4.0452 4.0452
8.964 0 3 1.0 0.0 0.0 0.0 0.0 0.0 0.0 0.0 0.0 0.0 4.0452 4.0452 4.0452 4.0452
8.965 0 3 1.0 0.0 0.0 0.0 0.0 0.0 0.0 0.0 0.0 0.0 4.0452 4.0452 4.0452 4.0452
8.966 0 3 1.0 0.0 0.0 0.0 0.0 0.0 0.0 0.0 0.0 0.0 4.0452 4.0452 4.0452 4.0452
8.967 0 3 1.0 0.0 0.0 0.0 0.0 0.0 0.0 0.0 0.0 0.0 4.0452 4.0452 4.0452 4.0452
8.968 0 3 1.0 0.0 0.0 0.0 0.0 0.0 0.0 0.0 0.0 0.0 4.0452 4.0452 4.0452 4.0452
8.969 0 3 1.0 0.0 0.0 0.0 0.0 0.0 0.0 0.0 0.0 0.0 4.0452 4.0452 4.0452 4.0452
8.97 0 3 1.0 0.0 0.0 0.0 0.0 0.0 0.0 0.0 0.0 0.0 4.0452 4.0452 4.0452 4.0452
8.971 0 3 1.0 0.0 0.0 0.0 0.0 0.0 0.0 0.0 0.0 0.0 4.0452 4.0452 4.0452 4.0452
8.972 0 3 1.0 0.0 0.0 0.0 0.0 0.0 0.0 0.0 0.0 0.0 4.0452 4.0452 4.0452 4.0452
8.973 0 3 1.0 0.0 0.0 0.0 0.0 0.0 0.0 0.0 0.0 0.0 4.0452 4.0452 4.0452 4.0452
8.974 0 3 1.0 0.0 0.0 0.0 0.0 0.0 0.0 0.0 0.0 0.0 4.0452 4.0452 4.0452 4.0452
8.975 0 3 1.0 0.0 0.0 0.0 0.0 0.0 0.0 0.0 0.0 0.0 4.0452 4.0452 4.0452 4.0452
8.976 0 3 1.0 0.0 0.0 0.0 0.0 0.0 0.0 0.0 0.0 0.0 4.0452 4.0452 4.0452 4.0452
8.977 0 3 1.0 0.0 0.0 0.0 0.0 0.0 0.0 0.0 0.0 0.0 4.0452 4.0452 4.0452 4.0452
8.978 0 3 1.0 0.0 0.0 0.0 0.0 0.0 0.0 0.0 0.0 0.0 4.0452 4.0452 4.0452 4.0452
8.979000000000001 0 3 1.0 0.0 0.0 0.0 0.0 0.0 0.0 0.0 0.0 0.0 4.0452 4.0452 4.0452 4.0452
8.98 0 3 1.0 0.0 0.0 0.0 0.0 0.0 0.0 0.0 0.0 0.0 4.0452 4.0452 4.0452 4.0452
8.981 0 3 1.0 0.0 0.0 0.0 0.0 0.0 0.0 0.0 0.0 0.0 4.0452 4.0452 4.0452 4.0452
8.982 0 3 1.0 0.0 0.0 0.0 0.0 0.0 0.0 0.0 0.0 0.0 4.0452 4.0452 4.0452 4.0452
8.983 0 3 1.0 0.0 0.0 0.0 0.0 0.0 0.0 0.0 0.0 0.0 4.0452 4.0452 4.0452 4.0452
8.984 0 3 1.0 0.0 0.0 0.0 0.0 0.0 0.0 0.0 0.0 0.0 4.0452 4.0452 4.0452 4.0452
8.985 0 3 1.0 0.0 0.0 0.0 0.0 0.0 0.0 0.0 0.0 0.0 4.0452 4.0452 4.0452 4.0452
8.986 0 3 1.0 0.0 0.0 0.0 0.0 0.0 0.0 0.0 0.0 0.0 4.0452 4.0452 4.0452 4.0452
8.987 0 3 1.0 0.0 0.0 0.0 0.0 0.0 0.0 0.0 0.0 0.0 4.0452 4.0452 4.0452 4.0452
8.988 0 3 1.0 0.0 0.0 0.0 0.0 0.0 0.0 0.0 0.0 0.0 4.0452 4.0452 4.0452 4.0452
8.989 0 3 1.0 0.0 0.0 0.0 0.0 0.0 0.0 0.0 0.0 0.0 4.0452 4.0452 4.0452 4.0452
8.99 0 3 1.0 0.0 0.0 0.0 0.0 0.0 0.0 0.0 0.0 0.0 4.0452 4.0452 4.0452 4.0452
8.991 0 3 1.0 0.0 0.0 0.0 0.0 0.0 0.0 0.0 0.0 0.0 4.0452 4.0452 4.0452 4.0452
8.992 0 3 1.0 0.0 0.0 0.0 0.0 0.0 0.0 0.0 0.0 0.0 4.0452 4.0452 4.0452 4.0452
8.993 0 3 1.0 0.0 0.0 0.0 0.0 0.0 0.0 0.0 0.0 0.0 4.0452 4.0452 4.0452 4.0452
8.994 0 3 1.0 0.0 0.0 0.0 0.0 0.0 0.0 0.0 0.0 0.0 4.0452 4.0452 4.0452 4.0452
8.995000000000001 0 3 1.0 0.0 0.0 0.0 0.0 0.0 0.0 0.0 0.0 0.0 4.0452 4.0452 4.0452 4.0452
8.996 0 3 1.0 0.0 0.0 0.0 0.0 0.0 0.0 0.0 0.0 0.0 4.0452 4.0452 4.0452 4.0452
8.997 0 3 1.0 0.0 0.0 0.0 0.0 0.0 0.0 0.0 0.0 0.0 4.0452 4.0452 4.0452 4.0452
8.998 0 3 1.0 0.0 0.0 0.0 0.0 0.0 0.0 0.0 0.0 0.0 4.0452 4.0452 4.0452 4.0452
8.999 0 3 1.0 0.0 0.0 0.0 0.0 0.0 0.0 0.0 0.0 0.0 4.0452 4.0452 4.0452 4.0452
9.0 0 3 1.0 0.0 0.0 0.0 0.0 0.0 0.0 0.0 0.0 0.0 4.0452 4.0452 4.0452 4.0452
9.001 0 3 1.0 0.0 0.0 0.0 0.0 0.0 0.0 0.0 0.0 0.0 4.0452 4.0452 4.0452 4.0452
9.002 0 3 1.0 0.0 0.0 0.0 0.0 0.0 0.0 0.0 0.0 0.0 4.0452 4.0452 4.0452 4.0452
9.003 0 3 1.0 0.0 0.0 0.0 0.0 0.0 0.0 0.0 0.0 0.0 4.0452 4.0452 4.0452 4.0452
9.004 0 3 1.0 0.0 0.0 0.0 0.0 0.0 0.0 0.0 0.0 0.0 4.0452 4.0452 4.0452 4.0452
9.005 0 3 1.0 0.0 0.0 0.0 0.0 0.0 0.0 0.0 0.0 0.0 4.0452 4.0452 4.0452 4.0452
9.006 0 3 1.0 0.0 0.0 0.0 0.0 0.0 0.0 0.0 0.0 0.0 4.0452 4.0452 4.0452 4.0452
9.007 0 3 1.0 0.0 0.0 0.0 0.0 0.0 0.0 0.0 0.0 0.0 4.0452 4.0452 4.0452 4.0452
9.008000000000001 0 3 1.0 0.0 0.0 0.0 0.0 0.0 0.0 0.0 0.0 0.0 4.0452 4.0452 4.0452 4.0452
9.009 0 3 1.0 0.0 0.0 0.0 0.0 0.0 0.0 0.0 0.0 0.0 4.0452 4.0452 4.0452 4.0452
9.01 0 3 1.0 0.0 0.0 0.0 0.0 0.0 0.0 0.0 0.0 0.0 4.0452 4.0452 4.0452 4.0452
9.011000000000001 0 3 1.0 0.0 0.0 0.0 0.0 0.0 0.0 0.0 0.0 0.0 4.0452 4.0452 4.0452 4.0452
9.012 0 3 1.0 0.0 0.0 0.0 0.0 0.0 0.0 0.0 0.0 0.0 4.0452 4.0452 4.0452 4.0452
9.013 0 3 1.0 0.0 0.0 0.0 0.0 0.0 0.0 0.0 0.0 0.0 4.0452 4.0452 4.0452 4.0452
9.014 0 3 1.0 0.0 0.0 0.0 0.0 0.0 0.0 0.0 0.0 0.0 4.0452 4.0452 4.0452 4.0452
9.015 0 3 1.0 0.0 0.0 0.0 0.0 0.0 0.0 0.0 0.0 0.0 4.0452 4.0452 4.0452 4.0452
9.016 0 3 1.0 0.0 0.0 0.0 0.0 0.0 0.0 0.0 0.0 0.0 4.0452 4.0452 4.0452 4.0452
9.017 0 3 1.0 0.0 0.0 0.0 0.0 0.0 0.0 0.0 0.0 0.0 4.0452 4.0452 4.0452 4.0452
9.018 0 3 1.0 0.0 0.0 0.0 0.0 0.0 0.0 0.0 0.0 0.0 4.0452 4.0452 4.0452 4.0452
9.019 0 3 1.0 0.0 0.0 0.0 0.0 0.0 0.0 0.0 0.0 0.0 4.0452 4.0452 4.0452 4.0452
9.02 0 3 1.0 0.0 0.0 0.0 0.0 0.0 0.0 0.0 0.0 0.0 4.0452 4.0452 4.0452 4.0452
9.021 0 3 1.0 0.0 0.0 0.0 0.0 0.0 0.0 0.0 0.0 0.0 4.0452 4.0452 4.0452 4.0452
9.022 0 3 1.0 0.0 0.0 0.0 0.0 0.0 0.0 0.0 0.0 0.0 4.0452 4.0452 4.0452 4.0452
9.023 0 3 1.0 0.0 0.0 0.0 0.0 0.0 0.0 0.0 0.0 0.0 4.0452 4.0452 4.0452 4.0452
9.024000000000001 0 3 1.0 0.0 0.0 0.0 0.0 0.0 0.0 0.0 0.0 0.0 4.0452 4.0452 4.0452 4.0452
9.025 0 3 1.0 0.0 0.0 0.0 0.0 0.0 0.0 0.0 0.0 0.0 4.0452 4.0452 4.0452 4.0452
9.026 0 3 1.0 0.0 0.0 0.0 0.0 0.0 0.0 0.0 0.0 0.0 4.0452 4.0452 4.0452 4.0452
9.027000000000001 0 3 1.0 0.0 0.0 0.0 0.0 0.0 0.0 0.0 0.0 0.0 4.0452 4.0452 4.0452 4.0452
9.028 0 3 1.0 0.0 0.0 0.0 0.0 0.0 0.0 0.0 0.0 0.0 4.0452 4.0452 4.0452 4.0452
9.029 0 3 1.0 0.0 0.0 0.0 0.0 0.0 0.0 0.0 0.0 0.0 4.0452 4.0452 4.0452 4.0452
9.03 0 3 1.0 0.0 0.0 0.0 0.0 0.0 0.0 0.0 0.0 0.0 4.0452 4.0452 4.0452 4.0452
9.031 0 3 1.0 0.0 0.0 0.0 0.0 0.0 0.0 0.0 0.0 0.0 4.0452 4.0452 4.0452 4.0452
9.032 0 3 1.0 0.0 0.0 0.0 0.0 0.0 0.0 0.0 0.0 0.0 4.0452 4.0452 4.0452 4.0452
9.033 0 3 1.0 0.0 0.0 0.0 0.0 0.0 0.0 0.0 0.0 0.0 4.0452 4.0452 4.0452 4.0452
9.034 0 3 1.0 0.0 0.0 0.0 0.0 0.0 0.0 0.0 0.0 0.0 4.0452 4.0452 4.0452 4.0452
9.035 0 3 1.0 0.0 0.0 0.0 0.0 0.0 0.0 0.0 0.0 0.0 4.0452 4.0452 4.0452 4.0452
9.036 0 3 1.0 0.0 0.0 0.0 0.0 0.0 0.0 0.0 0.0 0.0 4.0452 4.0452 4.0452 4.0452
9.037 0 3 1.0 0.0 0.0 0.0 0.0 0.0 0.0 0.0 0.0 0.0 4.0452 4.0452 4.0452 4.0452
9.038 0 3 1.0 0.0 0.0 0.0 0.0 0.0 0.0 0.0 0.0 0.0 4.0452 4.0452 4.0452 4.0452
9.039 0 3 1.0 0.0 0.0 0.0 0.0 0.0 0.0 0.0 0.0 0.0 4.0452 4.0452 4.0452 4.0452
9.040000000000001 0 3 1.0 0.0 0.0 0.0 0.0 0.0 0.0 0.0 0.0 0.0 4.0452 4.0452 4.0452 4.0452
9.041 0 3 1.0 0.0 0.0 0.0 0.0 0.0 0.0 0.0 0.0 0.0 4.0452 4.0452 4.0452 4.0452
9.042 0 3 1.0 0.0 0.0 0.0 0.0 0.0 0.0 0.0 0.0 0.0 4.0452 4.0452 4.0452 4.0452
9.043000000000001 0 3 1.0 0.0 0.0 0.0 0.0 0.0 0.0 0.0 0.0 0.0 4.0452 4.0452 4.0452 4.0452
9.044 0 3 1.0 0.0 0.0 0.0 0.0 0.0 0.0 0.0 0.0 0.0 4.0452 4.0452 4.0452 4.0452
9.045 0 3 1.0 0.0 0.0 0.0 0.0 0.0 0.0 0.0 0.0 0.0 4.0452 4.0452 4.0452 4.0452
9.046 0 3 1.0 0.0 0.0 0.0 0.0 0.0 0.0 0.0 0.0 0.0 4.0452 4.0452 4.0452 4.0452
9.047 0 3 1.0 0.0 0.0 0.0 0.0 0.0 0.0 0.0 0.0 0.0 4.0452 4.0452 4.0452 4.0452
9.048 0 3 1.0 0.0 0.0 0.0 0.0 0.0 0.0 0.0 0.0 0.0 4.0452 4.0452 4.0452 4.0452
9.049 0 3 1.0 0.0 0.0 0.0 0.0 0.0 0.0 0.0 0.0 0.0 4.0452 4.0452 4.0452 4.0452
9.05 0 3 1.0 0.0 0.0 0.0 0.0 0.0 0.0 0.0 0.0 0.0 4.0452 4.0452 4.0452 4.0452
9.051 0 3 1.0 0.0 0.0 0.0 0.0 0.0 0.0 0.0 0.0 0.0 4.0452 4.0452 4.0452 4.0452
9.052 0 3 1.0 0.0 0.0 0.0 0.0 0.0 0.0 0.0 0.0 0.0 4.0452 4.0452 4.0452 4.0452
9.053 0 3 1.0 0.0 0.0 0.0 0.0 0.0 0.0 0.0 0.0 0.0 4.0452 4.0452 4.0452 4.0452
9.054 0 3 1.0 0.0 0.0 0.0 0.0 0.0 0.0 0.0 0.0 0.0 4.0452 4.0452 4.0452 4.0452
9.055 0 3 1.0 0.0 0.0 0.0 0.0 0.0 0.0 0.0 0.0 0.0 4.0452 4.0452 4.0452 4.0452
9.056000000000001 0 3 1.0 0.0 0.0 0.0 0.0 0.0 0.0 0.0 0.0 0.0 4.0452 4.0452 4.0452 4.0452
9.057 0 3 1.0 0.0 0.0 0.0 0.0 0.0 0.0 0.0 0.0 0.0 4.0452 4.0452 4.0452 4.0452
9.058 0 3 1.0 0.0 0.0 0.0 0.0 0.0 0.0 0.0 0.0 0.0 4.0452 4.0452 4.0452 4.0452
9.059000000000001 0 3 1.0 0.0 0.0 0.0 0.0 0.0 0.0 0.0 0.0 0.0 4.0452 4.0452 4.0452 4.0452
9.06 0 3 1.0 0.0 0.0 0.0 0.0 0.0 0.0 0.0 0.0 0.0 4.0452 4.0452 4.0452 4.0452
9.061 0 3 1.0 0.0 0.0 0.0 0.0 0.0 0.0 0.0 0.0 0.0 4.0452 4.0452 4.0452 4.0452
9.062 0 3 1.0 0.0 0.0 0.0 0.0 0.0 0.0 0.0 0.0 0.0 4.0452 4.0452 4.0452 4.0452
9.063 0 3 1.0 0.0 0.0 0.0 0.0 0.0 0.0 0.0 0.0 0.0 4.0452 4.0452 4.0452 4.0452
9.064 0 3 1.0 0.0 0.0 0.0 0.0 0.0 0.0 0.0 0.0 0.0 4.0452 4.0452 4.0452 4.0452
9.065 0 3 1.0 0.0 0.0 0.0 0.0 0.0 0.0 0.0 0.0 0.0 4.0452 4.0452 4.0452 4.0452
9.066 0 3 1.0 0.0 0.0 0.0 0.0 0.0 0.0 0.0 0.0 0.0 4.0452 4.0452 4.0452 4.0452
9.067 0 3 1.0 0.0 0.0 0.0 0.0 0.0 0.0 0.0 0.0 0.0 4.0452 4.0452 4.0452 4.0452
9.068 0 3 1.0 0.0 0.0 0.0 0.0 0.0 0.0 0.0 0.0 0.0 4.0452 4.0452 4.0452 4.0452
9.069 0 3 1.0 0.0 0.0 0.0 0.0 0.0 0.0 0.0 0.0 0.0 4.0452 4.0452 4.0452 4.0452
9.07 0 3 1.0 0.0 0.0 0.0 0.0 0.0 0.0 0.0 0.0 0.0 4.0452 4.0452 4.0452 4.0452
9.071 0 3 1.0 0.0 0.0 0.0 0.0 0.0 0.0 0.0 0.0 0.0 4.0452 4.0452 4.0452 4.0452
9.072000000000001 0 3 1.0 0.0 0.0 0.0 0.0 0.0 0.0 0.0 0.0 0.0 4.0452 4.0452 4.0452 4.0452
9.073 0 3 1.0 0.0 0.0 0.0 0.0 0.0 0.0 0.0 0.0 0.0 4.0452 4.0452 4.0452 4.0452
9.074 0 3 1.0 0.0 0.0 0.0 0.0 0.0 0.0 0.0 0.0 0.0 4.0452 4.0452 4.0452 4.0452
9.075000000000001 0 3 1.0 0.0 0.0 0.0 0.0 0.0 0.0 0.0 0.0 0.0 4.0452 4.0452 4.0452 4.0452
9.076 0 3 1.0 0.0 0.0 0.0 0.0 0.0 0.0 0.0 0.0 0.0 4.0452 4.0452 4.0452 4.0452
9.077 0 3 1.0 0.0 0.0 0.0 0.0 0.0 0.0 0.0 0.0 0.0 4.0452 4.0452 4.0452 4.0452
9.078 0 3 1.0 0.0 0.0 0.0 0.0 0.0 0.0 0.0 0.0 0.0 4.0452 4.0452 4.0452 4.0452
9.079 0 3 1.0 0.0 0.0 0.0 0.0 0.0 0.0 0.0 0.0 0.0 4.0452 4.0452 4.0452 4.0452
9.08 0 3 1.0 0.0 0.0 0.0 0.0 0.0 0.0 0.0 0.0 0.0 4.0452 4.0452 4.0452 4.0452
9.081 0 3 1.0 0.0 0.0 0.0 0.0 0.0 0.0 0.0 0.0 0.0 4.0452 4.0452 4.0452 4.0452
9.082 0 3 1.0 0.0 0.0 0.0 0.0 0.0 0.0 0.0 0.0 0.0 4.0452 4.0452 4.0452 4.0452
9.083 0 3 1.0 0.0 0.0 0.0 0.0 0.0 0.0 0.0 0.0 0.0 4.0452 4.0452 4.0452 4.0452
9.084 0 3 1.0 0.0 0.0 0.0 0.0 0.0 0.0 0.0 0.0 0.0 4.0452 4.0452 4.0452 4.0452
9.085 0 3 1.0 0.0 0.0 0.0 0.0 0.0 0.0 0.0 0.0 0.0 4.0452 4.0452 4.0452 4.0452
9.086 0 3 1.0 0.0 0.0 0.0 0.0 0.0 0.0 0.0 0.0 0.0 4.0452 4.0452 4.0452 4.0452
9.087 0 3 1.0 0.0 0.0 0.0 0.0 0.0 0.0 0.0 0.0 0.0 4.0452 4.0452 4.0452 4.0452
9.088000000000001 0 3 1.0 0.0 0.0 0.0 0.0 0.0 0.0 0.0 0.0 0.0 4.0452 4.0452 4.0452 4.0452
9.089 0 3 1.0 0.0 0.0 0.0 0.0 0.0 0.0 0.0 0.0 0.0 4.0452 4.0452 4.0452 4.0452
9.09 0 3 1.0 0.0 0.0 0.0 0.0 0.0 0.0 0.0 0.0 0.0 4.0452 4.0452 4.0452 4.0452
9.091 0 3 1.0 0.0 0.0 0.0 0.0 0.0 0.0 0.0 0.0 0.0 4.0452 4.0452 4.0452 4.0452
9.092 0 3 1.0 0.0 0.0 0.0 0.0 0.0 0.0 0.0 0.0 0.0 4.0452 4.0452 4.0452 4.0452
9.093 0 3 1.0 0.0 0.0 0.0 0.0 0.0 0.0 0.0 0.0 0.0 4.0452 4.0452 4.0452 4.0452
9.094 0 3 1.0 0.0 0.0 0.0 0.0 0.0 0.0 0.0 0.0 0.0 4.0452 4.0452 4.0452 4.0452
9.095 0 3 1.0 0.0 0.0 0.0 0.0 0.0 0.0 0.0 0.0 0.0 4.0452 4.0452 4.0452 4.0452
9.096 0 3 1.0 0.0 0.0 0.0 0.0 0.0 0.0 0.0 0.0 0.0 4.0452 4.0452 4.0452 4.0452
9.097 0 3 1.0 0.0 0.0 0.0 0.0 0.0 0.0 0.0 0.0 0.0 4.0452 4.0452 4.0452 4.0452
9.098 0 3 1.0 0.0 0.0 0.0 0.0 0.0 0.0 0.0 0.0 0.0 4.0452 4.0452 4.0452 4.0452
9.099 0 3 1.0 0.0 0.0 0.0 0.0 0.0 0.0 0.0 0.0 0.0 4.0452 4.0452 4.0452 4.0452
9.1 0 3 1.0 0.0 0.0 0.0 0.0 0.0 0.0 0.0 0.0 0.0 4.0452 4.0452 4.0452 4.0452
9.101 0 3 1.0 0.0 0.0 0.0 0.0 0.0 0.0 0.0 0.0 0.0 4.0452 4.0452 4.0452 4.0452
9.102 0 3 1.0 0.0 0.0 0.0 0.0 0.0 0.0 0.0 0.0 0.0 4.0452 4.0452 4.0452 4.0452
9.103 0 3 1.0 0.0 0.0 0.0 0.0 0.0 0.0 0.0 0.0 0.0 4.0452 4.0452 4.0452 4.0452
9.104000000000001 0 3 1.0 0.0 0.0 0.0 0.0 0.0 0.0 0.0 0.0 0.0 4.0452 4.0452 4.0452 4.0452
9.105 0 3 1.0 0.0 0.0 0.0 0.0 0.0 0.0 0.0 0.0 0.0 4.0452 4.0452 4.0452 4.0452
9.106 0 3 1.0 0.0 0.0 0.0 0.0 0.0 0.0 0.0 0.0 0.0 4.0452 4.0452 4.0452 4.0452
9.107 0 3 1.0 0.0 0.0 0.0 0.0 0.0 0.0 0.0 0.0 0.0 4.0452 4.0452 4.0452 4.0452
9.108 0 3 1.0 0.0 0.0 0.0 0.0 0.0 0.0 0.0 0.0 0.0 4.0452 4.0452 4.0452 4.0452
9.109 0 3 1.0 0.0 0.0 0.0 0.0 0.0 0.0 0.0 0.0 0.0 4.0452 4.0452 4.0452 4.0452
9.11 0 3 1.0 0.0 0.0 0.0 0.0 0.0 0.0 0.0 0.0 0.0 4.0452 4.0452 4.0452 4.0452
9.111 0 3 1.0 0.0 0.0 0.0 0.0 0.0 0.0 0.0 0.0 0.0 4.0452 4.0452 4.0452 4.0452
9.112 0 3 1.0 0.0 0.0 0.0 0.0 0.0 0.0 0.0 0.0 0.0 4.0452 4.0452 4.0452 4.0452
9.113 0 3 1.0 0.0 0.0 0.0 0.0 0.0 0.0 0.0 0.0 0.0 4.0452 4.0452 4.0452 4.0452
9.114 0 3 1.0 0.0 0.0 0.0 0.0 0.0 0.0 0.0 0.0 0.0 4.0452 4.0452 4.0452 4.0452
9.115 0 3 1.0 0.0 0.0 0.0 0.0 0.0 0.0 0.0 0.0 0.0 4.0452 4.0452 4.0452 4.0452
9.116 0 3 1.0 0.0 0.0 0.0 0.0 0.0 0.0 0.0 0.0 0.0 4.0452 4.0452 4.0452 4.0452
9.117 0 3 1.0 0.0 0.0 0.0 0.0 0.0 0.0 0.0 0.0 0.0 4.0452 4.0452 4.0452 4.0452
9.118 0 3 1.0 0.0 0.0 0.0 0.0 0.0 0.0 0.0 0.0 0.0 4.0452 4.0452 4.0452 4.0452
9.119 0 3 1.0 0.0 0.0 0.0 0.0 0.0 0.0 0.0 0.0 0.0 4.0452 4.0452 4.0452 4.0452
9.120000000000001 0 3 1.0 0.0 0.0 0.0 0.0 0.0 0.0 0.0 0.0 0.0 4.0452 4.0452 4.0452 4.0452
9.121 0 3 1.0 0.0 0.0 0.0 0.0 0.0 0.0 0.0 0.0 0.0 4.0452 4.0452 4.0452 4.0452
9.122 0 3 1.0 0.0 0.0 0.0 0.0 0.0 0.0 0.0 0.0 0.0 4.0452 4.0452 4.0452 4.0452
9.123 0 3 1.0 0.0 0.0 0.0 0.0 0.0 0.0 0.0 0.0 0.0 4.0452 4.0452 4.0452 4.0452
9.124 0 3 1.0 0.0 0.0 0.0 0.0 0.0 0.0 0.0 0.0 0.0 4.0452 4.0452 4.0452 4.0452
9.125 0 3 1.0 0.0 0.0 0.0 0.0 0.0 0.0 0.0 0.0 0.0 4.0452 4.0452 4.0452 4.0452
9.126 0 3 1.0 0.0 0.0 0.0 0.0 0.0 0.0 0.0 0.0 0.0 4.0452 4.0452 4.0452 4.0452
9.127 0 3 1.0 0.0 0.0 0.0 0.0 0.0 0.0 0.0 0.0 0.0 4.0452 4.0452 4.0452 4.0452
9.128 0 3 1.0 0.0 0.0 0.0 0.0 0.0 0.0 0.0 0.0 0.0 4.0452 4.0452 4.0452 4.0452
9.129 0 3 1.0 0.0 0.0 0.0 0.0 0.0 0.0 0.0 0.0 0.0 4.0452 4.0452 4.0452 4.0452
9.13 0 3 1.0 0.0 0.0 0.0 0.0 0.0 0.0 0.0 0.0 0.0 4.0452 4.0452 4.0452 4.0452
9.131 0 3 1.0 0.0 0.0 0.0 0.0 0.0 0.0 0.0 0.0 0.0 4.0452 4.0452 4.0452 4.0452
9.132 0 3 1.0 0.0 0.0 0.0 0.0 0.0 0.0 0.0 0.0 0.0 4.0452 4.0452 4.0452 4.0452
9.133000000000001 0 3 1.0 0.0 0.0 0.0 0.0 0.0 0.0 0.0 0.0 0.0 4.0452 4.0452 4.0452 4.0452
9.134 0 3 1.0 0.0 0.0 0.0 0.0 0.0 0.0 0.0 0.0 0.0 4.0452 4.0452 4.0452 4.0452
9.135 0 3 1.0 0.0 0.0 0.0 0.0 0.0 0.0 0.0 0.0 0.0 4.0452 4.0452 4.0452 4.0452
9.136000000000001 0 3 1.0 0.0 0.0 0.0 0.0 0.0 0.0 0.0 0.0 0.0 4.0452 4.0452 4.0452 4.0452
9.137 0 3 1.0 0.0 0.0 0.0 0.0 0.0 0.0 0.0 0.0 0.0 4.0452 4.0452 4.0452 4.0452
9.138 0 3 1.0 0.0 0.0 0.0 0.0 0.0 0.0 0.0 0.0 0.0 4.0452 4.0452 4.0452 4.0452
9.139 0 3 1.0 0.0 0.0 0.0 0.0 0.0 0.0 0.0 0.0 0.0 4.0452 4.0452 4.0452 4.0452
9.14 0 3 1.0 0.0 0.0 0.0 0.0 0.0 0.0 0.0 0.0 0.0 4.0452 4.0452 4.0452 4.0452
9.141 0 3 1.0 0.0 0.0 0.0 0.0 0.0 0.0 0.0 0.0 0.0 4.0452 4.0452 4.0452 4.0452
9.142 0 3 1.0 0.0 0.0 0.0 0.0 0.0 0.0 0.0 0.0 0.0 4.0452 4.0452 4.0452 4.0452
9.143 0 3 1.0 0.0 0.0 0.0 0.0 0.0 0.0 0.0 0.0 0.0 4.0452 4.0452 4.0452 4.0452
9.144 0 3 1.0 0.0 0.0 0.0 0.0 0.0 0.0 0.0 0.0 0.0 4.0452 4.0452 4.0452 4.0452
9.145 0 3 1.0 0.0 0.0 0.0 0.0 0.0 0.0 0.0 0.0 0.0 4.0452 4.0452 4.0452 4.0452
9.146 0 3 1.0 0.0 0.0 0.0 0.0 0.0 0.0 0.0 0.0 0.0 4.0452 4.0452 4.0452 4.0452
9.147 0 3 1.0 0.0 0.0 0.0 0.0 0.0 0.0 0.0 0.0 0.0 4.0452 4.0452 4.0452 4.0452
9.148 0 3 1.0 0.0 0.0 0.0 0.0 0.0 0.0 0.0 0.0 0.0 4.0452 4.0452 4.0452 4.0452
9.149000000000001 0 3 1.0 0.0 0.0 0.0 0.0 0.0 0.0 0.0 0.0 0.0 4.0452 4.0452 4.0452 4.0452
9.15 0 3 1.0 0.0 0.0 0.0 0.0 0.0 0.0 0.0 0.0 0.0 4.0452 4.0452 4.0452 4.0452
9.151 0 3 1.0 0.0 0.0 0.0 0.0 0.0 0.0 0.0 0.0 0.0 4.0452 4.0452 4.0452 4.0452
9.152000000000001 0 3 1.0 0.0 0.0 0.0 0.0 0.0 0.0 0.0 0.0 0.0 4.0452 4.0452 4.0452 4.0452
9.153 0 3 1.0 0.0 0.0 0.0 0.0 0.0 0.0 0.0 0.0 0.0 4.0452 4.0452 4.0452 4.0452
9.154 0 3 1.0 0.0 0.0 0.0 0.0 0.0 0.0 0.0 0.0 0.0 4.0452 4.0452 4.0452 4.0452
9.155 0 3 1.0 0.0 0.0 0.0 0.0 0.0 0.0 0.0 0.0 0.0 4.0452 4.0452 4.0452 4.0452
9.156 0 3 1.0 0.0 0.0 0.0 0.0 0.0 0.0 0.0 0.0 0.0 4.0452 4.0452 4.0452 4.0452
9.157 0 3 1.0 0.0 0.0 0.0 0.0 0.0 0.0 0.0 0.0 0.0 4.0452 4.0452 4.0452 4.0452
9.158 0 3 1.0 0.0 0.0 0.0 0.0 0.0 0.0 0.0 0.0 0.0 4.0452 4.0452 4.0452 4.0452
9.159 0 3 1.0 0.0 0.0 0.0 0.0 0.0 0.0 0.0 0.0 0.0 4.0452 4.0452 4.0452 4.0452
9.16 0 3 1.0 0.0 0.0 0.0 0.0 0.0 0.0 0.0 0.0 0.0 4.0452 4.0452 4.0452 4.0452
9.161 0 3 1.0 0.0 0.0 0.0 0.0 0.0 0.0 0.0 0.0 0.0 4.0452 4.0452 4.0452 4.0452
9.162 0 3 1.0 0.0 0.0 0.0 0.0 0.0 0.0 0.0 0.0 0.0 4.0452 4.0452 4.0452 4.0452
9.163 0 3 1.0 0.0 0.0 0.0 0.0 0.0 0.0 0.0 0.0 0.0 4.0452 4.0452 4.0452 4.0452
9.164 0 3 1.0 0.0 0.0 0.0 0.0 0.0 0.0 0.0 0.0 0.0 4.0452 4.0452 4.0452 4.0452
9.165000000000001 0 3 1.0 0.0 0.0 0.0 0.0 0.0 0.0 0.0 0.0 0.0 4.0452 4.0452 4.0452 4.0452
9.166 0 3 1.0 0.0 0.0 0.0 0.0 0.0 0.0 0.0 0.0 0.0 4.0452 4.0452 4.0452 4.0452
9.167 0 3 1.0 0.0 0.0 0.0 0.0 0.0 0.0 0.0 0.0 0.0 4.0452 4.0452 4.0452 4.0452
9.168000000000001 0 3 1.0 0.0 0.0 0.0 0.0 0.0 0.0 0.0 0.0 0.0 4.0452 4.0452 4.0452 4.0452
9.169 0 3 1.0 0.0 0.0 0.0 0.0 0.0 0.0 0.0 0.0 0.0 4.0452 4.0452 4.0452 4.0452
9.17 0 3 1.0 0.0 0.0 0.0 0.0 0.0 0.0 0.0 0.0 0.0 4.0452 4.0452 4.0452 4.0452
9.171 0 3 1.0 0.0 0.0 0.0 0.0 0.0 0.0 0.0 0.0 0.0 4.0452 4.0452 4.0452 4.0452
9.172 0 3 1.0 0.0 0.0 0.0 0.0 0.0 0.0 0.0 0.0 0.0 4.0452 4.0452 4.0452 4.0452
9.173 0 3 1.0 0.0 0.0 0.0 0.0 0.0 0.0 0.0 0.0 0.0 4.0452 4.0452 4.0452 4.0452
9.174 0 3 1.0 0.0 0.0 0.0 0.0 0.0 0.0 0.0 0.0 0.0 4.0452 4.0452 4.0452 4.0452
9.175 0 3 1.0 0.0 0.0 0.0 0.0 0.0 0.0 0.0 0.0 0.0 4.0452 4.0452 4.0452 4.0452
9.176 0 3 1.0 0.0 0.0 0.0 0.0 0.0 0.0 0.0 0.0 0.0 4.0452 4.0452 4.0452 4.0452
9.177 0 3 1.0 0.0 0.0 0.0 0.0 0.0 0.0 0.0 0.0 0.0 4.0452 4.0452 4.0452 4.0452
9.178 0 3 1.0 0.0 0.0 0.0 0.0 0.0 0.0 0.0 0.0 0.0 4.0452 4.0452 4.0452 4.0452
9.179 0 3 1.0 0.0 0.0 0.0 0.0 0.0 0.0 0.0 0.0 0.0 4.0452 4.0452 4.0452 4.0452
9.18 0 3 1.0 0.0 0.0 0.0 0.0 0.0 0.0 0.0 0.0 0.0 4.0452 4.0452 4.0452 4.0452
9.181000000000001 0 3 1.0 0.0 0.0 0.0 0.0 0.0 0.0 0.0 0.0 0.0 4.0452 4.0452 4.0452 4.0452
9.182 0 3 1.0 0.0 0.0 0.0 0.0 0.0 0.0 0.0 0.0 0.0 4.0452 4.0452 4.0452 4.0452
9.183 0 3 1.0 0.0 0.0 0.0 0.0 0.0 0.0 0.0 0.0 0.0 4.0452 4.0452 4.0452 4.0452
9.184000000000001 0 3 1.0 0.0 0.0 0.0 0.0 0.0 0.0 0.0 0.0 0.0 4.0452 4.0452 4.0452 4.0452
9.185 0 3 1.0 0.0 0.0 0.0 0.0 0.0 0.0 0.0 0.0 0.0 4.0452 4.0452 4.0452 4.0452
9.186 0 3 1.0 0.0 0.0 0.0 0.0 0.0 0.0 0.0 0.0 0.0 4.0452 4.0452 4.0452 4.0452
9.187 0 3 1.0 0.0 0.0 0.0 0.0 0.0 0.0 0.0 0.0 0.0 4.0452 4.0452 4.0452 4.0452
9.188 0 3 1.0 0.0 0.0 0.0 0.0 0.0 0.0 0.0 0.0 0.0 4.0452 4.0452 4.0452 4.0452
9.189 0 3 1.0 0.0 0.0 0.0 0.0 0.0 0.0 0.0 0.0 0.0 4.0452 4.0452 4.0452 4.0452
9.19 0 3 1.0 0.0 0.0 0.0 0.0 0.0 0.0 0.0 0.0 0.0 4.0452 4.0452 4.0452 4.0452
9.191 0 3 1.0 0.0 0.0 0.0 0.0 0.0 0.0 0.0 0.0 0.0 4.0452 4.0452 4.0452 4.0452
9.192 0 3 1.0 0.0 0.0 0.0 0.0 0.0 0.0 0.0 0.0 0.0 4.0452 4.0452 4.0452 4.0452
9.193 0 3 1.0 0.0 0.0 0.0 0.0 0.0 0.0 0.0 0.0 0.0 4.0452 4.0452 4.0452 4.0452
9.194 0 3 1.0 0.0 0.0 0.0 0.0 0.0 0.0 0.0 0.0 0.0 4.0452 4.0452 4.0452 4.0452
9.195 0 3 1.0 0.0 0.0 0.0 0.0 0.0 0.0 0.0 0.0 0.0 4.0452 4.0452 4.0452 4.0452
9.196 0 3 1.0 0.0 0.0 0.0 0.0 0.0 0.0 0.0 0.0 0.0 4.0452 4.0452 4.0452 4.0452
9.197000000000001 0 3 1.0 0.0 0.0 0.0 0.0 0.0 0.0 0.0 0.0 0.0 4.0452 4.0452 4.0452 4.0452
9.198 0 3 1.0 0.0 0.0 0.0 0.0 0.0 0.0 0.0 0.0 0.0 4.0452 4.0452 4.0452 4.0452
9.199 0 3 1.0 0.0 0.0 0.0 0.0 0.0 0.0 0.0 0.0 0.0 4.0452 4.0452 4.0452 4.0452
9.200000000000001 0 3 1.0 0.0 0.0 0.0 0.0 0.0 0.0 0.0 0.0 0.0 4.0452 4.0452 4.0452 4.0452
9.201 0 3 1.0 0.0 0.0 0.0 0.0 0.0 0.0 0.0 0.0 0.0 4.0452 4.0452 4.0452 4.0452
9.202 0 3 1.0 0.0 0.0 0.0 0.0 0.0 0.0 0.0 0.0 0.0 4.0452 4.0452 4.0452 4.0452
9.203 0 3 1.0 0.0 0.0 0.0 0.0 0.0 0.0 0.0 0.0 0.0 4.0452 4.0452 4.0452 4.0452
9.204 0 3 1.0 0.0 0.0 0.0 0.0 0.0 0.0 0.0 0.0 0.0 4.0452 4.0452 4.0452 4.0452
9.205 0 3 1.0 0.0 0.0 0.0 0.0 0.0 0.0 0.0 0.0 0.0 4.0452 4.0452 4.0452 4.0452
9.206 0 3 1.0 0.0 0.0 0.0 0.0 0.0 0.0 0.0 0.0 0.0 4.0452 4.0452 4.0452 4.0452
9.207 0 3 1.0 0.0 0.0 0.0 0.0 0.0 0.0 0.0 0.0 0.0 4.0452 4.0452 4.0452 4.0452
9.208 0 3 1.0 0.0 0.0 0.0 0.0 0.0 0.0 0.0 0.0 0.0 4.0452 4.0452 4.0452 4.0452
9.209 0 3 1.0 0.0 0.0 0.0 0.0 0.0 0.0 0.0 0.0 0.0 4.0452 4.0452 4.0452 4.0452
9.21 0 3 1.0 0.0 0.0 0.0 0.0 0.0 0.0 0.0 0.0 0.0 4.0452 4.0452 4.0452 4.0452
9.211 0 3 1.0 0.0 0.0 0.0 0.0 0.0 0.0 0.0 0.0 0.0 4.0452 4.0452 4.0452 4.0452
9.212 0 3 1.0 0.0 0.0 0.0 0.0 0.0 0.0 0.0 0.0 0.0 4.0452 4.0452 4.0452 4.0452
9.213000000000001 0 3 1.0 0.0 0.0 0.0 0.0 0.0 0.0 0.0 0.0 0.0 4.0452 4.0452 4.0452 4.0452
9.214 0 3 1.0 0.0 0.0 0.0 0.0 0.0 0.0 0.0 0.0 0.0 4.0452 4.0452 4.0452 4.0452
9.215 0 3 1.0 0.0 0.0 0.0 0.0 0.0 0.0 0.0 0.0 0.0 4.0452 4.0452 4.0452 4.0452
9.216000000000001 0 3 1.0 0.0 0.0 0.0 0.0 0.0 0.0 0.0 0.0 0.0 4.0452 4.0452 4.0452 4.0452
9.217 0 3 1.0 0.0 0.0 0.0 0.0 0.0 0.0 0.0 0.0 0.0 4.0452 4.0452 4.0452 4.0452
9.218 0 3 1.0 0.0 0.0 0.0 0.0 0.0 0.0 0.0 0.0 0.0 4.0452 4.0452 4.0452 4.0452
9.219 0 3 1.0 0.0 0.0 0.0 0.0 0.0 0.0 0.0 0.0 0.0 4.0452 4.0452 4.0452 4.0452
9.22 0 3 1.0 0.0 0.0 0.0 0.0 0.0 0.0 0.0 0.0 0.0 4.0452 4.0452 4.0452 4.0452
9.221 0 3 1.0 0.0 0.0 0.0 0.0 0.0 0.0 0.0 0.0 0.0 4.0452 4.0452 4.0452 4.0452
9.222 0 3 1.0 0.0 0.0 0.0 0.0 0.0 0.0 0.0 0.0 0.0 4.0452 4.0452 4.0452 4.0452
9.223 0 3 1.0 0.0 0.0 0.0 0.0 0.0 0.0 0.0 0.0 0.0 4.0452 4.0452 4.0452 4.0452
9.224 0 3 1.0 0.0 0.0 0.0 0.0 0.0 0.0 0.0 0.0 0.0 4.0452 4.0452 4.0452 4.0452
9.225 0 3 1.0 0.0 0.0 0.0 0.0 0.0 0.0 0.0 0.0 0.0 4.0452 4.0452 4.0452 4.0452
9.226 0 3 1.0 0.0 0.0 0.0 0.0 0.0 0.0 0.0 0.0 0.0 4.0452 4.0452 4.0452 4.0452
9.227 0 3 1.0 0.0 0.0 0.0 0.0 0.0 0.0 0.0 0.0 0.0 4.0452 4.0452 4.0452 4.0452
9.228 0 3 1.0 0.0 0.0 0.0 0.0 0.0 0.0 0.0 0.0 0.0 4.0452 4.0452 4.0452 4.0452
9.229000000000001 0 3 1.0 0.0 0.0 0.0 0.0 0.0 0.0 0.0 0.0 0.0 4.0452 4.0452 4.0452 4.0452
9.23 0 3 1.0 0.0 0.0 0.0 0.0 0.0 0.0 0.0 0.0 0.0 4.0452 4.0452 4.0452 4.0452
9.231 0 3 1.0 0.0 0.0 0.0 0.0 0.0 0.0 0.0 0.0 0.0 4.0452 4.0452 4.0452 4.0452
9.232 0 3 1.0 0.0 0.0 0.0 0.0 0.0 0.0 0.0 0.0 0.0 4.0452 4.0452 4.0452 4.0452
9.233 0 3 1.0 0.0 0.0 0.0 0.0 0.0 0.0 0.0 0.0 0.0 4.0452 4.0452 4.0452 4.0452
9.234 0 3 1.0 0.0 0.0 0.0 0.0 0.0 0.0 0.0 0.0 0.0 4.0452 4.0452 4.0452 4.0452
9.235 0 3 1.0 0.0 0.0 0.0 0.0 0.0 0.0 0.0 0.0 0.0 4.0452 4.0452 4.0452 4.0452
9.236 0 3 1.0 0.0 0.0 0.0 0.0 0.0 0.0 0.0 0.0 0.0 4.0452 4.0452 4.0452 4.0452
9.237 0 3 1.0 0.0 0.0 0.0 0.0 0.0 0.0 0.0 0.0 0.0 4.0452 4.0452 4.0452 4.0452
9.238 0 3 1.0 0.0 0.0 0.0 0.0 0.0 0.0 0.0 0.0 0.0 4.0452 4.0452 4.0452 4.0452
9.239 0 3 1.0 0.0 0.0 0.0 0.0 0.0 0.0 0.0 0.0 0.0 4.0452 4.0452 4.0452 4.0452
9.24 0 3 1.0 0.0 0.0 0.0 0.0 0.0 0.0 0.0 0.0 0.0 4.0452 4.0452 4.0452 4.0452
9.241 0 3 1.0 0.0 0.0 0.0 0.0 0.0 0.0 0.0 0.0 0.0 4.0452 4.0452 4.0452 4.0452
9.242 0 3 1.0 0.0 0.0 0.0 0.0 0.0 0.0 0.0 0.0 0.0 4.0452 4.0452 4.0452 4.0452
9.243 0 3 1.0 0.0 0.0 0.0 0.0 0.0 0.0 0.0 0.0 0.0 4.0452 4.0452 4.0452 4.0452
9.244 0 3 1.0 0.0 0.0 0.0 0.0 0.0 0.0 0.0 0.0 0.0 4.0452 4.0452 4.0452 4.0452
9.245000000000001 0 3 1.0 0.0 0.0 0.0 0.0 0.0 0.0 0.0 0.0 0.0 4.0452 4.0452 4.0452 4.0452
9.246 0 3 1.0 0.0 0.0 0.0 0.0 0.0 0.0 0.0 0.0 0.0 4.0452 4.0452 4.0452 4.0452
9.247 0 3 1.0 0.0 0.0 0.0 0.0 0.0 0.0 0.0 0.0 0.0 4.0452 4.0452 4.0452 4.0452
9.248 0 3 1.0 0.0 0.0 0.0 0.0 0.0 0.0 0.0 0.0 0.0 4.0452 4.0452 4.0452 4.0452
9.249 0 3 1.0 0.0 0.0 0.0 0.0 0.0 0.0 0.0 0.0 0.0 4.0452 4.0452 4.0452 4.0452
9.25 0 3 1.0 0.0 0.0 0.0 0.0 0.0 0.0 0.0 0.0 0.0 4.0452 4.0452 4.0452 4.0452
9.251 0 3 1.0 0.0 0.0 0.0 0.0 0.0 0.0 0.0 0.0 0.0 4.0452 4.0452 4.0452 4.0452
9.252 0 3 1.0 0.0 0.0 0.0 0.0 0.0 0.0 0.0 0.0 0.0 4.0452 4.0452 4.0452 4.0452
9.253 0 3 1.0 0.0 0.0 0.0 0.0 0.0 0.0 0.0 0.0 0.0 4.0452 4.0452 4.0452 4.0452
9.254 0 3 1.0 0.0 0.0 0.0 0.0 0.0 0.0 0.0 0.0 0.0 4.0452 4.0452 4.0452 4.0452
9.255 0 3 1.0 0.0 0.0 0.0 0.0 0.0 0.0 0.0 0.0 0.0 4.0452 4.0452 4.0452 4.0452
9.256 0 3 1.0 0.0 0.0 0.0 0.0 0.0 0.0 0.0 0.0 0.0 4.0452 4.0452 4.0452 4.0452
9.257 0 3 1.0 0.0 0.0 0.0 0.0 0.0 0.0 0.0 0.0 0.0 4.0452 4.0452 4.0452 4.0452
9.258000000000001 0 3 1.0 0.0 0.0 0.0 0.0 0.0 0.0 0.0 0.0 0.0 4.0452 4.0452 4.0452 4.0452
9.259 0 3 1.0 0.0 0.0 0.0 0.0 0.0 0.0 0.0 0.0 0.0 4.0452 4.0452 4.0452 4.0452
9.26 0 3 1.0 0.0 0.0 0.0 0.0 0.0 0.0 0.0 0.0 0.0 4.0452 4.0452 4.0452 4.0452
9.261000000000001 0 3 1.0 0.0 0.0 0.0 0.0 0.0 0.0 0.0 0.0 0.0 4.0452 4.0452 4.0452 4.0452
9.262 0 3 1.0 0.0 0.0 0.0 0.0 0.0 0.0 0.0 0.0 0.0 4.0452 4.0452 4.0452 4.0452
9.263 0 3 1.0 0.0 0.0 0.0 0.0 0.0 0.0 0.0 0.0 0.0 4.0452 4.0452 4.0452 4.0452
9.264 0 3 1.0 0.0 0.0 0.0 0.0 0.0 0.0 0.0 0.0 0.0 4.0452 4.0452 4.0452 4.0452
9.265 0 3 1.0 0.0 0.0 0.0 0.0 0.0 0.0 0.0 0.0 0.0 4.0452 4.0452 4.0452 4.0452
9.266 0 3 1.0 0.0 0.0 0.0 0.0 0.0 0.0 0.0 0.0 0.0 4.0452 4.0452 4.0452 4.0452
9.267 0 3 1.0 0.0 0.0 0.0 0.0 0.0 0.0 0.0 0.0 0.0 4.0452 4.0452 4.0452 4.0452
9.268 0 3 1.0 0.0 0.0 0.0 0.0 0.0 0.0 0.0 0.0 0.0 4.0452 4.0452 4.0452 4.0452
9.269 0 3 1.0 0.0 0.0 0.0 0.0 0.0 0.0 0.0 0.0 0.0 4.0452 4.0452 4.0452 4.0452
9.27 0 3 1.0 0.0 0.0 0.0 0.0 0.0 0.0 0.0 0.0 0.0 4.0452 4.0452 4.0452 4.0452
9.271 0 3 1.0 0.0 0.0 0.0 0.0 0.0 0.0 0.0 0.0 0.0 4.0452 4.0452 4.0452 4.0452
9.272 0 3 1.0 0.0 0.0 0.0 0.0 0.0 0.0 0.0 0.0 0.0 4.0452 4.0452 4.0452 4.0452
9.273 0 3 1.0 0.0 0.0 0.0 0.0 0.0 0.0 0.0 0.0 0.0 4.0452 4.0452 4.0452 4.0452
9.274000000000001 0 3 1.0 0.0 0.0 0.0 0.0 0.0 0.0 0.0 0.0 0.0 4.0452 4.0452 4.0452 4.0452
9.275 0 3 1.0 0.0 0.0 0.0 0.0 0.0 0.0 0.0 0.0 0.0 4.0452 4.0452 4.0452 4.0452
9.276 0 3 1.0 0.0 0.0 0.0 0.0 0.0 0.0 0.0 0.0 0.0 4.0452 4.0452 4.0452 4.0452
9.277000000000001 0 3 1.0 0.0 0.0 0.0 0.0 0.0 0.0 0.0 0.0 0.0 4.0452 4.0452 4.0452 4.0452
9.278 0 3 1.0 0.0 0.0 0.0 0.0 0.0 0.0 0.0 0.0 0.0 4.0452 4.0452 4.0452 4.0452
9.279 0 3 1.0 0.0 0.0 0.0 0.0 0.0 0.0 0.0 0.0 0.0 4.0452 4.0452 4.0452 4.0452
9.28 0 3 1.0 0.0 0.0 0.0 0.0 0.0 0.0 0.0 0.0 0.0 4.0452 4.0452 4.0452 4.0452
9.281 0 3 1.0 0.0 0.0 0.0 0.0 0.0 0.0 0.0 0.0 0.0 4.0452 4.0452 4.0452 4.0452
9.282 0 3 1.0 0.0 0.0 0.0 0.0 0.0 0.0 0.0 0.0 0.0 4.0452 4.0452 4.0452 4.0452
9.283 0 3 1.0 0.0 0.0 0.0 0.0 0.0 0.0 0.0 0.0 0.0 4.0452 4.0452 4.0452 4.0452
9.284 0 3 1.0 0.0 0.0 0.0 0.0 0.0 0.0 0.0 0.0 0.0 4.0452 4.0452 4.0452 4.0452
9.285 0 3 1.0 0.0 0.0 0.0 0.0 0.0 0.0 0.0 0.0 0.0 4.0452 4.0452 4.0452 4.0452
9.286 0 3 1.0 0.0 0.0 0.0 0.0 0.0 0.0 0.0 0.0 0.0 4.0452 4.0452 4.0452 4.0452
9.287 0 3 1.0 0.0 0.0 0.0 0.0 0.0 0.0 0.0 0.0 0.0 4.0452 4.0452 4.0452 4.0452
9.288 0 3 1.0 0.0 0.0 0.0 0.0 0.0 0.0 0.0 0.0 0.0 4.0452 4.0452 4.0452 4.0452
9.289 0 3 1.0 0.0 0.0 0.0 0.0 0.0 0.0 0.0 0.0 0.0 4.0452 4.0452 4.0452 4.0452
9.290000000000001 0 3 1.0 0.0 0.0 0.0 0.0 0.0 0.0 0.0 0.0 0.0 4.0452 4.0452 4.0452 4.0452
9.291 0 3 1.0 0.0 0.0 0.0 0.0 0.0 0.0 0.0 0.0 0.0 4.0452 4.0452 4.0452 4.0452
9.292 0 3 1.0 0.0 0.0 0.0 0.0 0.0 0.0 0.0 0.0 0.0 4.0452 4.0452 4.0452 4.0452
9.293000000000001 0 3 1.0 0.0 0.0 0.0 0.0 0.0 0.0 0.0 0.0 0.0 4.0452 4.0452 4.0452 4.0452
9.294 0 3 1.0 0.0 0.0 0.0 0.0 0.0 0.0 0.0 0.0 0.0 4.0452 4.0452 4.0452 4.0452
9.295 0 3 1.0 0.0 0.0 0.0 0.0 0.0 0.0 0.0 0.0 0.0 4.0452 4.0452 4.0452 4.0452
9.296 0 3 1.0 0.0 0.0 0.0 0.0 0.0 0.0 0.0 0.0 0.0 4.0452 4.0452 4.0452 4.0452
9.297 0 3 1.0 0.0 0.0 0.0 0.0 0.0 0.0 0.0 0.0 0.0 4.0452 4.0452 4.0452 4.0452
9.298 0 3 1.0 0.0 0.0 0.0 0.0 0.0 0.0 0.0 0.0 0.0 4.0452 4.0452 4.0452 4.0452
9.299 0 3 1.0 0.0 0.0 0.0 0.0 0.0 0.0 0.0 0.0 0.0 4.0452 4.0452 4.0452 4.0452
9.3 0 3 1.0 0.0 0.0 0.0 0.0 0.0 0.0 0.0 0.0 0.0 4.0452 4.0452 4.0452 4.0452
9.301 0 3 1.0 0.0 0.0 0.0 0.0 0.0 0.0 0.0 0.0 0.0 4.0452 4.0452 4.0452 4.0452
9.302 0 3 1.0 0.0 0.0 0.0 0.0 0.0 0.0 0.0 0.0 0.0 4.0452 4.0452 4.0452 4.0452
9.303 0 3 1.0 0.0 0.0 0.0 0.0 0.0 0.0 0.0 0.0 0.0 4.0452 4.0452 4.0452 4.0452
9.304 0 3 1.0 0.0 0.0 0.0 0.0 0.0 0.0 0.0 0.0 0.0 4.0452 4.0452 4.0452 4.0452
9.305 0 3 1.0 0.0 0.0 0.0 0.0 0.0 0.0 0.0 0.0 0.0 4.0452 4.0452 4.0452 4.0452
9.306000000000001 0 3 1.0 0.0 0.0 0.0 0.0 0.0 0.0 0.0 0.0 0.0 4.0452 4.0452 4.0452 4.0452
9.307 0 3 1.0 0.0 0.0 0.0 0.0 0.0 0.0 0.0 0.0 0.0 4.0452 4.0452 4.0452 4.0452
9.308 0 3 1.0 0.0 0.0 0.0 0.0 0.0 0.0 0.0 0.0 0.0 4.0452 4.0452 4.0452 4.0452
9.309000000000001 0 3 1.0 0.0 0.0 0.0 0.0 0.0 0.0 0.0 0.0 0.0 4.0452 4.0452 4.0452 4.0452
9.31 0 3 1.0 0.0 0.0 0.0 0.0 0.0 0.0 0.0 0.0 0.0 4.0452 4.0452 4.0452 4.0452
9.311 0 3 1.0 0.0 0.0 0.0 0.0 0.0 0.0 0.0 0.0 0.0 4.0452 4.0452 4.0452 4.0452
9.312 0 3 1.0 0.0 0.0 0.0 0.0 0.0 0.0 0.0 0.0 0.0 4.0452 4.0452 4.0452 4.0452
9.313 0 3 1.0 0.0 0.0 0.0 0.0 0.0 0.0 0.0 0.0 0.0 4.0452 4.0452 4.0452 4.0452
9.314 0 3 1.0 0.0 0.0 0.0 0.0 0.0 0.0 0.0 0.0 0.0 4.0452 4.0452 4.0452 4.0452
9.315 0 3 1.0 0.0 0.0 0.0 0.0 0.0 0.0 0.0 0.0 0.0 4.0452 4.0452 4.0452 4.0452
9.316 0 3 1.0 0.0 0.0 0.0 0.0 0.0 0.0 0.0 0.0 0.0 4.0452 4.0452 4.0452 4.0452
9.317 0 3 1.0 0.0 0.0 0.0 0.0 0.0 0.0 0.0 0.0 0.0 4.0452 4.0452 4.0452 4.0452
9.318 0 3 1.0 0.0 0.0 0.0 0.0 0.0 0.0 0.0 0.0 0.0 4.0452 4.0452 4.0452 4.0452
9.319 0 3 1.0 0.0 0.0 0.0 0.0 0.0 0.0 0.0 0.0 0.0 4.0452 4.0452 4.0452 4.0452
9.32 0 3 1.0 0.0 0.0 0.0 0.0 0.0 0.0 0.0 0.0 0.0 4.0452 4.0452 4.0452 4.0452
9.321 0 3 1.0 0.0 0.0 0.0 0.0 0.0 0.0 0.0 0.0 0.0 4.0452 4.0452 4.0452 4.0452
9.322000000000001 0 3 1.0 0.0 0.0 0.0 0.0 0.0 0.0 0.0 0.0 0.0 4.0452 4.0452 4.0452 4.0452
9.323 0 3 1.0 0.0 0.0 0.0 0.0 0.0 0.0 0.0 0.0 0.0 4.0452 4.0452 4.0452 4.0452
9.324 0 3 1.0 0.0 0.0 0.0 0.0 0.0 0.0 0.0 0.0 0.0 4.0452 4.0452 4.0452 4.0452
9.325000000000001 0 3 1.0 0.0 0.0 0.0 0.0 0.0 0.0 0.0 0.0 0.0 4.0452 4.0452 4.0452 4.0452
9.326 0 3 1.0 0.0 0.0 0.0 0.0 0.0 0.0 0.0 0.0 0.0 4.0452 4.0452 4.0452 4.0452
9.327 0 3 1.0 0.0 0.0 0.0 0.0 0.0 0.0 0.0 0.0 0.0 4.0452 4.0452 4.0452 4.0452
9.328 0 3 1.0 0.0 0.0 0.0 0.0 0.0 0.0 0.0 0.0 0.0 4.0452 4.0452 4.0452 4.0452
9.329 0 3 1.0 0.0 0.0 0.0 0.0 0.0 0.0 0.0 0.0 0.0 4.0452 4.0452 4.0452 4.0452
9.33 0 3 1.0 0.0 0.0 0.0 0.0 0.0 0.0 0.0 0.0 0.0 4.0452 4.0452 4.0452 4.0452
9.331 0 3 1.0 0.0 0.0 0.0 0.0 0.0 0.0 0.0 0.0 0.0 4.0452 4.0452 4.0452 4.0452
9.332 0 3 1.0 0.0 0.0 0.0 0.0 0.0 0.0 0.0 0.0 0.0 4.0452 4.0452 4.0452 4.0452
9.333 0 3 1.0 0.0 0.0 0.0 0.0 0.0 0.0 0.0 0.0 0.0 4.0452 4.0452 4.0452 4.0452
9.334 0 3 1.0 0.0 0.0 0.0 0.0 0.0 0.0 0.0 0.0 0.0 4.0452 4.0452 4.0452 4.0452
9.335 0 3 1.0 0.0 0.0 0.0 0.0 0.0 0.0 0.0 0.0 0.0 4.0452 4.0452 4.0452 4.0452
9.336 0 3 1.0 0.0 0.0 0.0 0.0 0.0 0.0 0.0 0.0 0.0 4.0452 4.0452 4.0452 4.0452
9.337 0 3 1.0 0.0 0.0 0.0 0.0 0.0 0.0 0.0 0.0 0.0 4.0452 4.0452 4.0452 4.0452
9.338000000000001 0 3 1.0 0.0 0.0 0.0 0.0 0.0 0.0 0.0 0.0 0.0 4.0452 4.0452 4.0452 4.0452
9.339 0 3 1.0 0.0 0.0 0.0 0.0 0.0 0.0 0.0 0.0 0.0 4.0452 4.0452 4.0452 4.0452
9.34 0 3 1.0 0.0 0.0 0.0 0.0 0.0 0.0 0.0 0.0 0.0 4.0452 4.0452 4.0452 4.0452
9.341000000000001 0 3 1.0 0.0 0.0 0.0 0.0 0.0 0.0 0.0 0.0 0.0 4.0452 4.0452 4.0452 4.0452
9.342 0 3 1.0 0.0 0.0 0.0 0.0 0.0 0.0 0.0 0.0 0.0 4.0452 4.0452 4.0452 4.0452
9.343 0 3 1.0 0.0 0.0 0.0 0.0 0.0 0.0 0.0 0.0 0.0 4.0452 4.0452 4.0452 4.0452
9.344 0 3 1.0 0.0 0.0 0.0 0.0 0.0 0.0 0.0 0.0 0.0 4.0452 4.0452 4.0452 4.0452
9.345 0 3 1.0 0.0 0.0 0.0 0.0 0.0 0.0 0.0 0.0 0.0 4.0452 4.0452 4.0452 4.0452
9.346 0 3 1.0 0.0 0.0 0.0 0.0 0.0 0.0 0.0 0.0 0.0 4.0452 4.0452 4.0452 4.0452
9.347 0 3 1.0 0.0 0.0 0.0 0.0 0.0 0.0 0.0 0.0 0.0 4.0452 4.0452 4.0452 4.0452
9.348 0 3 1.0 0.0 0.0 0.0 0.0 0.0 0.0 0.0 0.0 0.0 4.0452 4.0452 4.0452 4.0452
9.349 0 3 1.0 0.0 0.0 0.0 0.0 0.0 0.0 0.0 0.0 0.0 4.0452 4.0452 4.0452 4.0452
9.35 0 3 1.0 0.0 0.0 0.0 0.0 0.0 0.0 0.0 0.0 0.0 4.0452 4.0452 4.0452 4.0452
9.351 0 3 1.0 0.0 0.0 0.0 0.0 0.0 0.0 0.0 0.0 0.0 4.0452 4.0452 4.0452 4.0452
9.352 0 3 1.0 0.0 0.0 0.0 0.0 0.0 0.0 0.0 0.0 0.0 4.0452 4.0452 4.0452 4.0452
9.353 0 3 1.0 0.0 0.0 0.0 0.0 0.0 0.0 0.0 0.0 0.0 4.0452 4.0452 4.0452 4.0452
9.354000000000001 0 3 1.0 0.0 0.0 0.0 0.0 0.0 0.0 0.0 0.0 0.0 4.0452 4.0452 4.0452 4.0452
9.355 0 3 1.0 0.0 0.0 0.0 0.0 0.0 0.0 0.0 0.0 0.0 4.0452 4.0452 4.0452 4.0452
9.356 0 3 1.0 0.0 0.0 0.0 0.0 0.0 0.0 0.0 0.0 0.0 4.0452 4.0452 4.0452 4.0452
9.357 0 3 1.0 0.0 0.0 0.0 0.0 0.0 0.0 0.0 0.0 0.0 4.0452 4.0452 4.0452 4.0452
9.358 0 3 1.0 0.0 0.0 0.0 0.0 0.0 0.0 0.0 0.0 0.0 4.0452 4.0452 4.0452 4.0452
9.359 0 3 1.0 0.0 0.0 0.0 0.0 0.0 0.0 0.0 0.0 0.0 4.0452 4.0452 4.0452 4.0452
9.36 0 3 1.0 0.0 0.0 0.0 0.0 0.0 0.0 0.0 0.0 0.0 4.0452 4.0452 4.0452 4.0452
9.361 0 3 1.0 0.0 0.0 0.0 0.0 0.0 0.0 0.0 0.0 0.0 4.0452 4.0452 4.0452 4.0452
9.362 0 3 1.0 0.0 0.0 0.0 0.0 0.0 0.0 0.0 0.0 0.0 4.0452 4.0452 4.0452 4.0452
9.363 0 3 1.0 0.0 0.0 0.0 0.0 0.0 0.0 0.0 0.0 0.0 4.0452 4.0452 4.0452 4.0452
9.364 0 3 1.0 0.0 0.0 0.0 0.0 0.0 0.0 0.0 0.0 0.0 4.0452 4.0452 4.0452 4.0452
9.365 0 3 1.0 0.0 0.0 0.0 0.0 0.0 0.0 0.0 0.0 0.0 4.0452 4.0452 4.0452 4.0452
9.366 0 3 1.0 0.0 0.0 0.0 0.0 0.0 0.0 0.0 0.0 0.0 4.0452 4.0452 4.0452 4.0452
9.367 0 3 1.0 0.0 0.0 0.0 0.0 0.0 0.0 0.0 0.0 0.0 4.0452 4.0452 4.0452 4.0452
9.368 0 3 1.0 0.0 0.0 0.0 0.0 0.0 0.0 0.0 0.0 0.0 4.0452 4.0452 4.0452 4.0452
9.369 0 3 1.0 0.0 0.0 0.0 0.0 0.0 0.0 0.0 0.0 0.0 4.0452 4.0452 4.0452 4.0452
9.370000000000001 0 3 1.0 0.0 0.0 0.0 0.0 0.0 0.0 0.0 0.0 0.0 4.0452 4.0452 4.0452 4.0452
9.371 0 3 1.0 0.0 0.0 0.0 0.0 0.0 0.0 0.0 0.0 0.0 4.0452 4.0452 4.0452 4.0452
9.372 0 3 1.0 0.0 0.0 0.0 0.0 0.0 0.0 0.0 0.0 0.0 4.0452 4.0452 4.0452 4.0452
9.373 0 3 1.0 0.0 0.0 0.0 0.0 0.0 0.0 0.0 0.0 0.0 4.0452 4.0452 4.0452 4.0452
9.374 0 3 1.0 0.0 0.0 0.0 0.0 0.0 0.0 0.0 0.0 0.0 4.0452 4.0452 4.0452 4.0452
9.375 0 3 1.0 0.0 0.0 0.0 0.0 0.0 0.0 0.0 0.0 0.0 4.0452 4.0452 4.0452 4.0452
9.376 0 3 1.0 0.0 0.0 0.0 0.0 0.0 0.0 0.0 0.0 0.0 4.0452 4.0452 4.0452 4.0452
9.377 0 3 1.0 0.0 0.0 0.0 0.0 0.0 0.0 0.0 0.0 0.0 4.0452 4.0452 4.0452 4.0452
9.378 0 3 1.0 0.0 0.0 0.0 0.0 0.0 0.0 0.0 0.0 0.0 4.0452 4.0452 4.0452 4.0452
9.379 0 3 1.0 0.0 0.0 0.0 0.0 0.0 0.0 0.0 0.0 0.0 4.0452 4.0452 4.0452 4.0452
9.38 0 3 1.0 0.0 0.0 0.0 0.0 0.0 0.0 0.0 0.0 0.0 4.0452 4.0452 4.0452 4.0452
9.381 0 3 1.0 0.0 0.0 0.0 0.0 0.0 0.0 0.0 0.0 0.0 4.0452 4.0452 4.0452 4.0452
9.382 0 3 1.0 0.0 0.0 0.0 0.0 0.0 0.0 0.0 0.0 0.0 4.0452 4.0452 4.0452 4.0452
9.383000000000001 0 3 1.0 0.0 0.0 0.0 0.0 0.0 0.0 0.0 0.0 0.0 4.0452 4.0452 4.0452 4.0452
9.384 0 3 1.0 0.0 0.0 0.0 0.0 0.0 0.0 0.0 0.0 0.0 4.0452 4.0452 4.0452 4.0452
9.385 0 3 1.0 0.0 0.0 0.0 0.0 0.0 0.0 0.0 0.0 0.0 4.0452 4.0452 4.0452 4.0452
9.386000000000001 0 3 1.0 0.0 0.0 0.0 0.0 0.0 0.0 0.0 0.0 0.0 4.0452 4.0452 4.0452 4.0452
9.387 0 3 1.0 0.0 0.0 0.0 0.0 0.0 0.0 0.0 0.0 0.0 4.0452 4.0452 4.0452 4.0452
9.388 0 3 1.0 0.0 0.0 0.0 0.0 0.0 0.0 0.0 0.0 0.0 4.0452 4.0452 4.0452 4.0452
9.389 0 3 1.0 0.0 0.0 0.0 0.0 0.0 0.0 0.0 0.0 0.0 4.0452 4.0452 4.0452 4.0452
9.39 0 3 1.0 0.0 0.0 0.0 0.0 0.0 0.0 0.0 0.0 0.0 4.0452 4.0452 4.0452 4.0452
9.391 0 3 1.0 0.0 0.0 0.0 0.0 0.0 0.0 0.0 0.0 0.0 4.0452 4.0452 4.0452 4.0452
9.392 0 3 1.0 0.0 0.0 0.0 0.0 0.0 0.0 0.0 0.0 0.0 4.0452 4.0452 4.0452 4.0452
9.393 0 3 1.0 0.0 0.0 0.0 0.0 0.0 0.0 0.0 0.0 0.0 4.0452 4.0452 4.0452 4.0452
9.394 0 3 1.0 0.0 0.0 0.0 0.0 0.0 0.0 0.0 0.0 0.0 4.0452 4.0452 4.0452 4.0452
9.395 0 3 1.0 0.0 0.0 0.0 0.0 0.0 0.0 0.0 0.0 0.0 4.0452 4.0452 4.0452 4.0452
9.396 0 3 1.0 0.0 0.0 0.0 0.0 0.0 0.0 0.0 0.0 0.0 4.0452 4.0452 4.0452 4.0452
9.397 0 3 1.0 0.0 0.0 0.0 0.0 0.0 0.0 0.0 0.0 0.0 4.0452 4.0452 4.0452 4.0452
9.398 0 3 1.0 0.0 0.0 0.0 0.0 0.0 0.0 0.0 0.0 0.0 4.0452 4.0452 4.0452 4.0452
9.399000000000001 0 3 1.0 0.0 0.0 0.0 0.0 0.0 0.0 0.0 0.0 0.0 4.0452 4.0452 4.0452 4.0452
9.4 0 3 1.0 0.0 0.0 0.0 0.0 0.0 0.0 0.0 0.0 0.0 4.0452 4.0452 4.0452 4.0452
9.401 0 3 1.0 0.0 0.0 0.0 0.0 0.0 0.0 0.0 0.0 0.0 4.0452 4.0452 4.0452 4.0452
9.402000000000001 0 3 1.0 0.0 0.0 0.0 0.0 0.0 0.0 0.0 0.0 0.0 4.0452 4.0452 4.0452 4.0452
9.403 0 3 1.0 0.0 0.0 0.0 0.0 0.0 0.0 0.0 0.0 0.0 4.0452 4.0452 4.0452 4.0452
9.404 0 3 1.0 0.0 0.0 0.0 0.0 0.0 0.0 0.0 0.0 0.0 4.0452 4.0452 4.0452 4.0452
9.405 0 3 1.0 0.0 0.0 0.0 0.0 0.0 0.0 0.0 0.0 0.0 4.0452 4.0452 4.0452 4.0452
9.406 0 3 1.0 0.0 0.0 0.0 0.0 0.0 0.0 0.0 0.0 0.0 4.0452 4.0452 4.0452 4.0452
9.407 0 3 1.0 0.0 0.0 0.0 0.0 0.0 0.0 0.0 0.0 0.0 4.0452 4.0452 4.0452 4.0452
9.408 0 3 1.0 0.0 0.0 0.0 0.0 0.0 0.0 0.0 0.0 0.0 4.0452 4.0452 4.0452 4.0452
9.409 0 3 1.0 0.0 0.0 0.0 0.0 0.0 0.0 0.0 0.0 0.0 4.0452 4.0452 4.0452 4.0452
9.41 0 3 1.0 0.0 0.0 0.0 0.0 0.0 0.0 0.0 0.0 0.0 4.0452 4.0452 4.0452 4.0452
9.411 0 3 1.0 0.0 0.0 0.0 0.0 0.0 0.0 0.0 0.0 0.0 4.0452 4.0452 4.0452 4.0452
9.412 0 3 1.0 0.0 0.0 0.0 0.0 0.0 0.0 0.0 0.0 0.0 4.0452 4.0452 4.0452 4.0452
9.413 0 3 1.0 0.0 0.0 0.0 0.0 0.0 0.0 0.0 0.0 0.0 4.0452 4.0452 4.0452 4.0452
9.414 0 3 1.0 0.0 0.0 0.0 0.0 0.0 0.0 0.0 0.0 0.0 4.0452 4.0452 4.0452 4.0452
9.415000000000001 0 3 1.0 0.0 0.0 0.0 0.0 0.0 0.0 0.0 0.0 0.0 4.0452 4.0452 4.0452 4.0452
9.416 0 3 1.0 0.0 0.0 0.0 0.0 0.0 0.0 0.0 0.0 0.0 4.0452 4.0452 4.0452 4.0452
9.417 0 3 1.0 0.0 0.0 0.0 0.0 0.0 0.0 0.0 0.0 0.0 4.0452 4.0452 4.0452 4.0452
9.418000000000001 0 3 1.0 0.0 0.0 0.0 0.0 0.0 0.0 0.0 0.0 0.0 4.0452 4.0452 4.0452 4.0452
9.419 0 3 1.0 0.0 0.0 0.0 0.0 0.0 0.0 0.0 0.0 0.0 4.0452 4.0452 4.0452 4.0452
9.42 0 3 1.0 0.0 0.0 0.0 0.0 0.0 0.0 0.0 0.0 0.0 4.0452 4.0452 4.0452 4.0452
9.421 0 3 1.0 0.0 0.0 0.0 0.0 0.0 0.0 0.0 0.0 0.0 4.0452 4.0452 4.0452 4.0452
9.422 0 3 1.0 0.0 0.0 0.0 0.0 0.0 0.0 0.0 0.0 0.0 4.0452 4.0452 4.0452 4.0452
9.423 0 3 1.0 0.0 0.0 0.0 0.0 0.0 0.0 0.0 0.0 0.0 4.0452 4.0452 4.0452 4.0452
9.424 0 3 1.0 0.0 0.0 0.0 0.0 0.0 0.0 0.0 0.0 0.0 4.0452 4.0452 4.0452 4.0452
9.425 0 3 1.0 0.0 0.0 0.0 0.0 0.0 0.0 0.0 0.0 0.0 4.0452 4.0452 4.0452 4.0452
9.426 0 3 1.0 0.0 0.0 0.0 0.0 0.0 0.0 0.0 0.0 0.0 4.0452 4.0452 4.0452 4.0452
9.427 0 3 1.0 0.0 0.0 0.0 0.0 0.0 0.0 0.0 0.0 0.0 4.0452 4.0452 4.0452 4.0452
9.428 0 3 1.0 0.0 0.0 0.0 0.0 0.0 0.0 0.0 0.0 0.0 4.0452 4.0452 4.0452 4.0452
9.429 0 3 1.0 0.0 0.0 0.0 0.0 0.0 0.0 0.0 0.0 0.0 4.0452 4.0452 4.0452 4.0452
9.43 0 3 1.0 0.0 0.0 0.0 0.0 0.0 0.0 0.0 0.0 0.0 4.0452 4.0452 4.0452 4.0452
9.431000000000001 0 3 1.0 0.0 0.0 0.0 0.0 0.0 0.0 0.0 0.0 0.0 4.0452 4.0452 4.0452 4.0452
9.432 0 3 1.0 0.0 0.0 0.0 0.0 0.0 0.0 0.0 0.0 0.0 4.0452 4.0452 4.0452 4.0452
9.433 0 3 1.0 0.0 0.0 0.0 0.0 0.0 0.0 0.0 0.0 0.0 4.0452 4.0452 4.0452 4.0452
9.434000000000001 0 3 1.0 0.0 0.0 0.0 0.0 0.0 0.0 0.0 0.0 0.0 4.0452 4.0452 4.0452 4.0452
9.435 0 3 1.0 0.0 0.0 0.0 0.0 0.0 0.0 0.0 0.0 0.0 4.0452 4.0452 4.0452 4.0452
9.436 0 3 1.0 0.0 0.0 0.0 0.0 0.0 0.0 0.0 0.0 0.0 4.0452 4.0452 4.0452 4.0452
9.437 0 3 1.0 0.0 0.0 0.0 0.0 0.0 0.0 0.0 0.0 0.0 4.0452 4.0452 4.0452 4.0452
9.438 0 3 1.0 0.0 0.0 0.0 0.0 0.0 0.0 0.0 0.0 0.0 4.0452 4.0452 4.0452 4.0452
9.439 0 3 1.0 0.0 0.0 0.0 0.0 0.0 0.0 0.0 0.0 0.0 4.0452 4.0452 4.0452 4.0452
9.44 0 3 1.0 0.0 0.0 0.0 0.0 0.0 0.0 0.0 0.0 0.0 4.0452 4.0452 4.0452 4.0452
9.441 0 3 1.0 0.0 0.0 0.0 0.0 0.0 0.0 0.0 0.0 0.0 4.0452 4.0452 4.0452 4.0452
9.442 0 3 1.0 0.0 0.0 0.0 0.0 0.0 0.0 0.0 0.0 0.0 4.0452 4.0452 4.0452 4.0452
9.443 0 3 1.0 0.0 0.0 0.0 0.0 0.0 0.0 0.0 0.0 0.0 4.0452 4.0452 4.0452 4.0452
9.444 0 3 1.0 0.0 0.0 0.0 0.0 0.0 0.0 0.0 0.0 0.0 4.0452 4.0452 4.0452 4.0452
9.445 0 3 1.0 0.0 0.0 0.0 0.0 0.0 0.0 0.0 0.0 0.0 4.0452 4.0452 4.0452 4.0452
9.446 0 3 1.0 0.0 0.0 0.0 0.0 0.0 0.0 0.0 0.0 0.0 4.0452 4.0452 4.0452 4.0452
9.447000000000001 0 3 1.0 0.0 0.0 0.0 0.0 0.0 0.0 0.0 0.0 0.0 4.0452 4.0452 4.0452 4.0452
9.448 0 3 1.0 0.0 0.0 0.0 0.0 0.0 0.0 0.0 0.0 0.0 4.0452 4.0452 4.0452 4.0452
9.449 0 3 1.0 0.0 0.0 0.0 0.0 0.0 0.0 0.0 0.0 0.0 4.0452 4.0452 4.0452 4.0452
9.450000000000001 0 3 1.0 0.0 0.0 0.0 0.0 0.0 0.0 0.0 0.0 0.0 4.0452 4.0452 4.0452 4.0452
9.451 0 3 1.0 0.0 0.0 0.0 0.0 0.0 0.0 0.0 0.0 0.0 4.0452 4.0452 4.0452 4.0452
9.452 0 3 1.0 0.0 0.0 0.0 0.0 0.0 0.0 0.0 0.0 0.0 4.0452 4.0452 4.0452 4.0452
9.453 0 3 1.0 0.0 0.0 0.0 0.0 0.0 0.0 0.0 0.0 0.0 4.0452 4.0452 4.0452 4.0452
9.454 0 3 1.0 0.0 0.0 0.0 0.0 0.0 0.0 0.0 0.0 0.0 4.0452 4.0452 4.0452 4.0452
9.455 0 3 1.0 0.0 0.0 0.0 0.0 0.0 0.0 0.0 0.0 0.0 4.0452 4.0452 4.0452 4.0452
9.456 0 3 1.0 0.0 0.0 0.0 0.0 0.0 0.0 0.0 0.0 0.0 4.0452 4.0452 4.0452 4.0452
9.457 0 3 1.0 0.0 0.0 0.0 0.0 0.0 0.0 0.0 0.0 0.0 4.0452 4.0452 4.0452 4.0452
9.458 0 3 1.0 0.0 0.0 0.0 0.0 0.0 0.0 0.0 0.0 0.0 4.0452 4.0452 4.0452 4.0452
9.459 0 3 1.0 0.0 0.0 0.0 0.0 0.0 0.0 0.0 0.0 0.0 4.0452 4.0452 4.0452 4.0452
9.46 0 3 1.0 0.0 0.0 0.0 0.0 0.0 0.0 0.0 0.0 0.0 4.0452 4.0452 4.0452 4.0452
9.461 0 3 1.0 0.0 0.0 0.0 0.0 0.0 0.0 0.0 0.0 0.0 4.0452 4.0452 4.0452 4.0452
9.462 0 3 1.0 0.0 0.0 0.0 0.0 0.0 0.0 0.0 0.0 0.0 4.0452 4.0452 4.0452 4.0452
9.463000000000001 0 3 1.0 0.0 0.0 0.0 0.0 0.0 0.0 0.0 0.0 0.0 4.0452 4.0452 4.0452 4.0452
9.464 0 3 1.0 0.0 0.0 0.0 0.0 0.0 0.0 0.0 0.0 0.0 4.0452 4.0452 4.0452 4.0452
9.465 0 3 1.0 0.0 0.0 0.0 0.0 0.0 0.0 0.0 0.0 0.0 4.0452 4.0452 4.0452 4.0452
9.466000000000001 0 3 1.0 0.0 0.0 0.0 0.0 0.0 0.0 0.0 0.0 0.0 4.0452 4.0452 4.0452 4.0452
9.467 0 3 1.0 0.0 0.0 0.0 0.0 0.0 0.0 0.0 0.0 0.0 4.0452 4.0452 4.0452 4.0452
9.468 0 3 1.0 0.0 0.0 0.0 0.0 0.0 0.0 0.0 0.0 0.0 4.0452 4.0452 4.0452 4.0452
9.469 0 3 1.0 0.0 0.0 0.0 0.0 0.0 0.0 0.0 0.0 0.0 4.0452 4.0452 4.0452 4.0452
9.47 0 3 1.0 0.0 0.0 0.0 0.0 0.0 0.0 0.0 0.0 0.0 4.0452 4.0452 4.0452 4.0452
9.471 0 3 1.0 0.0 0.0 0.0 0.0 0.0 0.0 0.0 0.0 0.0 4.0452 4.0452 4.0452 4.0452
9.472 0 3 1.0 0.0 0.0 0.0 0.0 0.0 0.0 0.0 0.0 0.0 4.0452 4.0452 4.0452 4.0452
9.473 0 3 1.0 0.0 0.0 0.0 0.0 0.0 0.0 0.0 0.0 0.0 4.0452 4.0452 4.0452 4.0452
9.474 0 3 1.0 0.0 0.0 0.0 0.0 0.0 0.0 0.0 0.0 0.0 4.0452 4.0452 4.0452 4.0452
9.475 0 3 1.0 0.0 0.0 0.0 0.0 0.0 0.0 0.0 0.0 0.0 4.0452 4.0452 4.0452 4.0452
9.476 0 3 1.0 0.0 0.0 0.0 0.0 0.0 0.0 0.0 0.0 0.0 4.0452 4.0452 4.0452 4.0452
9.477 0 3 1.0 0.0 0.0 0.0 0.0 0.0 0.0 0.0 0.0 0.0 4.0452 4.0452 4.0452 4.0452
9.478 0 3 1.0 0.0 0.0 0.0 0.0 0.0 0.0 0.0 0.0 0.0 4.0452 4.0452 4.0452 4.0452
9.479000000000001 0 3 1.0 0.0 0.0 0.0 0.0 0.0 0.0 0.0 0.0 0.0 4.0452 4.0452 4.0452 4.0452
9.48 0 3 1.0 0.0 0.0 0.0 0.0 0.0 0.0 0.0 0.0 0.0 4.0452 4.0452 4.0452 4.0452
9.481 0 3 1.0 0.0 0.0 0.0 0.0 0.0 0.0 0.0 0.0 0.0 4.0452 4.0452 4.0452 4.0452
9.482 0 3 1.0 0.0 0.0 0.0 0.0 0.0 0.0 0.0 0.0 0.0 4.0452 4.0452 4.0452 4.0452
9.483 0 3 1.0 0.0 0.0 0.0 0.0 0.0 0.0 0.0 0.0 0.0 4.0452 4.0452 4.0452 4.0452
9.484 0 3 1.0 0.0 0.0 0.0 0.0 0.0 0.0 0.0 0.0 0.0 4.0452 4.0452 4.0452 4.0452
9.485 0 3 1.0 0.0 0.0 0.0 0.0 0.0 0.0 0.0 0.0 0.0 4.0452 4.0452 4.0452 4.0452
9.486 0 3 1.0 0.0 0.0 0.0 0.0 0.0 0.0 0.0 0.0 0.0 4.0452 4.0452 4.0452 4.0452
9.487 0 3 1.0 0.0 0.0 0.0 0.0 0.0 0.0 0.0 0.0 0.0 4.0452 4.0452 4.0452 4.0452
9.488 0 3 1.0 0.0 0.0 0.0 0.0 0.0 0.0 0.0 0.0 0.0 4.0452 4.0452 4.0452 4.0452
9.489 0 3 1.0 0.0 0.0 0.0 0.0 0.0 0.0 0.0 0.0 0.0 4.0452 4.0452 4.0452 4.0452
9.49 0 3 1.0 0.0 0.0 0.0 0.0 0.0 0.0 0.0 0.0 0.0 4.0452 4.0452 4.0452 4.0452
9.491 0 3 1.0 0.0 0.0 0.0 0.0 0.0 0.0 0.0 0.0 0.0 4.0452 4.0452 4.0452 4.0452
9.492 0 3 1.0 0.0 0.0 0.0 0.0 0.0 0.0 0.0 0.0 0.0 4.0452 4.0452 4.0452 4.0452
9.493 0 3 1.0 0.0 0.0 0.0 0.0 0.0 0.0 0.0 0.0 0.0 4.0452 4.0452 4.0452 4.0452
9.494 0 3 1.0 0.0 0.0 0.0 0.0 0.0 0.0 0.0 0.0 0.0 4.0452 4.0452 4.0452 4.0452
9.495000000000001 0 3 1.0 0.0 0.0 0.0 0.0 0.0 0.0 0.0 0.0 0.0 4.0452 4.0452 4.0452 4.0452
9.496 0 3 1.0 0.0 0.0 0.0 0.0 0.0 0.0 0.0 0.0 0.0 4.0452 4.0452 4.0452 4.0452
9.497 0 3 1.0 0.0 0.0 0.0 0.0 0.0 0.0 0.0 0.0 0.0 4.0452 4.0452 4.0452 4.0452
9.498 0 3 1.0 0.0 0.0 0.0 0.0 0.0 0.0 0.0 0.0 0.0 4.0452 4.0452 4.0452 4.0452
9.499 0 3 1.0 0.0 0.0 0.0 0.0 0.0 0.0 0.0 0.0 0.0 4.0452 4.0452 4.0452 4.0452
9.5 0 3 1.0 0.0 0.0 0.0 0.0 0.0 0.0 0.0 0.0 0.0 4.0452 4.0452 4.0452 4.0452
9.501 0 3 1.0 0.0 0.0 0.0 0.0 0.0 0.0 0.0 0.0 0.0 4.0452 4.0452 4.0452 4.0452
9.502 0 3 1.0 0.0 0.0 0.0 0.0 0.0 0.0 0.0 0.0 0.0 4.0452 4.0452 4.0452 4.0452
9.503 0 3 1.0 0.0 0.0 0.0 0.0 0.0 0.0 0.0 0.0 0.0 4.0452 4.0452 4.0452 4.0452
9.504 0 3 1.0 0.0 0.0 0.0 0.0 0.0 0.0 0.0 0.0 0.0 4.0452 4.0452 4.0452 4.0452
9.505 0 3 1.0 0.0 0.0 0.0 0.0 0.0 0.0 0.0 0.0 0.0 4.0452 4.0452 4.0452 4.0452
9.506 0 3 1.0 0.0 0.0 0.0 0.0 0.0 0.0 0.0 0.0 0.0 4.0452 4.0452 4.0452 4.0452
9.507 0 3 1.0 0.0 0.0 0.0 0.0 0.0 0.0 0.0 0.0 0.0 4.0452 4.0452 4.0452 4.0452
9.508000000000001 0 3 1.0 0.0 0.0 0.0 0.0 0.0 0.0 0.0 0.0 0.0 4.0452 4.0452 4.0452 4.0452
9.509 0 3 1.0 0.0 0.0 0.0 0.0 0.0 0.0 0.0 0.0 0.0 4.0452 4.0452 4.0452 4.0452
9.51 0 3 1.0 0.0 0.0 0.0 0.0 0.0 0.0 0.0 0.0 0.0 4.0452 4.0452 4.0452 4.0452
9.511000000000001 0 3 1.0 0.0 0.0 0.0 0.0 0.0 0.0 0.0 0.0 0.0 4.0452 4.0452 4.0452 4.0452
9.512 0 3 1.0 0.0 0.0 0.0 0.0 0.0 0.0 0.0 0.0 0.0 4.0452 4.0452 4.0452 4.0452
9.513 0 3 1.0 0.0 0.0 0.0 0.0 0.0 0.0 0.0 0.0 0.0 4.0452 4.0452 4.0452 4.0452
9.514 0 3 1.0 0.0 0.0 0.0 0.0 0.0 0.0 0.0 0.0 0.0 4.0452 4.0452 4.0452 4.0452
9.515 0 3 1.0 0.0 0.0 0.0 0.0 0.0 0.0 0.0 0.0 0.0 4.0452 4.0452 4.0452 4.0452
9.516 0 3 1.0 0.0 0.0 0.0 0.0 0.0 0.0 0.0 0.0 0.0 4.0452 4.0452 4.0452 4.0452
9.517 0 3 1.0 0.0 0.0 0.0 0.0 0.0 0.0 0.0 0.0 0.0 4.0452 4.0452 4.0452 4.0452
9.518 0 3 1.0 0.0 0.0 0.0 0.0 0.0 0.0 0.0 0.0 0.0 4.0452 4.0452 4.0452 4.0452
9.519 0 3 1.0 0.0 0.0 0.0 0.0 0.0 0.0 0.0 0.0 0.0 4.0452 4.0452 4.0452 4.0452
9.52 0 3 1.0 0.0 0.0 0.0 0.0 0.0 0.0 0.0 0.0 0.0 4.0452 4.0452 4.0452 4.0452
9.521 0 3 1.0 0.0 0.0 0.0 0.0 0.0 0.0 0.0 0.0 0.0 4.0452 4.0452 4.0452 4.0452
9.522 0 3 1.0 0.0 0.0 0.0 0.0 0.0 0.0 0.0 0.0 0.0 4.0452 4.0452 4.0452 4.0452
9.523 0 3 1.0 0.0 0.0 0.0 0.0 0.0 0.0 0.0 0.0 0.0 4.0452 4.0452 4.0452 4.0452
9.524000000000001 0 3 1.0 0.0 0.0 0.0 0.0 0.0 0.0 0.0 0.0 0.0 4.0452 4.0452 4.0452 4.0452
9.525 0 3 1.0 0.0 0.0 0.0 0.0 0.0 0.0 0.0 0.0 0.0 4.0452 4.0452 4.0452 4.0452
9.526 0 3 1.0 0.0 0.0 0.0 0.0 0.0 0.0 0.0 0.0 0.0 4.0452 4.0452 4.0452 4.0452
9.527000000000001 0 3 1.0 0.0 0.0 0.0 0.0 0.0 0.0 0.0 0.0 0.0 4.0452 4.0452 4.0452 4.0452
9.528 0 3 1.0 0.0 0.0 0.0 0.0 0.0 0.0 0.0 0.0 0.0 4.0452 4.0452 4.0452 4.0452
9.529 0 3 1.0 0.0 0.0 0.0 0.0 0.0 0.0 0.0 0.0 0.0 4.0452 4.0452 4.0452 4.0452
9.53 0 3 1.0 0.0 0.0 0.0 0.0 0.0 0.0 0.0 0.0 0.0 4.0452 4.0452 4.0452 4.0452
9.531 0 3 1.0 0.0 0.0 0.0 0.0 0.0 0.0 0.0 0.0 0.0 4.0452 4.0452 4.0452 4.0452
9.532 0 3 1.0 0.0 0.0 0.0 0.0 0.0 0.0 0.0 0.0 0.0 4.0452 4.0452 4.0452 4.0452
9.533 0 3 1.0 0.0 0.0 0.0 0.0 0.0 0.0 0.0 0.0 0.0 4.0452 4.0452 4.0452 4.0452
9.534 0 3 1.0 0.0 0.0 0.0 0.0 0.0 0.0 0.0 0.0 0.0 4.0452 4.0452 4.0452 4.0452
9.535 0 3 1.0 0.0 0.0 0.0 0.0 0.0 0.0 0.0 0.0 0.0 4.0452 4.0452 4.0452 4.0452
9.536 0 3 1.0 0.0 0.0 0.0 0.0 0.0 0.0 0.0 0.0 0.0 4.0452 4.0452 4.0452 4.0452
9.537 0 3 1.0 0.0 0.0 0.0 0.0 0.0 0.0 0.0 0.0 0.0 4.0452 4.0452 4.0452 4.0452
9.538 0 3 1.0 0.0 0.0 0.0 0.0 0.0 0.0 0.0 0.0 0.0 4.0452 4.0452 4.0452 4.0452
9.539 0 3 1.0 0.0 0.0 0.0 0.0 0.0 0.0 0.0 0.0 0.0 4.0452 4.0452 4.0452 4.0452
9.540000000000001 0 3 1.0 0.0 0.0 0.0 0.0 0.0 0.0 0.0 0.0 0.0 4.0452 4.0452 4.0452 4.0452
9.541 0 3 1.0 0.0 0.0 0.0 0.0 0.0 0.0 0.0 0.0 0.0 4.0452 4.0452 4.0452 4.0452
9.542 0 3 1.0 0.0 0.0 0.0 0.0 0.0 0.0 0.0 0.0 0.0 4.0452 4.0452 4.0452 4.0452
9.543000000000001 0 3 1.0 0.0 0.0 0.0 0.0 0.0 0.0 0.0 0.0 0.0 4.0452 4.0452 4.0452 4.0452
9.544 0 3 1.0 0.0 0.0 0.0 0.0 0.0 0.0 0.0 0.0 0.0 4.0452 4.0452 4.0452 4.0452
9.545 0 3 1.0 0.0 0.0 0.0 0.0 0.0 0.0 0.0 0.0 0.0 4.0452 4.0452 4.0452 4.0452
9.546 0 3 1.0 0.0 0.0 0.0 0.0 0.0 0.0 0.0 0.0 0.0 4.0452 4.0452 4.0452 4.0452
9.547 0 3 1.0 0.0 0.0 0.0 0.0 0.0 0.0 0.0 0.0 0.0 4.0452 4.0452 4.0452 4.0452
9.548 0 3 1.0 0.0 0.0 0.0 0.0 0.0 0.0 0.0 0.0 0.0 4.0452 4.0452 4.0452 4.0452
9.549 0 3 1.0 0.0 0.0 0.0 0.0 0.0 0.0 0.0 0.0 0.0 4.0452 4.0452 4.0452 4.0452
9.55 0 3 1.0 0.0 0.0 0.0 0.0 0.0 0.0 0.0 0.0 0.0 4.0452 4.0452 4.0452 4.0452
9.551 0 3 1.0 0.0 0.0 0.0 0.0 0.0 0.0 0.0 0.0 0.0 4.0452 4.0452 4.0452 4.0452
9.552 0 3 1.0 0.0 0.0 0.0 0.0 0.0 0.0 0.0 0.0 0.0 4.0452 4.0452 4.0452 4.0452
9.553 0 3 1.0 0.0 0.0 0.0 0.0 0.0 0.0 0.0 0.0 0.0 4.0452 4.0452 4.0452 4.0452
9.554 0 3 1.0 0.0 0.0 0.0 0.0 0.0 0.0 0.0 0.0 0.0 4.0452 4.0452 4.0452 4.0452
9.555 0 3 1.0 0.0 0.0 0.0 0.0 0.0 0.0 0.0 0.0 0.0 4.0452 4.0452 4.0452 4.0452
9.556000000000001 0 3 1.0 0.0 0.0 0.0 0.0 0.0 0.0 0.0 0.0 0.0 4.0452 4.0452 4.0452 4.0452
9.557 0 3 1.0 0.0 0.0 0.0 0.0 0.0 0.0 0.0 0.0 0.0 4.0452 4.0452 4.0452 4.0452
9.558 0 3 1.0 0.0 0.0 0.0 0.0 0.0 0.0 0.0 0.0 0.0 4.0452 4.0452 4.0452 4.0452
9.559000000000001 0 3 1.0 0.0 0.0 0.0 0.0 0.0 0.0 0.0 0.0 0.0 4.0452 4.0452 4.0452 4.0452
9.56 0 3 1.0 0.0 0.0 0.0 0.0 0.0 0.0 0.0 0.0 0.0 4.0452 4.0452 4.0452 4.0452
9.561 0 3 1.0 0.0 0.0 0.0 0.0 0.0 0.0 0.0 0.0 0.0 4.0452 4.0452 4.0452 4.0452
9.562 0 3 1.0 0.0 0.0 0.0 0.0 0.0 0.0 0.0 0.0 0.0 4.0452 4.0452 4.0452 4.0452
9.563 0 3 1.0 0.0 0.0 0.0 0.0 0.0 0.0 0.0 0.0 0.0 4.0452 4.0452 4.0452 4.0452
9.564 0 3 1.0 0.0 0.0 0.0 0.0 0.0 0.0 0.0 0.0 0.0 4.0452 4.0452 4.0452 4.0452
9.565 0 3 1.0 0.0 0.0 0.0 0.0 0.0 0.0 0.0 0.0 0.0 4.0452 4.0452 4.0452 4.0452
9.566 0 3 1.0 0.0 0.0 0.0 0.0 0.0 0.0 0.0 0.0 0.0 4.0452 4.0452 4.0452 4.0452
9.567 0 3 1.0 0.0 0.0 0.0 0.0 0.0 0.0 0.0 0.0 0.0 4.0452 4.0452 4.0452 4.0452
9.568 0 3 1.0 0.0 0.0 0.0 0.0 0.0 0.0 0.0 0.0 0.0 4.0452 4.0452 4.0452 4.0452
9.569 0 3 1.0 0.0 0.0 0.0 0.0 0.0 0.0 0.0 0.0 0.0 4.0452 4.0452 4.0452 4.0452
9.57 0 3 1.0 0.0 0.0 0.0 0.0 0.0 0.0 0.0 0.0 0.0 4.0452 4.0452 4.0452 4.0452
9.571 0 3 1.0 0.0 0.0 0.0 0.0 0.0 0.0 0.0 0.0 0.0 4.0452 4.0452 4.0452 4.0452
9.572000000000001 0 3 1.0 0.0 0.0 0.0 0.0 0.0 0.0 0.0 0.0 0.0 4.0452 4.0452 4.0452 4.0452
9.573 0 3 1.0 0.0 0.0 0.0 0.0 0.0 0.0 0.0 0.0 0.0 4.0452 4.0452 4.0452 4.0452
9.574 0 3 1.0 0.0 0.0 0.0 0.0 0.0 0.0 0.0 0.0 0.0 4.0452 4.0452 4.0452 4.0452
9.575000000000001 0 3 1.0 0.0 0.0 0.0 0.0 0.0 0.0 0.0 0.0 0.0 4.0452 4.0452 4.0452 4.0452
9.576 0 3 1.0 0.0 0.0 0.0 0.0 0.0 0.0 0.0 0.0 0.0 4.0452 4.0452 4.0452 4.0452
9.577 0 3 1.0 0.0 0.0 0.0 0.0 0.0 0.0 0.0 0.0 0.0 4.0452 4.0452 4.0452 4.0452
9.578 0 3 1.0 0.0 0.0 0.0 0.0 0.0 0.0 0.0 0.0 0.0 4.0452 4.0452 4.0452 4.0452
9.579 0 3 1.0 0.0 0.0 0.0 0.0 0.0 0.0 0.0 0.0 0.0 4.0452 4.0452 4.0452 4.0452
9.58 0 3 1.0 0.0 0.0 0.0 0.0 0.0 0.0 0.0 0.0 0.0 4.0452 4.0452 4.0452 4.0452
9.581 0 3 1.0 0.0 0.0 0.0 0.0 0.0 0.0 0.0 0.0 0.0 4.0452 4.0452 4.0452 4.0452
9.582 0 3 1.0 0.0 0.0 0.0 0.0 0.0 0.0 0.0 0.0 0.0 4.0452 4.0452 4.0452 4.0452
9.583 0 3 1.0 0.0 0.0 0.0 0.0 0.0 0.0 0.0 0.0 0.0 4.0452 4.0452 4.0452 4.0452
9.584 0 3 1.0 0.0 0.0 0.0 0.0 0.0 0.0 0.0 0.0 0.0 4.0452 4.0452 4.0452 4.0452
9.585 0 3 1.0 0.0 0.0 0.0 0.0 0.0 0.0 0.0 0.0 0.0 4.0452 4.0452 4.0452 4.0452
9.586 0 3 1.0 0.0 0.0 0.0 0.0 0.0 0.0 0.0 0.0 0.0 4.0452 4.0452 4.0452 4.0452
9.587 0 3 1.0 0.0 0.0 0.0 0.0 0.0 0.0 0.0 0.0 0.0 4.0452 4.0452 4.0452 4.0452
9.588000000000001 0 3 1.0 0.0 0.0 0.0 0.0 0.0 0.0 0.0 0.0 0.0 4.0452 4.0452 4.0452 4.0452
9.589 0 3 1.0 0.0 0.0 0.0 0.0 0.0 0.0 0.0 0.0 0.0 4.0452 4.0452 4.0452 4.0452
9.59 0 3 1.0 0.0 0.0 0.0 0.0 0.0 0.0 0.0 0.0 0.0 4.0452 4.0452 4.0452 4.0452
9.591000000000001 0 3 1.0 0.0 0.0 0.0 0.0 0.0 0.0 0.0 0.0 0.0 4.0452 4.0452 4.0452 4.0452
9.592 0 3 1.0 0.0 0.0 0.0 0.0 0.0 0.0 0.0 0.0 0.0 4.0452 4.0452 4.0452 4.0452
9.593 0 3 1.0 0.0 0.0 0.0 0.0 0.0 0.0 0.0 0.0 0.0 4.0452 4.0452 4.0452 4.0452
9.594 0 3 1.0 0.0 0.0 0.0 0.0 0.0 0.0 0.0 0.0 0.0 4.0452 4.0452 4.0452 4.0452
9.595 0 3 1.0 0.0 0.0 0.0 0.0 0.0 0.0 0.0 0.0 0.0 4.0452 4.0452 4.0452 4.0452
9.596 0 3 1.0 0.0 0.0 0.0 0.0 0.0 0.0 0.0 0.0 0.0 4.0452 4.0452 4.0452 4.0452
9.597 0 3 1.0 0.0 0.0 0.0 0.0 0.0 0.0 0.0 0.0 0.0 4.0452 4.0452 4.0452 4.0452
9.598 0 3 1.0 0.0 0.0 0.0 0.0 0.0 0.0 0.0 0.0 0.0 4.0452 4.0452 4.0452 4.0452
9.599 0 3 1.0 0.0 0.0 0.0 0.0 0.0 0.0 0.0 0.0 0.0 4.0452 4.0452 4.0452 4.0452
9.6 0 3 1.0 0.0 0.0 0.0 0.0 0.0 0.0 0.0 0.0 0.0 4.0452 4.0452 4.0452 4.0452
9.601 0 3 1.0 0.0 0.0 0.0 0.0 0.0 0.0 0.0 0.0 0.0 4.0452 4.0452 4.0452 4.0452
9.602 0 3 1.0 0.0 0.0 0.0 0.0 0.0 0.0 0.0 0.0 0.0 4.0452 4.0452 4.0452 4.0452
9.603 0 3 1.0 0.0 0.0 0.0 0.0 0.0 0.0 0.0 0.0 0.0 4.0452 4.0452 4.0452 4.0452
9.604000000000001 0 3 1.0 0.0 0.0 0.0 0.0 0.0 0.0 0.0 0.0 0.0 4.0452 4.0452 4.0452 4.0452
9.605 0 3 1.0 0.0 0.0 0.0 0.0 0.0 0.0 0.0 0.0 0.0 4.0452 4.0452 4.0452 4.0452
9.606 0 3 1.0 0.0 0.0 0.0 0.0 0.0 0.0 0.0 0.0 0.0 4.0452 4.0452 4.0452 4.0452
9.607 0 3 1.0 0.0 0.0 0.0 0.0 0.0 0.0 0.0 0.0 0.0 4.0452 4.0452 4.0452 4.0452
9.608 0 3 1.0 0.0 0.0 0.0 0.0 0.0 0.0 0.0 0.0 0.0 4.0452 4.0452 4.0452 4.0452
9.609 0 3 1.0 0.0 0.0 0.0 0.0 0.0 0.0 0.0 0.0 0.0 4.0452 4.0452 4.0452 4.0452
9.61 0 3 1.0 0.0 0.0 0.0 0.0 0.0 0.0 0.0 0.0 0.0 4.0452 4.0452 4.0452 4.0452
9.611 0 3 1.0 0.0 0.0 0.0 0.0 0.0 0.0 0.0 0.0 0.0 4.0452 4.0452 4.0452 4.0452
9.612 0 3 1.0 0.0 0.0 0.0 0.0 0.0 0.0 0.0 0.0 0.0 4.0452 4.0452 4.0452 4.0452
9.613 0 3 1.0 0.0 0.0 0.0 0.0 0.0 0.0 0.0 0.0 0.0 4.0452 4.0452 4.0452 4.0452
9.614 0 3 1.0 0.0 0.0 0.0 0.0 0.0 0.0 0.0 0.0 0.0 4.0452 4.0452 4.0452 4.0452
9.615 0 3 1.0 0.0 0.0 0.0 0.0 0.0 0.0 0.0 0.0 0.0 4.0452 4.0452 4.0452 4.0452
9.616 0 3 1.0 0.0 0.0 0.0 0.0 0.0 0.0 0.0 0.0 0.0 4.0452 4.0452 4.0452 4.0452
9.617 0 3 1.0 0.0 0.0 0.0 0.0 0.0 0.0 0.0 0.0 0.0 4.0452 4.0452 4.0452 4.0452
9.618 0 3 1.0 0.0 0.0 0.0 0.0 0.0 0.0 0.0 0.0 0.0 4.0452 4.0452 4.0452 4.0452
9.619 0 3 1.0 0.0 0.0 0.0 0.0 0.0 0.0 0.0 0.0 0.0 4.0452 4.0452 4.0452 4.0452
9.620000000000001 0 3 1.0 0.0 0.0 0.0 0.0 0.0 0.0 0.0 0.0 0.0 4.0452 4.0452 4.0452 4.0452
9.621 0 3 1.0 0.0 0.0 0.0 0.0 0.0 0.0 0.0 0.0 0.0 4.0452 4.0452 4.0452 4.0452
9.622 0 3 1.0 0.0 0.0 0.0 0.0 0.0 0.0 0.0 0.0 0.0 4.0452 4.0452 4.0452 4.0452
9.623 0 3 1.0 0.0 0.0 0.0 0.0 0.0 0.0 0.0 0.0 0.0 4.0452 4.0452 4.0452 4.0452
9.624 0 3 1.0 0.0 0.0 0.0 0.0 0.0 0.0 0.0 0.0 0.0 4.0452 4.0452 4.0452 4.0452
9.625 0 3 1.0 0.0 0.0 0.0 0.0 0.0 0.0 0.0 0.0 0.0 4.0452 4.0452 4.0452 4.0452
9.626 0 3 1.0 0.0 0.0 0.0 0.0 0.0 0.0 0.0 0.0 0.0 4.0452 4.0452 4.0452 4.0452
9.627 0 3 1.0 0.0 0.0 0.0 0.0 0.0 0.0 0.0 0.0 0.0 4.0452 4.0452 4.0452 4.0452
9.628 0 3 1.0 0.0 0.0 0.0 0.0 0.0 0.0 0.0 0.0 0.0 4.0452 4.0452 4.0452 4.0452
9.629 0 3 1.0 0.0 0.0 0.0 0.0 0.0 0.0 0.0 0.0 0.0 4.0452 4.0452 4.0452 4.0452
9.63 0 3 1.0 0.0 0.0 0.0 0.0 0.0 0.0 0.0 0.0 0.0 4.0452 4.0452 4.0452 4.0452
9.631 0 3 1.0 0.0 0.0 0.0 0.0 0.0 0.0 0.0 0.0 0.0 4.0452 4.0452 4.0452 4.0452
9.632 0 3 1.0 0.0 0.0 0.0 0.0 0.0 0.0 0.0 0.0 0.0 4.0452 4.0452 4.0452 4.0452
9.633000000000001 0 3 1.0 0.0 0.0 0.0 0.0 0.0 0.0 0.0 0.0 0.0 4.0452 4.0452 4.0452 4.0452
9.634 0 3 1.0 0.0 0.0 0.0 0.0 0.0 0.0 0.0 0.0 0.0 4.0452 4.0452 4.0452 4.0452
9.635 0 3 1.0 0.0 0.0 0.0 0.0 0.0 0.0 0.0 0.0 0.0 4.0452 4.0452 4.0452 4.0452
9.636000000000001 0 3 1.0 0.0 0.0 0.0 0.0 0.0 0.0 0.0 0.0 0.0 4.0452 4.0452 4.0452 4.0452
9.637 0 3 1.0 0.0 0.0 0.0 0.0 0.0 0.0 0.0 0.0 0.0 4.0452 4.0452 4.0452 4.0452
9.638 0 3 1.0 0.0 0.0 0.0 0.0 0.0 0.0 0.0 0.0 0.0 4.0452 4.0452 4.0452 4.0452
9.639 0 3 1.0 0.0 0.0 0.0 0.0 0.0 0.0 0.0 0.0 0.0 4.0452 4.0452 4.0452 4.0452
9.64 0 3 1.0 0.0 0.0 0.0 0.0 0.0 0.0 0.0 0.0 0.0 4.0452 4.0452 4.0452 4.0452
9.641 0 3 1.0 0.0 0.0 0.0 0.0 0.0 0.0 0.0 0.0 0.0 4.0452 4.0452 4.0452 4.0452
9.642 0 3 1.0 0.0 0.0 0.0 0.0 0.0 0.0 0.0 0.0 0.0 4.0452 4.0452 4.0452 4.0452
9.643 0 3 1.0 0.0 0.0 0.0 0.0 0.0 0.0 0.0 0.0 0.0 4.0452 4.0452 4.0452 4.0452
9.644 0 3 1.0 0.0 0.0 0.0 0.0 0.0 0.0 0.0 0.0 0.0 4.0452 4.0452 4.0452 4.0452
9.645 0 3 1.0 0.0 0.0 0.0 0.0 0.0 0.0 0.0 0.0 0.0 4.0452 4.0452 4.0452 4.0452
9.646 0 3 1.0 0.0 0.0 0.0 0.0 0.0 0.0 0.0 0.0 0.0 4.0452 4.0452 4.0452 4.0452
9.647 0 3 1.0 0.0 0.0 0.0 0.0 0.0 0.0 0.0 0.0 0.0 4.0452 4.0452 4.0452 4.0452
9.648 0 3 1.0 0.0 0.0 0.0 0.0 0.0 0.0 0.0 0.0 0.0 4.0452 4.0452 4.0452 4.0452
9.649000000000001 0 3 1.0 0.0 0.0 0.0 0.0 0.0 0.0 0.0 0.0 0.0 4.0452 4.0452 4.0452 4.0452
9.65 0 3 1.0 0.0 0.0 0.0 0.0 0.0 0.0 0.0 0.0 0.0 4.0452 4.0452 4.0452 4.0452
9.651 0 3 1.0 0.0 0.0 0.0 0.0 0.0 0.0 0.0 0.0 0.0 4.0452 4.0452 4.0452 4.0452
9.652000000000001 0 3 1.0 0.0 0.0 0.0 0.0 0.0 0.0 0.0 0.0 0.0 4.0452 4.0452 4.0452 4.0452
9.653 0 3 1.0 0.0 0.0 0.0 0.0 0.0 0.0 0.0 0.0 0.0 4.0452 4.0452 4.0452 4.0452
9.654 0 3 1.0 0.0 0.0 0.0 0.0 0.0 0.0 0.0 0.0 0.0 4.0452 4.0452 4.0452 4.0452
9.655 0 3 1.0 0.0 0.0 0.0 0.0 0.0 0.0 0.0 0.0 0.0 4.0452 4.0452 4.0452 4.0452
9.656 0 3 1.0 0.0 0.0 0.0 0.0 0.0 0.0 0.0 0.0 0.0 4.0452 4.0452 4.0452 4.0452
9.657 0 3 1.0 0.0 0.0 0.0 0.0 0.0 0.0 0.0 0.0 0.0 4.0452 4.0452 4.0452 4.0452
9.658 0 3 1.0 0.0 0.0 0.0 0.0 0.0 0.0 0.0 0.0 0.0 4.0452 4.0452 4.0452 4.0452
9.659 0 3 1.0 0.0 0.0 0.0 0.0 0.0 0.0 0.0 0.0 0.0 4.0452 4.0452 4.0452 4.0452
9.66 0 3 1.0 0.0 0.0 0.0 0.0 0.0 0.0 0.0 0.0 0.0 4.0452 4.0452 4.0452 4.0452
9.661 0 3 1.0 0.0 0.0 0.0 0.0 0.0 0.0 0.0 0.0 0.0 4.0452 4.0452 4.0452 4.0452
9.662 0 3 1.0 0.0 0.0 0.0 0.0 0.0 0.0 0.0 0.0 0.0 4.0452 4.0452 4.0452 4.0452
9.663 0 3 1.0 0.0 0.0 0.0 0.0 0.0 0.0 0.0 0.0 0.0 4.0452 4.0452 4.0452 4.0452
9.664 0 3 1.0 0.0 0.0 0.0 0.0 0.0 0.0 0.0 0.0 0.0 4.0452 4.0452 4.0452 4.0452
9.665000000000001 0 3 1.0 0.0 0.0 0.0 0.0 0.0 0.0 0.0 0.0 0.0 4.0452 4.0452 4.0452 4.0452
9.666 0 3 1.0 0.0 0.0 0.0 0.0 0.0 0.0 0.0 0.0 0.0 4.0452 4.0452 4.0452 4.0452
9.667 0 3 1.0 0.0 0.0 0.0 0.0 0.0 0.0 0.0 0.0 0.0 4.0452 4.0452 4.0452 4.0452
9.668000000000001 0 3 1.0 0.0 0.0 0.0 0.0 0.0 0.0 0.0 0.0 0.0 4.0452 4.0452 4.0452 4.0452
9.669 0 3 1.0 0.0 0.0 0.0 0.0 0.0 0.0 0.0 0.0 0.0 4.0452 4.0452 4.0452 4.0452
9.67 0 3 1.0 0.0 0.0 0.0 0.0 0.0 0.0 0.0 0.0 0.0 4.0452 4.0452 4.0452 4.0452
9.671 0 3 1.0 0.0 0.0 0.0 0.0 0.0 0.0 0.0 0.0 0.0 4.0452 4.0452 4.0452 4.0452
9.672 0 3 1.0 0.0 0.0 0.0 0.0 0.0 0.0 0.0 0.0 0.0 4.0452 4.0452 4.0452 4.0452
9.673 0 3 1.0 0.0 0.0 0.0 0.0 0.0 0.0 0.0 0.0 0.0 4.0452 4.0452 4.0452 4.0452
9.674 0 3 1.0 0.0 0.0 0.0 0.0 0.0 0.0 0.0 0.0 0.0 4.0452 4.0452 4.0452 4.0452
9.675 0 3 1.0 0.0 0.0 0.0 0.0 0.0 0.0 0.0 0.0 0.0 4.0452 4.0452 4.0452 4.0452
9.676 0 3 1.0 0.0 0.0 0.0 0.0 0.0 0.0 0.0 0.0 0.0 4.0452 4.0452 4.0452 4.0452
9.677 0 3 1.0 0.0 0.0 0.0 0.0 0.0 0.0 0.0 0.0 0.0 4.0452 4.0452 4.0452 4.0452
9.678 0 3 1.0 0.0 0.0 0.0 0.0 0.0 0.0 0.0 0.0 0.0 4.0452 4.0452 4.0452 4.0452
9.679 0 3 1.0 0.0 0.0 0.0 0.0 0.0 0.0 0.0 0.0 0.0 4.0452 4.0452 4.0452 4.0452
9.68 0 3 1.0 0.0 0.0 0.0 0.0 0.0 0.0 0.0 0.0 0.0 4.0452 4.0452 4.0452 4.0452
9.681000000000001 0 3 1.0 0.0 0.0 0.0 0.0 0.0 0.0 0.0 0.0 0.0 4.0452 4.0452 4.0452 4.0452
9.682 0 3 1.0 0.0 0.0 0.0 0.0 0.0 0.0 0.0 0.0 0.0 4.0452 4.0452 4.0452 4.0452
9.683 0 3 1.0 0.0 0.0 0.0 0.0 0.0 0.0 0.0 0.0 0.0 4.0452 4.0452 4.0452 4.0452
9.684000000000001 0 3 1.0 0.0 0.0 0.0 0.0 0.0 0.0 0.0 0.0 0.0 4.0452 4.0452 4.0452 4.0452
9.685 0 3 1.0 0.0 0.0 0.0 0.0 0.0 0.0 0.0 0.0 0.0 4.0452 4.0452 4.0452 4.0452
9.686 0 3 1.0 0.0 0.0 0.0 0.0 0.0 0.0 0.0 0.0 0.0 4.0452 4.0452 4.0452 4.0452
9.687 0 3 1.0 0.0 0.0 0.0 0.0 0.0 0.0 0.0 0.0 0.0 4.0452 4.0452 4.0452 4.0452
9.688 0 3 1.0 0.0 0.0 0.0 0.0 0.0 0.0 0.0 0.0 0.0 4.0452 4.0452 4.0452 4.0452
9.689 0 3 1.0 0.0 0.0 0.0 0.0 0.0 0.0 0.0 0.0 0.0 4.0452 4.0452 4.0452 4.0452
9.69 0 3 1.0 0.0 0.0 0.0 0.0 0.0 0.0 0.0 0.0 0.0 4.0452 4.0452 4.0452 4.0452
9.691 0 3 1.0 0.0 0.0 0.0 0.0 0.0 0.0 0.0 0.0 0.0 4.0452 4.0452 4.0452 4.0452
9.692 0 3 1.0 0.0 0.0 0.0 0.0 0.0 0.0 0.0 0.0 0.0 4.0452 4.0452 4.0452 4.0452
9.693 0 3 1.0 0.0 0.0 0.0 0.0 0.0 0.0 0.0 0.0 0.0 4.0452 4.0452 4.0452 4.0452
9.694 0 3 1.0 0.0 0.0 0.0 0.0 0.0 0.0 0.0 0.0 0.0 4.0452 4.0452 4.0452 4.0452
9.695 0 3 1.0 0.0 0.0 0.0 0.0 0.0 0.0 0.0 0.0 0.0 4.0452 4.0452 4.0452 4.0452
9.696 0 3 1.0 0.0 0.0 0.0 0.0 0.0 0.0 0.0 0.0 0.0 4.0452 4.0452 4.0452 4.0452
9.697000000000001 0 3 1.0 0.0 0.0 0.0 0.0 0.0 0.0 0.0 0.0 0.0 4.0452 4.0452 4.0452 4.0452
9.698 0 3 1.0 0.0 0.0 0.0 0.0 0.0 0.0 0.0 0.0 0.0 4.0452 4.0452 4.0452 4.0452
9.699 0 3 1.0 0.0 0.0 0.0 0.0 0.0 0.0 0.0 0.0 0.0 4.0452 4.0452 4.0452 4.0452
9.700000000000001 0 3 1.0 0.0 0.0 0.0 0.0 0.0 0.0 0.0 0.0 0.0 4.0452 4.0452 4.0452 4.0452
9.701 0 3 1.0 0.0 0.0 0.0 0.0 0.0 0.0 0.0 0.0 0.0 4.0452 4.0452 4.0452 4.0452
9.702 0 3 1.0 0.0 0.0 0.0 0.0 0.0 0.0 0.0 0.0 0.0 4.0452 4.0452 4.0452 4.0452
9.703 0 3 1.0 0.0 0.0 0.0 0.0 0.0 0.0 0.0 0.0 0.0 4.0452 4.0452 4.0452 4.0452
9.704 0 3 1.0 0.0 0.0 0.0 0.0 0.0 0.0 0.0 0.0 0.0 4.0452 4.0452 4.0452 4.0452
9.705 0 3 1.0 0.0 0.0 0.0 0.0 0.0 0.0 0.0 0.0 0.0 4.0452 4.0452 4.0452 4.0452
9.706 0 3 1.0 0.0 0.0 0.0 0.0 0.0 0.0 0.0 0.0 0.0 4.0452 4.0452 4.0452 4.0452
9.707 0 3 1.0 0.0 0.0 0.0 0.0 0.0 0.0 0.0 0.0 0.0 4.0452 4.0452 4.0452 4.0452
9.708 0 3 1.0 0.0 0.0 0.0 0.0 0.0 0.0 0.0 0.0 0.0 4.0452 4.0452 4.0452 4.0452
9.709 0 3 1.0 0.0 0.0 0.0 0.0 0.0 0.0 0.0 0.0 0.0 4.0452 4.0452 4.0452 4.0452
9.71 0 3 1.0 0.0 0.0 0.0 0.0 0.0 0.0 0.0 0.0 0.0 4.0452 4.0452 4.0452 4.0452
9.711 0 3 1.0 0.0 0.0 0.0 0.0 0.0 0.0 0.0 0.0 0.0 4.0452 4.0452 4.0452 4.0452
9.712 0 3 1.0 0.0 0.0 0.0 0.0 0.0 0.0 0.0 0.0 0.0 4.0452 4.0452 4.0452 4.0452
9.713000000000001 0 3 1.0 0.0 0.0 0.0 0.0 0.0 0.0 0.0 0.0 0.0 4.0452 4.0452 4.0452 4.0452
9.714 0 3 1.0 0.0 0.0 0.0 0.0 0.0 0.0 0.0 0.0 0.0 4.0452 4.0452 4.0452 4.0452
9.715 0 3 1.0 0.0 0.0 0.0 0.0 0.0 0.0 0.0 0.0 0.0 4.0452 4.0452 4.0452 4.0452
9.716000000000001 0 3 1.0 0.0 0.0 0.0 0.0 0.0 0.0 0.0 0.0 0.0 4.0452 4.0452 4.0452 4.0452
9.717 0 3 1.0 0.0 0.0 0.0 0.0 0.0 0.0 0.0 0.0 0.0 4.0452 4.0452 4.0452 4.0452
9.718 0 3 1.0 0.0 0.0 0.0 0.0 0.0 0.0 0.0 0.0 0.0 4.0452 4.0452 4.0452 4.0452
9.719 0 3 1.0 0.0 0.0 0.0 0.0 0.0 0.0 0.0 0.0 0.0 4.0452 4.0452 4.0452 4.0452
9.72 0 3 1.0 0.0 0.0 0.0 0.0 0.0 0.0 0.0 0.0 0.0 4.0452 4.0452 4.0452 4.0452
9.721 0 3 1.0 0.0 0.0 0.0 0.0 0.0 0.0 0.0 0.0 0.0 4.0452 4.0452 4.0452 4.0452
9.722 0 3 1.0 0.0 0.0 0.0 0.0 0.0 0.0 0.0 0.0 0.0 4.0452 4.0452 4.0452 4.0452
9.723 0 3 1.0 0.0 0.0 0.0 0.0 0.0 0.0 0.0 0.0 0.0 4.0452 4.0452 4.0452 4.0452
9.724 0 3 1.0 0.0 0.0 0.0 0.0 0.0 0.0 0.0 0.0 0.0 4.0452 4.0452 4.0452 4.0452
9.725 0 3 1.0 0.0 0.0 0.0 0.0 0.0 0.0 0.0 0.0 0.0 4.0452 4.0452 4.0452 4.0452
9.726 0 3 1.0 0.0 0.0 0.0 0.0 0.0 0.0 0.0 0.0 0.0 4.0452 4.0452 4.0452 4.0452
9.727 0 3 1.0 0.0 0.0 0.0 0.0 0.0 0.0 0.0 0.0 0.0 4.0452 4.0452 4.0452 4.0452
9.728 0 3 1.0 0.0 0.0 0.0 0.0 0.0 0.0 0.0 0.0 0.0 4.0452 4.0452 4.0452 4.0452
9.729000000000001 0 3 1.0 0.0 0.0 0.0 0.0 0.0 0.0 0.0 0.0 0.0 4.0452 4.0452 4.0452 4.0452
9.73 0 3 1.0 0.0 0.0 0.0 0.0 0.0 0.0 0.0 0.0 0.0 4.0452 4.0452 4.0452 4.0452
9.731 0 3 1.0 0.0 0.0 0.0 0.0 0.0 0.0 0.0 0.0 0.0 4.0452 4.0452 4.0452 4.0452
9.732 0 3 1.0 0.0 0.0 0.0 0.0 0.0 0.0 0.0 0.0 0.0 4.0452 4.0452 4.0452 4.0452
9.733 0 3 1.0 0.0 0.0 0.0 0.0 0.0 0.0 0.0 0.0 0.0 4.0452 4.0452 4.0452 4.0452
9.734 0 3 1.0 0.0 0.0 0.0 0.0 0.0 0.0 0.0 0.0 0.0 4.0452 4.0452 4.0452 4.0452
9.735 0 3 1.0 0.0 0.0 0.0 0.0 0.0 0.0 0.0 0.0 0.0 4.0452 4.0452 4.0452 4.0452
9.736 0 3 1.0 0.0 0.0 0.0 0.0 0.0 0.0 0.0 0.0 0.0 4.0452 4.0452 4.0452 4.0452
9.737 0 3 1.0 0.0 0.0 0.0 0.0 0.0 0.0 0.0 0.0 0.0 4.0452 4.0452 4.0452 4.0452
9.738 0 3 1.0 0.0 0.0 0.0 0.0 0.0 0.0 0.0 0.0 0.0 4.0452 4.0452 4.0452 4.0452
9.739 0 3 1.0 0.0 0.0 0.0 0.0 0.0 0.0 0.0 0.0 0.0 4.0452 4.0452 4.0452 4.0452
9.74 0 3 1.0 0.0 0.0 0.0 0.0 0.0 0.0 0.0 0.0 0.0 4.0452 4.0452 4.0452 4.0452
9.741 0 3 1.0 0.0 0.0 0.0 0.0 0.0 0.0 0.0 0.0 0.0 4.0452 4.0452 4.0452 4.0452
9.742 0 3 1.0 0.0 0.0 0.0 0.0 0.0 0.0 0.0 0.0 0.0 4.0452 4.0452 4.0452 4.0452
9.743 0 3 1.0 0.0 0.0 0.0 0.0 0.0 0.0 0.0 0.0 0.0 4.0452 4.0452 4.0452 4.0452
9.744 0 3 1.0 0.0 0.0 0.0 0.0 0.0 0.0 0.0 0.0 0.0 4.0452 4.0452 4.0452 4.0452
9.745000000000001 0 3 1.0 0.0 0.0 0.0 0.0 0.0 0.0 0.0 0.0 0.0 4.0452 4.0452 4.0452 4.0452
9.746 0 3 1.0 0.0 0.0 0.0 0.0 0.0 0.0 0.0 0.0 0.0 4.0452 4.0452 4.0452 4.0452
9.747 0 3 1.0 0.0 0.0 0.0 0.0 0.0 0.0 0.0 0.0 0.0 4.0452 4.0452 4.0452 4.0452
9.748 0 3 1.0 0.0 0.0 0.0 0.0 0.0 0.0 0.0 0.0 0.0 4.0452 4.0452 4.0452 4.0452
9.749 0 3 1.0 0.0 0.0 0.0 0.0 0.0 0.0 0.0 0.0 0.0 4.0452 4.0452 4.0452 4.0452
9.75 0 3 1.0 0.0 0.0 0.0 0.0 0.0 0.0 0.0 0.0 0.0 4.0452 4.0452 4.0452 4.0452
9.751 0 3 1.0 0.0 0.0 0.0 0.0 0.0 0.0 0.0 0.0 0.0 4.0452 4.0452 4.0452 4.0452
9.752 0 3 1.0 0.0 0.0 0.0 0.0 0.0 0.0 0.0 0.0 0.0 4.0452 4.0452 4.0452 4.0452
9.753 0 3 1.0 0.0 0.0 0.0 0.0 0.0 0.0 0.0 0.0 0.0 4.0452 4.0452 4.0452 4.0452
9.754 0 3 1.0 0.0 0.0 0.0 0.0 0.0 0.0 0.0 0.0 0.0 4.0452 4.0452 4.0452 4.0452
9.755 0 3 1.0 0.0 0.0 0.0 0.0 0.0 0.0 0.0 0.0 0.0 4.0452 4.0452 4.0452 4.0452
9.756 0 3 1.0 0.0 0.0 0.0 0.0 0.0 0.0 0.0 0.0 0.0 4.0452 4.0452 4.0452 4.0452
9.757 0 3 1.0 0.0 0.0 0.0 0.0 0.0 0.0 0.0 0.0 0.0 4.0452 4.0452 4.0452 4.0452
9.758000000000001 0 3 1.0 0.0 0.0 0.0 0.0 0.0 0.0 0.0 0.0 0.0 4.0452 4.0452 4.0452 4.0452
9.759 0 3 1.0 0.0 0.0 0.0 0.0 0.0 0.0 0.0 0.0 0.0 4.0452 4.0452 4.0452 4.0452
9.76 0 3 1.0 0.0 0.0 0.0 0.0 0.0 0.0 0.0 0.0 0.0 4.0452 4.0452 4.0452 4.0452
9.761000000000001 0 3 1.0 0.0 0.0 0.0 0.0 0.0 0.0 0.0 0.0 0.0 4.0452 4.0452 4.0452 4.0452
9.762 0 3 1.0 0.0 0.0 0.0 0.0 0.0 0.0 0.0 0.0 0.0 4.0452 4.0452 4.0452 4.0452
9.763 0 3 1.0 0.0 0.0 0.0 0.0 0.0 0.0 0.0 0.0 0.0 4.0452 4.0452 4.0452 4.0452
9.764 0 3 1.0 0.0 0.0 0.0 0.0 0.0 0.0 0.0 0.0 0.0 4.0452 4.0452 4.0452 4.0452
9.765 0 3 1.0 0.0 0.0 0.0 0.0 0.0 0.0 0.0 0.0 0.0 4.0452 4.0452 4.0452 4.0452
9.766 0 3 1.0 0.0 0.0 0.0 0.0 0.0 0.0 0.0 0.0 0.0 4.0452 4.0452 4.0452 4.0452
9.767 0 3 1.0 0.0 0.0 0.0 0.0 0.0 0.0 0.0 0.0 0.0 4.0452 4.0452 4.0452 4.0452
9.768 0 3 1.0 0.0 0.0 0.0 0.0 0.0 0.0 0.0 0.0 0.0 4.0452 4.0452 4.0452 4.0452
9.769 0 3 1.0 0.0 0.0 0.0 0.0 0.0 0.0 0.0 0.0 0.0 4.0452 4.0452 4.0452 4.0452
9.77 0 3 1.0 0.0 0.0 0.0 0.0 0.0 0.0 0.0 0.0 0.0 4.0452 4.0452 4.0452 4.0452
9.771 0 3 1.0 0.0 0.0 0.0 0.0 0.0 0.0 0.0 0.0 0.0 4.0452 4.0452 4.0452 4.0452
9.772 0 3 1.0 0.0 0.0 0.0 0.0 0.0 0.0 0.0 0.0 0.0 4.0452 4.0452 4.0452 4.0452
9.773 0 3 1.0 0.0 0.0 0.0 0.0 0.0 0.0 0.0 0.0 0.0 4.0452 4.0452 4.0452 4.0452
9.774000000000001 0 3 1.0 0.0 0.0 0.0 0.0 0.0 0.0 0.0 0.0 0.0 4.0452 4.0452 4.0452 4.0452
9.775 0 3 1.0 0.0 0.0 0.0 0.0 0.0 0.0 0.0 0.0 0.0 4.0452 4.0452 4.0452 4.0452
9.776 0 3 1.0 0.0 0.0 0.0 0.0 0.0 0.0 0.0 0.0 0.0 4.0452 4.0452 4.0452 4.0452
9.777000000000001 0 3 1.0 0.0 0.0 0.0 0.0 0.0 0.0 0.0 0.0 0.0 4.0452 4.0452 4.0452 4.0452
9.778 0 3 1.0 0.0 0.0 0.0 0.0 0.0 0.0 0.0 0.0 0.0 4.0452 4.0452 4.0452 4.0452
9.779 0 3 1.0 0.0 0.0 0.0 0.0 0.0 0.0 0.0 0.0 0.0 4.0452 4.0452 4.0452 4.0452
9.78 0 3 1.0 0.0 0.0 0.0 0.0 0.0 0.0 0.0 0.0 0.0 4.0452 4.0452 4.0452 4.0452
9.781 0 3 1.0 0.0 0.0 0.0 0.0 0.0 0.0 0.0 0.0 0.0 4.0452 4.0452 4.0452 4.0452
9.782 0 3 1.0 0.0 0.0 0.0 0.0 0.0 0.0 0.0 0.0 0.0 4.0452 4.0452 4.0452 4.0452
9.783 0 3 1.0 0.0 0.0 0.0 0.0 0.0 0.0 0.0 0.0 0.0 4.0452 4.0452 4.0452 4.0452
9.784 0 3 1.0 0.0 0.0 0.0 0.0 0.0 0.0 0.0 0.0 0.0 4.0452 4.0452 4.0452 4.0452
9.785 0 3 1.0 0.0 0.0 0.0 0.0 0.0 0.0 0.0 0.0 0.0 4.0452 4.0452 4.0452 4.0452
9.786 0 3 1.0 0.0 0.0 0.0 0.0 0.0 0.0 0.0 0.0 0.0 4.0452 4.0452 4.0452 4.0452
9.787 0 3 1.0 0.0 0.0 0.0 0.0 0.0 0.0 0.0 0.0 0.0 4.0452 4.0452 4.0452 4.0452
9.788 0 3 1.0 0.0 0.0 0.0 0.0 0.0 0.0 0.0 0.0 0.0 4.0452 4.0452 4.0452 4.0452
9.789 0 3 1.0 0.0 0.0 0.0 0.0 0.0 0.0 0.0 0.0 0.0 4.0452 4.0452 4.0452 4.0452
9.790000000000001 0 3 1.0 0.0 0.0 0.0 0.0 0.0 0.0 0.0 0.0 0.0 4.0452 4.0452 4.0452 4.0452
9.791 0 3 1.0 0.0 0.0 0.0 0.0 0.0 0.0 0.0 0.0 0.0 4.0452 4.0452 4.0452 4.0452
9.792 0 3 1.0 0.0 0.0 0.0 0.0 0.0 0.0 0.0 0.0 0.0 4.0452 4.0452 4.0452 4.0452
9.793000000000001 0 3 1.0 0.0 0.0 0.0 0.0 0.0 0.0 0.0 0.0 0.0 4.0452 4.0452 4.0452 4.0452
9.794 0 3 1.0 0.0 0.0 0.0 0.0 0.0 0.0 0.0 0.0 0.0 4.0452 4.0452 4.0452 4.0452
9.795 0 3 1.0 0.0 0.0 0.0 0.0 0.0 0.0 0.0 0.0 0.0 4.0452 4.0452 4.0452 4.0452
9.796 0 3 1.0 0.0 0.0 0.0 0.0 0.0 0.0 0.0 0.0 0.0 4.0452 4.0452 4.0452 4.0452
9.797 0 3 1.0 0.0 0.0 0.0 0.0 0.0 0.0 0.0 0.0 0.0 4.0452 4.0452 4.0452 4.0452
9.798 0 3 1.0 0.0 0.0 0.0 0.0 0.0 0.0 0.0 0.0 0.0 4.0452 4.0452 4.0452 4.0452
9.799 0 3 1.0 0.0 0.0 0.0 0.0 0.0 0.0 0.0 0.0 0.0 4.0452 4.0452 4.0452 4.0452
9.8 0 3 1.0 0.0 0.0 0.0 0.0 0.0 0.0 0.0 0.0 0.0 4.0452 4.0452 4.0452 4.0452
9.801 0 3 1.0 0.0 0.0 0.0 0.0 0.0 0.0 0.0 0.0 0.0 4.0452 4.0452 4.0452 4.0452
9.802 0 3 1.0 0.0 0.0 0.0 0.0 0.0 0.0 0.0 0.0 0.0 4.0452 4.0452 4.0452 4.0452
9.803 0 3 1.0 0.0 0.0 0.0 0.0 0.0 0.0 0.0 0.0 0.0 4.0452 4.0452 4.0452 4.0452
9.804 0 3 1.0 0.0 0.0 0.0 0.0 0.0 0.0 0.0 0.0 0.0 4.0452 4.0452 4.0452 4.0452
9.805 0 3 1.0 0.0 0.0 0.0 0.0 0.0 0.0 0.0 0.0 0.0 4.0452 4.0452 4.0452 4.0452
9.806000000000001 0 3 1.0 0.0 0.0 0.0 0.0 0.0 0.0 0.0 0.0 0.0 4.0452 4.0452 4.0452 4.0452
9.807 0 3 1.0 0.0 0.0 0.0 0.0 0.0 0.0 0.0 0.0 0.0 4.0452 4.0452 4.0452 4.0452
9.808 0 3 1.0 0.0 0.0 0.0 0.0 0.0 0.0 0.0 0.0 0.0 4.0452 4.0452 4.0452 4.0452
9.809000000000001 0 3 1.0 0.0 0.0 0.0 0.0 0.0 0.0 0.0 0.0 0.0 4.0452 4.0452 4.0452 4.0452
9.81 0 3 1.0 0.0 0.0 0.0 0.0 0.0 0.0 0.0 0.0 0.0 4.0452 4.0452 4.0452 4.0452
9.811 0 3 1.0 0.0 0.0 0.0 0.0 0.0 0.0 0.0 0.0 0.0 4.0452 4.0452 4.0452 4.0452
9.812 0 3 1.0 0.0 0.0 0.0 0.0 0.0 0.0 0.0 0.0 0.0 4.0452 4.0452 4.0452 4.0452
9.813 0 3 1.0 0.0 0.0 0.0 0.0 0.0 0.0 0.0 0.0 0.0 4.0452 4.0452 4.0452 4.0452
9.814 0 3 1.0 0.0 0.0 0.0 0.0 0.0 0.0 0.0 0.0 0.0 4.0452 4.0452 4.0452 4.0452
9.815 0 3 1.0 0.0 0.0 0.0 0.0 0.0 0.0 0.0 0.0 0.0 4.0452 4.0452 4.0452 4.0452
9.816 0 3 1.0 0.0 0.0 0.0 0.0 0.0 0.0 0.0 0.0 0.0 4.0452 4.0452 4.0452 4.0452
9.817 0 3 1.0 0.0 0.0 0.0 0.0 0.0 0.0 0.0 0.0 0.0 4.0452 4.0452 4.0452 4.0452
9.818 0 3 1.0 0.0 0.0 0.0 0.0 0.0 0.0 0.0 0.0 0.0 4.0452 4.0452 4.0452 4.0452
9.819 0 3 1.0 0.0 0.0 0.0 0.0 0.0 0.0 0.0 0.0 0.0 4.0452 4.0452 4.0452 4.0452
9.82 0 3 1.0 0.0 0.0 0.0 0.0 0.0 0.0 0.0 0.0 0.0 4.0452 4.0452 4.0452 4.0452
9.821 0 3 1.0 0.0 0.0 0.0 0.0 0.0 0.0 0.0 0.0 0.0 4.0452 4.0452 4.0452 4.0452
9.822000000000001 0 3 1.0 0.0 0.0 0.0 0.0 0.0 0.0 0.0 0.0 0.0 4.0452 4.0452 4.0452 4.0452
9.823 0 3 1.0 0.0 0.0 0.0 0.0 0.0 0.0 0.0 0.0 0.0 4.0452 4.0452 4.0452 4.0452
9.824 0 3 1.0 0.0 0.0 0.0 0.0 0.0 0.0 0.0 0.0 0.0 4.0452 4.0452 4.0452 4.0452
9.825000000000001 0 3 1.0 0.0 0.0 0.0 0.0 0.0 0.0 0.0 0.0 0.0 4.0452 4.0452 4.0452 4.0452
9.826 0 3 1.0 0.0 0.0 0.0 0.0 0.0 0.0 0.0 0.0 0.0 4.0452 4.0452 4.0452 4.0452
9.827 0 3 1.0 0.0 0.0 0.0 0.0 0.0 0.0 0.0 0.0 0.0 4.0452 4.0452 4.0452 4.0452
9.828 0 3 1.0 0.0 0.0 0.0 0.0 0.0 0.0 0.0 0.0 0.0 4.0452 4.0452 4.0452 4.0452
9.829 0 3 1.0 0.0 0.0 0.0 0.0 0.0 0.0 0.0 0.0 0.0 4.0452 4.0452 4.0452 4.0452
9.83 0 3 1.0 0.0 0.0 0.0 0.0 0.0 0.0 0.0 0.0 0.0 4.0452 4.0452 4.0452 4.0452
9.831 0 3 1.0 0.0 0.0 0.0 0.0 0.0 0.0 0.0 0.0 0.0 4.0452 4.0452 4.0452 4.0452
9.832 0 3 1.0 0.0 0.0 0.0 0.0 0.0 0.0 0.0 0.0 0.0 4.0452 4.0452 4.0452 4.0452
9.833 0 3 1.0 0.0 0.0 0.0 0.0 0.0 0.0 0.0 0.0 0.0 4.0452 4.0452 4.0452 4.0452
9.834 0 3 1.0 0.0 0.0 0.0 0.0 0.0 0.0 0.0 0.0 0.0 4.0452 4.0452 4.0452 4.0452
9.835 0 3 1.0 0.0 0.0 0.0 0.0 0.0 0.0 0.0 0.0 0.0 4.0452 4.0452 4.0452 4.0452
9.836 0 3 1.0 0.0 0.0 0.0 0.0 0.0 0.0 0.0 0.0 0.0 4.0452 4.0452 4.0452 4.0452
9.837 0 3 1.0 0.0 0.0 0.0 0.0 0.0 0.0 0.0 0.0 0.0 4.0452 4.0452 4.0452 4.0452
9.838000000000001 0 3 1.0 0.0 0.0 0.0 0.0 0.0 0.0 0.0 0.0 0.0 4.0452 4.0452 4.0452 4.0452
9.839 0 3 1.0 0.0 0.0 0.0 0.0 0.0 0.0 0.0 0.0 0.0 4.0452 4.0452 4.0452 4.0452
9.84 0 3 1.0 0.0 0.0 0.0 0.0 0.0 0.0 0.0 0.0 0.0 4.0452 4.0452 4.0452 4.0452
9.841000000000001 0 3 1.0 0.0 0.0 0.0 0.0 0.0 0.0 0.0 0.0 0.0 4.0452 4.0452 4.0452 4.0452
9.842 0 3 1.0 0.0 0.0 0.0 0.0 0.0 0.0 0.0 0.0 0.0 4.0452 4.0452 4.0452 4.0452
9.843 0 3 1.0 0.0 0.0 0.0 0.0 0.0 0.0 0.0 0.0 0.0 4.0452 4.0452 4.0452 4.0452
9.844 0 3 1.0 0.0 0.0 0.0 0.0 0.0 0.0 0.0 0.0 0.0 4.0452 4.0452 4.0452 4.0452
9.845 0 3 1.0 0.0 0.0 0.0 0.0 0.0 0.0 0.0 0.0 0.0 4.0452 4.0452 4.0452 4.0452
9.846 0 3 1.0 0.0 0.0 0.0 0.0 0.0 0.0 0.0 0.0 0.0 4.0452 4.0452 4.0452 4.0452
9.847 0 3 1.0 0.0 0.0 0.0 0.0 0.0 0.0 0.0 0.0 0.0 4.0452 4.0452 4.0452 4.0452
9.848 0 3 1.0 0.0 0.0 0.0 0.0 0.0 0.0 0.0 0.0 0.0 4.0452 4.0452 4.0452 4.0452
9.849 0 3 1.0 0.0 0.0 0.0 0.0 0.0 0.0 0.0 0.0 0.0 4.0452 4.0452 4.0452 4.0452
9.85 0 3 1.0 0.0 0.0 0.0 0.0 0.0 0.0 0.0 0.0 0.0 4.0452 4.0452 4.0452 4.0452
9.851 0 3 1.0 0.0 0.0 0.0 0.0 0.0 0.0 0.0 0.0 0.0 4.0452 4.0452 4.0452 4.0452
9.852 0 3 1.0 0.0 0.0 0.0 0.0 0.0 0.0 0.0 0.0 0.0 4.0452 4.0452 4.0452 4.0452
9.853 0 3 1.0 0.0 0.0 0.0 0.0 0.0 0.0 0.0 0.0 0.0 4.0452 4.0452 4.0452 4.0452
9.854000000000001 0 3 1.0 0.0 0.0 0.0 0.0 0.0 0.0 0.0 0.0 0.0 4.0452 4.0452 4.0452 4.0452
9.855 0 3 1.0 0.0 0.0 0.0 0.0 0.0 0.0 0.0 0.0 0.0 4.0452 4.0452 4.0452 4.0452
9.856 0 3 1.0 0.0 0.0 0.0 0.0 0.0 0.0 0.0 0.0 0.0 4.0452 4.0452 4.0452 4.0452
9.857 0 3 1.0 0.0 0.0 0.0 0.0 0.0 0.0 0.0 0.0 0.0 4.0452 4.0452 4.0452 4.0452
9.858 0 3 1.0 0.0 0.0 0.0 0.0 0.0 0.0 0.0 0.0 0.0 4.0452 4.0452 4.0452 4.0452
9.859 0 3 1.0 0.0 0.0 0.0 0.0 0.0 0.0 0.0 0.0 0.0 4.0452 4.0452 4.0452 4.0452
9.86 0 3 1.0 0.0 0.0 0.0 0.0 0.0 0.0 0.0 0.0 0.0 4.0452 4.0452 4.0452 4.0452
9.861 0 3 1.0 0.0 0.0 0.0 0.0 0.0 0.0 0.0 0.0 0.0 4.0452 4.0452 4.0452 4.0452
9.862 0 3 1.0 0.0 0.0 0.0 0.0 0.0 0.0 0.0 0.0 0.0 4.0452 4.0452 4.0452 4.0452
9.863 0 3 1.0 0.0 0.0 0.0 0.0 0.0 0.0 0.0 0.0 0.0 4.0452 4.0452 4.0452 4.0452
9.864 0 3 1.0 0.0 0.0 0.0 0.0 0.0 0.0 0.0 0.0 0.0 4.0452 4.0452 4.0452 4.0452
9.865 0 3 1.0 0.0 0.0 0.0 0.0 0.0 0.0 0.0 0.0 0.0 4.0452 4.0452 4.0452 4.0452
9.866 0 3 1.0 0.0 0.0 0.0 0.0 0.0 0.0 0.0 0.0 0.0 4.0452 4.0452 4.0452 4.0452
9.867 0 3 1.0 0.0 0.0 0.0 0.0 0.0 0.0 0.0 0.0 0.0 4.0452 4.0452 4.0452 4.0452
9.868 0 3 1.0 0.0 0.0 0.0 0.0 0.0 0.0 0.0 0.0 0.0 4.0452 4.0452 4.0452 4.0452
9.869 0 3 1.0 0.0 0.0 0.0 0.0 0.0 0.0 0.0 0.0 0.0 4.0452 4.0452 4.0452 4.0452
9.870000000000001 0 3 1.0 0.0 0.0 0.0 0.0 0.0 0.0 0.0 0.0 0.0 4.0452 4.0452 4.0452 4.0452
9.871 0 3 1.0 0.0 0.0 0.0 0.0 0.0 0.0 0.0 0.0 0.0 4.0452 4.0452 4.0452 4.0452
9.872 0 3 1.0 0.0 0.0 0.0 0.0 0.0 0.0 0.0 0.0 0.0 4.0452 4.0452 4.0452 4.0452
9.873 0 3 1.0 0.0 0.0 0.0 0.0 0.0 0.0 0.0 0.0 0.0 4.0452 4.0452 4.0452 4.0452
9.874 0 3 1.0 0.0 0.0 0.0 0.0 0.0 0.0 0.0 0.0 0.0 4.0452 4.0452 4.0452 4.0452
9.875 0 3 1.0 0.0 0.0 0.0 0.0 0.0 0.0 0.0 0.0 0.0 4.0452 4.0452 4.0452 4.0452
9.876 0 3 1.0 0.0 0.0 0.0 0.0 0.0 0.0 0.0 0.0 0.0 4.0452 4.0452 4.0452 4.0452
9.877 0 3 1.0 0.0 0.0 0.0 0.0 0.0 0.0 0.0 0.0 0.0 4.0452 4.0452 4.0452 4.0452
9.878 0 3 1.0 0.0 0.0 0.0 0.0 0.0 0.0 0.0 0.0 0.0 4.0452 4.0452 4.0452 4.0452
9.879 0 3 1.0 0.0 0.0 0.0 0.0 0.0 0.0 0.0 0.0 0.0 4.0452 4.0452 4.0452 4.0452
9.88 0 3 1.0 0.0 0.0 0.0 0.0 0.0 0.0 0.0 0.0 0.0 4.0452 4.0452 4.0452 4.0452
9.881 0 3 1.0 0.0 0.0 0.0 0.0 0.0 0.0 0.0 0.0 0.0 4.0452 4.0452 4.0452 4.0452
9.882 0 3 1.0 0.0 0.0 0.0 0.0 0.0 0.0 0.0 0.0 0.0 4.0452 4.0452 4.0452 4.0452
9.883000000000001 0 3 1.0 0.0 0.0 0.0 0.0 0.0 0.0 0.0 0.0 0.0 4.0452 4.0452 4.0452 4.0452
9.884 0 3 1.0 0.0 0.0 0.0 0.0 0.0 0.0 0.0 0.0 0.0 4.0452 4.0452 4.0452 4.0452
9.885 0 3 1.0 0.0 0.0 0.0 0.0 0.0 0.0 0.0 0.0 0.0 4.0452 4.0452 4.0452 4.0452
9.886000000000001 0 3 1.0 0.0 0.0 0.0 0.0 0.0 0.0 0.0 0.0 0.0 4.0452 4.0452 4.0452 4.0452
9.887 0 3 1.0 0.0 0.0 0.0 0.0 0.0 0.0 0.0 0.0 0.0 4.0452 4.0452 4.0452 4.0452
9.888 0 3 1.0 0.0 0.0 0.0 0.0 0.0 0.0 0.0 0.0 0.0 4.0452 4.0452 4.0452 4.0452
9.889 0 3 1.0 0.0 0.0 0.0 0.0 0.0 0.0 0.0 0.0 0.0 4.0452 4.0452 4.0452 4.0452
9.89 0 3 1.0 0.0 0.0 0.0 0.0 0.0 0.0 0.0 0.0 0.0 4.0452 4.0452 4.0452 4.0452
9.891 0 3 1.0 0.0 0.0 0.0 0.0 0.0 0.0 0.0 0.0 0.0 4.0452 4.0452 4.0452 4.0452
9.892 0 3 1.0 0.0 0.0 0.0 0.0 0.0 0.0 0.0 0.0 0.0 4.0452 4.0452 4.0452 4.0452
9.893 0 3 1.0 0.0 0.0 0.0 0.0 0.0 0.0 0.0 0.0 0.0 4.0452 4.0452 4.0452 4.0452
9.894 0 3 1.0 0.0 0.0 0.0 0.0 0.0 0.0 0.0 0.0 0.0 4.0452 4.0452 4.0452 4.0452
9.895 0 3 1.0 0.0 0.0 0.0 0.0 0.0 0.0 0.0 0.0 0.0 4.0452 4.0452 4.0452 4.0452
9.896 0 3 1.0 0.0 0.0 0.0 0.0 0.0 0.0 0.0 0.0 0.0 4.0452 4.0452 4.0452 4.0452
9.897 0 3 1.0 0.0 0.0 0.0 0.0 0.0 0.0 0.0 0.0 0.0 4.0452 4.0452 4.0452 4.0452
9.898 0 3 1.0 0.0 0.0 0.0 0.0 0.0 0.0 0.0 0.0 0.0 4.0452 4.0452 4.0452 4.0452
9.899000000000001 0 3 1.0 0.0 0.0 0.0 0.0 0.0 0.0 0.0 0.0 0.0 4.0452 4.0452 4.0452 4.0452
9.9 0 3 1.0 0.0 0.0 0.0 0.0 0.0 0.0 0.0 0.0 0.0 4.0452 4.0452 4.0452 4.0452
9.901 0 3 1.0 0.0 0.0 0.0 0.0 0.0 0.0 0.0 0.0 0.0 4.0452 4.0452 4.0452 4.0452
9.902000000000001 0 3 1.0 0.0 0.0 0.0 0.0 0.0 0.0 0.0 0.0 0.0 4.0452 4.0452 4.0452 4.0452
9.903 0 3 1.0 0.0 0.0 0.0 0.0 0.0 0.0 0.0 0.0 0.0 4.0452 4.0452 4.0452 4.0452
9.904 0 3 1.0 0.0 0.0 0.0 0.0 0.0 0.0 0.0 0.0 0.0 4.0452 4.0452 4.0452 4.0452
9.905 0 3 1.0 0.0 0.0 0.0 0.0 0.0 0.0 0.0 0.0 0.0 4.0452 4.0452 4.0452 4.0452
9.906 0 3 1.0 0.0 0.0 0.0 0.0 0.0 0.0 0.0 0.0 0.0 4.0452 4.0452 4.0452 4.0452
9.907 0 3 1.0 0.0 0.0 0.0 0.0 0.0 0.0 0.0 0.0 0.0 4.0452 4.0452 4.0452 4.0452
9.908 0 3 1.0 0.0 0.0 0.0 0.0 0.0 0.0 0.0 0.0 0.0 4.0452 4.0452 4.0452 4.0452
9.909 0 3 1.0 0.0 0.0 0.0 0.0 0.0 0.0 0.0 0.0 0.0 4.0452 4.0452 4.0452 4.0452
9.91 0 3 1.0 0.0 0.0 0.0 0.0 0.0 0.0 0.0 0.0 0.0 4.0452 4.0452 4.0452 4.0452
9.911 0 3 1.0 0.0 0.0 0.0 0.0 0.0 0.0 0.0 0.0 0.0 4.0452 4.0452 4.0452 4.0452
9.912 0 3 1.0 0.0 0.0 0.0 0.0 0.0 0.0 0.0 0.0 0.0 4.0452 4.0452 4.0452 4.0452
9.913 0 3 1.0 0.0 0.0 0.0 0.0 0.0 0.0 0.0 0.0 0.0 4.0452 4.0452 4.0452 4.0452
9.914 0 3 1.0 0.0 0.0 0.0 0.0 0.0 0.0 0.0 0.0 0.0 4.0452 4.0452 4.0452 4.0452
9.915000000000001 0 3 1.0 0.0 0.0 0.0 0.0 0.0 0.0 0.0 0.0 0.0 4.0452 4.0452 4.0452 4.0452
9.916 0 3 1.0 0.0 0.0 0.0 0.0 0.0 0.0 0.0 0.0 0.0 4.0452 4.0452 4.0452 4.0452
9.917 0 3 1.0 0.0 0.0 0.0 0.0 0.0 0.0 0.0 0.0 0.0 4.0452 4.0452 4.0452 4.0452
9.918000000000001 0 3 1.0 0.0 0.0 0.0 0.0 0.0 0.0 0.0 0.0 0.0 4.0452 4.0452 4.0452 4.0452
9.919 0 3 1.0 0.0 0.0 0.0 0.0 0.0 0.0 0.0 0.0 0.0 4.0452 4.0452 4.0452 4.0452
9.92 0 3 1.0 0.0 0.0 0.0 0.0 0.0 0.0 0.0 0.0 0.0 4.0452 4.0452 4.0452 4.0452
9.921 0 3 1.0 0.0 0.0 0.0 0.0 0.0 0.0 0.0 0.0 0.0 4.0452 4.0452 4.0452 4.0452
9.922 0 3 1.0 0.0 0.0 0.0 0.0 0.0 0.0 0.0 0.0 0.0 4.0452 4.0452 4.0452 4.0452
9.923 0 3 1.0 0.0 0.0 0.0 0.0 0.0 0.0 0.0 0.0 0.0 4.0452 4.0452 4.0452 4.0452
9.924 0 3 1.0 0.0 0.0 0.0 0.0 0.0 0.0 0.0 0.0 0.0 4.0452 4.0452 4.0452 4.0452
9.925 0 3 1.0 0.0 0.0 0.0 0.0 0.0 0.0 0.0 0.0 0.0 4.0452 4.0452 4.0452 4.0452
9.926 0 3 1.0 0.0 0.0 0.0 0.0 0.0 0.0 0.0 0.0 0.0 4.0452 4.0452 4.0452 4.0452
9.927 0 3 1.0 0.0 0.0 0.0 0.0 0.0 0.0 0.0 0.0 0.0 4.0452 4.0452 4.0452 4.0452
9.928 0 3 1.0 0.0 0.0 0.0 0.0 0.0 0.0 0.0 0.0 0.0 4.0452 4.0452 4.0452 4.0452
9.929 0 3 1.0 0.0 0.0 0.0 0.0 0.0 0.0 0.0 0.0 0.0 4.0452 4.0452 4.0452 4.0452
9.93 0 3 1.0 0.0 0.0 0.0 0.0 0.0 0.0 0.0 0.0 0.0 4.0452 4.0452 4.0452 4.0452
9.931000000000001 0 3 1.0 0.0 0.0 0.0 0.0 0.0 0.0 0.0 0.0 0.0 4.0452 4.0452 4.0452 4.0452
9.932 0 3 1.0 0.0 0.0 0.0 0.0 0.0 0.0 0.0 0.0 0.0 4.0452 4.0452 4.0452 4.0452
9.933 0 3 1.0 0.0 0.0 0.0 0.0 0.0 0.0 0.0 0.0 0.0 4.0452 4.0452 4.0452 4.0452
9.934000000000001 0 3 1.0 0.0 0.0 0.0 0.0 0.0 0.0 0.0 0.0 0.0 4.0452 4.0452 4.0452 4.0452
9.935 0 3 1.0 0.0 0.0 0.0 0.0 0.0 0.0 0.0 0.0 0.0 4.0452 4.0452 4.0452 4.0452
9.936 0 3 1.0 0.0 0.0 0.0 0.0 0.0 0.0 0.0 0.0 0.0 4.0452 4.0452 4.0452 4.0452
9.937 0 3 1.0 0.0 0.0 0.0 0.0 0.0 0.0 0.0 0.0 0.0 4.0452 4.0452 4.0452 4.0452
9.938 0 3 1.0 0.0 0.0 0.0 0.0 0.0 0.0 0.0 0.0 0.0 4.0452 4.0452 4.0452 4.0452
9.939 0 3 1.0 0.0 0.0 0.0 0.0 0.0 0.0 0.0 0.0 0.0 4.0452 4.0452 4.0452 4.0452
9.94 0 3 1.0 0.0 0.0 0.0 0.0 0.0 0.0 0.0 0.0 0.0 4.0452 4.0452 4.0452 4.0452
9.941 0 3 1.0 0.0 0.0 0.0 0.0 0.0 0.0 0.0 0.0 0.0 4.0452 4.0452 4.0452 4.0452
9.942 0 3 1.0 0.0 0.0 0.0 0.0 0.0 0.0 0.0 0.0 0.0 4.0452 4.0452 4.0452 4.0452
9.943 0 3 1.0 0.0 0.0 0.0 0.0 0.0 0.0 0.0 0.0 0.0 4.0452 4.0452 4.0452 4.0452
9.944 0 3 1.0 0.0 0.0 0.0 0.0 0.0 0.0 0.0 0.0 0.0 4.0452 4.0452 4.0452 4.0452
9.945 0 3 1.0 0.0 0.0 0.0 0.0 0.0 0.0 0.0 0.0 0.0 4.0452 4.0452 4.0452 4.0452
9.946 0 3 1.0 0.0 0.0 0.0 0.0 0.0 0.0 0.0 0.0 0.0 4.0452 4.0452 4.0452 4.0452
9.947000000000001 0 3 1.0 0.0 0.0 0.0 0.0 0.0 0.0 0.0 0.0 0.0 4.0452 4.0452 4.0452 4.0452
9.948 0 3 1.0 0.0 0.0 0.0 0.0 0.0 0.0 0.0 0.0 0.0 4.0452 4.0452 4.0452 4.0452
9.949 0 3 1.0 0.0 0.0 0.0 0.0 0.0 0.0 0.0 0.0 0.0 4.0452 4.0452 4.0452 4.0452
9.950000000000001 0 3 1.0 0.0 0.0 0.0 0.0 0.0 0.0 0.0 0.0 0.0 4.0452 4.0452 4.0452 4.0452
9.951 0 3 1.0 0.0 0.0 0.0 0.0 0.0 0.0 0.0 0.0 0.0 4.0452 4.0452 4.0452 4.0452
9.952 0 3 1.0 0.0 0.0 0.0 0.0 0.0 0.0 0.0 0.0 0.0 4.0452 4.0452 4.0452 4.0452
9.953 0 3 1.0 0.0 0.0 0.0 0.0 0.0 0.0 0.0 0.0 0.0 4.0452 4.0452 4.0452 4.0452
9.954 0 3 1.0 0.0 0.0 0.0 0.0 0.0 0.0 0.0 0.0 0.0 4.0452 4.0452 4.0452 4.0452
9.955 0 3 1.0 0.0 0.0 0.0 0.0 0.0 0.0 0.0 0.0 0.0 4.0452 4.0452 4.0452 4.0452
9.956 0 3 1.0 0.0 0.0 0.0 0.0 0.0 0.0 0.0 0.0 0.0 4.0452 4.0452 4.0452 4.0452
9.957 0 3 1.0 0.0 0.0 0.0 0.0 0.0 0.0 0.0 0.0 0.0 4.0452 4.0452 4.0452 4.0452
9.958 0 3 1.0 0.0 0.0 0.0 0.0 0.0 0.0 0.0 0.0 0.0 4.0452 4.0452 4.0452 4.0452
9.959 0 3 1.0 0.0 0.0 0.0 0.0 0.0 0.0 0.0 0.0 0.0 4.0452 4.0452 4.0452 4.0452
9.96 0 3 1.0 0.0 0.0 0.0 0.0 0.0 0.0 0.0 0.0 0.0 4.0452 4.0452 4.0452 4.0452
9.961 0 3 1.0 0.0 0.0 0.0 0.0 0.0 0.0 0.0 0.0 0.0 4.0452 4.0452 4.0452 4.0452
9.962 0 3 1.0 0.0 0.0 0.0 0.0 0.0 0.0 0.0 0.0 0.0 4.0452 4.0452 4.0452 4.0452
9.963000000000001 0 3 1.0 0.0 0.0 0.0 0.0 0.0 0.0 0.0 0.0 0.0 4.0452 4.0452 4.0452 4.0452
9.964 0 3 1.0 0.0 0.0 0.0 0.0 0.0 0.0 0.0 0.0 0.0 4.0452 4.0452 4.0452 4.0452
9.965 0 3 1.0 0.0 0.0 0.0 0.0 0.0 0.0 0.0 0.0 0.0 4.0452 4.0452 4.0452 4.0452
9.966000000000001 0 3 1.0 0.0 0.0 0.0 0.0 0.0 0.0 0.0 0.0 0.0 4.0452 4.0452 4.0452 4.0452
9.967 0 3 1.0 0.0 0.0 0.0 0.0 0.0 0.0 0.0 0.0 0.0 4.0452 4.0452 4.0452 4.0452
9.968 0 3 1.0 0.0 0.0 0.0 0.0 0.0 0.0 0.0 0.0 0.0 4.0452 4.0452 4.0452 4.0452
9.969 0 3 1.0 0.0 0.0 0.0 0.0 0.0 0.0 0.0 0.0 0.0 4.0452 4.0452 4.0452 4.0452
9.97 0 3 1.0 0.0 0.0 0.0 0.0 0.0 0.0 0.0 0.0 0.0 4.0452 4.0452 4.0452 4.0452
9.971 0 3 1.0 0.0 0.0 0.0 0.0 0.0 0.0 0.0 0.0 0.0 4.0452 4.0452 4.0452 4.0452
9.972 0 3 1.0 0.0 0.0 0.0 0.0 0.0 0.0 0.0 0.0 0.0 4.0452 4.0452 4.0452 4.0452
9.973 0 3 1.0 0.0 0.0 0.0 0.0 0.0 0.0 0.0 0.0 0.0 4.0452 4.0452 4.0452 4.0452
9.974 0 3 1.0 0.0 0.0 0.0 0.0 0.0 0.0 0.0 0.0 0.0 4.0452 4.0452 4.0452 4.0452
9.975 0 3 1.0 0.0 0.0 0.0 0.0 0.0 0.0 0.0 0.0 0.0 4.0452 4.0452 4.0452 4.0452
9.976 0 3 1.0 0.0 0.0 0.0 0.0 0.0 0.0 0.0 0.0 0.0 4.0452 4.0452 4.0452 4.0452
9.977 0 3 1.0 0.0 0.0 0.0 0.0 0.0 0.0 0.0 0.0 0.0 4.0452 4.0452 4.0452 4.0452
9.978 0 3 1.0 0.0 0.0 0.0 0.0 0.0 0.0 0.0 0.0 0.0 4.0452 4.0452 4.0452 4.0452
9.979000000000001 0 3 1.0 0.0 0.0 0.0 0.0 0.0 0.0 0.0 0.0 0.0 4.0452 4.0452 4.0452 4.0452
9.98 0 3 1.0 0.0 0.0 0.0 0.0 0.0 0.0 0.0 0.0 0.0 4.0452 4.0452 4.0452 4.0452
9.981 0 3 1.0 0.0 0.0 0.0 0.0 0.0 0.0 0.0 0.0 0.0 4.0452 4.0452 4.0452 4.0452
9.982000000000001 0 3 1.0 0.0 0.0 0.0 0.0 0.0 0.0 0.0 0.0 0.0 4.0452 4.0452 4.0452 4.0452
9.983 0 3 1.0 0.0 0.0 0.0 0.0 0.0 0.0 0.0 0.0 0.0 4.0452 4.0452 4.0452 4.0452
9.984 0 3 1.0 0.0 0.0 0.0 0.0 0.0 0.0 0.0 0.0 0.0 4.0452 4.0452 4.0452 4.0452
9.985 0 3 1.0 0.0 0.0 0.0 0.0 0.0 0.0 0.0 0.0 0.0 4.0452 4.0452 4.0452 4.0452
9.986 0 3 1.0 0.0 0.0 0.0 0.0 0.0 0.0 0.0 0.0 0.0 4.0452 4.0452 4.0452 4.0452
9.987 0 3 1.0 0.0 0.0 0.0 0.0 0.0 0.0 0.0 0.0 0.0 4.0452 4.0452 4.0452 4.0452
9.988 0 3 1.0 0.0 0.0 0.0 0.0 0.0 0.0 0.0 0.0 0.0 4.0452 4.0452 4.0452 4.0452
9.989 0 3 1.0 0.0 0.0 0.0 0.0 0.0 0.0 0.0 0.0 0.0 4.0452 4.0452 4.0452 4.0452
9.99 0 3 1.0 0.0 0.0 0.0 0.0 0.0 0.0 0.0 0.0 0.0 4.0452 4.0452 4.0452 4.0452
9.991 0 3 1.0 0.0 0.0 0.0 0.0 0.0 0.0 0.0 0.0 0.0 4.0452 4.0452 4.0452 4.0452
9.992 0 3 1.0 0.0 0.0 0.0 0.0 0.0 0.0 0.0 0.0 0.0 4.0452 4.0452 4.0452 4.0452
9.993 0 3 1.0 0.0 0.0 0.0 0.0 0.0 0.0 0.0 0.0 0.0 4.0452 4.0452 4.0452 4.0452
9.994 0 3 1.0 0.0 0.0 0.0 0.0 0.0 0.0 0.0 0.0 0.0 4.0452 4.0452 4.0452 4.0452
9.995000000000001 0 3 1.0 0.0 0.0 0.0 0.0 0.0 0.0 0.0 0.0 0.0 4.0452 4.0452 4.0452 4.0452
9.996 0 3 1.0 0.0 0.0 0.0 0.0 0.0 0.0 0.0 0.0 0.0 4.0452 4.0452 4.0452 4.0452
9.997 0 3 1.0 0.0 0.0 0.0 0.0 0.0 0.0 0.0 0.0 0.0 4.0452 4.0452 4.0452 4.0452
9.998 0 3 1.0 0.0 0.0 0.0 0.0 0.0 0.0 0.0 0.0 0.0 4.0452 4.0452 4.0452 4.0452
9.999 0 3 1.0 0.0 0.0 0.0 0.0 0.0 0.0 0.0 0.0 0.0 4.0452 4.0452 4.0452 4.0452
10.0 0 3 1.0 0.0 0.0 0.0 0.0 0.0 0.0 0.0 0.0 0.0 4.0452 4.0452 4.0452 4.0452
